image_path,label,class_name,source,split
data/raw/e5_aigibench_midjourney/real/07343.png,0,real,aigibench_midjourney_v6_external,external_test
data/raw/e5_aigibench_midjourney/real/07865.png,0,real,aigibench_midjourney_v6_external,external_test
data/raw/e5_aigibench_midjourney/real/06267.png,0,real,aigibench_midjourney_v6_external,external_test
data/raw/e5_aigibench_midjourney/real/20281.png,0,real,aigibench_midjourney_v6_external,external_test
data/raw/e5_aigibench_midjourney/real/09197.png,0,real,aigibench_midjourney_v6_external,external_test
data/raw/e5_aigibench_midjourney/real/07238.png,0,real,aigibench_midjourney_v6_external,external_test
data/raw/e5_aigibench_midjourney/real/06693.png,0,real,aigibench_midjourney_v6_external,external_test
data/raw/e5_aigibench_midjourney/real/05847.png,0,real,aigibench_midjourney_v6_external,external_test
data/raw/e5_aigibench_midjourney/real/5064ea544bddb908.jpg,0,real,aigibench_midjourney_v6_external,external_test
data/raw/e5_aigibench_midjourney/real/06636.png,0,real,aigibench_midjourney_v6_external,external_test
data/raw/e5_aigibench_midjourney/real/09206.png,0,real,aigibench_midjourney_v6_external,external_test
data/raw/e5_aigibench_midjourney/real/07978.png,0,real,aigibench_midjourney_v6_external,external_test
data/raw/e5_aigibench_midjourney/real/08125.png,0,real,aigibench_midjourney_v6_external,external_test
data/raw/e5_aigibench_midjourney/real/06869.png,0,real,aigibench_midjourney_v6_external,external_test
data/raw/e5_aigibench_midjourney/real/09451.png,0,real,aigibench_midjourney_v6_external,external_test
data/raw/e5_aigibench_midjourney/real/09142.png,0,real,aigibench_midjourney_v6_external,external_test
data/raw/e5_aigibench_midjourney/real/4747f5addcbe9fec.jpg,0,real,aigibench_midjourney_v6_external,external_test
data/raw/e5_aigibench_midjourney/real/09874.png,0,real,aigibench_midjourney_v6_external,external_test
data/raw/e5_aigibench_midjourney/real/09262.png,0,real,aigibench_midjourney_v6_external,external_test
data/raw/e5_aigibench_midjourney/real/307fa0b3ccf0ee3e.jpg,0,real,aigibench_midjourney_v6_external,external_test
data/raw/e5_aigibench_midjourney/real/08533.png,0,real,aigibench_midjourney_v6_external,external_test
data/raw/e5_aigibench_midjourney/real/07870.png,0,real,aigibench_midjourney_v6_external,external_test
data/raw/e5_aigibench_midjourney/real/09020.png,0,real,aigibench_midjourney_v6_external,external_test
data/raw/e5_aigibench_midjourney/real/09752.png,0,real,aigibench_midjourney_v6_external,external_test
data/raw/e5_aigibench_midjourney/real/09646.png,0,real,aigibench_midjourney_v6_external,external_test
data/raw/e5_aigibench_midjourney/real/4083.jpg,0,real,aigibench_midjourney_v6_external,external_test
data/raw/e5_aigibench_midjourney/real/06680.png,0,real,aigibench_midjourney_v6_external,external_test
data/raw/e5_aigibench_midjourney/real/05156.png,0,real,aigibench_midjourney_v6_external,external_test
data/raw/e5_aigibench_midjourney/real/09026.png,0,real,aigibench_midjourney_v6_external,external_test
data/raw/e5_aigibench_midjourney/real/07213.png,0,real,aigibench_midjourney_v6_external,external_test
data/raw/e5_aigibench_midjourney/real/19228.png,0,real,aigibench_midjourney_v6_external,external_test
data/raw/e5_aigibench_midjourney/real/09536.png,0,real,aigibench_midjourney_v6_external,external_test
data/raw/e5_aigibench_midjourney/real/07643.png,0,real,aigibench_midjourney_v6_external,external_test
data/raw/e5_aigibench_midjourney/real/08231.png,0,real,aigibench_midjourney_v6_external,external_test
data/raw/e5_aigibench_midjourney/real/09234.png,0,real,aigibench_midjourney_v6_external,external_test
data/raw/e5_aigibench_midjourney/real/8932bf8c5c4d36d4.jpg,0,real,aigibench_midjourney_v6_external,external_test
data/raw/e5_aigibench_midjourney/real/08482.png,0,real,aigibench_midjourney_v6_external,external_test
data/raw/e5_aigibench_midjourney/real/06447.png,0,real,aigibench_midjourney_v6_external,external_test
data/raw/e5_aigibench_midjourney/real/05843.png,0,real,aigibench_midjourney_v6_external,external_test
data/raw/e5_aigibench_midjourney/real/20279.png,0,real,aigibench_midjourney_v6_external,external_test
data/raw/e5_aigibench_midjourney/real/08360.png,0,real,aigibench_midjourney_v6_external,external_test
data/raw/e5_aigibench_midjourney/real/06903.png,0,real,aigibench_midjourney_v6_external,external_test
data/raw/e5_aigibench_midjourney/real/20438.png,0,real,aigibench_midjourney_v6_external,external_test
data/raw/e5_aigibench_midjourney/real/08137.png,0,real,aigibench_midjourney_v6_external,external_test
data/raw/e5_aigibench_midjourney/real/07803.png,0,real,aigibench_midjourney_v6_external,external_test
data/raw/e5_aigibench_midjourney/real/06095.png,0,real,aigibench_midjourney_v6_external,external_test
data/raw/e5_aigibench_midjourney/real/06262.png,0,real,aigibench_midjourney_v6_external,external_test
data/raw/e5_aigibench_midjourney/real/05110.png,0,real,aigibench_midjourney_v6_external,external_test
data/raw/e5_aigibench_midjourney/real/06322.png,0,real,aigibench_midjourney_v6_external,external_test
data/raw/e5_aigibench_midjourney/real/18902.png,0,real,aigibench_midjourney_v6_external,external_test
data/raw/e5_aigibench_midjourney/real/883efda09252d71b.jpg,0,real,aigibench_midjourney_v6_external,external_test
data/raw/e5_aigibench_midjourney/real/06288.png,0,real,aigibench_midjourney_v6_external,external_test
data/raw/e5_aigibench_midjourney/real/09526.png,0,real,aigibench_midjourney_v6_external,external_test
data/raw/e5_aigibench_midjourney/real/08240.png,0,real,aigibench_midjourney_v6_external,external_test
data/raw/e5_aigibench_midjourney/real/19623.png,0,real,aigibench_midjourney_v6_external,external_test
data/raw/e5_aigibench_midjourney/real/07161.png,0,real,aigibench_midjourney_v6_external,external_test
data/raw/e5_aigibench_midjourney/real/07524.png,0,real,aigibench_midjourney_v6_external,external_test
data/raw/e5_aigibench_midjourney/real/19329.png,0,real,aigibench_midjourney_v6_external,external_test
data/raw/e5_aigibench_midjourney/real/08420.png,0,real,aigibench_midjourney_v6_external,external_test
data/raw/e5_aigibench_midjourney/real/09173.png,0,real,aigibench_midjourney_v6_external,external_test
data/raw/e5_aigibench_midjourney/real/09912.png,0,real,aigibench_midjourney_v6_external,external_test
data/raw/e5_aigibench_midjourney/real/05328.png,0,real,aigibench_midjourney_v6_external,external_test
data/raw/e5_aigibench_midjourney/real/09523.png,0,real,aigibench_midjourney_v6_external,external_test
data/raw/e5_aigibench_midjourney/real/08487.png,0,real,aigibench_midjourney_v6_external,external_test
data/raw/e5_aigibench_midjourney/real/07116.png,0,real,aigibench_midjourney_v6_external,external_test
data/raw/e5_aigibench_midjourney/real/05179.png,0,real,aigibench_midjourney_v6_external,external_test
data/raw/e5_aigibench_midjourney/real/09394.png,0,real,aigibench_midjourney_v6_external,external_test
data/raw/e5_aigibench_midjourney/real/07616.png,0,real,aigibench_midjourney_v6_external,external_test
data/raw/e5_aigibench_midjourney/real/06862.png,0,real,aigibench_midjourney_v6_external,external_test
data/raw/e5_aigibench_midjourney/real/07821.png,0,real,aigibench_midjourney_v6_external,external_test
data/raw/e5_aigibench_midjourney/real/05026.png,0,real,aigibench_midjourney_v6_external,external_test
data/raw/e5_aigibench_midjourney/real/06305.png,0,real,aigibench_midjourney_v6_external,external_test
data/raw/e5_aigibench_midjourney/real/05974.png,0,real,aigibench_midjourney_v6_external,external_test
data/raw/e5_aigibench_midjourney/real/06255.png,0,real,aigibench_midjourney_v6_external,external_test
data/raw/e5_aigibench_midjourney/real/09782.png,0,real,aigibench_midjourney_v6_external,external_test
data/raw/e5_aigibench_midjourney/real/08857.png,0,real,aigibench_midjourney_v6_external,external_test
data/raw/e5_aigibench_midjourney/real/08277.png,0,real,aigibench_midjourney_v6_external,external_test
data/raw/e5_aigibench_midjourney/real/09685.png,0,real,aigibench_midjourney_v6_external,external_test
data/raw/e5_aigibench_midjourney/real/08494.png,0,real,aigibench_midjourney_v6_external,external_test
data/raw/e5_aigibench_midjourney/real/06472.png,0,real,aigibench_midjourney_v6_external,external_test
data/raw/e5_aigibench_midjourney/real/658caf15e6bac94e.jpg,0,real,aigibench_midjourney_v6_external,external_test
data/raw/e5_aigibench_midjourney/real/09554.png,0,real,aigibench_midjourney_v6_external,external_test
data/raw/e5_aigibench_midjourney/real/05159.png,0,real,aigibench_midjourney_v6_external,external_test
data/raw/e5_aigibench_midjourney/real/06162.png,0,real,aigibench_midjourney_v6_external,external_test
data/raw/e5_aigibench_midjourney/real/07859.png,0,real,aigibench_midjourney_v6_external,external_test
data/raw/e5_aigibench_midjourney/real/09282.png,0,real,aigibench_midjourney_v6_external,external_test
data/raw/e5_aigibench_midjourney/real/07702.png,0,real,aigibench_midjourney_v6_external,external_test
data/raw/e5_aigibench_midjourney/real/07654.png,0,real,aigibench_midjourney_v6_external,external_test
data/raw/e5_aigibench_midjourney/real/09254.png,0,real,aigibench_midjourney_v6_external,external_test
data/raw/e5_aigibench_midjourney/real/09841.png,0,real,aigibench_midjourney_v6_external,external_test
data/raw/e5_aigibench_midjourney/real/06161.png,0,real,aigibench_midjourney_v6_external,external_test
data/raw/e5_aigibench_midjourney/real/08260.png,0,real,aigibench_midjourney_v6_external,external_test
data/raw/e5_aigibench_midjourney/real/08550.png,0,real,aigibench_midjourney_v6_external,external_test
data/raw/e5_aigibench_midjourney/real/07487.png,0,real,aigibench_midjourney_v6_external,external_test
data/raw/e5_aigibench_midjourney/real/09943.png,0,real,aigibench_midjourney_v6_external,external_test
data/raw/e5_aigibench_midjourney/real/09661.png,0,real,aigibench_midjourney_v6_external,external_test
data/raw/e5_aigibench_midjourney/real/08987.png,0,real,aigibench_midjourney_v6_external,external_test
data/raw/e5_aigibench_midjourney/real/06681.png,0,real,aigibench_midjourney_v6_external,external_test
data/raw/e5_aigibench_midjourney/real/05750.png,0,real,aigibench_midjourney_v6_external,external_test
data/raw/e5_aigibench_midjourney/real/06006.png,0,real,aigibench_midjourney_v6_external,external_test
data/raw/e5_aigibench_midjourney/real/07438.png,0,real,aigibench_midjourney_v6_external,external_test
data/raw/e5_aigibench_midjourney/real/08280.png,0,real,aigibench_midjourney_v6_external,external_test
data/raw/e5_aigibench_midjourney/real/07275.png,0,real,aigibench_midjourney_v6_external,external_test
data/raw/e5_aigibench_midjourney/real/19349.png,0,real,aigibench_midjourney_v6_external,external_test
data/raw/e5_aigibench_midjourney/real/06023.png,0,real,aigibench_midjourney_v6_external,external_test
data/raw/e5_aigibench_midjourney/real/07766.png,0,real,aigibench_midjourney_v6_external,external_test
data/raw/e5_aigibench_midjourney/real/07866.png,0,real,aigibench_midjourney_v6_external,external_test
data/raw/e5_aigibench_midjourney/real/18167.png,0,real,aigibench_midjourney_v6_external,external_test
data/raw/e5_aigibench_midjourney/real/07607.png,0,real,aigibench_midjourney_v6_external,external_test
data/raw/e5_aigibench_midjourney/real/09444.png,0,real,aigibench_midjourney_v6_external,external_test
data/raw/e5_aigibench_midjourney/real/8454.jpg,0,real,aigibench_midjourney_v6_external,external_test
data/raw/e5_aigibench_midjourney/real/05124.png,0,real,aigibench_midjourney_v6_external,external_test
data/raw/e5_aigibench_midjourney/real/05820.png,0,real,aigibench_midjourney_v6_external,external_test
data/raw/e5_aigibench_midjourney/real/18828.png,0,real,aigibench_midjourney_v6_external,external_test
data/raw/e5_aigibench_midjourney/real/09932.png,0,real,aigibench_midjourney_v6_external,external_test
data/raw/e5_aigibench_midjourney/real/989e9b8f374f1c91.jpg,0,real,aigibench_midjourney_v6_external,external_test
data/raw/e5_aigibench_midjourney/real/08551.png,0,real,aigibench_midjourney_v6_external,external_test
data/raw/e5_aigibench_midjourney/real/06459.png,0,real,aigibench_midjourney_v6_external,external_test
data/raw/e5_aigibench_midjourney/real/07201.png,0,real,aigibench_midjourney_v6_external,external_test
data/raw/e5_aigibench_midjourney/real/07121.png,0,real,aigibench_midjourney_v6_external,external_test
data/raw/e5_aigibench_midjourney/real/09903.png,0,real,aigibench_midjourney_v6_external,external_test
data/raw/e5_aigibench_midjourney/real/06979.png,0,real,aigibench_midjourney_v6_external,external_test
data/raw/e5_aigibench_midjourney/real/13626.jpg,0,real,aigibench_midjourney_v6_external,external_test
data/raw/e5_aigibench_midjourney/real/09726.png,0,real,aigibench_midjourney_v6_external,external_test
data/raw/e5_aigibench_midjourney/real/08785.png,0,real,aigibench_midjourney_v6_external,external_test
data/raw/e5_aigibench_midjourney/real/07538.png,0,real,aigibench_midjourney_v6_external,external_test
data/raw/e5_aigibench_midjourney/real/07576.png,0,real,aigibench_midjourney_v6_external,external_test
data/raw/e5_aigibench_midjourney/real/08481.png,0,real,aigibench_midjourney_v6_external,external_test
data/raw/e5_aigibench_midjourney/real/08752.png,0,real,aigibench_midjourney_v6_external,external_test
data/raw/e5_aigibench_midjourney/real/07455.png,0,real,aigibench_midjourney_v6_external,external_test
data/raw/e5_aigibench_midjourney/real/07887.png,0,real,aigibench_midjourney_v6_external,external_test
data/raw/e5_aigibench_midjourney/real/09423.png,0,real,aigibench_midjourney_v6_external,external_test
data/raw/e5_aigibench_midjourney/real/05714.png,0,real,aigibench_midjourney_v6_external,external_test
data/raw/e5_aigibench_midjourney/real/09069.png,0,real,aigibench_midjourney_v6_external,external_test
data/raw/e5_aigibench_midjourney/real/08692.png,0,real,aigibench_midjourney_v6_external,external_test
data/raw/e5_aigibench_midjourney/real/20362.png,0,real,aigibench_midjourney_v6_external,external_test
data/raw/e5_aigibench_midjourney/real/06829.png,0,real,aigibench_midjourney_v6_external,external_test
data/raw/e5_aigibench_midjourney/real/07349.png,0,real,aigibench_midjourney_v6_external,external_test
data/raw/e5_aigibench_midjourney/real/08345.png,0,real,aigibench_midjourney_v6_external,external_test
data/raw/e5_aigibench_midjourney/real/07700.png,0,real,aigibench_midjourney_v6_external,external_test
data/raw/e5_aigibench_midjourney/real/08937.png,0,real,aigibench_midjourney_v6_external,external_test
data/raw/e5_aigibench_midjourney/real/07958.png,0,real,aigibench_midjourney_v6_external,external_test
data/raw/e5_aigibench_midjourney/real/14459.jpg,0,real,aigibench_midjourney_v6_external,external_test
data/raw/e5_aigibench_midjourney/real/07513.png,0,real,aigibench_midjourney_v6_external,external_test
data/raw/e5_aigibench_midjourney/real/09799.png,0,real,aigibench_midjourney_v6_external,external_test
data/raw/e5_aigibench_midjourney/real/06422.png,0,real,aigibench_midjourney_v6_external,external_test
data/raw/e5_aigibench_midjourney/real/18397.png,0,real,aigibench_midjourney_v6_external,external_test
data/raw/e5_aigibench_midjourney/real/08455.png,0,real,aigibench_midjourney_v6_external,external_test
data/raw/e5_aigibench_midjourney/real/05920.png,0,real,aigibench_midjourney_v6_external,external_test
data/raw/e5_aigibench_midjourney/real/18647.png,0,real,aigibench_midjourney_v6_external,external_test
data/raw/e5_aigibench_midjourney/real/08224.png,0,real,aigibench_midjourney_v6_external,external_test
data/raw/e5_aigibench_midjourney/real/05076.png,0,real,aigibench_midjourney_v6_external,external_test
data/raw/e5_aigibench_midjourney/real/07689.png,0,real,aigibench_midjourney_v6_external,external_test
data/raw/e5_aigibench_midjourney/real/08164.png,0,real,aigibench_midjourney_v6_external,external_test
data/raw/e5_aigibench_midjourney/real/06072.png,0,real,aigibench_midjourney_v6_external,external_test
data/raw/e5_aigibench_midjourney/real/06140.png,0,real,aigibench_midjourney_v6_external,external_test
data/raw/e5_aigibench_midjourney/real/08135.png,0,real,aigibench_midjourney_v6_external,external_test
data/raw/e5_aigibench_midjourney/real/20726.png,0,real,aigibench_midjourney_v6_external,external_test
data/raw/e5_aigibench_midjourney/real/20425.png,0,real,aigibench_midjourney_v6_external,external_test
data/raw/e5_aigibench_midjourney/real/08520.png,0,real,aigibench_midjourney_v6_external,external_test
data/raw/e5_aigibench_midjourney/real/07174.png,0,real,aigibench_midjourney_v6_external,external_test
data/raw/e5_aigibench_midjourney/real/19907.png,0,real,aigibench_midjourney_v6_external,external_test
data/raw/e5_aigibench_midjourney/real/18727.png,0,real,aigibench_midjourney_v6_external,external_test
data/raw/e5_aigibench_midjourney/real/09386.png,0,real,aigibench_midjourney_v6_external,external_test
data/raw/e5_aigibench_midjourney/real/08002.png,0,real,aigibench_midjourney_v6_external,external_test
data/raw/e5_aigibench_midjourney/real/07089.png,0,real,aigibench_midjourney_v6_external,external_test
data/raw/e5_aigibench_midjourney/real/05855.png,0,real,aigibench_midjourney_v6_external,external_test
data/raw/e5_aigibench_midjourney/real/05117.png,0,real,aigibench_midjourney_v6_external,external_test
data/raw/e5_aigibench_midjourney/real/07972.png,0,real,aigibench_midjourney_v6_external,external_test
data/raw/e5_aigibench_midjourney/real/19336.png,0,real,aigibench_midjourney_v6_external,external_test
data/raw/e5_aigibench_midjourney/real/07884.png,0,real,aigibench_midjourney_v6_external,external_test
data/raw/e5_aigibench_midjourney/real/09368.png,0,real,aigibench_midjourney_v6_external,external_test
data/raw/e5_aigibench_midjourney/real/09722.png,0,real,aigibench_midjourney_v6_external,external_test
data/raw/e5_aigibench_midjourney/real/08912.png,0,real,aigibench_midjourney_v6_external,external_test
data/raw/e5_aigibench_midjourney/real/09389.png,0,real,aigibench_midjourney_v6_external,external_test
data/raw/e5_aigibench_midjourney/real/08895.png,0,real,aigibench_midjourney_v6_external,external_test
data/raw/e5_aigibench_midjourney/real/08508.png,0,real,aigibench_midjourney_v6_external,external_test
data/raw/e5_aigibench_midjourney/real/08861.png,0,real,aigibench_midjourney_v6_external,external_test
data/raw/e5_aigibench_midjourney/real/09314.png,0,real,aigibench_midjourney_v6_external,external_test
data/raw/e5_aigibench_midjourney/real/07704.png,0,real,aigibench_midjourney_v6_external,external_test
data/raw/e5_aigibench_midjourney/real/19314.png,0,real,aigibench_midjourney_v6_external,external_test
data/raw/e5_aigibench_midjourney/real/1883.jpg,0,real,aigibench_midjourney_v6_external,external_test
data/raw/e5_aigibench_midjourney/real/07864.png,0,real,aigibench_midjourney_v6_external,external_test
data/raw/e5_aigibench_midjourney/real/07584.png,0,real,aigibench_midjourney_v6_external,external_test
data/raw/e5_aigibench_midjourney/real/06142.png,0,real,aigibench_midjourney_v6_external,external_test
data/raw/e5_aigibench_midjourney/real/07245.png,0,real,aigibench_midjourney_v6_external,external_test
data/raw/e5_aigibench_midjourney/real/09409.png,0,real,aigibench_midjourney_v6_external,external_test
data/raw/e5_aigibench_midjourney/real/09348.png,0,real,aigibench_midjourney_v6_external,external_test
data/raw/e5_aigibench_midjourney/real/09796.png,0,real,aigibench_midjourney_v6_external,external_test
data/raw/e5_aigibench_midjourney/real/09886.png,0,real,aigibench_midjourney_v6_external,external_test
data/raw/e5_aigibench_midjourney/real/06937.png,0,real,aigibench_midjourney_v6_external,external_test
data/raw/e5_aigibench_midjourney/real/19558.png,0,real,aigibench_midjourney_v6_external,external_test
data/raw/e5_aigibench_midjourney/real/07105.png,0,real,aigibench_midjourney_v6_external,external_test
data/raw/e5_aigibench_midjourney/real/08179.png,0,real,aigibench_midjourney_v6_external,external_test
data/raw/e5_aigibench_midjourney/real/05803.png,0,real,aigibench_midjourney_v6_external,external_test
data/raw/e5_aigibench_midjourney/real/06932.png,0,real,aigibench_midjourney_v6_external,external_test
data/raw/e5_aigibench_midjourney/real/09892.png,0,real,aigibench_midjourney_v6_external,external_test
data/raw/e5_aigibench_midjourney/real/08956.png,0,real,aigibench_midjourney_v6_external,external_test
data/raw/e5_aigibench_midjourney/real/09438.png,0,real,aigibench_midjourney_v6_external,external_test
data/raw/e5_aigibench_midjourney/real/09520.png,0,real,aigibench_midjourney_v6_external,external_test
data/raw/e5_aigibench_midjourney/real/05886.png,0,real,aigibench_midjourney_v6_external,external_test
data/raw/e5_aigibench_midjourney/real/08371.png,0,real,aigibench_midjourney_v6_external,external_test
data/raw/e5_aigibench_midjourney/real/09007.png,0,real,aigibench_midjourney_v6_external,external_test
data/raw/e5_aigibench_midjourney/real/19469.png,0,real,aigibench_midjourney_v6_external,external_test
data/raw/e5_aigibench_midjourney/real/06982.png,0,real,aigibench_midjourney_v6_external,external_test
data/raw/e5_aigibench_midjourney/real/18999.png,0,real,aigibench_midjourney_v6_external,external_test
data/raw/e5_aigibench_midjourney/real/07418.png,0,real,aigibench_midjourney_v6_external,external_test
data/raw/e5_aigibench_midjourney/real/09183.png,0,real,aigibench_midjourney_v6_external,external_test
data/raw/e5_aigibench_midjourney/real/05990.png,0,real,aigibench_midjourney_v6_external,external_test
data/raw/e5_aigibench_midjourney/real/09756.png,0,real,aigibench_midjourney_v6_external,external_test
data/raw/e5_aigibench_midjourney/real/09104.png,0,real,aigibench_midjourney_v6_external,external_test
data/raw/e5_aigibench_midjourney/real/06348.png,0,real,aigibench_midjourney_v6_external,external_test
data/raw/e5_aigibench_midjourney/real/07948.png,0,real,aigibench_midjourney_v6_external,external_test
data/raw/e5_aigibench_midjourney/real/09983.png,0,real,aigibench_midjourney_v6_external,external_test
data/raw/e5_aigibench_midjourney/real/06426.png,0,real,aigibench_midjourney_v6_external,external_test
data/raw/e5_aigibench_midjourney/real/07706.png,0,real,aigibench_midjourney_v6_external,external_test
data/raw/e5_aigibench_midjourney/real/19359.png,0,real,aigibench_midjourney_v6_external,external_test
data/raw/e5_aigibench_midjourney/real/08738.png,0,real,aigibench_midjourney_v6_external,external_test
data/raw/e5_aigibench_midjourney/real/06783.png,0,real,aigibench_midjourney_v6_external,external_test
data/raw/e5_aigibench_midjourney/real/08604.png,0,real,aigibench_midjourney_v6_external,external_test
data/raw/e5_aigibench_midjourney/real/05171.png,0,real,aigibench_midjourney_v6_external,external_test
data/raw/e5_aigibench_midjourney/real/07454.png,0,real,aigibench_midjourney_v6_external,external_test
data/raw/e5_aigibench_midjourney/real/07710.png,0,real,aigibench_midjourney_v6_external,external_test
data/raw/e5_aigibench_midjourney/real/09253.png,0,real,aigibench_midjourney_v6_external,external_test
data/raw/e5_aigibench_midjourney/real/07738.png,0,real,aigibench_midjourney_v6_external,external_test
data/raw/e5_aigibench_midjourney/real/07808.png,0,real,aigibench_midjourney_v6_external,external_test
data/raw/e5_aigibench_midjourney/real/08617.png,0,real,aigibench_midjourney_v6_external,external_test
data/raw/e5_aigibench_midjourney/real/09945.png,0,real,aigibench_midjourney_v6_external,external_test
data/raw/e5_aigibench_midjourney/real/06917.png,0,real,aigibench_midjourney_v6_external,external_test
data/raw/e5_aigibench_midjourney/real/07789.png,0,real,aigibench_midjourney_v6_external,external_test
data/raw/e5_aigibench_midjourney/real/06150.png,0,real,aigibench_midjourney_v6_external,external_test
data/raw/e5_aigibench_midjourney/real/06063.png,0,real,aigibench_midjourney_v6_external,external_test
data/raw/e5_aigibench_midjourney/real/06293.png,0,real,aigibench_midjourney_v6_external,external_test
data/raw/e5_aigibench_midjourney/real/93c8f407602170a7.jpg,0,real,aigibench_midjourney_v6_external,external_test
data/raw/e5_aigibench_midjourney/real/09628.png,0,real,aigibench_midjourney_v6_external,external_test
data/raw/e5_aigibench_midjourney/real/09750.png,0,real,aigibench_midjourney_v6_external,external_test
data/raw/e5_aigibench_midjourney/real/07412.png,0,real,aigibench_midjourney_v6_external,external_test
data/raw/e5_aigibench_midjourney/real/18268.png,0,real,aigibench_midjourney_v6_external,external_test
data/raw/e5_aigibench_midjourney/real/07104.png,0,real,aigibench_midjourney_v6_external,external_test
data/raw/e5_aigibench_midjourney/real/07905.png,0,real,aigibench_midjourney_v6_external,external_test
data/raw/e5_aigibench_midjourney/real/05048.png,0,real,aigibench_midjourney_v6_external,external_test
data/raw/e5_aigibench_midjourney/real/08357.png,0,real,aigibench_midjourney_v6_external,external_test
data/raw/e5_aigibench_midjourney/real/08670.png,0,real,aigibench_midjourney_v6_external,external_test
data/raw/e5_aigibench_midjourney/real/08512.png,0,real,aigibench_midjourney_v6_external,external_test
data/raw/e5_aigibench_midjourney/real/06050.png,0,real,aigibench_midjourney_v6_external,external_test
data/raw/e5_aigibench_midjourney/real/09443.png,0,real,aigibench_midjourney_v6_external,external_test
data/raw/e5_aigibench_midjourney/real/09406.png,0,real,aigibench_midjourney_v6_external,external_test
data/raw/e5_aigibench_midjourney/real/06790.png,0,real,aigibench_midjourney_v6_external,external_test
data/raw/e5_aigibench_midjourney/real/08808.png,0,real,aigibench_midjourney_v6_external,external_test
data/raw/e5_aigibench_midjourney/real/06434.png,0,real,aigibench_midjourney_v6_external,external_test
data/raw/e5_aigibench_midjourney/real/18394.jpg,0,real,aigibench_midjourney_v6_external,external_test
data/raw/e5_aigibench_midjourney/real/09187.png,0,real,aigibench_midjourney_v6_external,external_test
data/raw/e5_aigibench_midjourney/real/20878.png,0,real,aigibench_midjourney_v6_external,external_test
data/raw/e5_aigibench_midjourney/real/07018.png,0,real,aigibench_midjourney_v6_external,external_test
data/raw/e5_aigibench_midjourney/real/20852.png,0,real,aigibench_midjourney_v6_external,external_test
data/raw/e5_aigibench_midjourney/real/19190.png,0,real,aigibench_midjourney_v6_external,external_test
data/raw/e5_aigibench_midjourney/real/09349.png,0,real,aigibench_midjourney_v6_external,external_test
data/raw/e5_aigibench_midjourney/real/09885.png,0,real,aigibench_midjourney_v6_external,external_test
data/raw/e5_aigibench_midjourney/real/07077.png,0,real,aigibench_midjourney_v6_external,external_test
data/raw/e5_aigibench_midjourney/real/19025.png,0,real,aigibench_midjourney_v6_external,external_test
data/raw/e5_aigibench_midjourney/real/05775.png,0,real,aigibench_midjourney_v6_external,external_test
data/raw/e5_aigibench_midjourney/real/08812.png,0,real,aigibench_midjourney_v6_external,external_test
data/raw/e5_aigibench_midjourney/real/4625c10465448445.jpg,0,real,aigibench_midjourney_v6_external,external_test
data/raw/e5_aigibench_midjourney/real/06457.png,0,real,aigibench_midjourney_v6_external,external_test
data/raw/e5_aigibench_midjourney/real/06766.png,0,real,aigibench_midjourney_v6_external,external_test
data/raw/e5_aigibench_midjourney/real/06988.png,0,real,aigibench_midjourney_v6_external,external_test
data/raw/e5_aigibench_midjourney/real/06088.png,0,real,aigibench_midjourney_v6_external,external_test
data/raw/e5_aigibench_midjourney/real/07397.png,0,real,aigibench_midjourney_v6_external,external_test
data/raw/e5_aigibench_midjourney/real/06855.png,0,real,aigibench_midjourney_v6_external,external_test
data/raw/e5_aigibench_midjourney/real/08744.png,0,real,aigibench_midjourney_v6_external,external_test
data/raw/e5_aigibench_midjourney/real/09088.png,0,real,aigibench_midjourney_v6_external,external_test
data/raw/e5_aigibench_midjourney/real/08957.png,0,real,aigibench_midjourney_v6_external,external_test
data/raw/e5_aigibench_midjourney/real/06660.png,0,real,aigibench_midjourney_v6_external,external_test
data/raw/e5_aigibench_midjourney/real/05196.png,0,real,aigibench_midjourney_v6_external,external_test
data/raw/e5_aigibench_midjourney/real/08251.png,0,real,aigibench_midjourney_v6_external,external_test
data/raw/e5_aigibench_midjourney/real/09563.png,0,real,aigibench_midjourney_v6_external,external_test
data/raw/e5_aigibench_midjourney/real/06115.png,0,real,aigibench_midjourney_v6_external,external_test
data/raw/e5_aigibench_midjourney/real/06830.png,0,real,aigibench_midjourney_v6_external,external_test
data/raw/e5_aigibench_midjourney/real/07561.png,0,real,aigibench_midjourney_v6_external,external_test
data/raw/e5_aigibench_midjourney/real/09275.png,0,real,aigibench_midjourney_v6_external,external_test
data/raw/e5_aigibench_midjourney/real/05072.png,0,real,aigibench_midjourney_v6_external,external_test
data/raw/e5_aigibench_midjourney/real/18372.png,0,real,aigibench_midjourney_v6_external,external_test
data/raw/e5_aigibench_midjourney/real/09245.png,0,real,aigibench_midjourney_v6_external,external_test
data/raw/e5_aigibench_midjourney/real/19786.png,0,real,aigibench_midjourney_v6_external,external_test
data/raw/e5_aigibench_midjourney/real/07021.png,0,real,aigibench_midjourney_v6_external,external_test
data/raw/e5_aigibench_midjourney/real/06263.png,0,real,aigibench_midjourney_v6_external,external_test
data/raw/e5_aigibench_midjourney/real/18839.png,0,real,aigibench_midjourney_v6_external,external_test
data/raw/e5_aigibench_midjourney/real/07614.png,0,real,aigibench_midjourney_v6_external,external_test
data/raw/e5_aigibench_midjourney/real/07737.png,0,real,aigibench_midjourney_v6_external,external_test
data/raw/e5_aigibench_midjourney/real/08269.png,0,real,aigibench_midjourney_v6_external,external_test
data/raw/e5_aigibench_midjourney/real/05968.png,0,real,aigibench_midjourney_v6_external,external_test
data/raw/e5_aigibench_midjourney/real/09684.png,0,real,aigibench_midjourney_v6_external,external_test
data/raw/e5_aigibench_midjourney/real/08165.png,0,real,aigibench_midjourney_v6_external,external_test
data/raw/e5_aigibench_midjourney/real/07747.png,0,real,aigibench_midjourney_v6_external,external_test
data/raw/e5_aigibench_midjourney/real/05730.png,0,real,aigibench_midjourney_v6_external,external_test
data/raw/e5_aigibench_midjourney/real/894b48094644b29a.jpg,0,real,aigibench_midjourney_v6_external,external_test
data/raw/e5_aigibench_midjourney/real/08712.png,0,real,aigibench_midjourney_v6_external,external_test
data/raw/e5_aigibench_midjourney/real/87a0b6e52ff98835.jpg,0,real,aigibench_midjourney_v6_external,external_test
data/raw/e5_aigibench_midjourney/real/7297c5d64b4ef0f2.jpg,0,real,aigibench_midjourney_v6_external,external_test
data/raw/e5_aigibench_midjourney/real/09202.png,0,real,aigibench_midjourney_v6_external,external_test
data/raw/e5_aigibench_midjourney/real/07743.png,0,real,aigibench_midjourney_v6_external,external_test
data/raw/e5_aigibench_midjourney/real/20621.png,0,real,aigibench_midjourney_v6_external,external_test
data/raw/e5_aigibench_midjourney/real/09734.png,0,real,aigibench_midjourney_v6_external,external_test
data/raw/e5_aigibench_midjourney/real/07667.png,0,real,aigibench_midjourney_v6_external,external_test
data/raw/e5_aigibench_midjourney/real/07698.png,0,real,aigibench_midjourney_v6_external,external_test
data/raw/e5_aigibench_midjourney/real/06782.png,0,real,aigibench_midjourney_v6_external,external_test
data/raw/e5_aigibench_midjourney/real/06942.png,0,real,aigibench_midjourney_v6_external,external_test
data/raw/e5_aigibench_midjourney/real/16592.jpg,0,real,aigibench_midjourney_v6_external,external_test
data/raw/e5_aigibench_midjourney/real/08611.png,0,real,aigibench_midjourney_v6_external,external_test
data/raw/e5_aigibench_midjourney/real/09005.png,0,real,aigibench_midjourney_v6_external,external_test
data/raw/e5_aigibench_midjourney/real/07335.png,0,real,aigibench_midjourney_v6_external,external_test
data/raw/e5_aigibench_midjourney/real/08962.png,0,real,aigibench_midjourney_v6_external,external_test
data/raw/e5_aigibench_midjourney/real/06410.png,0,real,aigibench_midjourney_v6_external,external_test
data/raw/e5_aigibench_midjourney/real/07806.png,0,real,aigibench_midjourney_v6_external,external_test
data/raw/e5_aigibench_midjourney/real/18803.png,0,real,aigibench_midjourney_v6_external,external_test
data/raw/e5_aigibench_midjourney/real/09010.png,0,real,aigibench_midjourney_v6_external,external_test
data/raw/e5_aigibench_midjourney/real/09997.png,0,real,aigibench_midjourney_v6_external,external_test
data/raw/e5_aigibench_midjourney/real/06284.png,0,real,aigibench_midjourney_v6_external,external_test
data/raw/e5_aigibench_midjourney/real/07501.png,0,real,aigibench_midjourney_v6_external,external_test
data/raw/e5_aigibench_midjourney/real/08928.png,0,real,aigibench_midjourney_v6_external,external_test
data/raw/e5_aigibench_midjourney/real/05833.png,0,real,aigibench_midjourney_v6_external,external_test
data/raw/e5_aigibench_midjourney/real/07860.png,0,real,aigibench_midjourney_v6_external,external_test
data/raw/e5_aigibench_midjourney/real/06759.png,0,real,aigibench_midjourney_v6_external,external_test
data/raw/e5_aigibench_midjourney/real/19620.png,0,real,aigibench_midjourney_v6_external,external_test
data/raw/e5_aigibench_midjourney/real/05740.png,0,real,aigibench_midjourney_v6_external,external_test
data/raw/e5_aigibench_midjourney/real/06218.png,0,real,aigibench_midjourney_v6_external,external_test
data/raw/e5_aigibench_midjourney/real/06019.png,0,real,aigibench_midjourney_v6_external,external_test
data/raw/e5_aigibench_midjourney/real/19275.png,0,real,aigibench_midjourney_v6_external,external_test
data/raw/e5_aigibench_midjourney/real/05958.png,0,real,aigibench_midjourney_v6_external,external_test
data/raw/e5_aigibench_midjourney/real/09157.png,0,real,aigibench_midjourney_v6_external,external_test
data/raw/e5_aigibench_midjourney/real/485a80fdf23f6afd.jpg,0,real,aigibench_midjourney_v6_external,external_test
data/raw/e5_aigibench_midjourney/real/09566.png,0,real,aigibench_midjourney_v6_external,external_test
data/raw/e5_aigibench_midjourney/real/19557.png,0,real,aigibench_midjourney_v6_external,external_test
data/raw/e5_aigibench_midjourney/real/06704.png,0,real,aigibench_midjourney_v6_external,external_test
data/raw/e5_aigibench_midjourney/real/20257.png,0,real,aigibench_midjourney_v6_external,external_test
data/raw/e5_aigibench_midjourney/real/19050.png,0,real,aigibench_midjourney_v6_external,external_test
data/raw/e5_aigibench_midjourney/real/18396.png,0,real,aigibench_midjourney_v6_external,external_test
data/raw/e5_aigibench_midjourney/real/09843.png,0,real,aigibench_midjourney_v6_external,external_test
data/raw/e5_aigibench_midjourney/real/07937.png,0,real,aigibench_midjourney_v6_external,external_test
data/raw/e5_aigibench_midjourney/real/08792.png,0,real,aigibench_midjourney_v6_external,external_test
data/raw/e5_aigibench_midjourney/real/05912.png,0,real,aigibench_midjourney_v6_external,external_test
data/raw/e5_aigibench_midjourney/real/09935.png,0,real,aigibench_midjourney_v6_external,external_test
data/raw/e5_aigibench_midjourney/real/05862.png,0,real,aigibench_midjourney_v6_external,external_test
data/raw/e5_aigibench_midjourney/real/07293.png,0,real,aigibench_midjourney_v6_external,external_test
data/raw/e5_aigibench_midjourney/real/08878.png,0,real,aigibench_midjourney_v6_external,external_test
data/raw/e5_aigibench_midjourney/real/09056.png,0,real,aigibench_midjourney_v6_external,external_test
data/raw/e5_aigibench_midjourney/real/06047.png,0,real,aigibench_midjourney_v6_external,external_test
data/raw/e5_aigibench_midjourney/real/06239.png,0,real,aigibench_midjourney_v6_external,external_test
data/raw/e5_aigibench_midjourney/real/20219.png,0,real,aigibench_midjourney_v6_external,external_test
data/raw/e5_aigibench_midjourney/real/06116.png,0,real,aigibench_midjourney_v6_external,external_test
data/raw/e5_aigibench_midjourney/real/08671.png,0,real,aigibench_midjourney_v6_external,external_test
data/raw/e5_aigibench_midjourney/real/18714.png,0,real,aigibench_midjourney_v6_external,external_test
data/raw/e5_aigibench_midjourney/real/07115.png,0,real,aigibench_midjourney_v6_external,external_test
data/raw/e5_aigibench_midjourney/real/08339.png,0,real,aigibench_midjourney_v6_external,external_test
data/raw/e5_aigibench_midjourney/real/07601.png,0,real,aigibench_midjourney_v6_external,external_test
data/raw/e5_aigibench_midjourney/real/07187.png,0,real,aigibench_midjourney_v6_external,external_test
data/raw/e5_aigibench_midjourney/real/05178.png,0,real,aigibench_midjourney_v6_external,external_test
data/raw/e5_aigibench_midjourney/real/08565.png,0,real,aigibench_midjourney_v6_external,external_test
data/raw/e5_aigibench_midjourney/real/07753.png,0,real,aigibench_midjourney_v6_external,external_test
data/raw/e5_aigibench_midjourney/real/05976.png,0,real,aigibench_midjourney_v6_external,external_test
data/raw/e5_aigibench_midjourney/real/08578.png,0,real,aigibench_midjourney_v6_external,external_test
data/raw/e5_aigibench_midjourney/real/07868.png,0,real,aigibench_midjourney_v6_external,external_test
data/raw/e5_aigibench_midjourney/real/06957.png,0,real,aigibench_midjourney_v6_external,external_test
data/raw/e5_aigibench_midjourney/real/08431.png,0,real,aigibench_midjourney_v6_external,external_test
data/raw/e5_aigibench_midjourney/real/18155.png,0,real,aigibench_midjourney_v6_external,external_test
data/raw/e5_aigibench_midjourney/real/06153.png,0,real,aigibench_midjourney_v6_external,external_test
data/raw/e5_aigibench_midjourney/real/07392.png,0,real,aigibench_midjourney_v6_external,external_test
data/raw/e5_aigibench_midjourney/real/05936.png,0,real,aigibench_midjourney_v6_external,external_test
data/raw/e5_aigibench_midjourney/real/09742.png,0,real,aigibench_midjourney_v6_external,external_test
data/raw/e5_aigibench_midjourney/real/05741.png,0,real,aigibench_midjourney_v6_external,external_test
data/raw/e5_aigibench_midjourney/real/09631.png,0,real,aigibench_midjourney_v6_external,external_test
data/raw/e5_aigibench_midjourney/real/07690.png,0,real,aigibench_midjourney_v6_external,external_test
data/raw/e5_aigibench_midjourney/real/07010.png,0,real,aigibench_midjourney_v6_external,external_test
data/raw/e5_aigibench_midjourney/real/07303.png,0,real,aigibench_midjourney_v6_external,external_test
data/raw/e5_aigibench_midjourney/real/14163.jpg,0,real,aigibench_midjourney_v6_external,external_test
data/raw/e5_aigibench_midjourney/real/06474.png,0,real,aigibench_midjourney_v6_external,external_test
data/raw/e5_aigibench_midjourney/real/09203.png,0,real,aigibench_midjourney_v6_external,external_test
data/raw/e5_aigibench_midjourney/real/09210.png,0,real,aigibench_midjourney_v6_external,external_test
data/raw/e5_aigibench_midjourney/real/09489.png,0,real,aigibench_midjourney_v6_external,external_test
data/raw/e5_aigibench_midjourney/real/06716.png,0,real,aigibench_midjourney_v6_external,external_test
data/raw/e5_aigibench_midjourney/real/08523.png,0,real,aigibench_midjourney_v6_external,external_test
data/raw/e5_aigibench_midjourney/real/07428.png,0,real,aigibench_midjourney_v6_external,external_test
data/raw/e5_aigibench_midjourney/real/06301.png,0,real,aigibench_midjourney_v6_external,external_test
data/raw/e5_aigibench_midjourney/real/06425.png,0,real,aigibench_midjourney_v6_external,external_test
data/raw/e5_aigibench_midjourney/real/09794.png,0,real,aigibench_midjourney_v6_external,external_test
data/raw/e5_aigibench_midjourney/real/06373.png,0,real,aigibench_midjourney_v6_external,external_test
data/raw/e5_aigibench_midjourney/real/07283.png,0,real,aigibench_midjourney_v6_external,external_test
data/raw/e5_aigibench_midjourney/real/09844.png,0,real,aigibench_midjourney_v6_external,external_test
data/raw/e5_aigibench_midjourney/real/09688.png,0,real,aigibench_midjourney_v6_external,external_test
data/raw/e5_aigibench_midjourney/real/07791.png,0,real,aigibench_midjourney_v6_external,external_test
data/raw/e5_aigibench_midjourney/real/700eeb758187ec09.jpg,0,real,aigibench_midjourney_v6_external,external_test
data/raw/e5_aigibench_midjourney/real/07014.png,0,real,aigibench_midjourney_v6_external,external_test
data/raw/e5_aigibench_midjourney/real/08529.png,0,real,aigibench_midjourney_v6_external,external_test
data/raw/e5_aigibench_midjourney/real/09366.png,0,real,aigibench_midjourney_v6_external,external_test
data/raw/e5_aigibench_midjourney/real/08938.png,0,real,aigibench_midjourney_v6_external,external_test
data/raw/e5_aigibench_midjourney/real/08438.png,0,real,aigibench_midjourney_v6_external,external_test
data/raw/e5_aigibench_midjourney/real/08309.png,0,real,aigibench_midjourney_v6_external,external_test
data/raw/e5_aigibench_midjourney/real/08850.png,0,real,aigibench_midjourney_v6_external,external_test
data/raw/e5_aigibench_midjourney/real/06331.png,0,real,aigibench_midjourney_v6_external,external_test
data/raw/e5_aigibench_midjourney/real/06145.png,0,real,aigibench_midjourney_v6_external,external_test
data/raw/e5_aigibench_midjourney/real/08905.png,0,real,aigibench_midjourney_v6_external,external_test
data/raw/e5_aigibench_midjourney/real/05088.png,0,real,aigibench_midjourney_v6_external,external_test
data/raw/e5_aigibench_midjourney/real/07096.png,0,real,aigibench_midjourney_v6_external,external_test
data/raw/e5_aigibench_midjourney/real/08246.png,0,real,aigibench_midjourney_v6_external,external_test
data/raw/e5_aigibench_midjourney/real/08134.png,0,real,aigibench_midjourney_v6_external,external_test
data/raw/e5_aigibench_midjourney/real/05098.png,0,real,aigibench_midjourney_v6_external,external_test
data/raw/e5_aigibench_midjourney/real/06134.png,0,real,aigibench_midjourney_v6_external,external_test
data/raw/e5_aigibench_midjourney/real/05079.png,0,real,aigibench_midjourney_v6_external,external_test
data/raw/e5_aigibench_midjourney/real/07400.png,0,real,aigibench_midjourney_v6_external,external_test
data/raw/e5_aigibench_midjourney/real/06808.png,0,real,aigibench_midjourney_v6_external,external_test
data/raw/e5_aigibench_midjourney/real/18369.png,0,real,aigibench_midjourney_v6_external,external_test
data/raw/e5_aigibench_midjourney/real/09229.png,0,real,aigibench_midjourney_v6_external,external_test
data/raw/e5_aigibench_midjourney/real/05022.png,0,real,aigibench_midjourney_v6_external,external_test
data/raw/e5_aigibench_midjourney/real/04339c4d1eb03dbb.jpg,0,real,aigibench_midjourney_v6_external,external_test
data/raw/e5_aigibench_midjourney/real/07541.png,0,real,aigibench_midjourney_v6_external,external_test
data/raw/e5_aigibench_midjourney/real/20582.png,0,real,aigibench_midjourney_v6_external,external_test
data/raw/e5_aigibench_midjourney/real/07924.png,0,real,aigibench_midjourney_v6_external,external_test
data/raw/e5_aigibench_midjourney/real/08614.png,0,real,aigibench_midjourney_v6_external,external_test
data/raw/e5_aigibench_midjourney/real/19833.png,0,real,aigibench_midjourney_v6_external,external_test
data/raw/e5_aigibench_midjourney/real/05801.png,0,real,aigibench_midjourney_v6_external,external_test
data/raw/e5_aigibench_midjourney/real/08366.png,0,real,aigibench_midjourney_v6_external,external_test
data/raw/e5_aigibench_midjourney/real/18840.png,0,real,aigibench_midjourney_v6_external,external_test
data/raw/e5_aigibench_midjourney/real/06210.png,0,real,aigibench_midjourney_v6_external,external_test
data/raw/e5_aigibench_midjourney/real/08258.png,0,real,aigibench_midjourney_v6_external,external_test
data/raw/e5_aigibench_midjourney/real/06340.png,0,real,aigibench_midjourney_v6_external,external_test
data/raw/e5_aigibench_midjourney/real/19141.png,0,real,aigibench_midjourney_v6_external,external_test
data/raw/e5_aigibench_midjourney/real/08858.png,0,real,aigibench_midjourney_v6_external,external_test
data/raw/e5_aigibench_midjourney/real/06205.png,0,real,aigibench_midjourney_v6_external,external_test
data/raw/e5_aigibench_midjourney/real/07046.png,0,real,aigibench_midjourney_v6_external,external_test
data/raw/e5_aigibench_midjourney/real/06123.png,0,real,aigibench_midjourney_v6_external,external_test
data/raw/e5_aigibench_midjourney/real/06721.png,0,real,aigibench_midjourney_v6_external,external_test
data/raw/e5_aigibench_midjourney/real/08880.png,0,real,aigibench_midjourney_v6_external,external_test
data/raw/e5_aigibench_midjourney/real/18057.png,0,real,aigibench_midjourney_v6_external,external_test
data/raw/e5_aigibench_midjourney/real/3233.jpg,0,real,aigibench_midjourney_v6_external,external_test
data/raw/e5_aigibench_midjourney/real/08198.png,0,real,aigibench_midjourney_v6_external,external_test
data/raw/e5_aigibench_midjourney/real/06918.png,0,real,aigibench_midjourney_v6_external,external_test
data/raw/e5_aigibench_midjourney/real/08513.png,0,real,aigibench_midjourney_v6_external,external_test
data/raw/e5_aigibench_midjourney/real/3930.jpg,0,real,aigibench_midjourney_v6_external,external_test
data/raw/e5_aigibench_midjourney/real/06807.png,0,real,aigibench_midjourney_v6_external,external_test
data/raw/e5_aigibench_midjourney/real/08586.png,0,real,aigibench_midjourney_v6_external,external_test
data/raw/e5_aigibench_midjourney/real/07156.png,0,real,aigibench_midjourney_v6_external,external_test
data/raw/e5_aigibench_midjourney/real/09919.png,0,real,aigibench_midjourney_v6_external,external_test
data/raw/e5_aigibench_midjourney/real/08904.png,0,real,aigibench_midjourney_v6_external,external_test
data/raw/e5_aigibench_midjourney/real/08716.png,0,real,aigibench_midjourney_v6_external,external_test
data/raw/e5_aigibench_midjourney/real/07216.png,0,real,aigibench_midjourney_v6_external,external_test
data/raw/e5_aigibench_midjourney/real/07467.png,0,real,aigibench_midjourney_v6_external,external_test
data/raw/e5_aigibench_midjourney/real/06333.png,0,real,aigibench_midjourney_v6_external,external_test
data/raw/e5_aigibench_midjourney/real/08459.png,0,real,aigibench_midjourney_v6_external,external_test
data/raw/e5_aigibench_midjourney/real/07519.png,0,real,aigibench_midjourney_v6_external,external_test
data/raw/e5_aigibench_midjourney/real/07426.png,0,real,aigibench_midjourney_v6_external,external_test
data/raw/e5_aigibench_midjourney/real/07938.png,0,real,aigibench_midjourney_v6_external,external_test
data/raw/e5_aigibench_midjourney/real/07434.png,0,real,aigibench_midjourney_v6_external,external_test
data/raw/e5_aigibench_midjourney/real/09914.png,0,real,aigibench_midjourney_v6_external,external_test
data/raw/e5_aigibench_midjourney/real/07799.png,0,real,aigibench_midjourney_v6_external,external_test
data/raw/e5_aigibench_midjourney/real/05777.png,0,real,aigibench_midjourney_v6_external,external_test
data/raw/e5_aigibench_midjourney/real/07499.png,0,real,aigibench_midjourney_v6_external,external_test
data/raw/e5_aigibench_midjourney/real/18969.png,0,real,aigibench_midjourney_v6_external,external_test
data/raw/e5_aigibench_midjourney/real/09675.png,0,real,aigibench_midjourney_v6_external,external_test
data/raw/e5_aigibench_midjourney/real/20537.png,0,real,aigibench_midjourney_v6_external,external_test
data/raw/e5_aigibench_midjourney/real/06074.png,0,real,aigibench_midjourney_v6_external,external_test
data/raw/e5_aigibench_midjourney/real/07372.png,0,real,aigibench_midjourney_v6_external,external_test
data/raw/e5_aigibench_midjourney/real/06433.png,0,real,aigibench_midjourney_v6_external,external_test
data/raw/e5_aigibench_midjourney/real/05911.png,0,real,aigibench_midjourney_v6_external,external_test
data/raw/e5_aigibench_midjourney/real/09354.png,0,real,aigibench_midjourney_v6_external,external_test
data/raw/e5_aigibench_midjourney/real/09820.png,0,real,aigibench_midjourney_v6_external,external_test
data/raw/e5_aigibench_midjourney/real/08997.png,0,real,aigibench_midjourney_v6_external,external_test
data/raw/e5_aigibench_midjourney/real/09707.png,0,real,aigibench_midjourney_v6_external,external_test
data/raw/e5_aigibench_midjourney/real/08226.png,0,real,aigibench_midjourney_v6_external,external_test
data/raw/e5_aigibench_midjourney/real/05005.png,0,real,aigibench_midjourney_v6_external,external_test
data/raw/e5_aigibench_midjourney/real/08577.png,0,real,aigibench_midjourney_v6_external,external_test
data/raw/e5_aigibench_midjourney/real/07410.png,0,real,aigibench_midjourney_v6_external,external_test
data/raw/e5_aigibench_midjourney/real/09805.png,0,real,aigibench_midjourney_v6_external,external_test
data/raw/e5_aigibench_midjourney/real/777c00f82d2b614b.jpg,0,real,aigibench_midjourney_v6_external,external_test
data/raw/e5_aigibench_midjourney/real/08602.png,0,real,aigibench_midjourney_v6_external,external_test
data/raw/e5_aigibench_midjourney/real/05168.png,0,real,aigibench_midjourney_v6_external,external_test
data/raw/e5_aigibench_midjourney/real/07844.png,0,real,aigibench_midjourney_v6_external,external_test
data/raw/e5_aigibench_midjourney/real/06907.png,0,real,aigibench_midjourney_v6_external,external_test
data/raw/e5_aigibench_midjourney/real/09445.png,0,real,aigibench_midjourney_v6_external,external_test
data/raw/e5_aigibench_midjourney/real/09978.png,0,real,aigibench_midjourney_v6_external,external_test
data/raw/e5_aigibench_midjourney/real/06934.png,0,real,aigibench_midjourney_v6_external,external_test
data/raw/e5_aigibench_midjourney/real/07691.png,0,real,aigibench_midjourney_v6_external,external_test
data/raw/e5_aigibench_midjourney/real/09952.png,0,real,aigibench_midjourney_v6_external,external_test
data/raw/e5_aigibench_midjourney/real/09147.png,0,real,aigibench_midjourney_v6_external,external_test
data/raw/e5_aigibench_midjourney/real/09422.png,0,real,aigibench_midjourney_v6_external,external_test
data/raw/e5_aigibench_midjourney/real/06247.png,0,real,aigibench_midjourney_v6_external,external_test
data/raw/e5_aigibench_midjourney/real/08942.png,0,real,aigibench_midjourney_v6_external,external_test
data/raw/e5_aigibench_midjourney/real/06686.png,0,real,aigibench_midjourney_v6_external,external_test
data/raw/e5_aigibench_midjourney/real/05891.png,0,real,aigibench_midjourney_v6_external,external_test
data/raw/e5_aigibench_midjourney/real/08789.png,0,real,aigibench_midjourney_v6_external,external_test
data/raw/e5_aigibench_midjourney/real/12264.jpg,0,real,aigibench_midjourney_v6_external,external_test
data/raw/e5_aigibench_midjourney/real/05173.png,0,real,aigibench_midjourney_v6_external,external_test
data/raw/e5_aigibench_midjourney/real/08883.png,0,real,aigibench_midjourney_v6_external,external_test
data/raw/e5_aigibench_midjourney/real/05100.png,0,real,aigibench_midjourney_v6_external,external_test
data/raw/e5_aigibench_midjourney/real/08413.png,0,real,aigibench_midjourney_v6_external,external_test
data/raw/e5_aigibench_midjourney/real/06016.png,0,real,aigibench_midjourney_v6_external,external_test
data/raw/e5_aigibench_midjourney/real/06914.png,0,real,aigibench_midjourney_v6_external,external_test
data/raw/e5_aigibench_midjourney/real/20628.png,0,real,aigibench_midjourney_v6_external,external_test
data/raw/e5_aigibench_midjourney/real/670bc93085266ae3.jpg,0,real,aigibench_midjourney_v6_external,external_test
data/raw/e5_aigibench_midjourney/real/20138.png,0,real,aigibench_midjourney_v6_external,external_test
data/raw/e5_aigibench_midjourney/real/06065.png,0,real,aigibench_midjourney_v6_external,external_test
data/raw/e5_aigibench_midjourney/real/07020.png,0,real,aigibench_midjourney_v6_external,external_test
data/raw/e5_aigibench_midjourney/real/05144.png,0,real,aigibench_midjourney_v6_external,external_test
data/raw/e5_aigibench_midjourney/real/07976.png,0,real,aigibench_midjourney_v6_external,external_test
data/raw/e5_aigibench_midjourney/real/07638.png,0,real,aigibench_midjourney_v6_external,external_test
data/raw/e5_aigibench_midjourney/real/18486.png,0,real,aigibench_midjourney_v6_external,external_test
data/raw/e5_aigibench_midjourney/real/08136.png,0,real,aigibench_midjourney_v6_external,external_test
data/raw/e5_aigibench_midjourney/real/09712.png,0,real,aigibench_midjourney_v6_external,external_test
data/raw/e5_aigibench_midjourney/real/05125.png,0,real,aigibench_midjourney_v6_external,external_test
data/raw/e5_aigibench_midjourney/real/19120.png,0,real,aigibench_midjourney_v6_external,external_test
data/raw/e5_aigibench_midjourney/real/06113.png,0,real,aigibench_midjourney_v6_external,external_test
data/raw/e5_aigibench_midjourney/real/05139.png,0,real,aigibench_midjourney_v6_external,external_test
data/raw/e5_aigibench_midjourney/real/18224.png,0,real,aigibench_midjourney_v6_external,external_test
data/raw/e5_aigibench_midjourney/real/06765.png,0,real,aigibench_midjourney_v6_external,external_test
data/raw/e5_aigibench_midjourney/real/05151.png,0,real,aigibench_midjourney_v6_external,external_test
data/raw/e5_aigibench_midjourney/real/08762.png,0,real,aigibench_midjourney_v6_external,external_test
data/raw/e5_aigibench_midjourney/real/09672.png,0,real,aigibench_midjourney_v6_external,external_test
data/raw/e5_aigibench_midjourney/real/05729.png,0,real,aigibench_midjourney_v6_external,external_test
data/raw/e5_aigibench_midjourney/real/06420.png,0,real,aigibench_midjourney_v6_external,external_test
data/raw/e5_aigibench_midjourney/real/07732.png,0,real,aigibench_midjourney_v6_external,external_test
data/raw/e5_aigibench_midjourney/real/18556.png,0,real,aigibench_midjourney_v6_external,external_test
data/raw/e5_aigibench_midjourney/real/07420.png,0,real,aigibench_midjourney_v6_external,external_test
data/raw/e5_aigibench_midjourney/real/08174.png,0,real,aigibench_midjourney_v6_external,external_test
data/raw/e5_aigibench_midjourney/real/09889.png,0,real,aigibench_midjourney_v6_external,external_test
data/raw/e5_aigibench_midjourney/real/07334.png,0,real,aigibench_midjourney_v6_external,external_test
data/raw/e5_aigibench_midjourney/real/09899.png,0,real,aigibench_midjourney_v6_external,external_test
data/raw/e5_aigibench_midjourney/real/09247.png,0,real,aigibench_midjourney_v6_external,external_test
data/raw/e5_aigibench_midjourney/real/06182.png,0,real,aigibench_midjourney_v6_external,external_test
data/raw/e5_aigibench_midjourney/real/08275.png,0,real,aigibench_midjourney_v6_external,external_test
data/raw/e5_aigibench_midjourney/real/09225.png,0,real,aigibench_midjourney_v6_external,external_test
data/raw/e5_aigibench_midjourney/real/06209.png,0,real,aigibench_midjourney_v6_external,external_test
data/raw/e5_aigibench_midjourney/real/06312.png,0,real,aigibench_midjourney_v6_external,external_test
data/raw/e5_aigibench_midjourney/real/06198.png,0,real,aigibench_midjourney_v6_external,external_test
data/raw/e5_aigibench_midjourney/real/07401.png,0,real,aigibench_midjourney_v6_external,external_test
data/raw/e5_aigibench_midjourney/real/08140.png,0,real,aigibench_midjourney_v6_external,external_test
data/raw/e5_aigibench_midjourney/real/06682.png,0,real,aigibench_midjourney_v6_external,external_test
data/raw/e5_aigibench_midjourney/real/05169.png,0,real,aigibench_midjourney_v6_external,external_test
data/raw/e5_aigibench_midjourney/real/08764.png,0,real,aigibench_midjourney_v6_external,external_test
data/raw/e5_aigibench_midjourney/real/6248e31cc896558e.jpg,0,real,aigibench_midjourney_v6_external,external_test
data/raw/e5_aigibench_midjourney/real/07061.png,0,real,aigibench_midjourney_v6_external,external_test
data/raw/e5_aigibench_midjourney/real/06712.png,0,real,aigibench_midjourney_v6_external,external_test
data/raw/e5_aigibench_midjourney/real/08655.png,0,real,aigibench_midjourney_v6_external,external_test
data/raw/e5_aigibench_midjourney/real/08488.png,0,real,aigibench_midjourney_v6_external,external_test
data/raw/e5_aigibench_midjourney/real/06363.png,0,real,aigibench_midjourney_v6_external,external_test
data/raw/e5_aigibench_midjourney/real/19165.png,0,real,aigibench_midjourney_v6_external,external_test
data/raw/e5_aigibench_midjourney/real/0148b490f2121a17.jpg,0,real,aigibench_midjourney_v6_external,external_test
data/raw/e5_aigibench_midjourney/real/07386.png,0,real,aigibench_midjourney_v6_external,external_test
data/raw/e5_aigibench_midjourney/real/06353.png,0,real,aigibench_midjourney_v6_external,external_test
data/raw/e5_aigibench_midjourney/real/06215.png,0,real,aigibench_midjourney_v6_external,external_test
data/raw/e5_aigibench_midjourney/real/05840.png,0,real,aigibench_midjourney_v6_external,external_test
data/raw/e5_aigibench_midjourney/real/18760.png,0,real,aigibench_midjourney_v6_external,external_test
data/raw/e5_aigibench_midjourney/real/07399.png,0,real,aigibench_midjourney_v6_external,external_test
data/raw/e5_aigibench_midjourney/real/07498.png,0,real,aigibench_midjourney_v6_external,external_test
data/raw/e5_aigibench_midjourney/real/07934.png,0,real,aigibench_midjourney_v6_external,external_test
data/raw/e5_aigibench_midjourney/real/19822.png,0,real,aigibench_midjourney_v6_external,external_test
data/raw/e5_aigibench_midjourney/real/09783.png,0,real,aigibench_midjourney_v6_external,external_test
data/raw/e5_aigibench_midjourney/real/06984.png,0,real,aigibench_midjourney_v6_external,external_test
data/raw/e5_aigibench_midjourney/real/08010.png,0,real,aigibench_midjourney_v6_external,external_test
data/raw/e5_aigibench_midjourney/real/09018.png,0,real,aigibench_midjourney_v6_external,external_test
data/raw/e5_aigibench_midjourney/real/18356.png,0,real,aigibench_midjourney_v6_external,external_test
data/raw/e5_aigibench_midjourney/real/07044.png,0,real,aigibench_midjourney_v6_external,external_test
data/raw/e5_aigibench_midjourney/real/07727.png,0,real,aigibench_midjourney_v6_external,external_test
data/raw/e5_aigibench_midjourney/real/08263.png,0,real,aigibench_midjourney_v6_external,external_test
data/raw/e5_aigibench_midjourney/real/09047.png,0,real,aigibench_midjourney_v6_external,external_test
data/raw/e5_aigibench_midjourney/real/06389.png,0,real,aigibench_midjourney_v6_external,external_test
data/raw/e5_aigibench_midjourney/real/07648.png,0,real,aigibench_midjourney_v6_external,external_test
data/raw/e5_aigibench_midjourney/real/08924.png,0,real,aigibench_midjourney_v6_external,external_test
data/raw/e5_aigibench_midjourney/real/09058.png,0,real,aigibench_midjourney_v6_external,external_test
data/raw/e5_aigibench_midjourney/real/07086.png,0,real,aigibench_midjourney_v6_external,external_test
data/raw/e5_aigibench_midjourney/real/09108.png,0,real,aigibench_midjourney_v6_external,external_test
data/raw/e5_aigibench_midjourney/real/05190.png,0,real,aigibench_midjourney_v6_external,external_test
data/raw/e5_aigibench_midjourney/real/07814.png,0,real,aigibench_midjourney_v6_external,external_test
data/raw/e5_aigibench_midjourney/real/07795.png,0,real,aigibench_midjourney_v6_external,external_test
data/raw/e5_aigibench_midjourney/real/05195.png,0,real,aigibench_midjourney_v6_external,external_test
data/raw/e5_aigibench_midjourney/real/06835.png,0,real,aigibench_midjourney_v6_external,external_test
data/raw/e5_aigibench_midjourney/real/9337b5b38646c47f.jpg,0,real,aigibench_midjourney_v6_external,external_test
data/raw/e5_aigibench_midjourney/real/08001.png,0,real,aigibench_midjourney_v6_external,external_test
data/raw/e5_aigibench_midjourney/real/09019.png,0,real,aigibench_midjourney_v6_external,external_test
data/raw/e5_aigibench_midjourney/real/09551.png,0,real,aigibench_midjourney_v6_external,external_test
data/raw/e5_aigibench_midjourney/real/08395.png,0,real,aigibench_midjourney_v6_external,external_test
data/raw/e5_aigibench_midjourney/real/06257.png,0,real,aigibench_midjourney_v6_external,external_test
data/raw/e5_aigibench_midjourney/real/05089.png,0,real,aigibench_midjourney_v6_external,external_test
data/raw/e5_aigibench_midjourney/real/05828.png,0,real,aigibench_midjourney_v6_external,external_test
data/raw/e5_aigibench_midjourney/real/05982.png,0,real,aigibench_midjourney_v6_external,external_test
data/raw/e5_aigibench_midjourney/real/06685.png,0,real,aigibench_midjourney_v6_external,external_test
data/raw/e5_aigibench_midjourney/real/07294.png,0,real,aigibench_midjourney_v6_external,external_test
data/raw/e5_aigibench_midjourney/real/07130.png,0,real,aigibench_midjourney_v6_external,external_test
data/raw/e5_aigibench_midjourney/real/08346.png,0,real,aigibench_midjourney_v6_external,external_test
data/raw/e5_aigibench_midjourney/real/08008.png,0,real,aigibench_midjourney_v6_external,external_test
data/raw/e5_aigibench_midjourney/real/09221.png,0,real,aigibench_midjourney_v6_external,external_test
data/raw/e5_aigibench_midjourney/real/20847.png,0,real,aigibench_midjourney_v6_external,external_test
data/raw/e5_aigibench_midjourney/real/07414.png,0,real,aigibench_midjourney_v6_external,external_test
data/raw/e5_aigibench_midjourney/real/05983.png,0,real,aigibench_midjourney_v6_external,external_test
data/raw/e5_aigibench_midjourney/real/05999.png,0,real,aigibench_midjourney_v6_external,external_test
data/raw/e5_aigibench_midjourney/real/06859.png,0,real,aigibench_midjourney_v6_external,external_test
data/raw/e5_aigibench_midjourney/real/06271.png,0,real,aigibench_midjourney_v6_external,external_test
data/raw/e5_aigibench_midjourney/real/08941.png,0,real,aigibench_midjourney_v6_external,external_test
data/raw/e5_aigibench_midjourney/real/20056.png,0,real,aigibench_midjourney_v6_external,external_test
data/raw/e5_aigibench_midjourney/real/08865.png,0,real,aigibench_midjourney_v6_external,external_test
data/raw/e5_aigibench_midjourney/real/05780.png,0,real,aigibench_midjourney_v6_external,external_test
data/raw/e5_aigibench_midjourney/real/19476.png,0,real,aigibench_midjourney_v6_external,external_test
data/raw/e5_aigibench_midjourney/real/07268.png,0,real,aigibench_midjourney_v6_external,external_test
data/raw/e5_aigibench_midjourney/real/09260.png,0,real,aigibench_midjourney_v6_external,external_test
data/raw/e5_aigibench_midjourney/real/09046.png,0,real,aigibench_midjourney_v6_external,external_test
data/raw/e5_aigibench_midjourney/real/07514.png,0,real,aigibench_midjourney_v6_external,external_test
data/raw/e5_aigibench_midjourney/real/07682.png,0,real,aigibench_midjourney_v6_external,external_test
data/raw/e5_aigibench_midjourney/real/07623.png,0,real,aigibench_midjourney_v6_external,external_test
data/raw/e5_aigibench_midjourney/real/06964.png,0,real,aigibench_midjourney_v6_external,external_test
data/raw/e5_aigibench_midjourney/real/19039.png,0,real,aigibench_midjourney_v6_external,external_test
data/raw/e5_aigibench_midjourney/real/081c7365d8d1cf0d.jpg,0,real,aigibench_midjourney_v6_external,external_test
data/raw/e5_aigibench_midjourney/real/05134.png,0,real,aigibench_midjourney_v6_external,external_test
data/raw/e5_aigibench_midjourney/real/09027.png,0,real,aigibench_midjourney_v6_external,external_test
data/raw/e5_aigibench_midjourney/real/19846.png,0,real,aigibench_midjourney_v6_external,external_test
data/raw/e5_aigibench_midjourney/real/03576a6eb56fa4a6.jpg,0,real,aigibench_midjourney_v6_external,external_test
data/raw/e5_aigibench_midjourney/real/07288.png,0,real,aigibench_midjourney_v6_external,external_test
data/raw/e5_aigibench_midjourney/real/07863.png,0,real,aigibench_midjourney_v6_external,external_test
data/raw/e5_aigibench_midjourney/real/19225fa3327bd16c.jpg,0,real,aigibench_midjourney_v6_external,external_test
data/raw/e5_aigibench_midjourney/real/08284.png,0,real,aigibench_midjourney_v6_external,external_test
data/raw/e5_aigibench_midjourney/real/07200.png,0,real,aigibench_midjourney_v6_external,external_test
data/raw/e5_aigibench_midjourney/real/08132.png,0,real,aigibench_midjourney_v6_external,external_test
data/raw/e5_aigibench_midjourney/real/18429.png,0,real,aigibench_midjourney_v6_external,external_test
data/raw/e5_aigibench_midjourney/real/07171.png,0,real,aigibench_midjourney_v6_external,external_test
data/raw/e5_aigibench_midjourney/real/08019.png,0,real,aigibench_midjourney_v6_external,external_test
data/raw/e5_aigibench_midjourney/real/18471.png,0,real,aigibench_midjourney_v6_external,external_test
data/raw/e5_aigibench_midjourney/real/08475.png,0,real,aigibench_midjourney_v6_external,external_test
data/raw/e5_aigibench_midjourney/real/09424.png,0,real,aigibench_midjourney_v6_external,external_test
data/raw/e5_aigibench_midjourney/real/09126.png,0,real,aigibench_midjourney_v6_external,external_test
data/raw/e5_aigibench_midjourney/real/18108.png,0,real,aigibench_midjourney_v6_external,external_test
data/raw/e5_aigibench_midjourney/real/05118.png,0,real,aigibench_midjourney_v6_external,external_test
data/raw/e5_aigibench_midjourney/real/07504.png,0,real,aigibench_midjourney_v6_external,external_test
data/raw/e5_aigibench_midjourney/real/06673.png,0,real,aigibench_midjourney_v6_external,external_test
data/raw/e5_aigibench_midjourney/real/08172.png,0,real,aigibench_midjourney_v6_external,external_test
data/raw/e5_aigibench_midjourney/real/08750.png,0,real,aigibench_midjourney_v6_external,external_test
data/raw/e5_aigibench_midjourney/real/08143.png,0,real,aigibench_midjourney_v6_external,external_test
data/raw/e5_aigibench_midjourney/real/08023.png,0,real,aigibench_midjourney_v6_external,external_test
data/raw/e5_aigibench_midjourney/real/08864.png,0,real,aigibench_midjourney_v6_external,external_test
data/raw/e5_aigibench_midjourney/real/05764.png,0,real,aigibench_midjourney_v6_external,external_test
data/raw/e5_aigibench_midjourney/real/05122.png,0,real,aigibench_midjourney_v6_external,external_test
data/raw/e5_aigibench_midjourney/real/19393.png,0,real,aigibench_midjourney_v6_external,external_test
data/raw/e5_aigibench_midjourney/real/06981.png,0,real,aigibench_midjourney_v6_external,external_test
data/raw/e5_aigibench_midjourney/real/06372.png,0,real,aigibench_midjourney_v6_external,external_test
data/raw/e5_aigibench_midjourney/real/18894.png,0,real,aigibench_midjourney_v6_external,external_test
data/raw/e5_aigibench_midjourney/real/08999.png,0,real,aigibench_midjourney_v6_external,external_test
data/raw/e5_aigibench_midjourney/real/06012.png,0,real,aigibench_midjourney_v6_external,external_test
data/raw/e5_aigibench_midjourney/real/18693.png,0,real,aigibench_midjourney_v6_external,external_test
data/raw/e5_aigibench_midjourney/real/07668.png,0,real,aigibench_midjourney_v6_external,external_test
data/raw/e5_aigibench_midjourney/real/08249.png,0,real,aigibench_midjourney_v6_external,external_test
data/raw/e5_aigibench_midjourney/real/08390.png,0,real,aigibench_midjourney_v6_external,external_test
data/raw/e5_aigibench_midjourney/real/20046.png,0,real,aigibench_midjourney_v6_external,external_test
data/raw/e5_aigibench_midjourney/real/08501.png,0,real,aigibench_midjourney_v6_external,external_test
data/raw/e5_aigibench_midjourney/real/08610.png,0,real,aigibench_midjourney_v6_external,external_test
data/raw/e5_aigibench_midjourney/real/19704.png,0,real,aigibench_midjourney_v6_external,external_test
data/raw/e5_aigibench_midjourney/real/07535.png,0,real,aigibench_midjourney_v6_external,external_test
data/raw/e5_aigibench_midjourney/real/06212.png,0,real,aigibench_midjourney_v6_external,external_test
data/raw/e5_aigibench_midjourney/real/08278.png,0,real,aigibench_midjourney_v6_external,external_test
data/raw/e5_aigibench_midjourney/real/06296.png,0,real,aigibench_midjourney_v6_external,external_test
data/raw/e5_aigibench_midjourney/real/07164.png,0,real,aigibench_midjourney_v6_external,external_test
data/raw/e5_aigibench_midjourney/real/09940.png,0,real,aigibench_midjourney_v6_external,external_test
data/raw/e5_aigibench_midjourney/real/05034.png,0,real,aigibench_midjourney_v6_external,external_test
data/raw/e5_aigibench_midjourney/real/06895.png,0,real,aigibench_midjourney_v6_external,external_test
data/raw/e5_aigibench_midjourney/real/20430.png,0,real,aigibench_midjourney_v6_external,external_test
data/raw/e5_aigibench_midjourney/real/08185.png,0,real,aigibench_midjourney_v6_external,external_test
data/raw/e5_aigibench_midjourney/real/05733.png,0,real,aigibench_midjourney_v6_external,external_test
data/raw/e5_aigibench_midjourney/real/08841.png,0,real,aigibench_midjourney_v6_external,external_test
data/raw/e5_aigibench_midjourney/real/08648.png,0,real,aigibench_midjourney_v6_external,external_test
data/raw/e5_aigibench_midjourney/real/07099.png,0,real,aigibench_midjourney_v6_external,external_test
data/raw/e5_aigibench_midjourney/real/07120.png,0,real,aigibench_midjourney_v6_external,external_test
data/raw/e5_aigibench_midjourney/real/08464.png,0,real,aigibench_midjourney_v6_external,external_test
data/raw/e5_aigibench_midjourney/real/06991.png,0,real,aigibench_midjourney_v6_external,external_test
data/raw/e5_aigibench_midjourney/real/07040.png,0,real,aigibench_midjourney_v6_external,external_test
data/raw/e5_aigibench_midjourney/real/06408.png,0,real,aigibench_midjourney_v6_external,external_test
data/raw/e5_aigibench_midjourney/real/05875.png,0,real,aigibench_midjourney_v6_external,external_test
data/raw/e5_aigibench_midjourney/real/08537.png,0,real,aigibench_midjourney_v6_external,external_test
data/raw/e5_aigibench_midjourney/real/3869.jpg,0,real,aigibench_midjourney_v6_external,external_test
data/raw/e5_aigibench_midjourney/real/06894.png,0,real,aigibench_midjourney_v6_external,external_test
data/raw/e5_aigibench_midjourney/real/3110ad7df92ee442.jpg,0,real,aigibench_midjourney_v6_external,external_test
data/raw/e5_aigibench_midjourney/real/06992.png,0,real,aigibench_midjourney_v6_external,external_test
data/raw/e5_aigibench_midjourney/real/06089.png,0,real,aigibench_midjourney_v6_external,external_test
data/raw/e5_aigibench_midjourney/real/07441.png,0,real,aigibench_midjourney_v6_external,external_test
data/raw/e5_aigibench_midjourney/real/08741.png,0,real,aigibench_midjourney_v6_external,external_test
data/raw/e5_aigibench_midjourney/real/20641.png,0,real,aigibench_midjourney_v6_external,external_test
data/raw/e5_aigibench_midjourney/real/9722.jpg,0,real,aigibench_midjourney_v6_external,external_test
data/raw/e5_aigibench_midjourney/real/05978.png,0,real,aigibench_midjourney_v6_external,external_test
data/raw/e5_aigibench_midjourney/real/05745.png,0,real,aigibench_midjourney_v6_external,external_test
data/raw/e5_aigibench_midjourney/real/512e4effe95c634a.jpg,0,real,aigibench_midjourney_v6_external,external_test
data/raw/e5_aigibench_midjourney/real/09320.png,0,real,aigibench_midjourney_v6_external,external_test
data/raw/e5_aigibench_midjourney/real/07309.png,0,real,aigibench_midjourney_v6_external,external_test
data/raw/e5_aigibench_midjourney/real/05017.png,0,real,aigibench_midjourney_v6_external,external_test
data/raw/e5_aigibench_midjourney/real/13846.jpg,0,real,aigibench_midjourney_v6_external,external_test
data/raw/e5_aigibench_midjourney/real/07090.png,0,real,aigibench_midjourney_v6_external,external_test
data/raw/e5_aigibench_midjourney/real/06093.png,0,real,aigibench_midjourney_v6_external,external_test
data/raw/e5_aigibench_midjourney/real/06008.png,0,real,aigibench_midjourney_v6_external,external_test
data/raw/e5_aigibench_midjourney/real/18448.png,0,real,aigibench_midjourney_v6_external,external_test
data/raw/e5_aigibench_midjourney/real/09571.png,0,real,aigibench_midjourney_v6_external,external_test
data/raw/e5_aigibench_midjourney/real/07869.png,0,real,aigibench_midjourney_v6_external,external_test
data/raw/e5_aigibench_midjourney/real/09415.png,0,real,aigibench_midjourney_v6_external,external_test
data/raw/e5_aigibench_midjourney/real/18686.png,0,real,aigibench_midjourney_v6_external,external_test
data/raw/e5_aigibench_midjourney/real/05019.png,0,real,aigibench_midjourney_v6_external,external_test
data/raw/e5_aigibench_midjourney/real/17693.jpg,0,real,aigibench_midjourney_v6_external,external_test
data/raw/e5_aigibench_midjourney/real/08809.png,0,real,aigibench_midjourney_v6_external,external_test
data/raw/e5_aigibench_midjourney/real/08131.png,0,real,aigibench_midjourney_v6_external,external_test
data/raw/e5_aigibench_midjourney/real/06069.png,0,real,aigibench_midjourney_v6_external,external_test
data/raw/e5_aigibench_midjourney/real/07882.png,0,real,aigibench_midjourney_v6_external,external_test
data/raw/e5_aigibench_midjourney/real/08771.png,0,real,aigibench_midjourney_v6_external,external_test
data/raw/e5_aigibench_midjourney/real/09808.png,0,real,aigibench_midjourney_v6_external,external_test
data/raw/e5_aigibench_midjourney/real/05984.png,0,real,aigibench_midjourney_v6_external,external_test
data/raw/e5_aigibench_midjourney/real/09816.png,0,real,aigibench_midjourney_v6_external,external_test
data/raw/e5_aigibench_midjourney/real/05866.png,0,real,aigibench_midjourney_v6_external,external_test
data/raw/e5_aigibench_midjourney/real/20875.png,0,real,aigibench_midjourney_v6_external,external_test
data/raw/e5_aigibench_midjourney/real/09118.png,0,real,aigibench_midjourney_v6_external,external_test
data/raw/e5_aigibench_midjourney/real/08591.png,0,real,aigibench_midjourney_v6_external,external_test
data/raw/e5_aigibench_midjourney/real/06166.png,0,real,aigibench_midjourney_v6_external,external_test
data/raw/e5_aigibench_midjourney/real/08686.png,0,real,aigibench_midjourney_v6_external,external_test
data/raw/e5_aigibench_midjourney/real/08992.png,0,real,aigibench_midjourney_v6_external,external_test
data/raw/e5_aigibench_midjourney/real/06401.png,0,real,aigibench_midjourney_v6_external,external_test
data/raw/e5_aigibench_midjourney/real/07595.png,0,real,aigibench_midjourney_v6_external,external_test
data/raw/e5_aigibench_midjourney/real/07880.png,0,real,aigibench_midjourney_v6_external,external_test
data/raw/e5_aigibench_midjourney/real/07635.png,0,real,aigibench_midjourney_v6_external,external_test
data/raw/e5_aigibench_midjourney/real/09081.png,0,real,aigibench_midjourney_v6_external,external_test
data/raw/e5_aigibench_midjourney/real/19622.png,0,real,aigibench_midjourney_v6_external,external_test
data/raw/e5_aigibench_midjourney/real/07052.png,0,real,aigibench_midjourney_v6_external,external_test
data/raw/e5_aigibench_midjourney/real/06404.png,0,real,aigibench_midjourney_v6_external,external_test
data/raw/e5_aigibench_midjourney/real/07001.png,0,real,aigibench_midjourney_v6_external,external_test
data/raw/e5_aigibench_midjourney/real/07639.png,0,real,aigibench_midjourney_v6_external,external_test
data/raw/e5_aigibench_midjourney/real/07661.png,0,real,aigibench_midjourney_v6_external,external_test
data/raw/e5_aigibench_midjourney/real/09393.png,0,real,aigibench_midjourney_v6_external,external_test
data/raw/e5_aigibench_midjourney/real/06657.png,0,real,aigibench_midjourney_v6_external,external_test
data/raw/e5_aigibench_midjourney/real/09657.png,0,real,aigibench_midjourney_v6_external,external_test
data/raw/e5_aigibench_midjourney/real/06194.png,0,real,aigibench_midjourney_v6_external,external_test
data/raw/e5_aigibench_midjourney/real/05040.png,0,real,aigibench_midjourney_v6_external,external_test
data/raw/e5_aigibench_midjourney/real/08588.png,0,real,aigibench_midjourney_v6_external,external_test
data/raw/e5_aigibench_midjourney/real/06958.png,0,real,aigibench_midjourney_v6_external,external_test
data/raw/e5_aigibench_midjourney/real/242c5f01c247de26.jpg,0,real,aigibench_midjourney_v6_external,external_test
data/raw/e5_aigibench_midjourney/real/19135.png,0,real,aigibench_midjourney_v6_external,external_test
data/raw/e5_aigibench_midjourney/real/97d814b5fcf487af.jpg,0,real,aigibench_midjourney_v6_external,external_test
data/raw/e5_aigibench_midjourney/real/05799.png,0,real,aigibench_midjourney_v6_external,external_test
data/raw/e5_aigibench_midjourney/real/05021.png,0,real,aigibench_midjourney_v6_external,external_test
data/raw/e5_aigibench_midjourney/real/06172.png,0,real,aigibench_midjourney_v6_external,external_test
data/raw/e5_aigibench_midjourney/real/0326b1ef4529097c.jpg,0,real,aigibench_midjourney_v6_external,external_test
data/raw/e5_aigibench_midjourney/real/20659.png,0,real,aigibench_midjourney_v6_external,external_test
data/raw/e5_aigibench_midjourney/real/06387.png,0,real,aigibench_midjourney_v6_external,external_test
data/raw/e5_aigibench_midjourney/real/08605.png,0,real,aigibench_midjourney_v6_external,external_test
data/raw/e5_aigibench_midjourney/real/1774cb0a5e1c3148.jpg,0,real,aigibench_midjourney_v6_external,external_test
data/raw/e5_aigibench_midjourney/real/07979.png,0,real,aigibench_midjourney_v6_external,external_test
data/raw/e5_aigibench_midjourney/real/05061.png,0,real,aigibench_midjourney_v6_external,external_test
data/raw/e5_aigibench_midjourney/real/09564.png,0,real,aigibench_midjourney_v6_external,external_test
data/raw/e5_aigibench_midjourney/real/09006.png,0,real,aigibench_midjourney_v6_external,external_test
data/raw/e5_aigibench_midjourney/real/08806.png,0,real,aigibench_midjourney_v6_external,external_test
data/raw/e5_aigibench_midjourney/real/19049.png,0,real,aigibench_midjourney_v6_external,external_test
data/raw/e5_aigibench_midjourney/real/08811.png,0,real,aigibench_midjourney_v6_external,external_test
data/raw/e5_aigibench_midjourney/real/06398.png,0,real,aigibench_midjourney_v6_external,external_test
data/raw/e5_aigibench_midjourney/real/09641.png,0,real,aigibench_midjourney_v6_external,external_test
data/raw/e5_aigibench_midjourney/real/08871.png,0,real,aigibench_midjourney_v6_external,external_test
data/raw/e5_aigibench_midjourney/real/08662.png,0,real,aigibench_midjourney_v6_external,external_test
data/raw/e5_aigibench_midjourney/real/06349.png,0,real,aigibench_midjourney_v6_external,external_test
data/raw/e5_aigibench_midjourney/real/09498.png,0,real,aigibench_midjourney_v6_external,external_test
data/raw/e5_aigibench_midjourney/real/08775.png,0,real,aigibench_midjourney_v6_external,external_test
data/raw/e5_aigibench_midjourney/real/07369.png,0,real,aigibench_midjourney_v6_external,external_test
data/raw/e5_aigibench_midjourney/real/08133.png,0,real,aigibench_midjourney_v6_external,external_test
data/raw/e5_aigibench_midjourney/real/07610.png,0,real,aigibench_midjourney_v6_external,external_test
data/raw/e5_aigibench_midjourney/real/08012.png,0,real,aigibench_midjourney_v6_external,external_test
data/raw/e5_aigibench_midjourney/real/20440.png,0,real,aigibench_midjourney_v6_external,external_test
data/raw/e5_aigibench_midjourney/real/19438.png,0,real,aigibench_midjourney_v6_external,external_test
data/raw/e5_aigibench_midjourney/real/06311.png,0,real,aigibench_midjourney_v6_external,external_test
data/raw/e5_aigibench_midjourney/real/09866.png,0,real,aigibench_midjourney_v6_external,external_test
data/raw/e5_aigibench_midjourney/real/08700.png,0,real,aigibench_midjourney_v6_external,external_test
data/raw/e5_aigibench_midjourney/real/06951.png,0,real,aigibench_midjourney_v6_external,external_test
data/raw/e5_aigibench_midjourney/real/06196.png,0,real,aigibench_midjourney_v6_external,external_test
data/raw/e5_aigibench_midjourney/real/08730.png,0,real,aigibench_midjourney_v6_external,external_test
data/raw/e5_aigibench_midjourney/real/09937.png,0,real,aigibench_midjourney_v6_external,external_test
data/raw/e5_aigibench_midjourney/real/06720.png,0,real,aigibench_midjourney_v6_external,external_test
data/raw/e5_aigibench_midjourney/real/07461.png,0,real,aigibench_midjourney_v6_external,external_test
data/raw/e5_aigibench_midjourney/real/06217.png,0,real,aigibench_midjourney_v6_external,external_test
data/raw/e5_aigibench_midjourney/real/07049.png,0,real,aigibench_midjourney_v6_external,external_test
data/raw/e5_aigibench_midjourney/real/08804.png,0,real,aigibench_midjourney_v6_external,external_test
data/raw/e5_aigibench_midjourney/real/06736.png,0,real,aigibench_midjourney_v6_external,external_test
data/raw/e5_aigibench_midjourney/real/08609.png,0,real,aigibench_midjourney_v6_external,external_test
data/raw/e5_aigibench_midjourney/real/06170.png,0,real,aigibench_midjourney_v6_external,external_test
data/raw/e5_aigibench_midjourney/real/05899.png,0,real,aigibench_midjourney_v6_external,external_test
data/raw/e5_aigibench_midjourney/real/09717.png,0,real,aigibench_midjourney_v6_external,external_test
data/raw/e5_aigibench_midjourney/real/83bb7e3f335b6ae3.jpg,0,real,aigibench_midjourney_v6_external,external_test
data/raw/e5_aigibench_midjourney/real/09795.png,0,real,aigibench_midjourney_v6_external,external_test
data/raw/e5_aigibench_midjourney/real/18001.png,0,real,aigibench_midjourney_v6_external,external_test
data/raw/e5_aigibench_midjourney/real/07211.png,0,real,aigibench_midjourney_v6_external,external_test
data/raw/e5_aigibench_midjourney/real/08929.png,0,real,aigibench_midjourney_v6_external,external_test
data/raw/e5_aigibench_midjourney/real/09764.png,0,real,aigibench_midjourney_v6_external,external_test
data/raw/e5_aigibench_midjourney/real/08875.png,0,real,aigibench_midjourney_v6_external,external_test
data/raw/e5_aigibench_midjourney/real/06897.png,0,real,aigibench_midjourney_v6_external,external_test
data/raw/e5_aigibench_midjourney/real/07652.png,0,real,aigibench_midjourney_v6_external,external_test
data/raw/e5_aigibench_midjourney/real/07403.png,0,real,aigibench_midjourney_v6_external,external_test
data/raw/e5_aigibench_midjourney/real/06479.png,0,real,aigibench_midjourney_v6_external,external_test
data/raw/e5_aigibench_midjourney/real/09998.png,0,real,aigibench_midjourney_v6_external,external_test
data/raw/e5_aigibench_midjourney/real/07510.png,0,real,aigibench_midjourney_v6_external,external_test
data/raw/e5_aigibench_midjourney/real/95eef4f8ed6b46e2.jpg,0,real,aigibench_midjourney_v6_external,external_test
data/raw/e5_aigibench_midjourney/real/09490.png,0,real,aigibench_midjourney_v6_external,external_test
data/raw/e5_aigibench_midjourney/real/09666.png,0,real,aigibench_midjourney_v6_external,external_test
data/raw/e5_aigibench_midjourney/real/405e82cf668a692e.jpg,0,real,aigibench_midjourney_v6_external,external_test
data/raw/e5_aigibench_midjourney/real/06881.png,0,real,aigibench_midjourney_v6_external,external_test
data/raw/e5_aigibench_midjourney/real/09654.png,0,real,aigibench_midjourney_v6_external,external_test
data/raw/e5_aigibench_midjourney/real/05975.png,0,real,aigibench_midjourney_v6_external,external_test
data/raw/e5_aigibench_midjourney/real/07422.png,0,real,aigibench_midjourney_v6_external,external_test
data/raw/e5_aigibench_midjourney/real/09322.png,0,real,aigibench_midjourney_v6_external,external_test
data/raw/e5_aigibench_midjourney/real/09557.png,0,real,aigibench_midjourney_v6_external,external_test
data/raw/e5_aigibench_midjourney/real/08632.png,0,real,aigibench_midjourney_v6_external,external_test
data/raw/e5_aigibench_midjourney/real/09824.png,0,real,aigibench_midjourney_v6_external,external_test
data/raw/e5_aigibench_midjourney/real/07451.png,0,real,aigibench_midjourney_v6_external,external_test
data/raw/e5_aigibench_midjourney/real/07364.png,0,real,aigibench_midjourney_v6_external,external_test
data/raw/e5_aigibench_midjourney/real/06873.png,0,real,aigibench_midjourney_v6_external,external_test
data/raw/e5_aigibench_midjourney/real/17822.jpg,0,real,aigibench_midjourney_v6_external,external_test
data/raw/e5_aigibench_midjourney/real/05841.png,0,real,aigibench_midjourney_v6_external,external_test
data/raw/e5_aigibench_midjourney/real/19591.png,0,real,aigibench_midjourney_v6_external,external_test
data/raw/e5_aigibench_midjourney/real/05806.png,0,real,aigibench_midjourney_v6_external,external_test
data/raw/e5_aigibench_midjourney/real/1632.jpg,0,real,aigibench_midjourney_v6_external,external_test
data/raw/e5_aigibench_midjourney/real/06223.png,0,real,aigibench_midjourney_v6_external,external_test
data/raw/e5_aigibench_midjourney/real/19988.png,0,real,aigibench_midjourney_v6_external,external_test
data/raw/e5_aigibench_midjourney/real/06266.png,0,real,aigibench_midjourney_v6_external,external_test
data/raw/e5_aigibench_midjourney/real/07536.png,0,real,aigibench_midjourney_v6_external,external_test
data/raw/e5_aigibench_midjourney/real/07681.png,0,real,aigibench_midjourney_v6_external,external_test
data/raw/e5_aigibench_midjourney/real/19570.png,0,real,aigibench_midjourney_v6_external,external_test
data/raw/e5_aigibench_midjourney/real/09996.png,0,real,aigibench_midjourney_v6_external,external_test
data/raw/e5_aigibench_midjourney/real/08234.png,0,real,aigibench_midjourney_v6_external,external_test
data/raw/e5_aigibench_midjourney/real/08534.png,0,real,aigibench_midjourney_v6_external,external_test
data/raw/e5_aigibench_midjourney/real/08500.png,0,real,aigibench_midjourney_v6_external,external_test
data/raw/e5_aigibench_midjourney/real/07983.png,0,real,aigibench_midjourney_v6_external,external_test
data/raw/e5_aigibench_midjourney/real/08798.png,0,real,aigibench_midjourney_v6_external,external_test
data/raw/e5_aigibench_midjourney/real/08862.png,0,real,aigibench_midjourney_v6_external,external_test
data/raw/e5_aigibench_midjourney/real/09904.png,0,real,aigibench_midjourney_v6_external,external_test
data/raw/e5_aigibench_midjourney/real/05342.png,0,real,aigibench_midjourney_v6_external,external_test
data/raw/e5_aigibench_midjourney/real/09453.png,0,real,aigibench_midjourney_v6_external,external_test
data/raw/e5_aigibench_midjourney/real/06946.png,0,real,aigibench_midjourney_v6_external,external_test
data/raw/e5_aigibench_midjourney/real/19429.png,0,real,aigibench_midjourney_v6_external,external_test
data/raw/e5_aigibench_midjourney/real/09787.png,0,real,aigibench_midjourney_v6_external,external_test
data/raw/e5_aigibench_midjourney/real/05170.png,0,real,aigibench_midjourney_v6_external,external_test
data/raw/e5_aigibench_midjourney/real/06356.png,0,real,aigibench_midjourney_v6_external,external_test
data/raw/e5_aigibench_midjourney/real/09011.png,0,real,aigibench_midjourney_v6_external,external_test
data/raw/e5_aigibench_midjourney/real/05120.png,0,real,aigibench_midjourney_v6_external,external_test
data/raw/e5_aigibench_midjourney/real/8311be516e453225.jpg,0,real,aigibench_midjourney_v6_external,external_test
data/raw/e5_aigibench_midjourney/real/09379.png,0,real,aigibench_midjourney_v6_external,external_test
data/raw/e5_aigibench_midjourney/real/08367.png,0,real,aigibench_midjourney_v6_external,external_test
data/raw/e5_aigibench_midjourney/real/08599.png,0,real,aigibench_midjourney_v6_external,external_test
data/raw/e5_aigibench_midjourney/real/05963.png,0,real,aigibench_midjourney_v6_external,external_test
data/raw/e5_aigibench_midjourney/real/08547.png,0,real,aigibench_midjourney_v6_external,external_test
data/raw/e5_aigibench_midjourney/real/20672.png,0,real,aigibench_midjourney_v6_external,external_test
data/raw/e5_aigibench_midjourney/real/09035.png,0,real,aigibench_midjourney_v6_external,external_test
data/raw/e5_aigibench_midjourney/real/08411.png,0,real,aigibench_midjourney_v6_external,external_test
data/raw/e5_aigibench_midjourney/real/4371ff58ca88047b.jpg,0,real,aigibench_midjourney_v6_external,external_test
data/raw/e5_aigibench_midjourney/real/07596.png,0,real,aigibench_midjourney_v6_external,external_test
data/raw/e5_aigibench_midjourney/real/09709.png,0,real,aigibench_midjourney_v6_external,external_test
data/raw/e5_aigibench_midjourney/real/09927.png,0,real,aigibench_midjourney_v6_external,external_test
data/raw/e5_aigibench_midjourney/real/07080.png,0,real,aigibench_midjourney_v6_external,external_test
data/raw/e5_aigibench_midjourney/real/05180.png,0,real,aigibench_midjourney_v6_external,external_test
data/raw/e5_aigibench_midjourney/real/08476.png,0,real,aigibench_midjourney_v6_external,external_test
data/raw/e5_aigibench_midjourney/real/05189.png,0,real,aigibench_midjourney_v6_external,external_test
data/raw/e5_aigibench_midjourney/real/19699.png,0,real,aigibench_midjourney_v6_external,external_test
data/raw/e5_aigibench_midjourney/real/07609.png,0,real,aigibench_midjourney_v6_external,external_test
data/raw/e5_aigibench_midjourney/real/07872.png,0,real,aigibench_midjourney_v6_external,external_test
data/raw/e5_aigibench_midjourney/real/09781.png,0,real,aigibench_midjourney_v6_external,external_test
data/raw/e5_aigibench_midjourney/real/06461.png,0,real,aigibench_midjourney_v6_external,external_test
data/raw/e5_aigibench_midjourney/real/18590.png,0,real,aigibench_midjourney_v6_external,external_test
data/raw/e5_aigibench_midjourney/real/08970.png,0,real,aigibench_midjourney_v6_external,external_test
data/raw/e5_aigibench_midjourney/real/07003.png,0,real,aigibench_midjourney_v6_external,external_test
data/raw/e5_aigibench_midjourney/real/09909.png,0,real,aigibench_midjourney_v6_external,external_test
data/raw/e5_aigibench_midjourney/real/06335.png,0,real,aigibench_midjourney_v6_external,external_test
data/raw/e5_aigibench_midjourney/real/06163.png,0,real,aigibench_midjourney_v6_external,external_test
data/raw/e5_aigibench_midjourney/real/09673.png,0,real,aigibench_midjourney_v6_external,external_test
data/raw/e5_aigibench_midjourney/real/08953.png,0,real,aigibench_midjourney_v6_external,external_test
data/raw/e5_aigibench_midjourney/real/07197.png,0,real,aigibench_midjourney_v6_external,external_test
data/raw/e5_aigibench_midjourney/real/06077.png,0,real,aigibench_midjourney_v6_external,external_test
data/raw/e5_aigibench_midjourney/real/0431efa0d9623971.jpg,0,real,aigibench_midjourney_v6_external,external_test
data/raw/e5_aigibench_midjourney/real/08522.png,0,real,aigibench_midjourney_v6_external,external_test
data/raw/e5_aigibench_midjourney/real/08439.png,0,real,aigibench_midjourney_v6_external,external_test
data/raw/e5_aigibench_midjourney/real/05086.png,0,real,aigibench_midjourney_v6_external,external_test
data/raw/e5_aigibench_midjourney/real/08681.png,0,real,aigibench_midjourney_v6_external,external_test
data/raw/e5_aigibench_midjourney/real/07970.png,0,real,aigibench_midjourney_v6_external,external_test
data/raw/e5_aigibench_midjourney/real/06671.png,0,real,aigibench_midjourney_v6_external,external_test
data/raw/e5_aigibench_midjourney/real/05773.png,0,real,aigibench_midjourney_v6_external,external_test
data/raw/e5_aigibench_midjourney/real/08797.png,0,real,aigibench_midjourney_v6_external,external_test
data/raw/e5_aigibench_midjourney/real/20019.png,0,real,aigibench_midjourney_v6_external,external_test
data/raw/e5_aigibench_midjourney/real/08216.png,0,real,aigibench_midjourney_v6_external,external_test
data/raw/e5_aigibench_midjourney/real/18000.png,0,real,aigibench_midjourney_v6_external,external_test
data/raw/e5_aigibench_midjourney/real/07112.png,0,real,aigibench_midjourney_v6_external,external_test
data/raw/e5_aigibench_midjourney/real/06679.png,0,real,aigibench_midjourney_v6_external,external_test
data/raw/e5_aigibench_midjourney/real/09219.png,0,real,aigibench_midjourney_v6_external,external_test
data/raw/e5_aigibench_midjourney/real/20224.png,0,real,aigibench_midjourney_v6_external,external_test
data/raw/e5_aigibench_midjourney/real/05854.png,0,real,aigibench_midjourney_v6_external,external_test
data/raw/e5_aigibench_midjourney/real/09131.png,0,real,aigibench_midjourney_v6_external,external_test
data/raw/e5_aigibench_midjourney/real/07150.png,0,real,aigibench_midjourney_v6_external,external_test
data/raw/e5_aigibench_midjourney/real/06167.png,0,real,aigibench_midjourney_v6_external,external_test
data/raw/e5_aigibench_midjourney/real/08573.png,0,real,aigibench_midjourney_v6_external,external_test
data/raw/e5_aigibench_midjourney/real/09014.png,0,real,aigibench_midjourney_v6_external,external_test
data/raw/e5_aigibench_midjourney/real/09117.png,0,real,aigibench_midjourney_v6_external,external_test
data/raw/e5_aigibench_midjourney/real/19559.png,0,real,aigibench_midjourney_v6_external,external_test
data/raw/e5_aigibench_midjourney/real/06345.png,0,real,aigibench_midjourney_v6_external,external_test
data/raw/e5_aigibench_midjourney/real/08830.png,0,real,aigibench_midjourney_v6_external,external_test
data/raw/e5_aigibench_midjourney/real/06289.png,0,real,aigibench_midjourney_v6_external,external_test
data/raw/e5_aigibench_midjourney/real/05081.png,0,real,aigibench_midjourney_v6_external,external_test
data/raw/e5_aigibench_midjourney/real/09025.png,0,real,aigibench_midjourney_v6_external,external_test
data/raw/e5_aigibench_midjourney/real/05834.png,0,real,aigibench_midjourney_v6_external,external_test
data/raw/e5_aigibench_midjourney/real/20317.png,0,real,aigibench_midjourney_v6_external,external_test
data/raw/e5_aigibench_midjourney/real/09039.png,0,real,aigibench_midjourney_v6_external,external_test
data/raw/e5_aigibench_midjourney/real/05142.png,0,real,aigibench_midjourney_v6_external,external_test
data/raw/e5_aigibench_midjourney/real/09517b5e386ebda1.jpg,0,real,aigibench_midjourney_v6_external,external_test
data/raw/e5_aigibench_midjourney/real/07154.png,0,real,aigibench_midjourney_v6_external,external_test
data/raw/e5_aigibench_midjourney/real/09507.png,0,real,aigibench_midjourney_v6_external,external_test
data/raw/e5_aigibench_midjourney/real/05731.png,0,real,aigibench_midjourney_v6_external,external_test
data/raw/e5_aigibench_midjourney/real/06701.png,0,real,aigibench_midjourney_v6_external,external_test
data/raw/e5_aigibench_midjourney/real/07950.png,0,real,aigibench_midjourney_v6_external,external_test
data/raw/e5_aigibench_midjourney/real/05726.png,0,real,aigibench_midjourney_v6_external,external_test
data/raw/e5_aigibench_midjourney/real/08718.png,0,real,aigibench_midjourney_v6_external,external_test
data/raw/e5_aigibench_midjourney/real/09702.png,0,real,aigibench_midjourney_v6_external,external_test
data/raw/e5_aigibench_midjourney/real/18086.png,0,real,aigibench_midjourney_v6_external,external_test
data/raw/e5_aigibench_midjourney/real/05914.png,0,real,aigibench_midjourney_v6_external,external_test
data/raw/e5_aigibench_midjourney/real/06642.png,0,real,aigibench_midjourney_v6_external,external_test
data/raw/e5_aigibench_midjourney/real/06378.png,0,real,aigibench_midjourney_v6_external,external_test
data/raw/e5_aigibench_midjourney/real/09765.png,0,real,aigibench_midjourney_v6_external,external_test
data/raw/e5_aigibench_midjourney/real/07888.png,0,real,aigibench_midjourney_v6_external,external_test
data/raw/e5_aigibench_midjourney/real/07223.png,0,real,aigibench_midjourney_v6_external,external_test
data/raw/e5_aigibench_midjourney/real/07373.png,0,real,aigibench_midjourney_v6_external,external_test
data/raw/e5_aigibench_midjourney/real/07278.png,0,real,aigibench_midjourney_v6_external,external_test
data/raw/e5_aigibench_midjourney/real/06419.png,0,real,aigibench_midjourney_v6_external,external_test
data/raw/e5_aigibench_midjourney/real/19089.png,0,real,aigibench_midjourney_v6_external,external_test
data/raw/e5_aigibench_midjourney/real/08755.png,0,real,aigibench_midjourney_v6_external,external_test
data/raw/e5_aigibench_midjourney/real/09711.png,0,real,aigibench_midjourney_v6_external,external_test
data/raw/e5_aigibench_midjourney/real/08018.png,0,real,aigibench_midjourney_v6_external,external_test
data/raw/e5_aigibench_midjourney/real/08966.png,0,real,aigibench_midjourney_v6_external,external_test
data/raw/e5_aigibench_midjourney/real/05194.png,0,real,aigibench_midjourney_v6_external,external_test
data/raw/e5_aigibench_midjourney/real/05082.png,0,real,aigibench_midjourney_v6_external,external_test
data/raw/e5_aigibench_midjourney/real/06827.png,0,real,aigibench_midjourney_v6_external,external_test
data/raw/e5_aigibench_midjourney/real/09062.png,0,real,aigibench_midjourney_v6_external,external_test
data/raw/e5_aigibench_midjourney/real/18254.jpg,0,real,aigibench_midjourney_v6_external,external_test
data/raw/e5_aigibench_midjourney/real/07836.png,0,real,aigibench_midjourney_v6_external,external_test
data/raw/e5_aigibench_midjourney/real/07621.png,0,real,aigibench_midjourney_v6_external,external_test
data/raw/e5_aigibench_midjourney/real/09059.png,0,real,aigibench_midjourney_v6_external,external_test
data/raw/e5_aigibench_midjourney/real/08801.png,0,real,aigibench_midjourney_v6_external,external_test
data/raw/e5_aigibench_midjourney/real/554a9f523affac02.jpg,0,real,aigibench_midjourney_v6_external,external_test
data/raw/e5_aigibench_midjourney/real/08495.png,0,real,aigibench_midjourney_v6_external,external_test
data/raw/e5_aigibench_midjourney/real/09568.png,0,real,aigibench_midjourney_v6_external,external_test
data/raw/e5_aigibench_midjourney/real/108d321813468161.jpg,0,real,aigibench_midjourney_v6_external,external_test
data/raw/e5_aigibench_midjourney/real/07548.png,0,real,aigibench_midjourney_v6_external,external_test
data/raw/e5_aigibench_midjourney/real/20689.png,0,real,aigibench_midjourney_v6_external,external_test
data/raw/e5_aigibench_midjourney/real/09407.png,0,real,aigibench_midjourney_v6_external,external_test
data/raw/e5_aigibench_midjourney/real/09971.png,0,real,aigibench_midjourney_v6_external,external_test
data/raw/e5_aigibench_midjourney/real/07530.png,0,real,aigibench_midjourney_v6_external,external_test
data/raw/e5_aigibench_midjourney/real/09078.png,0,real,aigibench_midjourney_v6_external,external_test
data/raw/e5_aigibench_midjourney/real/06708.png,0,real,aigibench_midjourney_v6_external,external_test
data/raw/e5_aigibench_midjourney/real/06350.png,0,real,aigibench_midjourney_v6_external,external_test
data/raw/e5_aigibench_midjourney/real/05900.png,0,real,aigibench_midjourney_v6_external,external_test
data/raw/e5_aigibench_midjourney/real/05059.png,0,real,aigibench_midjourney_v6_external,external_test
data/raw/e5_aigibench_midjourney/real/05101.png,0,real,aigibench_midjourney_v6_external,external_test
data/raw/e5_aigibench_midjourney/real/07626.png,0,real,aigibench_midjourney_v6_external,external_test
data/raw/e5_aigibench_midjourney/real/08376.png,0,real,aigibench_midjourney_v6_external,external_test
data/raw/e5_aigibench_midjourney/real/07277.png,0,real,aigibench_midjourney_v6_external,external_test
data/raw/e5_aigibench_midjourney/real/08665.png,0,real,aigibench_midjourney_v6_external,external_test
data/raw/e5_aigibench_midjourney/real/07312.png,0,real,aigibench_midjourney_v6_external,external_test
data/raw/e5_aigibench_midjourney/real/08807.png,0,real,aigibench_midjourney_v6_external,external_test
data/raw/e5_aigibench_midjourney/real/08606.png,0,real,aigibench_midjourney_v6_external,external_test
data/raw/e5_aigibench_midjourney/real/09279.png,0,real,aigibench_midjourney_v6_external,external_test
data/raw/e5_aigibench_midjourney/real/20742.png,0,real,aigibench_midjourney_v6_external,external_test
data/raw/e5_aigibench_midjourney/real/08784.png,0,real,aigibench_midjourney_v6_external,external_test
data/raw/e5_aigibench_midjourney/real/07206.png,0,real,aigibench_midjourney_v6_external,external_test
data/raw/e5_aigibench_midjourney/real/18294.png,0,real,aigibench_midjourney_v6_external,external_test
data/raw/e5_aigibench_midjourney/real/18807.png,0,real,aigibench_midjourney_v6_external,external_test
data/raw/e5_aigibench_midjourney/real/08592.png,0,real,aigibench_midjourney_v6_external,external_test
data/raw/e5_aigibench_midjourney/real/06784.png,0,real,aigibench_midjourney_v6_external,external_test
data/raw/e5_aigibench_midjourney/real/06747.png,0,real,aigibench_midjourney_v6_external,external_test
data/raw/e5_aigibench_midjourney/real/06276.png,0,real,aigibench_midjourney_v6_external,external_test
data/raw/e5_aigibench_midjourney/real/05917.png,0,real,aigibench_midjourney_v6_external,external_test
data/raw/e5_aigibench_midjourney/real/09975.png,0,real,aigibench_midjourney_v6_external,external_test
data/raw/e5_aigibench_midjourney/real/07545.png,0,real,aigibench_midjourney_v6_external,external_test
data/raw/e5_aigibench_midjourney/real/05784.png,0,real,aigibench_midjourney_v6_external,external_test
data/raw/e5_aigibench_midjourney/real/07242.png,0,real,aigibench_midjourney_v6_external,external_test
data/raw/e5_aigibench_midjourney/real/05713.png,0,real,aigibench_midjourney_v6_external,external_test
data/raw/e5_aigibench_midjourney/real/09145.png,0,real,aigibench_midjourney_v6_external,external_test
data/raw/e5_aigibench_midjourney/real/18666.png,0,real,aigibench_midjourney_v6_external,external_test
data/raw/e5_aigibench_midjourney/real/08237.png,0,real,aigibench_midjourney_v6_external,external_test
data/raw/e5_aigibench_midjourney/real/09650.png,0,real,aigibench_midjourney_v6_external,external_test
data/raw/e5_aigibench_midjourney/real/06240.png,0,real,aigibench_midjourney_v6_external,external_test
data/raw/e5_aigibench_midjourney/real/06249.png,0,real,aigibench_midjourney_v6_external,external_test
data/raw/e5_aigibench_midjourney/real/06940.png,0,real,aigibench_midjourney_v6_external,external_test
data/raw/e5_aigibench_midjourney/real/07127.png,0,real,aigibench_midjourney_v6_external,external_test
data/raw/e5_aigibench_midjourney/real/08383.png,0,real,aigibench_midjourney_v6_external,external_test
data/raw/e5_aigibench_midjourney/real/07376.png,0,real,aigibench_midjourney_v6_external,external_test
data/raw/e5_aigibench_midjourney/real/09162.png,0,real,aigibench_midjourney_v6_external,external_test
data/raw/e5_aigibench_midjourney/real/07311.png,0,real,aigibench_midjourney_v6_external,external_test
data/raw/e5_aigibench_midjourney/real/06300.png,0,real,aigibench_midjourney_v6_external,external_test
data/raw/e5_aigibench_midjourney/real/19005.png,0,real,aigibench_midjourney_v6_external,external_test
data/raw/e5_aigibench_midjourney/real/08259.png,0,real,aigibench_midjourney_v6_external,external_test
data/raw/e5_aigibench_midjourney/real/07365.png,0,real,aigibench_midjourney_v6_external,external_test
data/raw/e5_aigibench_midjourney/real/05859.png,0,real,aigibench_midjourney_v6_external,external_test
data/raw/e5_aigibench_midjourney/real/06755.png,0,real,aigibench_midjourney_v6_external,external_test
data/raw/e5_aigibench_midjourney/real/05829.png,0,real,aigibench_midjourney_v6_external,external_test
data/raw/e5_aigibench_midjourney/real/08831.png,0,real,aigibench_midjourney_v6_external,external_test
data/raw/e5_aigibench_midjourney/real/09876.png,0,real,aigibench_midjourney_v6_external,external_test
data/raw/e5_aigibench_midjourney/real/07101.png,0,real,aigibench_midjourney_v6_external,external_test
data/raw/e5_aigibench_midjourney/real/09946.png,0,real,aigibench_midjourney_v6_external,external_test
data/raw/e5_aigibench_midjourney/real/08370.png,0,real,aigibench_midjourney_v6_external,external_test
data/raw/e5_aigibench_midjourney/real/09780.png,0,real,aigibench_midjourney_v6_external,external_test
data/raw/e5_aigibench_midjourney/real/05133.png,0,real,aigibench_midjourney_v6_external,external_test
data/raw/e5_aigibench_midjourney/real/07366.png,0,real,aigibench_midjourney_v6_external,external_test
data/raw/e5_aigibench_midjourney/real/07170.png,0,real,aigibench_midjourney_v6_external,external_test
data/raw/e5_aigibench_midjourney/real/07816.png,0,real,aigibench_midjourney_v6_external,external_test
data/raw/e5_aigibench_midjourney/ai_generated/image_1403.png,1,ai_generated,aigibench_midjourney_v6_external,external_test
data/raw/e5_aigibench_midjourney/ai_generated/image_2344.png,1,ai_generated,aigibench_midjourney_v6_external,external_test
data/raw/e5_aigibench_midjourney/ai_generated/image_2775.png,1,ai_generated,aigibench_midjourney_v6_external,external_test
data/raw/e5_aigibench_midjourney/ai_generated/image_266.png,1,ai_generated,aigibench_midjourney_v6_external,external_test
data/raw/e5_aigibench_midjourney/ai_generated/image_2558.png,1,ai_generated,aigibench_midjourney_v6_external,external_test
data/raw/e5_aigibench_midjourney/ai_generated/image_802.png,1,ai_generated,aigibench_midjourney_v6_external,external_test
data/raw/e5_aigibench_midjourney/ai_generated/image_2345.png,1,ai_generated,aigibench_midjourney_v6_external,external_test
data/raw/e5_aigibench_midjourney/ai_generated/image_1744.png,1,ai_generated,aigibench_midjourney_v6_external,external_test
data/raw/e5_aigibench_midjourney/ai_generated/image_1534.png,1,ai_generated,aigibench_midjourney_v6_external,external_test
data/raw/e5_aigibench_midjourney/ai_generated/image_2556.png,1,ai_generated,aigibench_midjourney_v6_external,external_test
data/raw/e5_aigibench_midjourney/ai_generated/image_2649.png,1,ai_generated,aigibench_midjourney_v6_external,external_test
data/raw/e5_aigibench_midjourney/ai_generated/image_1904.png,1,ai_generated,aigibench_midjourney_v6_external,external_test
data/raw/e5_aigibench_midjourney/ai_generated/image_254.png,1,ai_generated,aigibench_midjourney_v6_external,external_test
data/raw/e5_aigibench_midjourney/ai_generated/image_257.png,1,ai_generated,aigibench_midjourney_v6_external,external_test
data/raw/e5_aigibench_midjourney/ai_generated/image_1643.png,1,ai_generated,aigibench_midjourney_v6_external,external_test
data/raw/e5_aigibench_midjourney/ai_generated/image_1730.png,1,ai_generated,aigibench_midjourney_v6_external,external_test
data/raw/e5_aigibench_midjourney/ai_generated/image_2568.png,1,ai_generated,aigibench_midjourney_v6_external,external_test
data/raw/e5_aigibench_midjourney/ai_generated/image_1192.png,1,ai_generated,aigibench_midjourney_v6_external,external_test
data/raw/e5_aigibench_midjourney/ai_generated/image_1779.png,1,ai_generated,aigibench_midjourney_v6_external,external_test
data/raw/e5_aigibench_midjourney/ai_generated/image_2657.png,1,ai_generated,aigibench_midjourney_v6_external,external_test
data/raw/e5_aigibench_midjourney/ai_generated/image_765.png,1,ai_generated,aigibench_midjourney_v6_external,external_test
data/raw/e5_aigibench_midjourney/ai_generated/image_2244.png,1,ai_generated,aigibench_midjourney_v6_external,external_test
data/raw/e5_aigibench_midjourney/ai_generated/image_639.png,1,ai_generated,aigibench_midjourney_v6_external,external_test
data/raw/e5_aigibench_midjourney/ai_generated/image_2080.png,1,ai_generated,aigibench_midjourney_v6_external,external_test
data/raw/e5_aigibench_midjourney/ai_generated/image_1196.png,1,ai_generated,aigibench_midjourney_v6_external,external_test
data/raw/e5_aigibench_midjourney/ai_generated/image_1761.png,1,ai_generated,aigibench_midjourney_v6_external,external_test
data/raw/e5_aigibench_midjourney/ai_generated/image_2062.png,1,ai_generated,aigibench_midjourney_v6_external,external_test
data/raw/e5_aigibench_midjourney/ai_generated/image_1298.png,1,ai_generated,aigibench_midjourney_v6_external,external_test
data/raw/e5_aigibench_midjourney/ai_generated/image_1353.png,1,ai_generated,aigibench_midjourney_v6_external,external_test
data/raw/e5_aigibench_midjourney/ai_generated/image_2130.png,1,ai_generated,aigibench_midjourney_v6_external,external_test
data/raw/e5_aigibench_midjourney/ai_generated/image_1733.png,1,ai_generated,aigibench_midjourney_v6_external,external_test
data/raw/e5_aigibench_midjourney/ai_generated/image_1338.png,1,ai_generated,aigibench_midjourney_v6_external,external_test
data/raw/e5_aigibench_midjourney/ai_generated/image_1559.png,1,ai_generated,aigibench_midjourney_v6_external,external_test
data/raw/e5_aigibench_midjourney/ai_generated/image_1748.png,1,ai_generated,aigibench_midjourney_v6_external,external_test
data/raw/e5_aigibench_midjourney/ai_generated/image_1130.png,1,ai_generated,aigibench_midjourney_v6_external,external_test
data/raw/e5_aigibench_midjourney/ai_generated/image_1065.png,1,ai_generated,aigibench_midjourney_v6_external,external_test
data/raw/e5_aigibench_midjourney/ai_generated/image_1565.png,1,ai_generated,aigibench_midjourney_v6_external,external_test
data/raw/e5_aigibench_midjourney/ai_generated/image_930.png,1,ai_generated,aigibench_midjourney_v6_external,external_test
data/raw/e5_aigibench_midjourney/ai_generated/image_1863.png,1,ai_generated,aigibench_midjourney_v6_external,external_test
data/raw/e5_aigibench_midjourney/ai_generated/image_2186.png,1,ai_generated,aigibench_midjourney_v6_external,external_test
data/raw/e5_aigibench_midjourney/ai_generated/image_1473.png,1,ai_generated,aigibench_midjourney_v6_external,external_test
data/raw/e5_aigibench_midjourney/ai_generated/image_1997.png,1,ai_generated,aigibench_midjourney_v6_external,external_test
data/raw/e5_aigibench_midjourney/ai_generated/image_2134.png,1,ai_generated,aigibench_midjourney_v6_external,external_test
data/raw/e5_aigibench_midjourney/ai_generated/image_1706.png,1,ai_generated,aigibench_midjourney_v6_external,external_test
data/raw/e5_aigibench_midjourney/ai_generated/image_2852.png,1,ai_generated,aigibench_midjourney_v6_external,external_test
data/raw/e5_aigibench_midjourney/ai_generated/image_1828.png,1,ai_generated,aigibench_midjourney_v6_external,external_test
data/raw/e5_aigibench_midjourney/ai_generated/image_291.png,1,ai_generated,aigibench_midjourney_v6_external,external_test
data/raw/e5_aigibench_midjourney/ai_generated/image_100.png,1,ai_generated,aigibench_midjourney_v6_external,external_test
data/raw/e5_aigibench_midjourney/ai_generated/image_95.png,1,ai_generated,aigibench_midjourney_v6_external,external_test
data/raw/e5_aigibench_midjourney/ai_generated/image_917.png,1,ai_generated,aigibench_midjourney_v6_external,external_test
data/raw/e5_aigibench_midjourney/ai_generated/image_408.png,1,ai_generated,aigibench_midjourney_v6_external,external_test
data/raw/e5_aigibench_midjourney/ai_generated/image_1197.png,1,ai_generated,aigibench_midjourney_v6_external,external_test
data/raw/e5_aigibench_midjourney/ai_generated/image_679.png,1,ai_generated,aigibench_midjourney_v6_external,external_test
data/raw/e5_aigibench_midjourney/ai_generated/image_1640.png,1,ai_generated,aigibench_midjourney_v6_external,external_test
data/raw/e5_aigibench_midjourney/ai_generated/image_188.png,1,ai_generated,aigibench_midjourney_v6_external,external_test
data/raw/e5_aigibench_midjourney/ai_generated/image_2169.png,1,ai_generated,aigibench_midjourney_v6_external,external_test
data/raw/e5_aigibench_midjourney/ai_generated/image_1026.png,1,ai_generated,aigibench_midjourney_v6_external,external_test
data/raw/e5_aigibench_midjourney/ai_generated/image_1372.png,1,ai_generated,aigibench_midjourney_v6_external,external_test
data/raw/e5_aigibench_midjourney/ai_generated/image_803.png,1,ai_generated,aigibench_midjourney_v6_external,external_test
data/raw/e5_aigibench_midjourney/ai_generated/image_1975.png,1,ai_generated,aigibench_midjourney_v6_external,external_test
data/raw/e5_aigibench_midjourney/ai_generated/image_2438.png,1,ai_generated,aigibench_midjourney_v6_external,external_test
data/raw/e5_aigibench_midjourney/ai_generated/image_829.png,1,ai_generated,aigibench_midjourney_v6_external,external_test
data/raw/e5_aigibench_midjourney/ai_generated/image_2381.png,1,ai_generated,aigibench_midjourney_v6_external,external_test
data/raw/e5_aigibench_midjourney/ai_generated/image_17.png,1,ai_generated,aigibench_midjourney_v6_external,external_test
data/raw/e5_aigibench_midjourney/ai_generated/image_336.png,1,ai_generated,aigibench_midjourney_v6_external,external_test
data/raw/e5_aigibench_midjourney/ai_generated/image_884.png,1,ai_generated,aigibench_midjourney_v6_external,external_test
data/raw/e5_aigibench_midjourney/ai_generated/image_65.png,1,ai_generated,aigibench_midjourney_v6_external,external_test
data/raw/e5_aigibench_midjourney/ai_generated/image_936.png,1,ai_generated,aigibench_midjourney_v6_external,external_test
data/raw/e5_aigibench_midjourney/ai_generated/image_413.png,1,ai_generated,aigibench_midjourney_v6_external,external_test
data/raw/e5_aigibench_midjourney/ai_generated/image_844.png,1,ai_generated,aigibench_midjourney_v6_external,external_test
data/raw/e5_aigibench_midjourney/ai_generated/image_2127.png,1,ai_generated,aigibench_midjourney_v6_external,external_test
data/raw/e5_aigibench_midjourney/ai_generated/image_416.png,1,ai_generated,aigibench_midjourney_v6_external,external_test
data/raw/e5_aigibench_midjourney/ai_generated/image_2915.png,1,ai_generated,aigibench_midjourney_v6_external,external_test
data/raw/e5_aigibench_midjourney/ai_generated/image_2308.png,1,ai_generated,aigibench_midjourney_v6_external,external_test
data/raw/e5_aigibench_midjourney/ai_generated/image_1896.png,1,ai_generated,aigibench_midjourney_v6_external,external_test
data/raw/e5_aigibench_midjourney/ai_generated/image_1183.png,1,ai_generated,aigibench_midjourney_v6_external,external_test
data/raw/e5_aigibench_midjourney/ai_generated/image_519.png,1,ai_generated,aigibench_midjourney_v6_external,external_test
data/raw/e5_aigibench_midjourney/ai_generated/image_761.png,1,ai_generated,aigibench_midjourney_v6_external,external_test
data/raw/e5_aigibench_midjourney/ai_generated/image_1535.png,1,ai_generated,aigibench_midjourney_v6_external,external_test
data/raw/e5_aigibench_midjourney/ai_generated/image_1710.png,1,ai_generated,aigibench_midjourney_v6_external,external_test
data/raw/e5_aigibench_midjourney/ai_generated/image_2647.png,1,ai_generated,aigibench_midjourney_v6_external,external_test
data/raw/e5_aigibench_midjourney/ai_generated/image_182.png,1,ai_generated,aigibench_midjourney_v6_external,external_test
data/raw/e5_aigibench_midjourney/ai_generated/image_996.png,1,ai_generated,aigibench_midjourney_v6_external,external_test
data/raw/e5_aigibench_midjourney/ai_generated/image_2742.png,1,ai_generated,aigibench_midjourney_v6_external,external_test
data/raw/e5_aigibench_midjourney/ai_generated/image_352.png,1,ai_generated,aigibench_midjourney_v6_external,external_test
data/raw/e5_aigibench_midjourney/ai_generated/image_716.png,1,ai_generated,aigibench_midjourney_v6_external,external_test
data/raw/e5_aigibench_midjourney/ai_generated/image_1848.png,1,ai_generated,aigibench_midjourney_v6_external,external_test
data/raw/e5_aigibench_midjourney/ai_generated/image_1173.png,1,ai_generated,aigibench_midjourney_v6_external,external_test
data/raw/e5_aigibench_midjourney/ai_generated/image_1941.png,1,ai_generated,aigibench_midjourney_v6_external,external_test
data/raw/e5_aigibench_midjourney/ai_generated/image_562.png,1,ai_generated,aigibench_midjourney_v6_external,external_test
data/raw/e5_aigibench_midjourney/ai_generated/image_314.png,1,ai_generated,aigibench_midjourney_v6_external,external_test
data/raw/e5_aigibench_midjourney/ai_generated/image_873.png,1,ai_generated,aigibench_midjourney_v6_external,external_test
data/raw/e5_aigibench_midjourney/ai_generated/image_285.png,1,ai_generated,aigibench_midjourney_v6_external,external_test
data/raw/e5_aigibench_midjourney/ai_generated/image_2202.png,1,ai_generated,aigibench_midjourney_v6_external,external_test
data/raw/e5_aigibench_midjourney/ai_generated/image_1597.png,1,ai_generated,aigibench_midjourney_v6_external,external_test
data/raw/e5_aigibench_midjourney/ai_generated/image_2966.png,1,ai_generated,aigibench_midjourney_v6_external,external_test
data/raw/e5_aigibench_midjourney/ai_generated/image_2405.png,1,ai_generated,aigibench_midjourney_v6_external,external_test
data/raw/e5_aigibench_midjourney/ai_generated/image_2379.png,1,ai_generated,aigibench_midjourney_v6_external,external_test
data/raw/e5_aigibench_midjourney/ai_generated/image_2289.png,1,ai_generated,aigibench_midjourney_v6_external,external_test
data/raw/e5_aigibench_midjourney/ai_generated/image_1224.png,1,ai_generated,aigibench_midjourney_v6_external,external_test
data/raw/e5_aigibench_midjourney/ai_generated/image_2731.png,1,ai_generated,aigibench_midjourney_v6_external,external_test
data/raw/e5_aigibench_midjourney/ai_generated/image_2691.png,1,ai_generated,aigibench_midjourney_v6_external,external_test
data/raw/e5_aigibench_midjourney/ai_generated/image_2150.png,1,ai_generated,aigibench_midjourney_v6_external,external_test
data/raw/e5_aigibench_midjourney/ai_generated/image_1961.png,1,ai_generated,aigibench_midjourney_v6_external,external_test
data/raw/e5_aigibench_midjourney/ai_generated/image_737.png,1,ai_generated,aigibench_midjourney_v6_external,external_test
data/raw/e5_aigibench_midjourney/ai_generated/image_2168.png,1,ai_generated,aigibench_midjourney_v6_external,external_test
data/raw/e5_aigibench_midjourney/ai_generated/image_2520.png,1,ai_generated,aigibench_midjourney_v6_external,external_test
data/raw/e5_aigibench_midjourney/ai_generated/image_821.png,1,ai_generated,aigibench_midjourney_v6_external,external_test
data/raw/e5_aigibench_midjourney/ai_generated/image_2319.png,1,ai_generated,aigibench_midjourney_v6_external,external_test
data/raw/e5_aigibench_midjourney/ai_generated/image_2833.png,1,ai_generated,aigibench_midjourney_v6_external,external_test
data/raw/e5_aigibench_midjourney/ai_generated/image_946.png,1,ai_generated,aigibench_midjourney_v6_external,external_test
data/raw/e5_aigibench_midjourney/ai_generated/image_703.png,1,ai_generated,aigibench_midjourney_v6_external,external_test
data/raw/e5_aigibench_midjourney/ai_generated/image_2611.png,1,ai_generated,aigibench_midjourney_v6_external,external_test
data/raw/e5_aigibench_midjourney/ai_generated/image_2641.png,1,ai_generated,aigibench_midjourney_v6_external,external_test
data/raw/e5_aigibench_midjourney/ai_generated/image_2222.png,1,ai_generated,aigibench_midjourney_v6_external,external_test
data/raw/e5_aigibench_midjourney/ai_generated/image_1794.png,1,ai_generated,aigibench_midjourney_v6_external,external_test
data/raw/e5_aigibench_midjourney/ai_generated/image_493.png,1,ai_generated,aigibench_midjourney_v6_external,external_test
data/raw/e5_aigibench_midjourney/ai_generated/image_141.png,1,ai_generated,aigibench_midjourney_v6_external,external_test
data/raw/e5_aigibench_midjourney/ai_generated/image_2954.png,1,ai_generated,aigibench_midjourney_v6_external,external_test
data/raw/e5_aigibench_midjourney/ai_generated/image_2214.png,1,ai_generated,aigibench_midjourney_v6_external,external_test
data/raw/e5_aigibench_midjourney/ai_generated/image_2254.png,1,ai_generated,aigibench_midjourney_v6_external,external_test
data/raw/e5_aigibench_midjourney/ai_generated/image_1140.png,1,ai_generated,aigibench_midjourney_v6_external,external_test
data/raw/e5_aigibench_midjourney/ai_generated/image_1334.png,1,ai_generated,aigibench_midjourney_v6_external,external_test
data/raw/e5_aigibench_midjourney/ai_generated/image_250.png,1,ai_generated,aigibench_midjourney_v6_external,external_test
data/raw/e5_aigibench_midjourney/ai_generated/image_1994.png,1,ai_generated,aigibench_midjourney_v6_external,external_test
data/raw/e5_aigibench_midjourney/ai_generated/image_2084.png,1,ai_generated,aigibench_midjourney_v6_external,external_test
data/raw/e5_aigibench_midjourney/ai_generated/image_2746.png,1,ai_generated,aigibench_midjourney_v6_external,external_test
data/raw/e5_aigibench_midjourney/ai_generated/image_369.png,1,ai_generated,aigibench_midjourney_v6_external,external_test
data/raw/e5_aigibench_midjourney/ai_generated/image_2717.png,1,ai_generated,aigibench_midjourney_v6_external,external_test
data/raw/e5_aigibench_midjourney/ai_generated/image_2295.png,1,ai_generated,aigibench_midjourney_v6_external,external_test
data/raw/e5_aigibench_midjourney/ai_generated/image_1739.png,1,ai_generated,aigibench_midjourney_v6_external,external_test
data/raw/e5_aigibench_midjourney/ai_generated/image_490.png,1,ai_generated,aigibench_midjourney_v6_external,external_test
data/raw/e5_aigibench_midjourney/ai_generated/image_2096.png,1,ai_generated,aigibench_midjourney_v6_external,external_test
data/raw/e5_aigibench_midjourney/ai_generated/image_233.png,1,ai_generated,aigibench_midjourney_v6_external,external_test
data/raw/e5_aigibench_midjourney/ai_generated/image_2820.png,1,ai_generated,aigibench_midjourney_v6_external,external_test
data/raw/e5_aigibench_midjourney/ai_generated/image_2368.png,1,ai_generated,aigibench_midjourney_v6_external,external_test
data/raw/e5_aigibench_midjourney/ai_generated/image_209.png,1,ai_generated,aigibench_midjourney_v6_external,external_test
data/raw/e5_aigibench_midjourney/ai_generated/image_1068.png,1,ai_generated,aigibench_midjourney_v6_external,external_test
data/raw/e5_aigibench_midjourney/ai_generated/image_2874.png,1,ai_generated,aigibench_midjourney_v6_external,external_test
data/raw/e5_aigibench_midjourney/ai_generated/image_1659.png,1,ai_generated,aigibench_midjourney_v6_external,external_test
data/raw/e5_aigibench_midjourney/ai_generated/image_495.png,1,ai_generated,aigibench_midjourney_v6_external,external_test
data/raw/e5_aigibench_midjourney/ai_generated/image_2288.png,1,ai_generated,aigibench_midjourney_v6_external,external_test
data/raw/e5_aigibench_midjourney/ai_generated/image_2024.png,1,ai_generated,aigibench_midjourney_v6_external,external_test
data/raw/e5_aigibench_midjourney/ai_generated/image_2424.png,1,ai_generated,aigibench_midjourney_v6_external,external_test
data/raw/e5_aigibench_midjourney/ai_generated/image_1573.png,1,ai_generated,aigibench_midjourney_v6_external,external_test
data/raw/e5_aigibench_midjourney/ai_generated/image_12.png,1,ai_generated,aigibench_midjourney_v6_external,external_test
data/raw/e5_aigibench_midjourney/ai_generated/image_2033.png,1,ai_generated,aigibench_midjourney_v6_external,external_test
data/raw/e5_aigibench_midjourney/ai_generated/image_2220.png,1,ai_generated,aigibench_midjourney_v6_external,external_test
data/raw/e5_aigibench_midjourney/ai_generated/image_1513.png,1,ai_generated,aigibench_midjourney_v6_external,external_test
data/raw/e5_aigibench_midjourney/ai_generated/image_814.png,1,ai_generated,aigibench_midjourney_v6_external,external_test
data/raw/e5_aigibench_midjourney/ai_generated/image_922.png,1,ai_generated,aigibench_midjourney_v6_external,external_test
data/raw/e5_aigibench_midjourney/ai_generated/image_572.png,1,ai_generated,aigibench_midjourney_v6_external,external_test
data/raw/e5_aigibench_midjourney/ai_generated/image_2390.png,1,ai_generated,aigibench_midjourney_v6_external,external_test
data/raw/e5_aigibench_midjourney/ai_generated/image_2986.png,1,ai_generated,aigibench_midjourney_v6_external,external_test
data/raw/e5_aigibench_midjourney/ai_generated/image_1968.png,1,ai_generated,aigibench_midjourney_v6_external,external_test
data/raw/e5_aigibench_midjourney/ai_generated/image_934.png,1,ai_generated,aigibench_midjourney_v6_external,external_test
data/raw/e5_aigibench_midjourney/ai_generated/image_1219.png,1,ai_generated,aigibench_midjourney_v6_external,external_test
data/raw/e5_aigibench_midjourney/ai_generated/image_959.png,1,ai_generated,aigibench_midjourney_v6_external,external_test
data/raw/e5_aigibench_midjourney/ai_generated/image_825.png,1,ai_generated,aigibench_midjourney_v6_external,external_test
data/raw/e5_aigibench_midjourney/ai_generated/image_1397.png,1,ai_generated,aigibench_midjourney_v6_external,external_test
data/raw/e5_aigibench_midjourney/ai_generated/image_485.png,1,ai_generated,aigibench_midjourney_v6_external,external_test
data/raw/e5_aigibench_midjourney/ai_generated/image_2703.png,1,ai_generated,aigibench_midjourney_v6_external,external_test
data/raw/e5_aigibench_midjourney/ai_generated/image_435.png,1,ai_generated,aigibench_midjourney_v6_external,external_test
data/raw/e5_aigibench_midjourney/ai_generated/image_954.png,1,ai_generated,aigibench_midjourney_v6_external,external_test
data/raw/e5_aigibench_midjourney/ai_generated/image_1459.png,1,ai_generated,aigibench_midjourney_v6_external,external_test
data/raw/e5_aigibench_midjourney/ai_generated/image_1846.png,1,ai_generated,aigibench_midjourney_v6_external,external_test
data/raw/e5_aigibench_midjourney/ai_generated/image_770.png,1,ai_generated,aigibench_midjourney_v6_external,external_test
data/raw/e5_aigibench_midjourney/ai_generated/image_1688.png,1,ai_generated,aigibench_midjourney_v6_external,external_test
data/raw/e5_aigibench_midjourney/ai_generated/image_1550.png,1,ai_generated,aigibench_midjourney_v6_external,external_test
data/raw/e5_aigibench_midjourney/ai_generated/image_730.png,1,ai_generated,aigibench_midjourney_v6_external,external_test
data/raw/e5_aigibench_midjourney/ai_generated/image_791.png,1,ai_generated,aigibench_midjourney_v6_external,external_test
data/raw/e5_aigibench_midjourney/ai_generated/image_633.png,1,ai_generated,aigibench_midjourney_v6_external,external_test
data/raw/e5_aigibench_midjourney/ai_generated/image_582.png,1,ai_generated,aigibench_midjourney_v6_external,external_test
data/raw/e5_aigibench_midjourney/ai_generated/image_754.png,1,ai_generated,aigibench_midjourney_v6_external,external_test
data/raw/e5_aigibench_midjourney/ai_generated/image_1591.png,1,ai_generated,aigibench_midjourney_v6_external,external_test
data/raw/e5_aigibench_midjourney/ai_generated/image_307.png,1,ai_generated,aigibench_midjourney_v6_external,external_test
data/raw/e5_aigibench_midjourney/ai_generated/image_2323.png,1,ai_generated,aigibench_midjourney_v6_external,external_test
data/raw/e5_aigibench_midjourney/ai_generated/image_1484.png,1,ai_generated,aigibench_midjourney_v6_external,external_test
data/raw/e5_aigibench_midjourney/ai_generated/image_1154.png,1,ai_generated,aigibench_midjourney_v6_external,external_test
data/raw/e5_aigibench_midjourney/ai_generated/image_339.png,1,ai_generated,aigibench_midjourney_v6_external,external_test
data/raw/e5_aigibench_midjourney/ai_generated/image_1198.png,1,ai_generated,aigibench_midjourney_v6_external,external_test
data/raw/e5_aigibench_midjourney/ai_generated/image_2371.png,1,ai_generated,aigibench_midjourney_v6_external,external_test
data/raw/e5_aigibench_midjourney/ai_generated/image_1462.png,1,ai_generated,aigibench_midjourney_v6_external,external_test
data/raw/e5_aigibench_midjourney/ai_generated/image_2415.png,1,ai_generated,aigibench_midjourney_v6_external,external_test
data/raw/e5_aigibench_midjourney/ai_generated/image_1461.png,1,ai_generated,aigibench_midjourney_v6_external,external_test
data/raw/e5_aigibench_midjourney/ai_generated/image_864.png,1,ai_generated,aigibench_midjourney_v6_external,external_test
data/raw/e5_aigibench_midjourney/ai_generated/image_1138.png,1,ai_generated,aigibench_midjourney_v6_external,external_test
data/raw/e5_aigibench_midjourney/ai_generated/image_72.png,1,ai_generated,aigibench_midjourney_v6_external,external_test
data/raw/e5_aigibench_midjourney/ai_generated/image_2426.png,1,ai_generated,aigibench_midjourney_v6_external,external_test
data/raw/e5_aigibench_midjourney/ai_generated/image_784.png,1,ai_generated,aigibench_midjourney_v6_external,external_test
data/raw/e5_aigibench_midjourney/ai_generated/image_2212.png,1,ai_generated,aigibench_midjourney_v6_external,external_test
data/raw/e5_aigibench_midjourney/ai_generated/image_2524.png,1,ai_generated,aigibench_midjourney_v6_external,external_test
data/raw/e5_aigibench_midjourney/ai_generated/image_2882.png,1,ai_generated,aigibench_midjourney_v6_external,external_test
data/raw/e5_aigibench_midjourney/ai_generated/image_180.png,1,ai_generated,aigibench_midjourney_v6_external,external_test
data/raw/e5_aigibench_midjourney/ai_generated/image_1351.png,1,ai_generated,aigibench_midjourney_v6_external,external_test
data/raw/e5_aigibench_midjourney/ai_generated/image_2674.png,1,ai_generated,aigibench_midjourney_v6_external,external_test
data/raw/e5_aigibench_midjourney/ai_generated/image_429.png,1,ai_generated,aigibench_midjourney_v6_external,external_test
data/raw/e5_aigibench_midjourney/ai_generated/image_1852.png,1,ai_generated,aigibench_midjourney_v6_external,external_test
data/raw/e5_aigibench_midjourney/ai_generated/image_2459.png,1,ai_generated,aigibench_midjourney_v6_external,external_test
data/raw/e5_aigibench_midjourney/ai_generated/image_480.png,1,ai_generated,aigibench_midjourney_v6_external,external_test
data/raw/e5_aigibench_midjourney/ai_generated/image_1888.png,1,ai_generated,aigibench_midjourney_v6_external,external_test
data/raw/e5_aigibench_midjourney/ai_generated/image_589.png,1,ai_generated,aigibench_midjourney_v6_external,external_test
data/raw/e5_aigibench_midjourney/ai_generated/image_2251.png,1,ai_generated,aigibench_midjourney_v6_external,external_test
data/raw/e5_aigibench_midjourney/ai_generated/image_1453.png,1,ai_generated,aigibench_midjourney_v6_external,external_test
data/raw/e5_aigibench_midjourney/ai_generated/image_2919.png,1,ai_generated,aigibench_midjourney_v6_external,external_test
data/raw/e5_aigibench_midjourney/ai_generated/image_1671.png,1,ai_generated,aigibench_midjourney_v6_external,external_test
data/raw/e5_aigibench_midjourney/ai_generated/image_1759.png,1,ai_generated,aigibench_midjourney_v6_external,external_test
data/raw/e5_aigibench_midjourney/ai_generated/image_122.png,1,ai_generated,aigibench_midjourney_v6_external,external_test
data/raw/e5_aigibench_midjourney/ai_generated/image_114.png,1,ai_generated,aigibench_midjourney_v6_external,external_test
data/raw/e5_aigibench_midjourney/ai_generated/image_2569.png,1,ai_generated,aigibench_midjourney_v6_external,external_test
data/raw/e5_aigibench_midjourney/ai_generated/image_782.png,1,ai_generated,aigibench_midjourney_v6_external,external_test
data/raw/e5_aigibench_midjourney/ai_generated/image_2912.png,1,ai_generated,aigibench_midjourney_v6_external,external_test
data/raw/e5_aigibench_midjourney/ai_generated/image_2721.png,1,ai_generated,aigibench_midjourney_v6_external,external_test
data/raw/e5_aigibench_midjourney/ai_generated/image_398.png,1,ai_generated,aigibench_midjourney_v6_external,external_test
data/raw/e5_aigibench_midjourney/ai_generated/image_173.png,1,ai_generated,aigibench_midjourney_v6_external,external_test
data/raw/e5_aigibench_midjourney/ai_generated/image_2739.png,1,ai_generated,aigibench_midjourney_v6_external,external_test
data/raw/e5_aigibench_midjourney/ai_generated/image_736.png,1,ai_generated,aigibench_midjourney_v6_external,external_test
data/raw/e5_aigibench_midjourney/ai_generated/image_2998.png,1,ai_generated,aigibench_midjourney_v6_external,external_test
data/raw/e5_aigibench_midjourney/ai_generated/image_1347.png,1,ai_generated,aigibench_midjourney_v6_external,external_test
data/raw/e5_aigibench_midjourney/ai_generated/image_1159.png,1,ai_generated,aigibench_midjourney_v6_external,external_test
data/raw/e5_aigibench_midjourney/ai_generated/image_2290.png,1,ai_generated,aigibench_midjourney_v6_external,external_test
data/raw/e5_aigibench_midjourney/ai_generated/image_1673.png,1,ai_generated,aigibench_midjourney_v6_external,external_test
data/raw/e5_aigibench_midjourney/ai_generated/image_1966.png,1,ai_generated,aigibench_midjourney_v6_external,external_test
data/raw/e5_aigibench_midjourney/ai_generated/image_1155.png,1,ai_generated,aigibench_midjourney_v6_external,external_test
data/raw/e5_aigibench_midjourney/ai_generated/image_906.png,1,ai_generated,aigibench_midjourney_v6_external,external_test
data/raw/e5_aigibench_midjourney/ai_generated/image_217.png,1,ai_generated,aigibench_midjourney_v6_external,external_test
data/raw/e5_aigibench_midjourney/ai_generated/image_489.png,1,ai_generated,aigibench_midjourney_v6_external,external_test
data/raw/e5_aigibench_midjourney/ai_generated/image_2974.png,1,ai_generated,aigibench_midjourney_v6_external,external_test
data/raw/e5_aigibench_midjourney/ai_generated/image_2629.png,1,ai_generated,aigibench_midjourney_v6_external,external_test
data/raw/e5_aigibench_midjourney/ai_generated/image_1464.png,1,ai_generated,aigibench_midjourney_v6_external,external_test
data/raw/e5_aigibench_midjourney/ai_generated/image_1665.png,1,ai_generated,aigibench_midjourney_v6_external,external_test
data/raw/e5_aigibench_midjourney/ai_generated/image_1736.png,1,ai_generated,aigibench_midjourney_v6_external,external_test
data/raw/e5_aigibench_midjourney/ai_generated/image_2094.png,1,ai_generated,aigibench_midjourney_v6_external,external_test
data/raw/e5_aigibench_midjourney/ai_generated/image_1243.png,1,ai_generated,aigibench_midjourney_v6_external,external_test
data/raw/e5_aigibench_midjourney/ai_generated/image_2469.png,1,ai_generated,aigibench_midjourney_v6_external,external_test
data/raw/e5_aigibench_midjourney/ai_generated/image_1765.png,1,ai_generated,aigibench_midjourney_v6_external,external_test
data/raw/e5_aigibench_midjourney/ai_generated/image_2097.png,1,ai_generated,aigibench_midjourney_v6_external,external_test
data/raw/e5_aigibench_midjourney/ai_generated/image_2831.png,1,ai_generated,aigibench_midjourney_v6_external,external_test
data/raw/e5_aigibench_midjourney/ai_generated/image_706.png,1,ai_generated,aigibench_midjourney_v6_external,external_test
data/raw/e5_aigibench_midjourney/ai_generated/image_2350.png,1,ai_generated,aigibench_midjourney_v6_external,external_test
data/raw/e5_aigibench_midjourney/ai_generated/image_879.png,1,ai_generated,aigibench_midjourney_v6_external,external_test
data/raw/e5_aigibench_midjourney/ai_generated/image_871.png,1,ai_generated,aigibench_midjourney_v6_external,external_test
data/raw/e5_aigibench_midjourney/ai_generated/image_366.png,1,ai_generated,aigibench_midjourney_v6_external,external_test
data/raw/e5_aigibench_midjourney/ai_generated/image_2325.png,1,ai_generated,aigibench_midjourney_v6_external,external_test
data/raw/e5_aigibench_midjourney/ai_generated/image_1374.png,1,ai_generated,aigibench_midjourney_v6_external,external_test
data/raw/e5_aigibench_midjourney/ai_generated/image_469.png,1,ai_generated,aigibench_midjourney_v6_external,external_test
data/raw/e5_aigibench_midjourney/ai_generated/image_583.png,1,ai_generated,aigibench_midjourney_v6_external,external_test
data/raw/e5_aigibench_midjourney/ai_generated/image_76.png,1,ai_generated,aigibench_midjourney_v6_external,external_test
data/raw/e5_aigibench_midjourney/ai_generated/image_1074.png,1,ai_generated,aigibench_midjourney_v6_external,external_test
data/raw/e5_aigibench_midjourney/ai_generated/image_1909.png,1,ai_generated,aigibench_midjourney_v6_external,external_test
data/raw/e5_aigibench_midjourney/ai_generated/image_841.png,1,ai_generated,aigibench_midjourney_v6_external,external_test
data/raw/e5_aigibench_midjourney/ai_generated/image_860.png,1,ai_generated,aigibench_midjourney_v6_external,external_test
data/raw/e5_aigibench_midjourney/ai_generated/image_766.png,1,ai_generated,aigibench_midjourney_v6_external,external_test
data/raw/e5_aigibench_midjourney/ai_generated/image_2156.png,1,ai_generated,aigibench_midjourney_v6_external,external_test
data/raw/e5_aigibench_midjourney/ai_generated/image_1981.png,1,ai_generated,aigibench_midjourney_v6_external,external_test
data/raw/e5_aigibench_midjourney/ai_generated/image_2744.png,1,ai_generated,aigibench_midjourney_v6_external,external_test
data/raw/e5_aigibench_midjourney/ai_generated/image_2813.png,1,ai_generated,aigibench_midjourney_v6_external,external_test
data/raw/e5_aigibench_midjourney/ai_generated/image_2298.png,1,ai_generated,aigibench_midjourney_v6_external,external_test
data/raw/e5_aigibench_midjourney/ai_generated/image_1569.png,1,ai_generated,aigibench_midjourney_v6_external,external_test
data/raw/e5_aigibench_midjourney/ai_generated/image_723.png,1,ai_generated,aigibench_midjourney_v6_external,external_test
data/raw/e5_aigibench_midjourney/ai_generated/image_953.png,1,ai_generated,aigibench_midjourney_v6_external,external_test
data/raw/e5_aigibench_midjourney/ai_generated/image_2356.png,1,ai_generated,aigibench_midjourney_v6_external,external_test
data/raw/e5_aigibench_midjourney/ai_generated/image_74.png,1,ai_generated,aigibench_midjourney_v6_external,external_test
data/raw/e5_aigibench_midjourney/ai_generated/image_2996.png,1,ai_generated,aigibench_midjourney_v6_external,external_test
data/raw/e5_aigibench_midjourney/ai_generated/image_2934.png,1,ai_generated,aigibench_midjourney_v6_external,external_test
data/raw/e5_aigibench_midjourney/ai_generated/image_588.png,1,ai_generated,aigibench_midjourney_v6_external,external_test
data/raw/e5_aigibench_midjourney/ai_generated/image_885.png,1,ai_generated,aigibench_midjourney_v6_external,external_test
data/raw/e5_aigibench_midjourney/ai_generated/image_147.png,1,ai_generated,aigibench_midjourney_v6_external,external_test
data/raw/e5_aigibench_midjourney/ai_generated/image_2510.png,1,ai_generated,aigibench_midjourney_v6_external,external_test
data/raw/e5_aigibench_midjourney/ai_generated/image_2861.png,1,ai_generated,aigibench_midjourney_v6_external,external_test
data/raw/e5_aigibench_midjourney/ai_generated/image_2095.png,1,ai_generated,aigibench_midjourney_v6_external,external_test
data/raw/e5_aigibench_midjourney/ai_generated/image_2922.png,1,ai_generated,aigibench_midjourney_v6_external,external_test
data/raw/e5_aigibench_midjourney/ai_generated/image_612.png,1,ai_generated,aigibench_midjourney_v6_external,external_test
data/raw/e5_aigibench_midjourney/ai_generated/image_511.png,1,ai_generated,aigibench_midjourney_v6_external,external_test
data/raw/e5_aigibench_midjourney/ai_generated/image_674.png,1,ai_generated,aigibench_midjourney_v6_external,external_test
data/raw/e5_aigibench_midjourney/ai_generated/image_1393.png,1,ai_generated,aigibench_midjourney_v6_external,external_test
data/raw/e5_aigibench_midjourney/ai_generated/image_1546.png,1,ai_generated,aigibench_midjourney_v6_external,external_test
data/raw/e5_aigibench_midjourney/ai_generated/image_2680.png,1,ai_generated,aigibench_midjourney_v6_external,external_test
data/raw/e5_aigibench_midjourney/ai_generated/image_102.png,1,ai_generated,aigibench_midjourney_v6_external,external_test
data/raw/e5_aigibench_midjourney/ai_generated/image_75.png,1,ai_generated,aigibench_midjourney_v6_external,external_test
data/raw/e5_aigibench_midjourney/ai_generated/image_722.png,1,ai_generated,aigibench_midjourney_v6_external,external_test
data/raw/e5_aigibench_midjourney/ai_generated/image_593.png,1,ai_generated,aigibench_midjourney_v6_external,external_test
data/raw/e5_aigibench_midjourney/ai_generated/image_2837.png,1,ai_generated,aigibench_midjourney_v6_external,external_test
data/raw/e5_aigibench_midjourney/ai_generated/image_863.png,1,ai_generated,aigibench_midjourney_v6_external,external_test
data/raw/e5_aigibench_midjourney/ai_generated/image_346.png,1,ai_generated,aigibench_midjourney_v6_external,external_test
data/raw/e5_aigibench_midjourney/ai_generated/image_2694.png,1,ai_generated,aigibench_midjourney_v6_external,external_test
data/raw/e5_aigibench_midjourney/ai_generated/image_1240.png,1,ai_generated,aigibench_midjourney_v6_external,external_test
data/raw/e5_aigibench_midjourney/ai_generated/image_1270.png,1,ai_generated,aigibench_midjourney_v6_external,external_test
data/raw/e5_aigibench_midjourney/ai_generated/image_1973.png,1,ai_generated,aigibench_midjourney_v6_external,external_test
data/raw/e5_aigibench_midjourney/ai_generated/image_794.png,1,ai_generated,aigibench_midjourney_v6_external,external_test
data/raw/e5_aigibench_midjourney/ai_generated/image_2554.png,1,ai_generated,aigibench_midjourney_v6_external,external_test
data/raw/e5_aigibench_midjourney/ai_generated/image_263.png,1,ai_generated,aigibench_midjourney_v6_external,external_test
data/raw/e5_aigibench_midjourney/ai_generated/image_2950.png,1,ai_generated,aigibench_midjourney_v6_external,external_test
data/raw/e5_aigibench_midjourney/ai_generated/image_849.png,1,ai_generated,aigibench_midjourney_v6_external,external_test
data/raw/e5_aigibench_midjourney/ai_generated/image_2907.png,1,ai_generated,aigibench_midjourney_v6_external,external_test
data/raw/e5_aigibench_midjourney/ai_generated/image_1581.png,1,ai_generated,aigibench_midjourney_v6_external,external_test
data/raw/e5_aigibench_midjourney/ai_generated/image_430.png,1,ai_generated,aigibench_midjourney_v6_external,external_test
data/raw/e5_aigibench_midjourney/ai_generated/image_1648.png,1,ai_generated,aigibench_midjourney_v6_external,external_test
data/raw/e5_aigibench_midjourney/ai_generated/image_2171.png,1,ai_generated,aigibench_midjourney_v6_external,external_test
data/raw/e5_aigibench_midjourney/ai_generated/image_1076.png,1,ai_generated,aigibench_midjourney_v6_external,external_test
data/raw/e5_aigibench_midjourney/ai_generated/image_439.png,1,ai_generated,aigibench_midjourney_v6_external,external_test
data/raw/e5_aigibench_midjourney/ai_generated/image_845.png,1,ai_generated,aigibench_midjourney_v6_external,external_test
data/raw/e5_aigibench_midjourney/ai_generated/image_2427.png,1,ai_generated,aigibench_midjourney_v6_external,external_test
data/raw/e5_aigibench_midjourney/ai_generated/image_244.png,1,ai_generated,aigibench_midjourney_v6_external,external_test
data/raw/e5_aigibench_midjourney/ai_generated/image_1010.png,1,ai_generated,aigibench_midjourney_v6_external,external_test
data/raw/e5_aigibench_midjourney/ai_generated/image_1213.png,1,ai_generated,aigibench_midjourney_v6_external,external_test
data/raw/e5_aigibench_midjourney/ai_generated/image_1133.png,1,ai_generated,aigibench_midjourney_v6_external,external_test
data/raw/e5_aigibench_midjourney/ai_generated/image_707.png,1,ai_generated,aigibench_midjourney_v6_external,external_test
data/raw/e5_aigibench_midjourney/ai_generated/image_1472.png,1,ai_generated,aigibench_midjourney_v6_external,external_test
data/raw/e5_aigibench_midjourney/ai_generated/image_2410.png,1,ai_generated,aigibench_midjourney_v6_external,external_test
data/raw/e5_aigibench_midjourney/ai_generated/image_868.png,1,ai_generated,aigibench_midjourney_v6_external,external_test
data/raw/e5_aigibench_midjourney/ai_generated/image_349.png,1,ai_generated,aigibench_midjourney_v6_external,external_test
data/raw/e5_aigibench_midjourney/ai_generated/image_2771.png,1,ai_generated,aigibench_midjourney_v6_external,external_test
data/raw/e5_aigibench_midjourney/ai_generated/image_1518.png,1,ai_generated,aigibench_midjourney_v6_external,external_test
data/raw/e5_aigibench_midjourney/ai_generated/image_2387.png,1,ai_generated,aigibench_midjourney_v6_external,external_test
data/raw/e5_aigibench_midjourney/ai_generated/image_325.png,1,ai_generated,aigibench_midjourney_v6_external,external_test
data/raw/e5_aigibench_midjourney/ai_generated/image_1520.png,1,ai_generated,aigibench_midjourney_v6_external,external_test
data/raw/e5_aigibench_midjourney/ai_generated/image_1693.png,1,ai_generated,aigibench_midjourney_v6_external,external_test
data/raw/e5_aigibench_midjourney/ai_generated/image_2875.png,1,ai_generated,aigibench_midjourney_v6_external,external_test
data/raw/e5_aigibench_midjourney/ai_generated/image_2082.png,1,ai_generated,aigibench_midjourney_v6_external,external_test
data/raw/e5_aigibench_midjourney/ai_generated/image_838.png,1,ai_generated,aigibench_midjourney_v6_external,external_test
data/raw/e5_aigibench_midjourney/ai_generated/image_7.png,1,ai_generated,aigibench_midjourney_v6_external,external_test
data/raw/e5_aigibench_midjourney/ai_generated/image_1502.png,1,ai_generated,aigibench_midjourney_v6_external,external_test
data/raw/e5_aigibench_midjourney/ai_generated/image_1514.png,1,ai_generated,aigibench_midjourney_v6_external,external_test
data/raw/e5_aigibench_midjourney/ai_generated/image_2318.png,1,ai_generated,aigibench_midjourney_v6_external,external_test
data/raw/e5_aigibench_midjourney/ai_generated/image_2697.png,1,ai_generated,aigibench_midjourney_v6_external,external_test
data/raw/e5_aigibench_midjourney/ai_generated/image_712.png,1,ai_generated,aigibench_midjourney_v6_external,external_test
data/raw/e5_aigibench_midjourney/ai_generated/image_1650.png,1,ai_generated,aigibench_midjourney_v6_external,external_test
data/raw/e5_aigibench_midjourney/ai_generated/image_1059.png,1,ai_generated,aigibench_midjourney_v6_external,external_test
data/raw/e5_aigibench_midjourney/ai_generated/image_840.png,1,ai_generated,aigibench_midjourney_v6_external,external_test
data/raw/e5_aigibench_midjourney/ai_generated/image_503.png,1,ai_generated,aigibench_midjourney_v6_external,external_test
data/raw/e5_aigibench_midjourney/ai_generated/image_1132.png,1,ai_generated,aigibench_midjourney_v6_external,external_test
data/raw/e5_aigibench_midjourney/ai_generated/image_320.png,1,ai_generated,aigibench_midjourney_v6_external,external_test
data/raw/e5_aigibench_midjourney/ai_generated/image_655.png,1,ai_generated,aigibench_midjourney_v6_external,external_test
data/raw/e5_aigibench_midjourney/ai_generated/image_2407.png,1,ai_generated,aigibench_midjourney_v6_external,external_test
data/raw/e5_aigibench_midjourney/ai_generated/image_1036.png,1,ai_generated,aigibench_midjourney_v6_external,external_test
data/raw/e5_aigibench_midjourney/ai_generated/image_1038.png,1,ai_generated,aigibench_midjourney_v6_external,external_test
data/raw/e5_aigibench_midjourney/ai_generated/image_2655.png,1,ai_generated,aigibench_midjourney_v6_external,external_test
data/raw/e5_aigibench_midjourney/ai_generated/image_1106.png,1,ai_generated,aigibench_midjourney_v6_external,external_test
data/raw/e5_aigibench_midjourney/ai_generated/image_862.png,1,ai_generated,aigibench_midjourney_v6_external,external_test
data/raw/e5_aigibench_midjourney/ai_generated/image_609.png,1,ai_generated,aigibench_midjourney_v6_external,external_test
data/raw/e5_aigibench_midjourney/ai_generated/image_1056.png,1,ai_generated,aigibench_midjourney_v6_external,external_test
data/raw/e5_aigibench_midjourney/ai_generated/image_2081.png,1,ai_generated,aigibench_midjourney_v6_external,external_test
data/raw/e5_aigibench_midjourney/ai_generated/image_1811.png,1,ai_generated,aigibench_midjourney_v6_external,external_test
data/raw/e5_aigibench_midjourney/ai_generated/image_166.png,1,ai_generated,aigibench_midjourney_v6_external,external_test
data/raw/e5_aigibench_midjourney/ai_generated/image_33.png,1,ai_generated,aigibench_midjourney_v6_external,external_test
data/raw/e5_aigibench_midjourney/ai_generated/image_2665.png,1,ai_generated,aigibench_midjourney_v6_external,external_test
data/raw/e5_aigibench_midjourney/ai_generated/image_1471.png,1,ai_generated,aigibench_midjourney_v6_external,external_test
data/raw/e5_aigibench_midjourney/ai_generated/image_297.png,1,ai_generated,aigibench_midjourney_v6_external,external_test
data/raw/e5_aigibench_midjourney/ai_generated/image_2036.png,1,ai_generated,aigibench_midjourney_v6_external,external_test
data/raw/e5_aigibench_midjourney/ai_generated/image_587.png,1,ai_generated,aigibench_midjourney_v6_external,external_test
data/raw/e5_aigibench_midjourney/ai_generated/image_2162.png,1,ai_generated,aigibench_midjourney_v6_external,external_test
data/raw/e5_aigibench_midjourney/ai_generated/image_886.png,1,ai_generated,aigibench_midjourney_v6_external,external_test
data/raw/e5_aigibench_midjourney/ai_generated/image_2559.png,1,ai_generated,aigibench_midjourney_v6_external,external_test
data/raw/e5_aigibench_midjourney/ai_generated/image_2840.png,1,ai_generated,aigibench_midjourney_v6_external,external_test
data/raw/e5_aigibench_midjourney/ai_generated/image_1990.png,1,ai_generated,aigibench_midjourney_v6_external,external_test
data/raw/e5_aigibench_midjourney/ai_generated/image_2131.png,1,ai_generated,aigibench_midjourney_v6_external,external_test
data/raw/e5_aigibench_midjourney/ai_generated/image_2464.png,1,ai_generated,aigibench_midjourney_v6_external,external_test
data/raw/e5_aigibench_midjourney/ai_generated/image_2384.png,1,ai_generated,aigibench_midjourney_v6_external,external_test
data/raw/e5_aigibench_midjourney/ai_generated/image_468.png,1,ai_generated,aigibench_midjourney_v6_external,external_test
data/raw/e5_aigibench_midjourney/ai_generated/image_2221.png,1,ai_generated,aigibench_midjourney_v6_external,external_test
data/raw/e5_aigibench_midjourney/ai_generated/image_2866.png,1,ai_generated,aigibench_midjourney_v6_external,external_test
data/raw/e5_aigibench_midjourney/ai_generated/image_1256.png,1,ai_generated,aigibench_midjourney_v6_external,external_test
data/raw/e5_aigibench_midjourney/ai_generated/image_2983.png,1,ai_generated,aigibench_midjourney_v6_external,external_test
data/raw/e5_aigibench_midjourney/ai_generated/image_2315.png,1,ai_generated,aigibench_midjourney_v6_external,external_test
data/raw/e5_aigibench_midjourney/ai_generated/image_22.png,1,ai_generated,aigibench_midjourney_v6_external,external_test
data/raw/e5_aigibench_midjourney/ai_generated/image_2004.png,1,ai_generated,aigibench_midjourney_v6_external,external_test
data/raw/e5_aigibench_midjourney/ai_generated/image_1958.png,1,ai_generated,aigibench_midjourney_v6_external,external_test
data/raw/e5_aigibench_midjourney/ai_generated/image_2753.png,1,ai_generated,aigibench_midjourney_v6_external,external_test
data/raw/e5_aigibench_midjourney/ai_generated/image_1395.png,1,ai_generated,aigibench_midjourney_v6_external,external_test
data/raw/e5_aigibench_midjourney/ai_generated/image_1528.png,1,ai_generated,aigibench_midjourney_v6_external,external_test
data/raw/e5_aigibench_midjourney/ai_generated/image_2.png,1,ai_generated,aigibench_midjourney_v6_external,external_test
data/raw/e5_aigibench_midjourney/ai_generated/image_2968.png,1,ai_generated,aigibench_midjourney_v6_external,external_test
data/raw/e5_aigibench_midjourney/ai_generated/image_615.png,1,ai_generated,aigibench_midjourney_v6_external,external_test
data/raw/e5_aigibench_midjourney/ai_generated/image_2052.png,1,ai_generated,aigibench_midjourney_v6_external,external_test
data/raw/e5_aigibench_midjourney/ai_generated/image_2870.png,1,ai_generated,aigibench_midjourney_v6_external,external_test
data/raw/e5_aigibench_midjourney/ai_generated/image_1163.png,1,ai_generated,aigibench_midjourney_v6_external,external_test
data/raw/e5_aigibench_midjourney/ai_generated/image_302.png,1,ai_generated,aigibench_midjourney_v6_external,external_test
data/raw/e5_aigibench_midjourney/ai_generated/image_1637.png,1,ai_generated,aigibench_midjourney_v6_external,external_test
data/raw/e5_aigibench_midjourney/ai_generated/image_948.png,1,ai_generated,aigibench_midjourney_v6_external,external_test
data/raw/e5_aigibench_midjourney/ai_generated/image_381.png,1,ai_generated,aigibench_midjourney_v6_external,external_test
data/raw/e5_aigibench_midjourney/ai_generated/image_1019.png,1,ai_generated,aigibench_midjourney_v6_external,external_test
data/raw/e5_aigibench_midjourney/ai_generated/image_1174.png,1,ai_generated,aigibench_midjourney_v6_external,external_test
data/raw/e5_aigibench_midjourney/ai_generated/image_656.png,1,ai_generated,aigibench_midjourney_v6_external,external_test
data/raw/e5_aigibench_midjourney/ai_generated/image_2243.png,1,ai_generated,aigibench_midjourney_v6_external,external_test
data/raw/e5_aigibench_midjourney/ai_generated/image_2100.png,1,ai_generated,aigibench_midjourney_v6_external,external_test
data/raw/e5_aigibench_midjourney/ai_generated/image_2830.png,1,ai_generated,aigibench_midjourney_v6_external,external_test
data/raw/e5_aigibench_midjourney/ai_generated/image_949.png,1,ai_generated,aigibench_midjourney_v6_external,external_test
data/raw/e5_aigibench_midjourney/ai_generated/image_2418.png,1,ai_generated,aigibench_midjourney_v6_external,external_test
data/raw/e5_aigibench_midjourney/ai_generated/image_1963.png,1,ai_generated,aigibench_midjourney_v6_external,external_test
data/raw/e5_aigibench_midjourney/ai_generated/image_1921.png,1,ai_generated,aigibench_midjourney_v6_external,external_test
data/raw/e5_aigibench_midjourney/ai_generated/image_2653.png,1,ai_generated,aigibench_midjourney_v6_external,external_test
data/raw/e5_aigibench_midjourney/ai_generated/image_135.png,1,ai_generated,aigibench_midjourney_v6_external,external_test
data/raw/e5_aigibench_midjourney/ai_generated/image_2906.png,1,ai_generated,aigibench_midjourney_v6_external,external_test
data/raw/e5_aigibench_midjourney/ai_generated/image_2853.png,1,ai_generated,aigibench_midjourney_v6_external,external_test
data/raw/e5_aigibench_midjourney/ai_generated/image_1278.png,1,ai_generated,aigibench_midjourney_v6_external,external_test
data/raw/e5_aigibench_midjourney/ai_generated/image_2188.png,1,ai_generated,aigibench_midjourney_v6_external,external_test
data/raw/e5_aigibench_midjourney/ai_generated/image_2881.png,1,ai_generated,aigibench_midjourney_v6_external,external_test
data/raw/e5_aigibench_midjourney/ai_generated/image_2736.png,1,ai_generated,aigibench_midjourney_v6_external,external_test
data/raw/e5_aigibench_midjourney/ai_generated/image_2072.png,1,ai_generated,aigibench_midjourney_v6_external,external_test
data/raw/e5_aigibench_midjourney/ai_generated/image_1732.png,1,ai_generated,aigibench_midjourney_v6_external,external_test
data/raw/e5_aigibench_midjourney/ai_generated/image_370.png,1,ai_generated,aigibench_midjourney_v6_external,external_test
data/raw/e5_aigibench_midjourney/ai_generated/image_330.png,1,ai_generated,aigibench_midjourney_v6_external,external_test
data/raw/e5_aigibench_midjourney/ai_generated/image_236.png,1,ai_generated,aigibench_midjourney_v6_external,external_test
data/raw/e5_aigibench_midjourney/ai_generated/image_2143.png,1,ai_generated,aigibench_midjourney_v6_external,external_test
data/raw/e5_aigibench_midjourney/ai_generated/image_2050.png,1,ai_generated,aigibench_midjourney_v6_external,external_test
data/raw/e5_aigibench_midjourney/ai_generated/image_476.png,1,ai_generated,aigibench_midjourney_v6_external,external_test
data/raw/e5_aigibench_midjourney/ai_generated/image_2057.png,1,ai_generated,aigibench_midjourney_v6_external,external_test
data/raw/e5_aigibench_midjourney/ai_generated/image_1763.png,1,ai_generated,aigibench_midjourney_v6_external,external_test
data/raw/e5_aigibench_midjourney/ai_generated/image_2747.png,1,ai_generated,aigibench_midjourney_v6_external,external_test
data/raw/e5_aigibench_midjourney/ai_generated/image_808.png,1,ai_generated,aigibench_midjourney_v6_external,external_test
data/raw/e5_aigibench_midjourney/ai_generated/image_1342.png,1,ai_generated,aigibench_midjourney_v6_external,external_test
data/raw/e5_aigibench_midjourney/ai_generated/image_2862.png,1,ai_generated,aigibench_midjourney_v6_external,external_test
data/raw/e5_aigibench_midjourney/ai_generated/image_2848.png,1,ai_generated,aigibench_midjourney_v6_external,external_test
data/raw/e5_aigibench_midjourney/ai_generated/image_2997.png,1,ai_generated,aigibench_midjourney_v6_external,external_test
data/raw/e5_aigibench_midjourney/ai_generated/image_1207.png,1,ai_generated,aigibench_midjourney_v6_external,external_test
data/raw/e5_aigibench_midjourney/ai_generated/image_644.png,1,ai_generated,aigibench_midjourney_v6_external,external_test
data/raw/e5_aigibench_midjourney/ai_generated/image_1427.png,1,ai_generated,aigibench_midjourney_v6_external,external_test
data/raw/e5_aigibench_midjourney/ai_generated/image_2583.png,1,ai_generated,aigibench_midjourney_v6_external,external_test
data/raw/e5_aigibench_midjourney/ai_generated/image_776.png,1,ai_generated,aigibench_midjourney_v6_external,external_test
data/raw/e5_aigibench_midjourney/ai_generated/image_1946.png,1,ai_generated,aigibench_midjourney_v6_external,external_test
data/raw/e5_aigibench_midjourney/ai_generated/image_968.png,1,ai_generated,aigibench_midjourney_v6_external,external_test
data/raw/e5_aigibench_midjourney/ai_generated/image_637.png,1,ai_generated,aigibench_midjourney_v6_external,external_test
data/raw/e5_aigibench_midjourney/ai_generated/image_1115.png,1,ai_generated,aigibench_midjourney_v6_external,external_test
data/raw/e5_aigibench_midjourney/ai_generated/image_1809.png,1,ai_generated,aigibench_midjourney_v6_external,external_test
data/raw/e5_aigibench_midjourney/ai_generated/image_2354.png,1,ai_generated,aigibench_midjourney_v6_external,external_test
data/raw/e5_aigibench_midjourney/ai_generated/image_2408.png,1,ai_generated,aigibench_midjourney_v6_external,external_test
data/raw/e5_aigibench_midjourney/ai_generated/image_134.png,1,ai_generated,aigibench_midjourney_v6_external,external_test
data/raw/e5_aigibench_midjourney/ai_generated/image_43.png,1,ai_generated,aigibench_midjourney_v6_external,external_test
data/raw/e5_aigibench_midjourney/ai_generated/image_61.png,1,ai_generated,aigibench_midjourney_v6_external,external_test
data/raw/e5_aigibench_midjourney/ai_generated/image_1134.png,1,ai_generated,aigibench_midjourney_v6_external,external_test
data/raw/e5_aigibench_midjourney/ai_generated/image_1903.png,1,ai_generated,aigibench_midjourney_v6_external,external_test
data/raw/e5_aigibench_midjourney/ai_generated/image_2549.png,1,ai_generated,aigibench_midjourney_v6_external,external_test
data/raw/e5_aigibench_midjourney/ai_generated/image_125.png,1,ai_generated,aigibench_midjourney_v6_external,external_test
data/raw/e5_aigibench_midjourney/ai_generated/image_653.png,1,ai_generated,aigibench_midjourney_v6_external,external_test
data/raw/e5_aigibench_midjourney/ai_generated/image_742.png,1,ai_generated,aigibench_midjourney_v6_external,external_test
data/raw/e5_aigibench_midjourney/ai_generated/image_880.png,1,ai_generated,aigibench_midjourney_v6_external,external_test
data/raw/e5_aigibench_midjourney/ai_generated/image_447.png,1,ai_generated,aigibench_midjourney_v6_external,external_test
data/raw/e5_aigibench_midjourney/ai_generated/image_274.png,1,ai_generated,aigibench_midjourney_v6_external,external_test
data/raw/e5_aigibench_midjourney/ai_generated/image_2851.png,1,ai_generated,aigibench_midjourney_v6_external,external_test
data/raw/e5_aigibench_midjourney/ai_generated/image_1873.png,1,ai_generated,aigibench_midjourney_v6_external,external_test
data/raw/e5_aigibench_midjourney/ai_generated/image_647.png,1,ai_generated,aigibench_midjourney_v6_external,external_test
data/raw/e5_aigibench_midjourney/ai_generated/image_2609.png,1,ai_generated,aigibench_midjourney_v6_external,external_test
data/raw/e5_aigibench_midjourney/ai_generated/image_1090.png,1,ai_generated,aigibench_midjourney_v6_external,external_test
data/raw/e5_aigibench_midjourney/ai_generated/image_785.png,1,ai_generated,aigibench_midjourney_v6_external,external_test
data/raw/e5_aigibench_midjourney/ai_generated/image_475.png,1,ai_generated,aigibench_midjourney_v6_external,external_test
data/raw/e5_aigibench_midjourney/ai_generated/image_278.png,1,ai_generated,aigibench_midjourney_v6_external,external_test
data/raw/e5_aigibench_midjourney/ai_generated/image_914.png,1,ai_generated,aigibench_midjourney_v6_external,external_test
data/raw/e5_aigibench_midjourney/ai_generated/image_2710.png,1,ai_generated,aigibench_midjourney_v6_external,external_test
data/raw/e5_aigibench_midjourney/ai_generated/image_1564.png,1,ai_generated,aigibench_midjourney_v6_external,external_test
data/raw/e5_aigibench_midjourney/ai_generated/image_82.png,1,ai_generated,aigibench_midjourney_v6_external,external_test
data/raw/e5_aigibench_midjourney/ai_generated/image_2413.png,1,ai_generated,aigibench_midjourney_v6_external,external_test
data/raw/e5_aigibench_midjourney/ai_generated/image_1436.png,1,ai_generated,aigibench_midjourney_v6_external,external_test
data/raw/e5_aigibench_midjourney/ai_generated/image_602.png,1,ai_generated,aigibench_midjourney_v6_external,external_test
data/raw/e5_aigibench_midjourney/ai_generated/image_738.png,1,ai_generated,aigibench_midjourney_v6_external,external_test
data/raw/e5_aigibench_midjourney/ai_generated/image_1015.png,1,ai_generated,aigibench_midjourney_v6_external,external_test
data/raw/e5_aigibench_midjourney/ai_generated/image_1319.png,1,ai_generated,aigibench_midjourney_v6_external,external_test
data/raw/e5_aigibench_midjourney/ai_generated/image_1886.png,1,ai_generated,aigibench_midjourney_v6_external,external_test
data/raw/e5_aigibench_midjourney/ai_generated/image_2917.png,1,ai_generated,aigibench_midjourney_v6_external,external_test
data/raw/e5_aigibench_midjourney/ai_generated/image_387.png,1,ai_generated,aigibench_midjourney_v6_external,external_test
data/raw/e5_aigibench_midjourney/ai_generated/image_2250.png,1,ai_generated,aigibench_midjourney_v6_external,external_test
data/raw/e5_aigibench_midjourney/ai_generated/image_2446.png,1,ai_generated,aigibench_midjourney_v6_external,external_test
data/raw/e5_aigibench_midjourney/ai_generated/image_520.png,1,ai_generated,aigibench_midjourney_v6_external,external_test
data/raw/e5_aigibench_midjourney/ai_generated/image_1286.png,1,ai_generated,aigibench_midjourney_v6_external,external_test
data/raw/e5_aigibench_midjourney/ai_generated/image_846.png,1,ai_generated,aigibench_midjourney_v6_external,external_test
data/raw/e5_aigibench_midjourney/ai_generated/image_2824.png,1,ai_generated,aigibench_midjourney_v6_external,external_test
data/raw/e5_aigibench_midjourney/ai_generated/image_2640.png,1,ai_generated,aigibench_midjourney_v6_external,external_test
data/raw/e5_aigibench_midjourney/ai_generated/image_1085.png,1,ai_generated,aigibench_midjourney_v6_external,external_test
data/raw/e5_aigibench_midjourney/ai_generated/image_1920.png,1,ai_generated,aigibench_midjourney_v6_external,external_test
data/raw/e5_aigibench_midjourney/ai_generated/image_2523.png,1,ai_generated,aigibench_midjourney_v6_external,external_test
data/raw/e5_aigibench_midjourney/ai_generated/image_184.png,1,ai_generated,aigibench_midjourney_v6_external,external_test
data/raw/e5_aigibench_midjourney/ai_generated/image_471.png,1,ai_generated,aigibench_midjourney_v6_external,external_test
data/raw/e5_aigibench_midjourney/ai_generated/image_121.png,1,ai_generated,aigibench_midjourney_v6_external,external_test
data/raw/e5_aigibench_midjourney/ai_generated/image_2602.png,1,ai_generated,aigibench_midjourney_v6_external,external_test
data/raw/e5_aigibench_midjourney/ai_generated/image_1871.png,1,ai_generated,aigibench_midjourney_v6_external,external_test
data/raw/e5_aigibench_midjourney/ai_generated/image_866.png,1,ai_generated,aigibench_midjourney_v6_external,external_test
data/raw/e5_aigibench_midjourney/ai_generated/image_327.png,1,ai_generated,aigibench_midjourney_v6_external,external_test
data/raw/e5_aigibench_midjourney/ai_generated/image_2929.png,1,ai_generated,aigibench_midjourney_v6_external,external_test
data/raw/e5_aigibench_midjourney/ai_generated/image_1774.png,1,ai_generated,aigibench_midjourney_v6_external,external_test
data/raw/e5_aigibench_midjourney/ai_generated/image_288.png,1,ai_generated,aigibench_midjourney_v6_external,external_test
data/raw/e5_aigibench_midjourney/ai_generated/image_32.png,1,ai_generated,aigibench_midjourney_v6_external,external_test
data/raw/e5_aigibench_midjourney/ai_generated/image_178.png,1,ai_generated,aigibench_midjourney_v6_external,external_test
data/raw/e5_aigibench_midjourney/ai_generated/image_2757.png,1,ai_generated,aigibench_midjourney_v6_external,external_test
data/raw/e5_aigibench_midjourney/ai_generated/image_933.png,1,ai_generated,aigibench_midjourney_v6_external,external_test
data/raw/e5_aigibench_midjourney/ai_generated/image_2383.png,1,ai_generated,aigibench_midjourney_v6_external,external_test
data/raw/e5_aigibench_midjourney/ai_generated/image_2759.png,1,ai_generated,aigibench_midjourney_v6_external,external_test
data/raw/e5_aigibench_midjourney/ai_generated/image_1435.png,1,ai_generated,aigibench_midjourney_v6_external,external_test
data/raw/e5_aigibench_midjourney/ai_generated/image_1293.png,1,ai_generated,aigibench_midjourney_v6_external,external_test
data/raw/e5_aigibench_midjourney/ai_generated/image_1215.png,1,ai_generated,aigibench_midjourney_v6_external,external_test
data/raw/e5_aigibench_midjourney/ai_generated/image_2754.png,1,ai_generated,aigibench_midjourney_v6_external,external_test
data/raw/e5_aigibench_midjourney/ai_generated/image_973.png,1,ai_generated,aigibench_midjourney_v6_external,external_test
data/raw/e5_aigibench_midjourney/ai_generated/image_1313.png,1,ai_generated,aigibench_midjourney_v6_external,external_test
data/raw/e5_aigibench_midjourney/ai_generated/image_1585.png,1,ai_generated,aigibench_midjourney_v6_external,external_test
data/raw/e5_aigibench_midjourney/ai_generated/image_2901.png,1,ai_generated,aigibench_midjourney_v6_external,external_test
data/raw/e5_aigibench_midjourney/ai_generated/image_2728.png,1,ai_generated,aigibench_midjourney_v6_external,external_test
data/raw/e5_aigibench_midjourney/ai_generated/image_1097.png,1,ai_generated,aigibench_midjourney_v6_external,external_test
data/raw/e5_aigibench_midjourney/ai_generated/image_1016.png,1,ai_generated,aigibench_midjourney_v6_external,external_test
data/raw/e5_aigibench_midjourney/ai_generated/image_306.png,1,ai_generated,aigibench_midjourney_v6_external,external_test
data/raw/e5_aigibench_midjourney/ai_generated/image_450.png,1,ai_generated,aigibench_midjourney_v6_external,external_test
data/raw/e5_aigibench_midjourney/ai_generated/image_2755.png,1,ai_generated,aigibench_midjourney_v6_external,external_test
data/raw/e5_aigibench_midjourney/ai_generated/image_1950.png,1,ai_generated,aigibench_midjourney_v6_external,external_test
data/raw/e5_aigibench_midjourney/ai_generated/image_1450.png,1,ai_generated,aigibench_midjourney_v6_external,external_test
data/raw/e5_aigibench_midjourney/ai_generated/image_1519.png,1,ai_generated,aigibench_midjourney_v6_external,external_test
data/raw/e5_aigibench_midjourney/ai_generated/image_362.png,1,ai_generated,aigibench_midjourney_v6_external,external_test
data/raw/e5_aigibench_midjourney/ai_generated/image_395.png,1,ai_generated,aigibench_midjourney_v6_external,external_test
data/raw/e5_aigibench_midjourney/ai_generated/image_923.png,1,ai_generated,aigibench_midjourney_v6_external,external_test
data/raw/e5_aigibench_midjourney/ai_generated/image_1028.png,1,ai_generated,aigibench_midjourney_v6_external,external_test
data/raw/e5_aigibench_midjourney/ai_generated/image_1400.png,1,ai_generated,aigibench_midjourney_v6_external,external_test
data/raw/e5_aigibench_midjourney/ai_generated/image_1858.png,1,ai_generated,aigibench_midjourney_v6_external,external_test
data/raw/e5_aigibench_midjourney/ai_generated/image_386.png,1,ai_generated,aigibench_midjourney_v6_external,external_test
data/raw/e5_aigibench_midjourney/ai_generated/image_2546.png,1,ai_generated,aigibench_midjourney_v6_external,external_test
data/raw/e5_aigibench_midjourney/ai_generated/image_218.png,1,ai_generated,aigibench_midjourney_v6_external,external_test
data/raw/e5_aigibench_midjourney/ai_generated/image_2684.png,1,ai_generated,aigibench_midjourney_v6_external,external_test
data/raw/e5_aigibench_midjourney/ai_generated/image_2312.png,1,ai_generated,aigibench_midjourney_v6_external,external_test
data/raw/e5_aigibench_midjourney/ai_generated/image_2190.png,1,ai_generated,aigibench_midjourney_v6_external,external_test
data/raw/e5_aigibench_midjourney/ai_generated/image_2716.png,1,ai_generated,aigibench_midjourney_v6_external,external_test
data/raw/e5_aigibench_midjourney/ai_generated/image_2577.png,1,ai_generated,aigibench_midjourney_v6_external,external_test
data/raw/e5_aigibench_midjourney/ai_generated/image_26.png,1,ai_generated,aigibench_midjourney_v6_external,external_test
data/raw/e5_aigibench_midjourney/ai_generated/image_1296.png,1,ai_generated,aigibench_midjourney_v6_external,external_test
data/raw/e5_aigibench_midjourney/ai_generated/image_1201.png,1,ai_generated,aigibench_midjourney_v6_external,external_test
data/raw/e5_aigibench_midjourney/ai_generated/image_2449.png,1,ai_generated,aigibench_midjourney_v6_external,external_test
data/raw/e5_aigibench_midjourney/ai_generated/image_918.png,1,ai_generated,aigibench_midjourney_v6_external,external_test
data/raw/e5_aigibench_midjourney/ai_generated/image_654.png,1,ai_generated,aigibench_midjourney_v6_external,external_test
data/raw/e5_aigibench_midjourney/ai_generated/image_1470.png,1,ai_generated,aigibench_midjourney_v6_external,external_test
data/raw/e5_aigibench_midjourney/ai_generated/image_1625.png,1,ai_generated,aigibench_midjourney_v6_external,external_test
data/raw/e5_aigibench_midjourney/ai_generated/image_1619.png,1,ai_generated,aigibench_midjourney_v6_external,external_test
data/raw/e5_aigibench_midjourney/ai_generated/image_179.png,1,ai_generated,aigibench_midjourney_v6_external,external_test
data/raw/e5_aigibench_midjourney/ai_generated/image_773.png,1,ai_generated,aigibench_midjourney_v6_external,external_test
data/raw/e5_aigibench_midjourney/ai_generated/image_1670.png,1,ai_generated,aigibench_midjourney_v6_external,external_test
data/raw/e5_aigibench_midjourney/ai_generated/image_2743.png,1,ai_generated,aigibench_midjourney_v6_external,external_test
data/raw/e5_aigibench_midjourney/ai_generated/image_2564.png,1,ai_generated,aigibench_midjourney_v6_external,external_test
data/raw/e5_aigibench_midjourney/ai_generated/image_1062.png,1,ai_generated,aigibench_midjourney_v6_external,external_test
data/raw/e5_aigibench_midjourney/ai_generated/image_1098.png,1,ai_generated,aigibench_midjourney_v6_external,external_test
data/raw/e5_aigibench_midjourney/ai_generated/image_774.png,1,ai_generated,aigibench_midjourney_v6_external,external_test
data/raw/e5_aigibench_midjourney/ai_generated/image_267.png,1,ai_generated,aigibench_midjourney_v6_external,external_test
data/raw/e5_aigibench_midjourney/ai_generated/image_1821.png,1,ai_generated,aigibench_midjourney_v6_external,external_test
data/raw/e5_aigibench_midjourney/ai_generated/image_337.png,1,ai_generated,aigibench_midjourney_v6_external,external_test
data/raw/e5_aigibench_midjourney/ai_generated/image_584.png,1,ai_generated,aigibench_midjourney_v6_external,external_test
data/raw/e5_aigibench_midjourney/ai_generated/image_1620.png,1,ai_generated,aigibench_midjourney_v6_external,external_test
data/raw/e5_aigibench_midjourney/ai_generated/image_793.png,1,ai_generated,aigibench_midjourney_v6_external,external_test
data/raw/e5_aigibench_midjourney/ai_generated/image_1595.png,1,ai_generated,aigibench_midjourney_v6_external,external_test
data/raw/e5_aigibench_midjourney/ai_generated/image_1158.png,1,ai_generated,aigibench_midjourney_v6_external,external_test
data/raw/e5_aigibench_midjourney/ai_generated/image_2398.png,1,ai_generated,aigibench_midjourney_v6_external,external_test
data/raw/e5_aigibench_midjourney/ai_generated/image_995.png,1,ai_generated,aigibench_midjourney_v6_external,external_test
data/raw/e5_aigibench_midjourney/ai_generated/image_1587.png,1,ai_generated,aigibench_midjourney_v6_external,external_test
data/raw/e5_aigibench_midjourney/ai_generated/image_1678.png,1,ai_generated,aigibench_midjourney_v6_external,external_test
data/raw/e5_aigibench_midjourney/ai_generated/image_1847.png,1,ai_generated,aigibench_midjourney_v6_external,external_test
data/raw/e5_aigibench_midjourney/ai_generated/image_2349.png,1,ai_generated,aigibench_midjourney_v6_external,external_test
data/raw/e5_aigibench_midjourney/ai_generated/image_807.png,1,ai_generated,aigibench_midjourney_v6_external,external_test
data/raw/e5_aigibench_midjourney/ai_generated/image_2989.png,1,ai_generated,aigibench_midjourney_v6_external,external_test
data/raw/e5_aigibench_midjourney/ai_generated/image_2832.png,1,ai_generated,aigibench_midjourney_v6_external,external_test
data/raw/e5_aigibench_midjourney/ai_generated/image_491.png,1,ai_generated,aigibench_midjourney_v6_external,external_test
data/raw/e5_aigibench_midjourney/ai_generated/image_2565.png,1,ai_generated,aigibench_midjourney_v6_external,external_test
data/raw/e5_aigibench_midjourney/ai_generated/image_1221.png,1,ai_generated,aigibench_midjourney_v6_external,external_test
data/raw/e5_aigibench_midjourney/ai_generated/image_1699.png,1,ai_generated,aigibench_midjourney_v6_external,external_test
data/raw/e5_aigibench_midjourney/ai_generated/image_2178.png,1,ai_generated,aigibench_midjourney_v6_external,external_test
data/raw/e5_aigibench_midjourney/ai_generated/image_2889.png,1,ai_generated,aigibench_midjourney_v6_external,external_test
data/raw/e5_aigibench_midjourney/ai_generated/image_2951.png,1,ai_generated,aigibench_midjourney_v6_external,external_test
data/raw/e5_aigibench_midjourney/ai_generated/image_246.png,1,ai_generated,aigibench_midjourney_v6_external,external_test
data/raw/e5_aigibench_midjourney/ai_generated/image_1820.png,1,ai_generated,aigibench_midjourney_v6_external,external_test
data/raw/e5_aigibench_midjourney/ai_generated/image_2843.png,1,ai_generated,aigibench_midjourney_v6_external,external_test
data/raw/e5_aigibench_midjourney/ai_generated/image_2902.png,1,ai_generated,aigibench_midjourney_v6_external,external_test
data/raw/e5_aigibench_midjourney/ai_generated/image_842.png,1,ai_generated,aigibench_midjourney_v6_external,external_test
data/raw/e5_aigibench_midjourney/ai_generated/image_418.png,1,ai_generated,aigibench_midjourney_v6_external,external_test
data/raw/e5_aigibench_midjourney/ai_generated/image_1557.png,1,ai_generated,aigibench_midjourney_v6_external,external_test
data/raw/e5_aigibench_midjourney/ai_generated/image_855.png,1,ai_generated,aigibench_midjourney_v6_external,external_test
data/raw/e5_aigibench_midjourney/ai_generated/image_2821.png,1,ai_generated,aigibench_midjourney_v6_external,external_test
data/raw/e5_aigibench_midjourney/ai_generated/image_221.png,1,ai_generated,aigibench_midjourney_v6_external,external_test
data/raw/e5_aigibench_midjourney/ai_generated/image_970.png,1,ai_generated,aigibench_midjourney_v6_external,external_test
data/raw/e5_aigibench_midjourney/ai_generated/image_1864.png,1,ai_generated,aigibench_midjourney_v6_external,external_test
data/raw/e5_aigibench_midjourney/ai_generated/image_27.png,1,ai_generated,aigibench_midjourney_v6_external,external_test
data/raw/e5_aigibench_midjourney/ai_generated/image_2993.png,1,ai_generated,aigibench_midjourney_v6_external,external_test
data/raw/e5_aigibench_midjourney/ai_generated/image_454.png,1,ai_generated,aigibench_midjourney_v6_external,external_test
data/raw/e5_aigibench_midjourney/ai_generated/image_983.png,1,ai_generated,aigibench_midjourney_v6_external,external_test
data/raw/e5_aigibench_midjourney/ai_generated/image_1918.png,1,ai_generated,aigibench_midjourney_v6_external,external_test
data/raw/e5_aigibench_midjourney/ai_generated/image_1875.png,1,ai_generated,aigibench_midjourney_v6_external,external_test
data/raw/e5_aigibench_midjourney/ai_generated/image_780.png,1,ai_generated,aigibench_midjourney_v6_external,external_test
data/raw/e5_aigibench_midjourney/ai_generated/image_597.png,1,ai_generated,aigibench_midjourney_v6_external,external_test
data/raw/e5_aigibench_midjourney/ai_generated/image_270.png,1,ai_generated,aigibench_midjourney_v6_external,external_test
data/raw/e5_aigibench_midjourney/ai_generated/image_83.png,1,ai_generated,aigibench_midjourney_v6_external,external_test
data/raw/e5_aigibench_midjourney/ai_generated/image_1516.png,1,ai_generated,aigibench_midjourney_v6_external,external_test
data/raw/e5_aigibench_midjourney/ai_generated/image_560.png,1,ai_generated,aigibench_midjourney_v6_external,external_test
data/raw/e5_aigibench_midjourney/ai_generated/image_2856.png,1,ai_generated,aigibench_midjourney_v6_external,external_test
data/raw/e5_aigibench_midjourney/ai_generated/image_1079.png,1,ai_generated,aigibench_midjourney_v6_external,external_test
data/raw/e5_aigibench_midjourney/ai_generated/image_189.png,1,ai_generated,aigibench_midjourney_v6_external,external_test
data/raw/e5_aigibench_midjourney/ai_generated/image_35.png,1,ai_generated,aigibench_midjourney_v6_external,external_test
data/raw/e5_aigibench_midjourney/ai_generated/image_2594.png,1,ai_generated,aigibench_midjourney_v6_external,external_test
data/raw/e5_aigibench_midjourney/ai_generated/image_2437.png,1,ai_generated,aigibench_midjourney_v6_external,external_test
data/raw/e5_aigibench_midjourney/ai_generated/image_170.png,1,ai_generated,aigibench_midjourney_v6_external,external_test
data/raw/e5_aigibench_midjourney/ai_generated/image_1360.png,1,ai_generated,aigibench_midjourney_v6_external,external_test
data/raw/e5_aigibench_midjourney/ai_generated/image_2597.png,1,ai_generated,aigibench_midjourney_v6_external,external_test
data/raw/e5_aigibench_midjourney/ai_generated/image_892.png,1,ai_generated,aigibench_midjourney_v6_external,external_test
data/raw/e5_aigibench_midjourney/ai_generated/image_1746.png,1,ai_generated,aigibench_midjourney_v6_external,external_test
data/raw/e5_aigibench_midjourney/ai_generated/image_212.png,1,ai_generated,aigibench_midjourney_v6_external,external_test
data/raw/e5_aigibench_midjourney/ai_generated/image_2056.png,1,ai_generated,aigibench_midjourney_v6_external,external_test
data/raw/e5_aigibench_midjourney/ai_generated/image_2943.png,1,ai_generated,aigibench_midjourney_v6_external,external_test
data/raw/e5_aigibench_midjourney/ai_generated/image_2499.png,1,ai_generated,aigibench_midjourney_v6_external,external_test
data/raw/e5_aigibench_midjourney/ai_generated/image_2299.png,1,ai_generated,aigibench_midjourney_v6_external,external_test
data/raw/e5_aigibench_midjourney/ai_generated/image_1931.png,1,ai_generated,aigibench_midjourney_v6_external,external_test
data/raw/e5_aigibench_midjourney/ai_generated/image_2416.png,1,ai_generated,aigibench_midjourney_v6_external,external_test
data/raw/e5_aigibench_midjourney/ai_generated/image_1998.png,1,ai_generated,aigibench_midjourney_v6_external,external_test
data/raw/e5_aigibench_midjourney/ai_generated/image_568.png,1,ai_generated,aigibench_midjourney_v6_external,external_test
data/raw/e5_aigibench_midjourney/ai_generated/image_836.png,1,ai_generated,aigibench_midjourney_v6_external,external_test
data/raw/e5_aigibench_midjourney/ai_generated/image_574.png,1,ai_generated,aigibench_midjourney_v6_external,external_test
data/raw/e5_aigibench_midjourney/ai_generated/image_1200.png,1,ai_generated,aigibench_midjourney_v6_external,external_test
data/raw/e5_aigibench_midjourney/ai_generated/image_2287.png,1,ai_generated,aigibench_midjourney_v6_external,external_test
data/raw/e5_aigibench_midjourney/ai_generated/image_235.png,1,ai_generated,aigibench_midjourney_v6_external,external_test
data/raw/e5_aigibench_midjourney/ai_generated/image_556.png,1,ai_generated,aigibench_midjourney_v6_external,external_test
data/raw/e5_aigibench_midjourney/ai_generated/image_406.png,1,ai_generated,aigibench_midjourney_v6_external,external_test
data/raw/e5_aigibench_midjourney/ai_generated/image_760.png,1,ai_generated,aigibench_midjourney_v6_external,external_test
data/raw/e5_aigibench_midjourney/ai_generated/image_1465.png,1,ai_generated,aigibench_midjourney_v6_external,external_test
data/raw/e5_aigibench_midjourney/ai_generated/image_1766.png,1,ai_generated,aigibench_midjourney_v6_external,external_test
data/raw/e5_aigibench_midjourney/ai_generated/image_1055.png,1,ai_generated,aigibench_midjourney_v6_external,external_test
data/raw/e5_aigibench_midjourney/ai_generated/image_883.png,1,ai_generated,aigibench_midjourney_v6_external,external_test
data/raw/e5_aigibench_midjourney/ai_generated/image_1992.png,1,ai_generated,aigibench_midjourney_v6_external,external_test
data/raw/e5_aigibench_midjourney/ai_generated/image_87.png,1,ai_generated,aigibench_midjourney_v6_external,external_test
data/raw/e5_aigibench_midjourney/ai_generated/image_1072.png,1,ai_generated,aigibench_midjourney_v6_external,external_test
data/raw/e5_aigibench_midjourney/ai_generated/image_2864.png,1,ai_generated,aigibench_midjourney_v6_external,external_test
data/raw/e5_aigibench_midjourney/ai_generated/image_426.png,1,ai_generated,aigibench_midjourney_v6_external,external_test
data/raw/e5_aigibench_midjourney/ai_generated/image_541.png,1,ai_generated,aigibench_midjourney_v6_external,external_test
data/raw/e5_aigibench_midjourney/ai_generated/image_2054.png,1,ai_generated,aigibench_midjourney_v6_external,external_test
data/raw/e5_aigibench_midjourney/ai_generated/image_214.png,1,ai_generated,aigibench_midjourney_v6_external,external_test
data/raw/e5_aigibench_midjourney/ai_generated/image_390.png,1,ai_generated,aigibench_midjourney_v6_external,external_test
data/raw/e5_aigibench_midjourney/ai_generated/image_1048.png,1,ai_generated,aigibench_midjourney_v6_external,external_test
data/raw/e5_aigibench_midjourney/ai_generated/image_483.png,1,ai_generated,aigibench_midjourney_v6_external,external_test
data/raw/e5_aigibench_midjourney/ai_generated/image_2928.png,1,ai_generated,aigibench_midjourney_v6_external,external_test
data/raw/e5_aigibench_midjourney/ai_generated/image_610.png,1,ai_generated,aigibench_midjourney_v6_external,external_test
data/raw/e5_aigibench_midjourney/ai_generated/image_2517.png,1,ai_generated,aigibench_midjourney_v6_external,external_test
data/raw/e5_aigibench_midjourney/ai_generated/image_305.png,1,ai_generated,aigibench_midjourney_v6_external,external_test
data/raw/e5_aigibench_midjourney/ai_generated/image_1162.png,1,ai_generated,aigibench_midjourney_v6_external,external_test
data/raw/e5_aigibench_midjourney/ai_generated/image_526.png,1,ai_generated,aigibench_midjourney_v6_external,external_test
data/raw/e5_aigibench_midjourney/ai_generated/image_389.png,1,ai_generated,aigibench_midjourney_v6_external,external_test
data/raw/e5_aigibench_midjourney/ai_generated/image_982.png,1,ai_generated,aigibench_midjourney_v6_external,external_test
data/raw/e5_aigibench_midjourney/ai_generated/image_1391.png,1,ai_generated,aigibench_midjourney_v6_external,external_test
data/raw/e5_aigibench_midjourney/ai_generated/image_1199.png,1,ai_generated,aigibench_midjourney_v6_external,external_test
data/raw/e5_aigibench_midjourney/ai_generated/image_1341.png,1,ai_generated,aigibench_midjourney_v6_external,external_test
data/raw/e5_aigibench_midjourney/ai_generated/image_1088.png,1,ai_generated,aigibench_midjourney_v6_external,external_test
data/raw/e5_aigibench_midjourney/ai_generated/image_1524.png,1,ai_generated,aigibench_midjourney_v6_external,external_test
data/raw/e5_aigibench_midjourney/ai_generated/image_1942.png,1,ai_generated,aigibench_midjourney_v6_external,external_test
data/raw/e5_aigibench_midjourney/ai_generated/image_529.png,1,ai_generated,aigibench_midjourney_v6_external,external_test
data/raw/e5_aigibench_midjourney/ai_generated/image_5.png,1,ai_generated,aigibench_midjourney_v6_external,external_test
data/raw/e5_aigibench_midjourney/ai_generated/image_185.png,1,ai_generated,aigibench_midjourney_v6_external,external_test
data/raw/e5_aigibench_midjourney/ai_generated/image_2614.png,1,ai_generated,aigibench_midjourney_v6_external,external_test
data/raw/e5_aigibench_midjourney/ai_generated/image_2116.png,1,ai_generated,aigibench_midjourney_v6_external,external_test
data/raw/e5_aigibench_midjourney/ai_generated/image_126.png,1,ai_generated,aigibench_midjourney_v6_external,external_test
data/raw/e5_aigibench_midjourney/ai_generated/image_1463.png,1,ai_generated,aigibench_midjourney_v6_external,external_test
data/raw/e5_aigibench_midjourney/ai_generated/image_2030.png,1,ai_generated,aigibench_midjourney_v6_external,external_test
data/raw/e5_aigibench_midjourney/ai_generated/image_1808.png,1,ai_generated,aigibench_midjourney_v6_external,external_test
data/raw/e5_aigibench_midjourney/ai_generated/image_878.png,1,ai_generated,aigibench_midjourney_v6_external,external_test
data/raw/e5_aigibench_midjourney/ai_generated/image_2625.png,1,ai_generated,aigibench_midjourney_v6_external,external_test
data/raw/e5_aigibench_midjourney/ai_generated/image_175.png,1,ai_generated,aigibench_midjourney_v6_external,external_test
data/raw/e5_aigibench_midjourney/ai_generated/image_1727.png,1,ai_generated,aigibench_midjourney_v6_external,external_test
data/raw/e5_aigibench_midjourney/ai_generated/image_1952.png,1,ai_generated,aigibench_midjourney_v6_external,external_test
data/raw/e5_aigibench_midjourney/ai_generated/image_1951.png,1,ai_generated,aigibench_midjourney_v6_external,external_test
data/raw/e5_aigibench_midjourney/ai_generated/image_534.png,1,ai_generated,aigibench_midjourney_v6_external,external_test
data/raw/e5_aigibench_midjourney/ai_generated/image_1713.png,1,ai_generated,aigibench_midjourney_v6_external,external_test
data/raw/e5_aigibench_midjourney/ai_generated/image_1926.png,1,ai_generated,aigibench_midjourney_v6_external,external_test
data/raw/e5_aigibench_midjourney/ai_generated/image_2028.png,1,ai_generated,aigibench_midjourney_v6_external,external_test
data/raw/e5_aigibench_midjourney/ai_generated/image_2730.png,1,ai_generated,aigibench_midjourney_v6_external,external_test
data/raw/e5_aigibench_midjourney/ai_generated/image_1401.png,1,ai_generated,aigibench_midjourney_v6_external,external_test
data/raw/e5_aigibench_midjourney/ai_generated/image_1558.png,1,ai_generated,aigibench_midjourney_v6_external,external_test
data/raw/e5_aigibench_midjourney/ai_generated/image_2737.png,1,ai_generated,aigibench_midjourney_v6_external,external_test
data/raw/e5_aigibench_midjourney/ai_generated/image_1491.png,1,ai_generated,aigibench_midjourney_v6_external,external_test
data/raw/e5_aigibench_midjourney/ai_generated/image_2203.png,1,ai_generated,aigibench_midjourney_v6_external,external_test
data/raw/e5_aigibench_midjourney/ai_generated/image_28.png,1,ai_generated,aigibench_midjourney_v6_external,external_test
data/raw/e5_aigibench_midjourney/ai_generated/image_663.png,1,ai_generated,aigibench_midjourney_v6_external,external_test
data/raw/e5_aigibench_midjourney/ai_generated/image_1499.png,1,ai_generated,aigibench_midjourney_v6_external,external_test
data/raw/e5_aigibench_midjourney/ai_generated/image_938.png,1,ai_generated,aigibench_midjourney_v6_external,external_test
data/raw/e5_aigibench_midjourney/ai_generated/image_345.png,1,ai_generated,aigibench_midjourney_v6_external,external_test
data/raw/e5_aigibench_midjourney/ai_generated/image_1729.png,1,ai_generated,aigibench_midjourney_v6_external,external_test
data/raw/e5_aigibench_midjourney/ai_generated/image_2458.png,1,ai_generated,aigibench_midjourney_v6_external,external_test
data/raw/e5_aigibench_midjourney/ai_generated/image_1094.png,1,ai_generated,aigibench_midjourney_v6_external,external_test
data/raw/e5_aigibench_midjourney/ai_generated/image_909.png,1,ai_generated,aigibench_midjourney_v6_external,external_test
data/raw/e5_aigibench_midjourney/ai_generated/image_2786.png,1,ai_generated,aigibench_midjourney_v6_external,external_test
data/raw/e5_aigibench_midjourney/ai_generated/image_2709.png,1,ai_generated,aigibench_midjourney_v6_external,external_test
data/raw/e5_aigibench_midjourney/ai_generated/image_2129.png,1,ai_generated,aigibench_midjourney_v6_external,external_test
data/raw/e5_aigibench_midjourney/ai_generated/image_1853.png,1,ai_generated,aigibench_midjourney_v6_external,external_test
data/raw/e5_aigibench_midjourney/ai_generated/image_1728.png,1,ai_generated,aigibench_midjourney_v6_external,external_test
data/raw/e5_aigibench_midjourney/ai_generated/image_2829.png,1,ai_generated,aigibench_midjourney_v6_external,external_test
data/raw/e5_aigibench_midjourney/ai_generated/image_2252.png,1,ai_generated,aigibench_midjourney_v6_external,external_test
data/raw/e5_aigibench_midjourney/ai_generated/image_988.png,1,ai_generated,aigibench_midjourney_v6_external,external_test
data/raw/e5_aigibench_midjourney/ai_generated/image_1230.png,1,ai_generated,aigibench_midjourney_v6_external,external_test
data/raw/e5_aigibench_midjourney/ai_generated/image_139.png,1,ai_generated,aigibench_midjourney_v6_external,external_test
data/raw/e5_aigibench_midjourney/ai_generated/image_1956.png,1,ai_generated,aigibench_midjourney_v6_external,external_test
data/raw/e5_aigibench_midjourney/ai_generated/image_1364.png,1,ai_generated,aigibench_midjourney_v6_external,external_test
data/raw/e5_aigibench_midjourney/ai_generated/image_2164.png,1,ai_generated,aigibench_midjourney_v6_external,external_test
data/raw/e5_aigibench_midjourney/ai_generated/image_361.png,1,ai_generated,aigibench_midjourney_v6_external,external_test
data/raw/e5_aigibench_midjourney/ai_generated/image_2811.png,1,ai_generated,aigibench_midjourney_v6_external,external_test
data/raw/e5_aigibench_midjourney/ai_generated/image_2039.png,1,ai_generated,aigibench_midjourney_v6_external,external_test
data/raw/e5_aigibench_midjourney/ai_generated/image_1441.png,1,ai_generated,aigibench_midjourney_v6_external,external_test
data/raw/e5_aigibench_midjourney/ai_generated/image_1458.png,1,ai_generated,aigibench_midjourney_v6_external,external_test
data/raw/e5_aigibench_midjourney/ai_generated/image_2038.png,1,ai_generated,aigibench_midjourney_v6_external,external_test
data/raw/e5_aigibench_midjourney/ai_generated/image_2256.png,1,ai_generated,aigibench_midjourney_v6_external,external_test
data/raw/e5_aigibench_midjourney/ai_generated/image_1370.png,1,ai_generated,aigibench_midjourney_v6_external,external_test
data/raw/e5_aigibench_midjourney/ai_generated/image_1089.png,1,ai_generated,aigibench_midjourney_v6_external,external_test
data/raw/e5_aigibench_midjourney/ai_generated/image_21.png,1,ai_generated,aigibench_midjourney_v6_external,external_test
data/raw/e5_aigibench_midjourney/ai_generated/image_956.png,1,ai_generated,aigibench_midjourney_v6_external,external_test
data/raw/e5_aigibench_midjourney/ai_generated/image_338.png,1,ai_generated,aigibench_midjourney_v6_external,external_test
data/raw/e5_aigibench_midjourney/ai_generated/image_1091.png,1,ai_generated,aigibench_midjourney_v6_external,external_test
data/raw/e5_aigibench_midjourney/ai_generated/image_2814.png,1,ai_generated,aigibench_midjourney_v6_external,external_test
data/raw/e5_aigibench_midjourney/ai_generated/image_1741.png,1,ai_generated,aigibench_midjourney_v6_external,external_test
data/raw/e5_aigibench_midjourney/ai_generated/image_1752.png,1,ai_generated,aigibench_midjourney_v6_external,external_test
data/raw/e5_aigibench_midjourney/ai_generated/image_955.png,1,ai_generated,aigibench_midjourney_v6_external,external_test
data/raw/e5_aigibench_midjourney/ai_generated/image_2707.png,1,ai_generated,aigibench_midjourney_v6_external,external_test
data/raw/e5_aigibench_midjourney/ai_generated/image_1371.png,1,ai_generated,aigibench_midjourney_v6_external,external_test
data/raw/e5_aigibench_midjourney/ai_generated/image_1652.png,1,ai_generated,aigibench_midjourney_v6_external,external_test
data/raw/e5_aigibench_midjourney/ai_generated/image_514.png,1,ai_generated,aigibench_midjourney_v6_external,external_test
data/raw/e5_aigibench_midjourney/ai_generated/image_1760.png,1,ai_generated,aigibench_midjourney_v6_external,external_test
data/raw/e5_aigibench_midjourney/ai_generated/image_1214.png,1,ai_generated,aigibench_midjourney_v6_external,external_test
data/raw/e5_aigibench_midjourney/ai_generated/image_614.png,1,ai_generated,aigibench_midjourney_v6_external,external_test
data/raw/e5_aigibench_midjourney/ai_generated/image_1356.png,1,ai_generated,aigibench_midjourney_v6_external,external_test
data/raw/e5_aigibench_midjourney/ai_generated/image_1392.png,1,ai_generated,aigibench_midjourney_v6_external,external_test
data/raw/e5_aigibench_midjourney/ai_generated/image_2748.png,1,ai_generated,aigibench_midjourney_v6_external,external_test
data/raw/e5_aigibench_midjourney/ai_generated/image_2406.png,1,ai_generated,aigibench_midjourney_v6_external,external_test
data/raw/e5_aigibench_midjourney/ai_generated/image_319.png,1,ai_generated,aigibench_midjourney_v6_external,external_test
data/raw/e5_aigibench_midjourney/ai_generated/image_767.png,1,ai_generated,aigibench_midjourney_v6_external,external_test
data/raw/e5_aigibench_midjourney/ai_generated/image_2693.png,1,ai_generated,aigibench_midjourney_v6_external,external_test
data/raw/e5_aigibench_midjourney/ai_generated/image_2890.png,1,ai_generated,aigibench_midjourney_v6_external,external_test
data/raw/e5_aigibench_midjourney/ai_generated/image_2903.png,1,ai_generated,aigibench_midjourney_v6_external,external_test
data/raw/e5_aigibench_midjourney/ai_generated/image_2626.png,1,ai_generated,aigibench_midjourney_v6_external,external_test
data/raw/e5_aigibench_midjourney/ai_generated/image_2800.png,1,ai_generated,aigibench_midjourney_v6_external,external_test
data/raw/e5_aigibench_midjourney/ai_generated/image_993.png,1,ai_generated,aigibench_midjourney_v6_external,external_test
data/raw/e5_aigibench_midjourney/ai_generated/image_1448.png,1,ai_generated,aigibench_midjourney_v6_external,external_test
data/raw/e5_aigibench_midjourney/ai_generated/image_1611.png,1,ai_generated,aigibench_midjourney_v6_external,external_test
data/raw/e5_aigibench_midjourney/ai_generated/image_733.png,1,ai_generated,aigibench_midjourney_v6_external,external_test
data/raw/e5_aigibench_midjourney/ai_generated/image_2086.png,1,ai_generated,aigibench_midjourney_v6_external,external_test
data/raw/e5_aigibench_midjourney/ai_generated/image_869.png,1,ai_generated,aigibench_midjourney_v6_external,external_test
data/raw/e5_aigibench_midjourney/ai_generated/image_2104.png,1,ai_generated,aigibench_midjourney_v6_external,external_test
data/raw/e5_aigibench_midjourney/ai_generated/image_501.png,1,ai_generated,aigibench_midjourney_v6_external,external_test
data/raw/e5_aigibench_midjourney/ai_generated/image_1878.png,1,ai_generated,aigibench_midjourney_v6_external,external_test
data/raw/e5_aigibench_midjourney/ai_generated/image_1906.png,1,ai_generated,aigibench_midjourney_v6_external,external_test
data/raw/e5_aigibench_midjourney/ai_generated/image_524.png,1,ai_generated,aigibench_midjourney_v6_external,external_test
data/raw/e5_aigibench_midjourney/ai_generated/image_2714.png,1,ai_generated,aigibench_midjourney_v6_external,external_test
data/raw/e5_aigibench_midjourney/ai_generated/image_2504.png,1,ai_generated,aigibench_midjourney_v6_external,external_test
data/raw/e5_aigibench_midjourney/ai_generated/image_937.png,1,ai_generated,aigibench_midjourney_v6_external,external_test
data/raw/e5_aigibench_midjourney/ai_generated/image_2676.png,1,ai_generated,aigibench_midjourney_v6_external,external_test
data/raw/e5_aigibench_midjourney/ai_generated/image_2628.png,1,ai_generated,aigibench_midjourney_v6_external,external_test
data/raw/e5_aigibench_midjourney/ai_generated/image_64.png,1,ai_generated,aigibench_midjourney_v6_external,external_test
data/raw/e5_aigibench_midjourney/ai_generated/image_2798.png,1,ai_generated,aigibench_midjourney_v6_external,external_test
data/raw/e5_aigibench_midjourney/ai_generated/image_1689.png,1,ai_generated,aigibench_midjourney_v6_external,external_test
data/raw/e5_aigibench_midjourney/ai_generated/image_2918.png,1,ai_generated,aigibench_midjourney_v6_external,external_test
data/raw/e5_aigibench_midjourney/ai_generated/image_1494.png,1,ai_generated,aigibench_midjourney_v6_external,external_test
data/raw/e5_aigibench_midjourney/ai_generated/image_1596.png,1,ai_generated,aigibench_midjourney_v6_external,external_test
data/raw/e5_aigibench_midjourney/ai_generated/image_2249.png,1,ai_generated,aigibench_midjourney_v6_external,external_test
data/raw/e5_aigibench_midjourney/ai_generated/image_1182.png,1,ai_generated,aigibench_midjourney_v6_external,external_test
data/raw/e5_aigibench_midjourney/ai_generated/image_502.png,1,ai_generated,aigibench_midjourney_v6_external,external_test
data/raw/e5_aigibench_midjourney/ai_generated/image_509.png,1,ai_generated,aigibench_midjourney_v6_external,external_test
data/raw/e5_aigibench_midjourney/ai_generated/image_538.png,1,ai_generated,aigibench_midjourney_v6_external,external_test
data/raw/e5_aigibench_midjourney/ai_generated/image_596.png,1,ai_generated,aigibench_midjourney_v6_external,external_test
data/raw/e5_aigibench_midjourney/ai_generated/image_635.png,1,ai_generated,aigibench_midjourney_v6_external,external_test
data/raw/e5_aigibench_midjourney/ai_generated/image_258.png,1,ai_generated,aigibench_midjourney_v6_external,external_test
data/raw/e5_aigibench_midjourney/ai_generated/image_2925.png,1,ai_generated,aigibench_midjourney_v6_external,external_test
data/raw/e5_aigibench_midjourney/ai_generated/image_2960.png,1,ai_generated,aigibench_midjourney_v6_external,external_test
data/raw/e5_aigibench_midjourney/ai_generated/image_51.png,1,ai_generated,aigibench_midjourney_v6_external,external_test
data/raw/e5_aigibench_midjourney/ai_generated/image_548.png,1,ai_generated,aigibench_midjourney_v6_external,external_test
data/raw/e5_aigibench_midjourney/ai_generated/image_2242.png,1,ai_generated,aigibench_midjourney_v6_external,external_test
data/raw/e5_aigibench_midjourney/ai_generated/image_2904.png,1,ai_generated,aigibench_midjourney_v6_external,external_test
data/raw/e5_aigibench_midjourney/ai_generated/image_899.png,1,ai_generated,aigibench_midjourney_v6_external,external_test
data/raw/e5_aigibench_midjourney/ai_generated/image_2764.png,1,ai_generated,aigibench_midjourney_v6_external,external_test
data/raw/e5_aigibench_midjourney/ai_generated/image_1644.png,1,ai_generated,aigibench_midjourney_v6_external,external_test
data/raw/e5_aigibench_midjourney/ai_generated/image_1506.png,1,ai_generated,aigibench_midjourney_v6_external,external_test
data/raw/e5_aigibench_midjourney/ai_generated/image_2215.png,1,ai_generated,aigibench_midjourney_v6_external,external_test
data/raw/e5_aigibench_midjourney/ai_generated/image_2448.png,1,ai_generated,aigibench_midjourney_v6_external,external_test
data/raw/e5_aigibench_midjourney/ai_generated/image_533.png,1,ai_generated,aigibench_midjourney_v6_external,external_test
data/raw/e5_aigibench_midjourney/ai_generated/image_2933.png,1,ai_generated,aigibench_midjourney_v6_external,external_test
data/raw/e5_aigibench_midjourney/ai_generated/image_1496.png,1,ai_generated,aigibench_midjourney_v6_external,external_test
data/raw/e5_aigibench_midjourney/ai_generated/image_223.png,1,ai_generated,aigibench_midjourney_v6_external,external_test
data/raw/e5_aigibench_midjourney/ai_generated/image_2338.png,1,ai_generated,aigibench_midjourney_v6_external,external_test
data/raw/e5_aigibench_midjourney/ai_generated/image_2112.png,1,ai_generated,aigibench_midjourney_v6_external,external_test
data/raw/e5_aigibench_midjourney/ai_generated/image_623.png,1,ai_generated,aigibench_midjourney_v6_external,external_test
data/raw/e5_aigibench_midjourney/ai_generated/image_230.png,1,ai_generated,aigibench_midjourney_v6_external,external_test
data/raw/e5_aigibench_midjourney/ai_generated/image_1532.png,1,ai_generated,aigibench_midjourney_v6_external,external_test
data/raw/e5_aigibench_midjourney/ai_generated/image_1775.png,1,ai_generated,aigibench_midjourney_v6_external,external_test
data/raw/e5_aigibench_midjourney/ai_generated/image_775.png,1,ai_generated,aigibench_midjourney_v6_external,external_test
data/raw/e5_aigibench_midjourney/ai_generated/image_1547.png,1,ai_generated,aigibench_midjourney_v6_external,external_test
data/raw/e5_aigibench_midjourney/ai_generated/image_1195.png,1,ai_generated,aigibench_midjourney_v6_external,external_test
data/raw/e5_aigibench_midjourney/ai_generated/image_527.png,1,ai_generated,aigibench_midjourney_v6_external,external_test
data/raw/e5_aigibench_midjourney/ai_generated/image_1405.png,1,ai_generated,aigibench_midjourney_v6_external,external_test
data/raw/e5_aigibench_midjourney/ai_generated/image_2776.png,1,ai_generated,aigibench_midjourney_v6_external,external_test
data/raw/e5_aigibench_midjourney/ai_generated/image_1421.png,1,ai_generated,aigibench_midjourney_v6_external,external_test
data/raw/e5_aigibench_midjourney/ai_generated/image_2245.png,1,ai_generated,aigibench_midjourney_v6_external,external_test
data/raw/e5_aigibench_midjourney/ai_generated/image_2447.png,1,ai_generated,aigibench_midjourney_v6_external,external_test
data/raw/e5_aigibench_midjourney/ai_generated/image_2631.png,1,ai_generated,aigibench_midjourney_v6_external,external_test
data/raw/e5_aigibench_midjourney/ai_generated/image_2064.png,1,ai_generated,aigibench_midjourney_v6_external,external_test
data/raw/e5_aigibench_midjourney/ai_generated/image_1234.png,1,ai_generated,aigibench_midjourney_v6_external,external_test
data/raw/e5_aigibench_midjourney/ai_generated/image_608.png,1,ai_generated,aigibench_midjourney_v6_external,external_test
data/raw/e5_aigibench_midjourney/ai_generated/image_2262.png,1,ai_generated,aigibench_midjourney_v6_external,external_test
data/raw/e5_aigibench_midjourney/ai_generated/image_1187.png,1,ai_generated,aigibench_midjourney_v6_external,external_test
data/raw/e5_aigibench_midjourney/ai_generated/image_2711.png,1,ai_generated,aigibench_midjourney_v6_external,external_test
data/raw/e5_aigibench_midjourney/ai_generated/image_397.png,1,ai_generated,aigibench_midjourney_v6_external,external_test
data/raw/e5_aigibench_midjourney/ai_generated/image_220.png,1,ai_generated,aigibench_midjourney_v6_external,external_test
data/raw/e5_aigibench_midjourney/ai_generated/image_1009.png,1,ai_generated,aigibench_midjourney_v6_external,external_test
data/raw/e5_aigibench_midjourney/ai_generated/image_1139.png,1,ai_generated,aigibench_midjourney_v6_external,external_test
data/raw/e5_aigibench_midjourney/ai_generated/image_1042.png,1,ai_generated,aigibench_midjourney_v6_external,external_test
data/raw/e5_aigibench_midjourney/ai_generated/image_434.png,1,ai_generated,aigibench_midjourney_v6_external,external_test
data/raw/e5_aigibench_midjourney/ai_generated/image_2255.png,1,ai_generated,aigibench_midjourney_v6_external,external_test
data/raw/e5_aigibench_midjourney/ai_generated/image_2808.png,1,ai_generated,aigibench_midjourney_v6_external,external_test
data/raw/e5_aigibench_midjourney/ai_generated/image_1318.png,1,ai_generated,aigibench_midjourney_v6_external,external_test
data/raw/e5_aigibench_midjourney/ai_generated/image_1949.png,1,ai_generated,aigibench_midjourney_v6_external,external_test
data/raw/e5_aigibench_midjourney/ai_generated/image_321.png,1,ai_generated,aigibench_midjourney_v6_external,external_test
data/raw/e5_aigibench_midjourney/ai_generated/image_1845.png,1,ai_generated,aigibench_midjourney_v6_external,external_test
data/raw/e5_aigibench_midjourney/ai_generated/image_498.png,1,ai_generated,aigibench_midjourney_v6_external,external_test
data/raw/e5_aigibench_midjourney/ai_generated/image_1454.png,1,ai_generated,aigibench_midjourney_v6_external,external_test
data/raw/e5_aigibench_midjourney/ai_generated/image_2108.png,1,ai_generated,aigibench_midjourney_v6_external,external_test
data/raw/e5_aigibench_midjourney/ai_generated/image_1384.png,1,ai_generated,aigibench_midjourney_v6_external,external_test
data/raw/e5_aigibench_midjourney/ai_generated/image_431.png,1,ai_generated,aigibench_midjourney_v6_external,external_test
data/raw/e5_aigibench_midjourney/ai_generated/image_335.png,1,ai_generated,aigibench_midjourney_v6_external,external_test
data/raw/e5_aigibench_midjourney/ai_generated/image_1749.png,1,ai_generated,aigibench_midjourney_v6_external,external_test
data/raw/e5_aigibench_midjourney/ai_generated/image_1247.png,1,ai_generated,aigibench_midjourney_v6_external,external_test
data/raw/e5_aigibench_midjourney/ai_generated/image_1726.png,1,ai_generated,aigibench_midjourney_v6_external,external_test
data/raw/e5_aigibench_midjourney/ai_generated/image_2034.png,1,ai_generated,aigibench_midjourney_v6_external,external_test
data/raw/e5_aigibench_midjourney/ai_generated/image_1505.png,1,ai_generated,aigibench_midjourney_v6_external,external_test
data/raw/e5_aigibench_midjourney/ai_generated/image_2284.png,1,ai_generated,aigibench_midjourney_v6_external,external_test
data/raw/e5_aigibench_midjourney/ai_generated/image_642.png,1,ai_generated,aigibench_midjourney_v6_external,external_test
data/raw/e5_aigibench_midjourney/ai_generated/image_1807.png,1,ai_generated,aigibench_midjourney_v6_external,external_test
data/raw/e5_aigibench_midjourney/ai_generated/image_228.png,1,ai_generated,aigibench_midjourney_v6_external,external_test
data/raw/e5_aigibench_midjourney/ai_generated/image_2486.png,1,ai_generated,aigibench_midjourney_v6_external,external_test
data/raw/e5_aigibench_midjourney/ai_generated/image_1696.png,1,ai_generated,aigibench_midjourney_v6_external,external_test
data/raw/e5_aigibench_midjourney/ai_generated/image_629.png,1,ai_generated,aigibench_midjourney_v6_external,external_test
data/raw/e5_aigibench_midjourney/ai_generated/image_1612.png,1,ai_generated,aigibench_midjourney_v6_external,external_test
data/raw/e5_aigibench_midjourney/ai_generated/image_2189.png,1,ai_generated,aigibench_midjourney_v6_external,external_test
data/raw/e5_aigibench_midjourney/ai_generated/image_101.png,1,ai_generated,aigibench_midjourney_v6_external,external_test
data/raw/e5_aigibench_midjourney/ai_generated/image_162.png,1,ai_generated,aigibench_midjourney_v6_external,external_test
data/raw/e5_aigibench_midjourney/ai_generated/image_2967.png,1,ai_generated,aigibench_midjourney_v6_external,external_test
data/raw/e5_aigibench_midjourney/ai_generated/image_1208.png,1,ai_generated,aigibench_midjourney_v6_external,external_test
data/raw/e5_aigibench_midjourney/ai_generated/image_2787.png,1,ai_generated,aigibench_midjourney_v6_external,external_test
data/raw/e5_aigibench_midjourney/ai_generated/image_2500.png,1,ai_generated,aigibench_midjourney_v6_external,external_test
data/raw/e5_aigibench_midjourney/ai_generated/image_915.png,1,ai_generated,aigibench_midjourney_v6_external,external_test
data/raw/e5_aigibench_midjourney/ai_generated/image_2485.png,1,ai_generated,aigibench_midjourney_v6_external,external_test
data/raw/e5_aigibench_midjourney/ai_generated/image_2651.png,1,ai_generated,aigibench_midjourney_v6_external,external_test
data/raw/e5_aigibench_midjourney/ai_generated/image_1001.png,1,ai_generated,aigibench_midjourney_v6_external,external_test
data/raw/e5_aigibench_midjourney/ai_generated/image_1757.png,1,ai_generated,aigibench_midjourney_v6_external,external_test
data/raw/e5_aigibench_midjourney/ai_generated/image_839.png,1,ai_generated,aigibench_midjourney_v6_external,external_test
data/raw/e5_aigibench_midjourney/ai_generated/image_2463.png,1,ai_generated,aigibench_midjourney_v6_external,external_test
data/raw/e5_aigibench_midjourney/ai_generated/image_1004.png,1,ai_generated,aigibench_midjourney_v6_external,external_test
data/raw/e5_aigibench_midjourney/ai_generated/image_555.png,1,ai_generated,aigibench_midjourney_v6_external,external_test
data/raw/e5_aigibench_midjourney/ai_generated/image_1388.png,1,ai_generated,aigibench_midjourney_v6_external,external_test
data/raw/e5_aigibench_midjourney/ai_generated/image_1895.png,1,ai_generated,aigibench_midjourney_v6_external,external_test
data/raw/e5_aigibench_midjourney/ai_generated/image_2661.png,1,ai_generated,aigibench_midjourney_v6_external,external_test
data/raw/e5_aigibench_midjourney/ai_generated/image_1128.png,1,ai_generated,aigibench_midjourney_v6_external,external_test
data/raw/e5_aigibench_midjourney/ai_generated/image_1425.png,1,ai_generated,aigibench_midjourney_v6_external,external_test
data/raw/e5_aigibench_midjourney/ai_generated/image_129.png,1,ai_generated,aigibench_midjourney_v6_external,external_test
data/raw/e5_aigibench_midjourney/ai_generated/image_1571.png,1,ai_generated,aigibench_midjourney_v6_external,external_test
data/raw/e5_aigibench_midjourney/ai_generated/image_1410.png,1,ai_generated,aigibench_midjourney_v6_external,external_test
data/raw/e5_aigibench_midjourney/ai_generated/image_1788.png,1,ai_generated,aigibench_midjourney_v6_external,external_test
data/raw/e5_aigibench_midjourney/ai_generated/image_286.png,1,ai_generated,aigibench_midjourney_v6_external,external_test
data/raw/e5_aigibench_midjourney/ai_generated/image_98.png,1,ai_generated,aigibench_midjourney_v6_external,external_test
data/raw/e5_aigibench_midjourney/ai_generated/image_566.png,1,ai_generated,aigibench_midjourney_v6_external,external_test
data/raw/e5_aigibench_midjourney/ai_generated/image_1175.png,1,ai_generated,aigibench_midjourney_v6_external,external_test
data/raw/e5_aigibench_midjourney/ai_generated/image_2267.png,1,ai_generated,aigibench_midjourney_v6_external,external_test
data/raw/e5_aigibench_midjourney/ai_generated/image_2154.png,1,ai_generated,aigibench_midjourney_v6_external,external_test
data/raw/e5_aigibench_midjourney/ai_generated/image_420.png,1,ai_generated,aigibench_midjourney_v6_external,external_test
data/raw/e5_aigibench_midjourney/ai_generated/image_248.png,1,ai_generated,aigibench_midjourney_v6_external,external_test
data/raw/e5_aigibench_midjourney/ai_generated/image_1153.png,1,ai_generated,aigibench_midjourney_v6_external,external_test
data/raw/e5_aigibench_midjourney/ai_generated/image_2835.png,1,ai_generated,aigibench_midjourney_v6_external,external_test
data/raw/e5_aigibench_midjourney/ai_generated/image_704.png,1,ai_generated,aigibench_midjourney_v6_external,external_test
data/raw/e5_aigibench_midjourney/ai_generated/image_1444.png,1,ai_generated,aigibench_midjourney_v6_external,external_test
data/raw/e5_aigibench_midjourney/ai_generated/image_1316.png,1,ai_generated,aigibench_midjourney_v6_external,external_test
data/raw/e5_aigibench_midjourney/ai_generated/image_1302.png,1,ai_generated,aigibench_midjourney_v6_external,external_test
data/raw/e5_aigibench_midjourney/ai_generated/image_2105.png,1,ai_generated,aigibench_midjourney_v6_external,external_test
data/raw/e5_aigibench_midjourney/ai_generated/image_2586.png,1,ai_generated,aigibench_midjourney_v6_external,external_test
data/raw/e5_aigibench_midjourney/ai_generated/image_1050.png,1,ai_generated,aigibench_midjourney_v6_external,external_test
data/raw/e5_aigibench_midjourney/ai_generated/image_1193.png,1,ai_generated,aigibench_midjourney_v6_external,external_test
data/raw/e5_aigibench_midjourney/ai_generated/image_1357.png,1,ai_generated,aigibench_midjourney_v6_external,external_test
data/raw/e5_aigibench_midjourney/ai_generated/image_580.png,1,ai_generated,aigibench_midjourney_v6_external,external_test
data/raw/e5_aigibench_midjourney/ai_generated/image_581.png,1,ai_generated,aigibench_midjourney_v6_external,external_test
data/raw/e5_aigibench_midjourney/ai_generated/image_404.png,1,ai_generated,aigibench_midjourney_v6_external,external_test
data/raw/e5_aigibench_midjourney/ai_generated/image_671.png,1,ai_generated,aigibench_midjourney_v6_external,external_test
data/raw/e5_aigibench_midjourney/ai_generated/image_1102.png,1,ai_generated,aigibench_midjourney_v6_external,external_test
data/raw/e5_aigibench_midjourney/ai_generated/image_1967.png,1,ai_generated,aigibench_midjourney_v6_external,external_test
data/raw/e5_aigibench_midjourney/ai_generated/image_394.png,1,ai_generated,aigibench_midjourney_v6_external,external_test
data/raw/e5_aigibench_midjourney/ai_generated/image_508.png,1,ai_generated,aigibench_midjourney_v6_external,external_test
data/raw/e5_aigibench_midjourney/ai_generated/image_1653.png,1,ai_generated,aigibench_midjourney_v6_external,external_test
data/raw/e5_aigibench_midjourney/ai_generated/image_2702.png,1,ai_generated,aigibench_midjourney_v6_external,external_test
data/raw/e5_aigibench_midjourney/ai_generated/image_790.png,1,ai_generated,aigibench_midjourney_v6_external,external_test
data/raw/e5_aigibench_midjourney/ai_generated/image_2769.png,1,ai_generated,aigibench_midjourney_v6_external,external_test
data/raw/e5_aigibench_midjourney/ai_generated/image_1716.png,1,ai_generated,aigibench_midjourney_v6_external,external_test
data/raw/e5_aigibench_midjourney/ai_generated/image_1178.png,1,ai_generated,aigibench_midjourney_v6_external,external_test
data/raw/e5_aigibench_midjourney/ai_generated/image_1527.png,1,ai_generated,aigibench_midjourney_v6_external,external_test
data/raw/e5_aigibench_midjourney/ai_generated/image_1592.png,1,ai_generated,aigibench_midjourney_v6_external,external_test
data/raw/e5_aigibench_midjourney/ai_generated/image_2574.png,1,ai_generated,aigibench_midjourney_v6_external,external_test
data/raw/e5_aigibench_midjourney/ai_generated/image_2945.png,1,ai_generated,aigibench_midjourney_v6_external,external_test
data/raw/e5_aigibench_midjourney/ai_generated/image_531.png,1,ai_generated,aigibench_midjourney_v6_external,external_test
data/raw/e5_aigibench_midjourney/ai_generated/image_2847.png,1,ai_generated,aigibench_midjourney_v6_external,external_test
data/raw/e5_aigibench_midjourney/ai_generated/image_128.png,1,ai_generated,aigibench_midjourney_v6_external,external_test
data/raw/e5_aigibench_midjourney/ai_generated/image_1258.png,1,ai_generated,aigibench_midjourney_v6_external,external_test
data/raw/e5_aigibench_midjourney/ai_generated/image_2454.png,1,ai_generated,aigibench_midjourney_v6_external,external_test
data/raw/e5_aigibench_midjourney/ai_generated/image_1120.png,1,ai_generated,aigibench_midjourney_v6_external,external_test
data/raw/e5_aigibench_midjourney/ai_generated/image_1740.png,1,ai_generated,aigibench_midjourney_v6_external,external_test
data/raw/e5_aigibench_midjourney/ai_generated/image_2348.png,1,ai_generated,aigibench_midjourney_v6_external,external_test
data/raw/e5_aigibench_midjourney/ai_generated/image_2656.png,1,ai_generated,aigibench_midjourney_v6_external,external_test
data/raw/e5_aigibench_midjourney/ai_generated/image_422.png,1,ai_generated,aigibench_midjourney_v6_external,external_test
data/raw/e5_aigibench_midjourney/ai_generated/image_2785.png,1,ai_generated,aigibench_midjourney_v6_external,external_test
data/raw/e5_aigibench_midjourney/ai_generated/image_2357.png,1,ai_generated,aigibench_midjourney_v6_external,external_test
data/raw/e5_aigibench_midjourney/ai_generated/image_2335.png,1,ai_generated,aigibench_midjourney_v6_external,external_test
data/raw/e5_aigibench_midjourney/ai_generated/image_1893.png,1,ai_generated,aigibench_midjourney_v6_external,external_test
data/raw/e5_aigibench_midjourney/ai_generated/image_1915.png,1,ai_generated,aigibench_midjourney_v6_external,external_test
data/raw/e5_aigibench_midjourney/ai_generated/image_1718.png,1,ai_generated,aigibench_midjourney_v6_external,external_test
data/raw/e5_aigibench_midjourney/ai_generated/image_2195.png,1,ai_generated,aigibench_midjourney_v6_external,external_test
data/raw/e5_aigibench_midjourney/ai_generated/image_1229.png,1,ai_generated,aigibench_midjourney_v6_external,external_test
data/raw/e5_aigibench_midjourney/ai_generated/image_796.png,1,ai_generated,aigibench_midjourney_v6_external,external_test
data/raw/e5_aigibench_midjourney/ai_generated/image_1724.png,1,ai_generated,aigibench_midjourney_v6_external,external_test
data/raw/e5_aigibench_midjourney/ai_generated/image_1093.png,1,ai_generated,aigibench_midjourney_v6_external,external_test
data/raw/e5_aigibench_midjourney/ai_generated/image_2181.png,1,ai_generated,aigibench_midjourney_v6_external,external_test
data/raw/e5_aigibench_midjourney/ai_generated/image_213.png,1,ai_generated,aigibench_midjourney_v6_external,external_test
data/raw/e5_aigibench_midjourney/ai_generated/image_1537.png,1,ai_generated,aigibench_midjourney_v6_external,external_test
data/raw/e5_aigibench_midjourney/ai_generated/image_1361.png,1,ai_generated,aigibench_midjourney_v6_external,external_test
data/raw/e5_aigibench_midjourney/ai_generated/image_2333.png,1,ai_generated,aigibench_midjourney_v6_external,external_test
data/raw/e5_aigibench_midjourney/ai_generated/image_2048.png,1,ai_generated,aigibench_midjourney_v6_external,external_test
data/raw/e5_aigibench_midjourney/ai_generated/image_242.png,1,ai_generated,aigibench_midjourney_v6_external,external_test
data/raw/e5_aigibench_midjourney/ai_generated/image_889.png,1,ai_generated,aigibench_midjourney_v6_external,external_test
data/raw/e5_aigibench_midjourney/ai_generated/image_211.png,1,ai_generated,aigibench_midjourney_v6_external,external_test
data/raw/e5_aigibench_midjourney/ai_generated/image_2718.png,1,ai_generated,aigibench_midjourney_v6_external,external_test
data/raw/e5_aigibench_midjourney/ai_generated/image_260.png,1,ai_generated,aigibench_midjourney_v6_external,external_test
data/raw/e5_aigibench_midjourney/ai_generated/image_1939.png,1,ai_generated,aigibench_midjourney_v6_external,external_test
data/raw/e5_aigibench_midjourney/ai_generated/image_1799.png,1,ai_generated,aigibench_midjourney_v6_external,external_test
data/raw/e5_aigibench_midjourney/ai_generated/image_1672.png,1,ai_generated,aigibench_midjourney_v6_external,external_test
data/raw/e5_aigibench_midjourney/ai_generated/image_2561.png,1,ai_generated,aigibench_midjourney_v6_external,external_test
data/raw/e5_aigibench_midjourney/ai_generated/image_2965.png,1,ai_generated,aigibench_midjourney_v6_external,external_test
data/raw/e5_aigibench_midjourney/ai_generated/image_181.png,1,ai_generated,aigibench_midjourney_v6_external,external_test
data/raw/e5_aigibench_midjourney/ai_generated/image_6.png,1,ai_generated,aigibench_midjourney_v6_external,external_test
data/raw/e5_aigibench_midjourney/ai_generated/image_400.png,1,ai_generated,aigibench_midjourney_v6_external,external_test
data/raw/e5_aigibench_midjourney/ai_generated/image_2514.png,1,ai_generated,aigibench_midjourney_v6_external,external_test
data/raw/e5_aigibench_midjourney/ai_generated/image_876.png,1,ai_generated,aigibench_midjourney_v6_external,external_test
data/raw/e5_aigibench_midjourney/ai_generated/image_2322.png,1,ai_generated,aigibench_midjourney_v6_external,external_test
data/raw/e5_aigibench_midjourney/ai_generated/image_1782.png,1,ai_generated,aigibench_midjourney_v6_external,external_test
data/raw/e5_aigibench_midjourney/ai_generated/image_2433.png,1,ai_generated,aigibench_midjourney_v6_external,external_test
data/raw/e5_aigibench_midjourney/ai_generated/image_2187.png,1,ai_generated,aigibench_midjourney_v6_external,external_test
data/raw/e5_aigibench_midjourney/ai_generated/image_2662.png,1,ai_generated,aigibench_midjourney_v6_external,external_test
data/raw/e5_aigibench_midjourney/ai_generated/image_2120.png,1,ai_generated,aigibench_midjourney_v6_external,external_test
data/raw/e5_aigibench_midjourney/ai_generated/image_2477.png,1,ai_generated,aigibench_midjourney_v6_external,external_test
data/raw/e5_aigibench_midjourney/ai_generated/image_1622.png,1,ai_generated,aigibench_midjourney_v6_external,external_test
data/raw/e5_aigibench_midjourney/ai_generated/image_1630.png,1,ai_generated,aigibench_midjourney_v6_external,external_test
data/raw/e5_aigibench_midjourney/ai_generated/image_2938.png,1,ai_generated,aigibench_midjourney_v6_external,external_test
data/raw/e5_aigibench_midjourney/ai_generated/image_2210.png,1,ai_generated,aigibench_midjourney_v6_external,external_test
data/raw/e5_aigibench_midjourney/ai_generated/image_1332.png,1,ai_generated,aigibench_midjourney_v6_external,external_test
data/raw/e5_aigibench_midjourney/ai_generated/image_1137.png,1,ai_generated,aigibench_midjourney_v6_external,external_test
data/raw/e5_aigibench_midjourney/ai_generated/image_2679.png,1,ai_generated,aigibench_midjourney_v6_external,external_test
data/raw/e5_aigibench_midjourney/ai_generated/image_2025.png,1,ai_generated,aigibench_midjourney_v6_external,external_test
data/raw/e5_aigibench_midjourney/ai_generated/image_347.png,1,ai_generated,aigibench_midjourney_v6_external,external_test
data/raw/e5_aigibench_midjourney/ai_generated/image_2547.png,1,ai_generated,aigibench_midjourney_v6_external,external_test
data/raw/e5_aigibench_midjourney/ai_generated/image_853.png,1,ai_generated,aigibench_midjourney_v6_external,external_test
data/raw/e5_aigibench_midjourney/ai_generated/image_1209.png,1,ai_generated,aigibench_midjourney_v6_external,external_test
data/raw/e5_aigibench_midjourney/ai_generated/image_2470.png,1,ai_generated,aigibench_midjourney_v6_external,external_test
data/raw/e5_aigibench_midjourney/ai_generated/image_1501.png,1,ai_generated,aigibench_midjourney_v6_external,external_test
data/raw/e5_aigibench_midjourney/ai_generated/image_811.png,1,ai_generated,aigibench_midjourney_v6_external,external_test
data/raw/e5_aigibench_midjourney/ai_generated/image_1621.png,1,ai_generated,aigibench_midjourney_v6_external,external_test
data/raw/e5_aigibench_midjourney/ai_generated/image_705.png,1,ai_generated,aigibench_midjourney_v6_external,external_test
data/raw/e5_aigibench_midjourney/ai_generated/image_1674.png,1,ai_generated,aigibench_midjourney_v6_external,external_test
data/raw/e5_aigibench_midjourney/ai_generated/image_2596.png,1,ai_generated,aigibench_midjourney_v6_external,external_test
data/raw/e5_aigibench_midjourney/ai_generated/image_721.png,1,ai_generated,aigibench_midjourney_v6_external,external_test
data/raw/e5_aigibench_midjourney/ai_generated/image_311.png,1,ai_generated,aigibench_midjourney_v6_external,external_test
data/raw/e5_aigibench_midjourney/ai_generated/image_202.png,1,ai_generated,aigibench_midjourney_v6_external,external_test
data/raw/e5_aigibench_midjourney/ai_generated/image_2425.png,1,ai_generated,aigibench_midjourney_v6_external,external_test
data/raw/e5_aigibench_midjourney/ai_generated/image_1683.png,1,ai_generated,aigibench_midjourney_v6_external,external_test
data/raw/e5_aigibench_midjourney/ai_generated/image_2924.png,1,ai_generated,aigibench_midjourney_v6_external,external_test
data/raw/e5_aigibench_midjourney/ai_generated/image_2329.png,1,ai_generated,aigibench_midjourney_v6_external,external_test
data/raw/e5_aigibench_midjourney/ai_generated/image_2484.png,1,ai_generated,aigibench_midjourney_v6_external,external_test
data/raw/e5_aigibench_midjourney/ai_generated/image_2980.png,1,ai_generated,aigibench_midjourney_v6_external,external_test
data/raw/e5_aigibench_midjourney/ai_generated/image_2885.png,1,ai_generated,aigibench_midjourney_v6_external,external_test
data/raw/e5_aigibench_midjourney/ai_generated/image_1394.png,1,ai_generated,aigibench_midjourney_v6_external,external_test
data/raw/e5_aigibench_midjourney/ai_generated/image_577.png,1,ai_generated,aigibench_midjourney_v6_external,external_test
data/raw/e5_aigibench_midjourney/ai_generated/image_1675.png,1,ai_generated,aigibench_midjourney_v6_external,external_test
data/raw/e5_aigibench_midjourney/ai_generated/image_2801.png,1,ai_generated,aigibench_midjourney_v6_external,external_test
data/raw/e5_aigibench_midjourney/ai_generated/image_2041.png,1,ai_generated,aigibench_midjourney_v6_external,external_test
data/raw/e5_aigibench_midjourney/ai_generated/image_1590.png,1,ai_generated,aigibench_midjourney_v6_external,external_test
data/raw/e5_aigibench_midjourney/ai_generated/image_1191.png,1,ai_generated,aigibench_midjourney_v6_external,external_test
data/raw/e5_aigibench_midjourney/ai_generated/image_344.png,1,ai_generated,aigibench_midjourney_v6_external,external_test
data/raw/e5_aigibench_midjourney/ai_generated/image_34.png,1,ai_generated,aigibench_midjourney_v6_external,external_test
data/raw/e5_aigibench_midjourney/ai_generated/image_763.png,1,ai_generated,aigibench_midjourney_v6_external,external_test
data/raw/e5_aigibench_midjourney/ai_generated/image_2078.png,1,ai_generated,aigibench_midjourney_v6_external,external_test
data/raw/e5_aigibench_midjourney/ai_generated/image_1639.png,1,ai_generated,aigibench_midjourney_v6_external,external_test
data/raw/e5_aigibench_midjourney/ai_generated/image_119.png,1,ai_generated,aigibench_midjourney_v6_external,external_test
data/raw/e5_aigibench_midjourney/ai_generated/image_1801.png,1,ai_generated,aigibench_midjourney_v6_external,external_test
data/raw/e5_aigibench_midjourney/ai_generated/image_1837.png,1,ai_generated,aigibench_midjourney_v6_external,external_test
data/raw/e5_aigibench_midjourney/ai_generated/image_569.png,1,ai_generated,aigibench_midjourney_v6_external,external_test
data/raw/e5_aigibench_midjourney/ai_generated/image_2153.png,1,ai_generated,aigibench_midjourney_v6_external,external_test
data/raw/e5_aigibench_midjourney/ai_generated/image_1691.png,1,ai_generated,aigibench_midjourney_v6_external,external_test
data/raw/e5_aigibench_midjourney/ai_generated/image_1060.png,1,ai_generated,aigibench_midjourney_v6_external,external_test
data/raw/e5_aigibench_midjourney/ai_generated/image_900.png,1,ai_generated,aigibench_midjourney_v6_external,external_test
data/raw/e5_aigibench_midjourney/ai_generated/image_49.png,1,ai_generated,aigibench_midjourney_v6_external,external_test
data/raw/e5_aigibench_midjourney/ai_generated/image_1146.png,1,ai_generated,aigibench_midjourney_v6_external,external_test
data/raw/e5_aigibench_midjourney/ai_generated/image_618.png,1,ai_generated,aigibench_midjourney_v6_external,external_test
data/raw/e5_aigibench_midjourney/ai_generated/image_1268.png,1,ai_generated,aigibench_midjourney_v6_external,external_test
data/raw/e5_aigibench_midjourney/ai_generated/image_2944.png,1,ai_generated,aigibench_midjourney_v6_external,external_test
data/raw/e5_aigibench_midjourney/ai_generated/image_1646.png,1,ai_generated,aigibench_midjourney_v6_external,external_test
data/raw/e5_aigibench_midjourney/ai_generated/image_2457.png,1,ai_generated,aigibench_midjourney_v6_external,external_test
data/raw/e5_aigibench_midjourney/ai_generated/image_197.png,1,ai_generated,aigibench_midjourney_v6_external,external_test
data/raw/e5_aigibench_midjourney/ai_generated/image_1835.png,1,ai_generated,aigibench_midjourney_v6_external,external_test
data/raw/e5_aigibench_midjourney/ai_generated/image_1271.png,1,ai_generated,aigibench_midjourney_v6_external,external_test
data/raw/e5_aigibench_midjourney/ai_generated/image_372.png,1,ai_generated,aigibench_midjourney_v6_external,external_test
data/raw/e5_aigibench_midjourney/ai_generated/image_2741.png,1,ai_generated,aigibench_midjourney_v6_external,external_test
data/raw/e5_aigibench_midjourney/ai_generated/image_2209.png,1,ai_generated,aigibench_midjourney_v6_external,external_test
data/raw/e5_aigibench_midjourney/ai_generated/image_1633.png,1,ai_generated,aigibench_midjourney_v6_external,external_test
data/raw/e5_aigibench_midjourney/ai_generated/image_521.png,1,ai_generated,aigibench_midjourney_v6_external,external_test
data/raw/e5_aigibench_midjourney/ai_generated/image_385.png,1,ai_generated,aigibench_midjourney_v6_external,external_test
data/raw/e5_aigibench_midjourney/ai_generated/image_62.png,1,ai_generated,aigibench_midjourney_v6_external,external_test
data/raw/e5_aigibench_midjourney/ai_generated/image_1476.png,1,ai_generated,aigibench_midjourney_v6_external,external_test
data/raw/e5_aigibench_midjourney/ai_generated/image_2271.png,1,ai_generated,aigibench_midjourney_v6_external,external_test
data/raw/e5_aigibench_midjourney/ai_generated/image_1061.png,1,ai_generated,aigibench_midjourney_v6_external,external_test
