image_path,label,class_name,source,split
data/raw/cifake/train/REAL/0023 (9).jpg,0,real,cifake,train
data/raw/cifake/train/FAKE/2834 (9).jpg,1,ai_generated,cifake,train
data/raw/cifake/train/FAKE/4874 (2).jpg,1,ai_generated,cifake,train
data/raw/cifake/train/FAKE/1339.jpg,1,ai_generated,cifake,train
data/raw/cifake/train/REAL/3544 (7).jpg,0,real,cifake,train
data/raw/cifake/train/FAKE/5104 (3).jpg,1,ai_generated,cifake,train
data/raw/cifake/train/FAKE/3966 (4).jpg,1,ai_generated,cifake,train
data/raw/cifake/train/FAKE/5034 (9).jpg,1,ai_generated,cifake,train
data/raw/cifake/train/FAKE/1847 (3).jpg,1,ai_generated,cifake,train
data/raw/cifake/train/FAKE/5407 (6).jpg,1,ai_generated,cifake,train
data/raw/cifake/train/REAL/2268 (2).jpg,0,real,cifake,train
data/raw/cifake/train/REAL/3621 (4).jpg,0,real,cifake,train
data/raw/cifake/train/FAKE/2804 (9).jpg,1,ai_generated,cifake,train
data/raw/cifake/train/FAKE/5055 (4).jpg,1,ai_generated,cifake,train
data/raw/cifake/train/REAL/0122 (6).jpg,0,real,cifake,train
data/raw/cifake/train/FAKE/4211 (5).jpg,1,ai_generated,cifake,train
data/raw/cifake/train/FAKE/1772 (2).jpg,1,ai_generated,cifake,train
data/raw/cifake/train/FAKE/1376 (7).jpg,1,ai_generated,cifake,train
data/raw/cifake/train/FAKE/4429 (5).jpg,1,ai_generated,cifake,train
data/raw/cifake/train/FAKE/1372 (10).jpg,1,ai_generated,cifake,train
data/raw/cifake/train/REAL/0552 (10).jpg,0,real,cifake,train
data/raw/cifake/train/REAL/4829 (4).jpg,0,real,cifake,train
data/raw/cifake/train/FAKE/1970 (9).jpg,1,ai_generated,cifake,train
data/raw/cifake/train/FAKE/2797 (5).jpg,1,ai_generated,cifake,train
data/raw/cifake/train/REAL/0319.jpg,0,real,cifake,train
data/raw/cifake/train/FAKE/1095 (10).jpg,1,ai_generated,cifake,train
data/raw/cifake/train/FAKE/3807.jpg,1,ai_generated,cifake,train
data/raw/cifake/train/FAKE/2397 (2).jpg,1,ai_generated,cifake,train
data/raw/cifake/train/REAL/0462 (10).jpg,0,real,cifake,train
data/raw/cifake/train/FAKE/2548 (6).jpg,1,ai_generated,cifake,train
data/raw/cifake/train/FAKE/5968 (8).jpg,1,ai_generated,cifake,train
data/raw/cifake/train/REAL/1416 (4).jpg,0,real,cifake,train
data/raw/cifake/train/FAKE/5347 (8).jpg,1,ai_generated,cifake,train
data/raw/cifake/train/REAL/4294 (7).jpg,0,real,cifake,train
data/raw/cifake/train/FAKE/1406 (3).jpg,1,ai_generated,cifake,train
data/raw/cifake/train/REAL/4466 (9).jpg,0,real,cifake,train
data/raw/cifake/train/FAKE/5254 (5).jpg,1,ai_generated,cifake,train
data/raw/cifake/train/REAL/2673.jpg,0,real,cifake,train
data/raw/cifake/train/FAKE/5440 (9).jpg,1,ai_generated,cifake,train
data/raw/cifake/train/REAL/3671 (9).jpg,0,real,cifake,train
data/raw/cifake/train/FAKE/2099 (7).jpg,1,ai_generated,cifake,train
data/raw/cifake/train/FAKE/3615 (2).jpg,1,ai_generated,cifake,train
data/raw/cifake/train/FAKE/4949 (5).jpg,1,ai_generated,cifake,train
data/raw/cifake/train/REAL/0861.jpg,0,real,cifake,train
data/raw/cifake/train/FAKE/5522 (7).jpg,1,ai_generated,cifake,train
data/raw/cifake/train/REAL/1124 (6).jpg,0,real,cifake,train
data/raw/cifake/train/FAKE/4668 (5).jpg,1,ai_generated,cifake,train
data/raw/cifake/train/REAL/0767 (8).jpg,0,real,cifake,train
data/raw/cifake/train/FAKE/4976 (6).jpg,1,ai_generated,cifake,train
data/raw/cifake/train/REAL/4381 (2).jpg,0,real,cifake,train
data/raw/cifake/train/REAL/3714 (9).jpg,0,real,cifake,train
data/raw/cifake/train/FAKE/5384 (9).jpg,1,ai_generated,cifake,train
data/raw/cifake/train/FAKE/1039 (8).jpg,1,ai_generated,cifake,train
data/raw/cifake/train/REAL/4199.jpg,0,real,cifake,train
data/raw/cifake/train/REAL/0953 (6).jpg,0,real,cifake,train
data/raw/cifake/train/REAL/1863 (9).jpg,0,real,cifake,train
data/raw/cifake/train/REAL/1015 (6).jpg,0,real,cifake,train
data/raw/cifake/train/FAKE/5658 (3).jpg,1,ai_generated,cifake,train
data/raw/cifake/train/REAL/2470 (2).jpg,0,real,cifake,train
data/raw/cifake/train/REAL/2133 (8).jpg,0,real,cifake,train
data/raw/cifake/train/FAKE/1370 (4).jpg,1,ai_generated,cifake,train
data/raw/cifake/train/REAL/3641 (10).jpg,0,real,cifake,train
data/raw/cifake/train/REAL/2049.jpg,0,real,cifake,train
data/raw/cifake/train/FAKE/4321 (8).jpg,1,ai_generated,cifake,train
data/raw/cifake/train/FAKE/1795 (4).jpg,1,ai_generated,cifake,train
data/raw/cifake/train/REAL/1571 (8).jpg,0,real,cifake,train
data/raw/cifake/train/FAKE/2043 (5).jpg,1,ai_generated,cifake,train
data/raw/cifake/train/FAKE/3040 (7).jpg,1,ai_generated,cifake,train
data/raw/cifake/train/FAKE/4626 (10).jpg,1,ai_generated,cifake,train
data/raw/cifake/train/REAL/0541 (10).jpg,0,real,cifake,train
data/raw/cifake/train/REAL/1876 (8).jpg,0,real,cifake,train
data/raw/cifake/train/REAL/4874 (2).jpg,0,real,cifake,train
data/raw/cifake/train/FAKE/3860.jpg,1,ai_generated,cifake,train
data/raw/cifake/train/REAL/4195 (2).jpg,0,real,cifake,train
data/raw/cifake/train/FAKE/2597 (3).jpg,1,ai_generated,cifake,train
data/raw/cifake/train/REAL/0072 (2).jpg,0,real,cifake,train
data/raw/cifake/train/FAKE/5135 (4).jpg,1,ai_generated,cifake,train
data/raw/cifake/train/FAKE/3639 (3).jpg,1,ai_generated,cifake,train
data/raw/cifake/train/REAL/1894 (2).jpg,0,real,cifake,train
data/raw/cifake/train/REAL/0165 (3).jpg,0,real,cifake,train
data/raw/cifake/train/REAL/1218 (7).jpg,0,real,cifake,train
data/raw/cifake/train/REAL/3223 (6).jpg,0,real,cifake,train
data/raw/cifake/train/FAKE/4227 (6).jpg,1,ai_generated,cifake,train
data/raw/cifake/train/FAKE/3181 (5).jpg,1,ai_generated,cifake,train
data/raw/cifake/train/REAL/0371 (8).jpg,0,real,cifake,train
data/raw/cifake/train/FAKE/5387 (9).jpg,1,ai_generated,cifake,train
data/raw/cifake/train/FAKE/2165 (4).jpg,1,ai_generated,cifake,train
data/raw/cifake/train/REAL/3434 (3).jpg,0,real,cifake,train
data/raw/cifake/train/REAL/3654 (3).jpg,0,real,cifake,train
data/raw/cifake/train/REAL/0670 (7).jpg,0,real,cifake,train
data/raw/cifake/train/REAL/1136 (10).jpg,0,real,cifake,train
data/raw/cifake/train/FAKE/1986 (5).jpg,1,ai_generated,cifake,train
data/raw/cifake/train/FAKE/3196.jpg,1,ai_generated,cifake,train
data/raw/cifake/train/FAKE/4364 (2).jpg,1,ai_generated,cifake,train
data/raw/cifake/train/REAL/1560 (8).jpg,0,real,cifake,train
data/raw/cifake/train/REAL/2338.jpg,0,real,cifake,train
data/raw/cifake/train/FAKE/2774 (10).jpg,1,ai_generated,cifake,train
data/raw/cifake/train/REAL/1722 (9).jpg,0,real,cifake,train
data/raw/cifake/train/REAL/3139 (6).jpg,0,real,cifake,train
data/raw/cifake/train/REAL/3447 (10).jpg,0,real,cifake,train
data/raw/cifake/train/REAL/0091 (6).jpg,0,real,cifake,train
data/raw/cifake/train/REAL/4688 (7).jpg,0,real,cifake,train
data/raw/cifake/train/FAKE/4772 (3).jpg,1,ai_generated,cifake,train
data/raw/cifake/train/FAKE/1881 (9).jpg,1,ai_generated,cifake,train
data/raw/cifake/train/FAKE/5412 (4).jpg,1,ai_generated,cifake,train
data/raw/cifake/train/REAL/4549 (10).jpg,0,real,cifake,train
data/raw/cifake/train/FAKE/2295 (4).jpg,1,ai_generated,cifake,train
data/raw/cifake/train/FAKE/3650.jpg,1,ai_generated,cifake,train
data/raw/cifake/train/FAKE/5019 (4).jpg,1,ai_generated,cifake,train
data/raw/cifake/train/FAKE/3881 (3).jpg,1,ai_generated,cifake,train
data/raw/cifake/train/REAL/1102 (8).jpg,0,real,cifake,train
data/raw/cifake/train/REAL/1370 (5).jpg,0,real,cifake,train
data/raw/cifake/train/FAKE/4262 (6).jpg,1,ai_generated,cifake,train
data/raw/cifake/train/FAKE/5357 (4).jpg,1,ai_generated,cifake,train
data/raw/cifake/train/FAKE/3612 (6).jpg,1,ai_generated,cifake,train
data/raw/cifake/train/FAKE/3776 (10).jpg,1,ai_generated,cifake,train
data/raw/cifake/train/REAL/1717 (4).jpg,0,real,cifake,train
data/raw/cifake/train/FAKE/1043 (2).jpg,1,ai_generated,cifake,train
data/raw/cifake/train/FAKE/5201 (5).jpg,1,ai_generated,cifake,train
data/raw/cifake/train/FAKE/4792 (2).jpg,1,ai_generated,cifake,train
data/raw/cifake/train/FAKE/2706 (3).jpg,1,ai_generated,cifake,train
data/raw/cifake/train/FAKE/2465 (3).jpg,1,ai_generated,cifake,train
data/raw/cifake/train/FAKE/1837 (10).jpg,1,ai_generated,cifake,train
data/raw/cifake/train/REAL/2486 (2).jpg,0,real,cifake,train
data/raw/cifake/train/REAL/1115 (5).jpg,0,real,cifake,train
data/raw/cifake/train/FAKE/2049 (2).jpg,1,ai_generated,cifake,train
data/raw/cifake/train/FAKE/3296 (9).jpg,1,ai_generated,cifake,train
data/raw/cifake/train/REAL/4429 (2).jpg,0,real,cifake,train
data/raw/cifake/train/REAL/1407 (6).jpg,0,real,cifake,train
data/raw/cifake/train/REAL/3924 (2).jpg,0,real,cifake,train
data/raw/cifake/train/REAL/3608 (2).jpg,0,real,cifake,train
data/raw/cifake/train/FAKE/2611 (3).jpg,1,ai_generated,cifake,train
data/raw/cifake/train/FAKE/5865 (8).jpg,1,ai_generated,cifake,train
data/raw/cifake/train/FAKE/4425 (2).jpg,1,ai_generated,cifake,train
data/raw/cifake/train/FAKE/2009 (3).jpg,1,ai_generated,cifake,train
data/raw/cifake/train/REAL/0102 (3).jpg,0,real,cifake,train
data/raw/cifake/train/REAL/0628 (4).jpg,0,real,cifake,train
data/raw/cifake/train/FAKE/5021 (3).jpg,1,ai_generated,cifake,train
data/raw/cifake/train/FAKE/4973 (9).jpg,1,ai_generated,cifake,train
data/raw/cifake/train/REAL/3953 (2).jpg,0,real,cifake,train
data/raw/cifake/train/FAKE/5360 (4).jpg,1,ai_generated,cifake,train
data/raw/cifake/train/FAKE/4370 (3).jpg,1,ai_generated,cifake,train
data/raw/cifake/train/REAL/4023 (9).jpg,0,real,cifake,train
data/raw/cifake/train/REAL/2422 (4).jpg,0,real,cifake,train
data/raw/cifake/train/REAL/0528 (5).jpg,0,real,cifake,train
data/raw/cifake/train/REAL/3468 (2).jpg,0,real,cifake,train
data/raw/cifake/train/REAL/2124 (10).jpg,0,real,cifake,train
data/raw/cifake/train/FAKE/2716 (4).jpg,1,ai_generated,cifake,train
data/raw/cifake/train/REAL/4185 (5).jpg,0,real,cifake,train
data/raw/cifake/train/FAKE/3562 (9).jpg,1,ai_generated,cifake,train
data/raw/cifake/train/FAKE/1086 (2).jpg,1,ai_generated,cifake,train
data/raw/cifake/train/FAKE/2495 (8).jpg,1,ai_generated,cifake,train
data/raw/cifake/train/REAL/2269 (7).jpg,0,real,cifake,train
data/raw/cifake/train/FAKE/5860 (5).jpg,1,ai_generated,cifake,train
data/raw/cifake/train/REAL/0462 (7).jpg,0,real,cifake,train
data/raw/cifake/train/FAKE/4902 (10).jpg,1,ai_generated,cifake,train
data/raw/cifake/train/FAKE/4836 (7).jpg,1,ai_generated,cifake,train
data/raw/cifake/train/REAL/3505 (2).jpg,0,real,cifake,train
data/raw/cifake/train/REAL/3171 (3).jpg,0,real,cifake,train
data/raw/cifake/train/REAL/2523 (2).jpg,0,real,cifake,train
data/raw/cifake/train/REAL/2197 (9).jpg,0,real,cifake,train
data/raw/cifake/train/REAL/3542 (2).jpg,0,real,cifake,train
data/raw/cifake/train/REAL/4845 (2).jpg,0,real,cifake,train
data/raw/cifake/train/REAL/3747 (9).jpg,0,real,cifake,train
data/raw/cifake/train/FAKE/1556 (10).jpg,1,ai_generated,cifake,train
data/raw/cifake/train/REAL/1031 (10).jpg,0,real,cifake,train
data/raw/cifake/train/REAL/3101 (3).jpg,0,real,cifake,train
data/raw/cifake/train/REAL/3681 (6).jpg,0,real,cifake,train
data/raw/cifake/train/FAKE/4860 (6).jpg,1,ai_generated,cifake,train
data/raw/cifake/train/FAKE/4417 (3).jpg,1,ai_generated,cifake,train
data/raw/cifake/train/FAKE/1705 (7).jpg,1,ai_generated,cifake,train
data/raw/cifake/train/FAKE/2665 (2).jpg,1,ai_generated,cifake,train
data/raw/cifake/train/FAKE/4052 (8).jpg,1,ai_generated,cifake,train
data/raw/cifake/train/FAKE/5323 (8).jpg,1,ai_generated,cifake,train
data/raw/cifake/train/FAKE/4732 (9).jpg,1,ai_generated,cifake,train
data/raw/cifake/train/REAL/1558 (9).jpg,0,real,cifake,train
data/raw/cifake/train/FAKE/4723.jpg,1,ai_generated,cifake,train
data/raw/cifake/train/FAKE/5303 (4).jpg,1,ai_generated,cifake,train
data/raw/cifake/train/REAL/2295 (4).jpg,0,real,cifake,train
data/raw/cifake/train/REAL/4137 (5).jpg,0,real,cifake,train
data/raw/cifake/train/FAKE/3824 (9).jpg,1,ai_generated,cifake,train
data/raw/cifake/train/REAL/3085 (2).jpg,0,real,cifake,train
data/raw/cifake/train/REAL/1357 (10).jpg,0,real,cifake,train
data/raw/cifake/train/REAL/0887 (3).jpg,0,real,cifake,train
data/raw/cifake/train/REAL/3144 (9).jpg,0,real,cifake,train
data/raw/cifake/train/FAKE/5828 (9).jpg,1,ai_generated,cifake,train
data/raw/cifake/train/FAKE/4226 (7).jpg,1,ai_generated,cifake,train
data/raw/cifake/train/REAL/0092 (2).jpg,0,real,cifake,train
data/raw/cifake/train/FAKE/4642 (5).jpg,1,ai_generated,cifake,train
data/raw/cifake/train/FAKE/3053.jpg,1,ai_generated,cifake,train
data/raw/cifake/train/REAL/4407 (3).jpg,0,real,cifake,train
data/raw/cifake/train/FAKE/1751 (7).jpg,1,ai_generated,cifake,train
data/raw/cifake/train/FAKE/5015 (3).jpg,1,ai_generated,cifake,train
data/raw/cifake/train/FAKE/4713 (7).jpg,1,ai_generated,cifake,train
data/raw/cifake/train/REAL/1867 (5).jpg,0,real,cifake,train
data/raw/cifake/train/REAL/0928 (10).jpg,0,real,cifake,train
data/raw/cifake/train/FAKE/1141 (9).jpg,1,ai_generated,cifake,train
data/raw/cifake/train/REAL/2150 (10).jpg,0,real,cifake,train
data/raw/cifake/train/FAKE/5299 (5).jpg,1,ai_generated,cifake,train
data/raw/cifake/train/REAL/3414 (6).jpg,0,real,cifake,train
data/raw/cifake/train/REAL/3306 (9).jpg,0,real,cifake,train
data/raw/cifake/train/REAL/1765 (2).jpg,0,real,cifake,train
data/raw/cifake/train/REAL/1090 (4).jpg,0,real,cifake,train
data/raw/cifake/train/REAL/1530 (4).jpg,0,real,cifake,train
data/raw/cifake/train/REAL/2491 (9).jpg,0,real,cifake,train
data/raw/cifake/train/FAKE/5922 (8).jpg,1,ai_generated,cifake,train
data/raw/cifake/train/FAKE/4096 (6).jpg,1,ai_generated,cifake,train
data/raw/cifake/train/FAKE/5549 (2).jpg,1,ai_generated,cifake,train
data/raw/cifake/train/REAL/1485 (2).jpg,0,real,cifake,train
data/raw/cifake/train/REAL/2792 (5).jpg,0,real,cifake,train
data/raw/cifake/train/REAL/2365 (3).jpg,0,real,cifake,train
data/raw/cifake/train/REAL/2958 (3).jpg,0,real,cifake,train
data/raw/cifake/train/FAKE/1767 (4).jpg,1,ai_generated,cifake,train
data/raw/cifake/train/FAKE/5109 (3).jpg,1,ai_generated,cifake,train
data/raw/cifake/train/REAL/4856 (9).jpg,0,real,cifake,train
data/raw/cifake/train/FAKE/1457 (5).jpg,1,ai_generated,cifake,train
data/raw/cifake/train/REAL/0859.jpg,0,real,cifake,train
data/raw/cifake/train/FAKE/4600 (9).jpg,1,ai_generated,cifake,train
data/raw/cifake/train/FAKE/5213.jpg,1,ai_generated,cifake,train
data/raw/cifake/train/FAKE/2214 (9).jpg,1,ai_generated,cifake,train
data/raw/cifake/train/FAKE/5491.jpg,1,ai_generated,cifake,train
data/raw/cifake/train/REAL/3538 (2).jpg,0,real,cifake,train
data/raw/cifake/train/FAKE/5133 (10).jpg,1,ai_generated,cifake,train
data/raw/cifake/train/FAKE/5526.jpg,1,ai_generated,cifake,train
data/raw/cifake/train/REAL/1303 (3).jpg,0,real,cifake,train
data/raw/cifake/train/FAKE/1875.jpg,1,ai_generated,cifake,train
data/raw/cifake/train/REAL/2735 (4).jpg,0,real,cifake,train
data/raw/cifake/train/REAL/2875 (10).jpg,0,real,cifake,train
data/raw/cifake/train/FAKE/2636.jpg,1,ai_generated,cifake,train
data/raw/cifake/train/FAKE/5671 (4).jpg,1,ai_generated,cifake,train
data/raw/cifake/train/REAL/1503 (9).jpg,0,real,cifake,train
data/raw/cifake/train/FAKE/2997 (5).jpg,1,ai_generated,cifake,train
data/raw/cifake/train/FAKE/4264.jpg,1,ai_generated,cifake,train
data/raw/cifake/train/REAL/4079 (10).jpg,0,real,cifake,train
data/raw/cifake/train/FAKE/4287.jpg,1,ai_generated,cifake,train
data/raw/cifake/train/REAL/1778 (9).jpg,0,real,cifake,train
data/raw/cifake/train/FAKE/2459 (8).jpg,1,ai_generated,cifake,train
data/raw/cifake/train/REAL/4064 (3).jpg,0,real,cifake,train
data/raw/cifake/train/REAL/1053 (4).jpg,0,real,cifake,train
data/raw/cifake/train/REAL/2296 (9).jpg,0,real,cifake,train
data/raw/cifake/train/FAKE/1444.jpg,1,ai_generated,cifake,train
data/raw/cifake/train/REAL/3674 (2).jpg,0,real,cifake,train
data/raw/cifake/train/REAL/3641.jpg,0,real,cifake,train
data/raw/cifake/train/FAKE/3863 (5).jpg,1,ai_generated,cifake,train
data/raw/cifake/train/FAKE/2877 (3).jpg,1,ai_generated,cifake,train
data/raw/cifake/train/FAKE/5113 (4).jpg,1,ai_generated,cifake,train
data/raw/cifake/train/FAKE/4158 (7).jpg,1,ai_generated,cifake,train
data/raw/cifake/train/FAKE/2849 (8).jpg,1,ai_generated,cifake,train
data/raw/cifake/train/REAL/2800 (4).jpg,0,real,cifake,train
data/raw/cifake/train/REAL/3201 (6).jpg,0,real,cifake,train
data/raw/cifake/train/REAL/1360 (4).jpg,0,real,cifake,train
data/raw/cifake/train/FAKE/5948 (2).jpg,1,ai_generated,cifake,train
data/raw/cifake/train/REAL/4444 (7).jpg,0,real,cifake,train
data/raw/cifake/train/REAL/4474 (3).jpg,0,real,cifake,train
data/raw/cifake/train/FAKE/2906 (9).jpg,1,ai_generated,cifake,train
data/raw/cifake/train/REAL/4693 (6).jpg,0,real,cifake,train
data/raw/cifake/train/FAKE/1436 (9).jpg,1,ai_generated,cifake,train
data/raw/cifake/train/REAL/2474 (10).jpg,0,real,cifake,train
data/raw/cifake/train/REAL/0976 (6).jpg,0,real,cifake,train
data/raw/cifake/train/REAL/4083 (7).jpg,0,real,cifake,train
data/raw/cifake/train/REAL/2113 (3).jpg,0,real,cifake,train
data/raw/cifake/train/FAKE/5115 (6).jpg,1,ai_generated,cifake,train
data/raw/cifake/train/REAL/1793 (8).jpg,0,real,cifake,train
data/raw/cifake/train/FAKE/1913 (4).jpg,1,ai_generated,cifake,train
data/raw/cifake/train/REAL/1047 (6).jpg,0,real,cifake,train
data/raw/cifake/train/REAL/4750 (4).jpg,0,real,cifake,train
data/raw/cifake/train/FAKE/4918 (9).jpg,1,ai_generated,cifake,train
data/raw/cifake/train/REAL/0410 (3).jpg,0,real,cifake,train
data/raw/cifake/train/REAL/1375 (7).jpg,0,real,cifake,train
data/raw/cifake/train/REAL/2136 (5).jpg,0,real,cifake,train
data/raw/cifake/train/REAL/1830.jpg,0,real,cifake,train
data/raw/cifake/train/FAKE/1114 (8).jpg,1,ai_generated,cifake,train
data/raw/cifake/train/FAKE/4262.jpg,1,ai_generated,cifake,train
data/raw/cifake/train/REAL/0865.jpg,0,real,cifake,train
data/raw/cifake/train/REAL/1202 (8).jpg,0,real,cifake,train
data/raw/cifake/train/REAL/4073 (7).jpg,0,real,cifake,train
data/raw/cifake/train/REAL/1806 (9).jpg,0,real,cifake,train
data/raw/cifake/train/REAL/1600 (3).jpg,0,real,cifake,train
data/raw/cifake/train/FAKE/3970 (2).jpg,1,ai_generated,cifake,train
data/raw/cifake/train/FAKE/5617 (7).jpg,1,ai_generated,cifake,train
data/raw/cifake/train/FAKE/5676 (2).jpg,1,ai_generated,cifake,train
data/raw/cifake/train/REAL/3184 (8).jpg,0,real,cifake,train
data/raw/cifake/train/REAL/2060 (5).jpg,0,real,cifake,train
data/raw/cifake/train/REAL/2744 (8).jpg,0,real,cifake,train
data/raw/cifake/train/REAL/0693 (7).jpg,0,real,cifake,train
data/raw/cifake/train/FAKE/5874 (6).jpg,1,ai_generated,cifake,train
data/raw/cifake/train/FAKE/2393 (9).jpg,1,ai_generated,cifake,train
data/raw/cifake/train/REAL/0224 (10).jpg,0,real,cifake,train
data/raw/cifake/train/REAL/4444 (4).jpg,0,real,cifake,train
data/raw/cifake/train/REAL/2117 (4).jpg,0,real,cifake,train
data/raw/cifake/train/FAKE/4978 (4).jpg,1,ai_generated,cifake,train
data/raw/cifake/train/FAKE/3331.jpg,1,ai_generated,cifake,train
data/raw/cifake/train/FAKE/4691 (2).jpg,1,ai_generated,cifake,train
data/raw/cifake/train/FAKE/4232 (2).jpg,1,ai_generated,cifake,train
data/raw/cifake/train/FAKE/1051 (2).jpg,1,ai_generated,cifake,train
data/raw/cifake/train/REAL/2614.jpg,0,real,cifake,train
data/raw/cifake/train/REAL/3116 (7).jpg,0,real,cifake,train
data/raw/cifake/train/FAKE/2765.jpg,1,ai_generated,cifake,train
data/raw/cifake/train/FAKE/2559 (3).jpg,1,ai_generated,cifake,train
data/raw/cifake/train/FAKE/1998 (7).jpg,1,ai_generated,cifake,train
data/raw/cifake/train/REAL/4550 (6).jpg,0,real,cifake,train
data/raw/cifake/train/REAL/4308 (10).jpg,0,real,cifake,train
data/raw/cifake/train/FAKE/4216 (9).jpg,1,ai_generated,cifake,train
data/raw/cifake/train/REAL/4269 (4).jpg,0,real,cifake,train
data/raw/cifake/train/FAKE/4046 (9).jpg,1,ai_generated,cifake,train
data/raw/cifake/train/REAL/0755 (10).jpg,0,real,cifake,train
data/raw/cifake/train/REAL/4999 (10).jpg,0,real,cifake,train
data/raw/cifake/train/FAKE/5344.jpg,1,ai_generated,cifake,train
data/raw/cifake/train/FAKE/5278 (5).jpg,1,ai_generated,cifake,train
data/raw/cifake/train/REAL/2538 (4).jpg,0,real,cifake,train
data/raw/cifake/train/FAKE/4356 (4).jpg,1,ai_generated,cifake,train
data/raw/cifake/train/FAKE/2256 (3).jpg,1,ai_generated,cifake,train
data/raw/cifake/train/FAKE/3308 (5).jpg,1,ai_generated,cifake,train
data/raw/cifake/train/FAKE/3394 (6).jpg,1,ai_generated,cifake,train
data/raw/cifake/train/FAKE/4636 (2).jpg,1,ai_generated,cifake,train
data/raw/cifake/train/FAKE/1976.jpg,1,ai_generated,cifake,train
data/raw/cifake/train/REAL/2300 (9).jpg,0,real,cifake,train
data/raw/cifake/train/FAKE/2079 (2).jpg,1,ai_generated,cifake,train
data/raw/cifake/train/FAKE/3081 (4).jpg,1,ai_generated,cifake,train
data/raw/cifake/train/FAKE/2175 (7).jpg,1,ai_generated,cifake,train
data/raw/cifake/train/FAKE/2930 (10).jpg,1,ai_generated,cifake,train
data/raw/cifake/train/REAL/0220 (2).jpg,0,real,cifake,train
data/raw/cifake/train/REAL/4261 (4).jpg,0,real,cifake,train
data/raw/cifake/train/REAL/4552 (7).jpg,0,real,cifake,train
data/raw/cifake/train/REAL/3970 (7).jpg,0,real,cifake,train
data/raw/cifake/train/REAL/3704 (9).jpg,0,real,cifake,train
data/raw/cifake/train/FAKE/5282 (5).jpg,1,ai_generated,cifake,train
data/raw/cifake/train/FAKE/3399 (9).jpg,1,ai_generated,cifake,train
data/raw/cifake/train/FAKE/5720 (7).jpg,1,ai_generated,cifake,train
data/raw/cifake/train/REAL/3107.jpg,0,real,cifake,train
data/raw/cifake/train/REAL/4219 (7).jpg,0,real,cifake,train
data/raw/cifake/train/REAL/2416 (2).jpg,0,real,cifake,train
data/raw/cifake/train/FAKE/3764 (9).jpg,1,ai_generated,cifake,train
data/raw/cifake/train/REAL/1842 (6).jpg,0,real,cifake,train
data/raw/cifake/train/FAKE/5496 (9).jpg,1,ai_generated,cifake,train
data/raw/cifake/train/FAKE/1626.jpg,1,ai_generated,cifake,train
data/raw/cifake/train/FAKE/5233 (4).jpg,1,ai_generated,cifake,train
data/raw/cifake/train/FAKE/3503 (6).jpg,1,ai_generated,cifake,train
data/raw/cifake/train/REAL/3216 (8).jpg,0,real,cifake,train
data/raw/cifake/train/REAL/0041 (2).jpg,0,real,cifake,train
data/raw/cifake/train/FAKE/2733.jpg,1,ai_generated,cifake,train
data/raw/cifake/train/FAKE/4401 (10).jpg,1,ai_generated,cifake,train
data/raw/cifake/train/FAKE/3889 (3).jpg,1,ai_generated,cifake,train
data/raw/cifake/train/REAL/3942 (9).jpg,0,real,cifake,train
data/raw/cifake/train/REAL/4299 (3).jpg,0,real,cifake,train
data/raw/cifake/train/FAKE/5206 (8).jpg,1,ai_generated,cifake,train
data/raw/cifake/train/FAKE/5511 (5).jpg,1,ai_generated,cifake,train
data/raw/cifake/train/FAKE/2348 (9).jpg,1,ai_generated,cifake,train
data/raw/cifake/train/FAKE/5905 (4).jpg,1,ai_generated,cifake,train
data/raw/cifake/train/REAL/3417 (2).jpg,0,real,cifake,train
data/raw/cifake/train/REAL/2332 (6).jpg,0,real,cifake,train
data/raw/cifake/train/REAL/3749 (8).jpg,0,real,cifake,train
data/raw/cifake/train/REAL/2137 (10).jpg,0,real,cifake,train
data/raw/cifake/train/REAL/4416 (3).jpg,0,real,cifake,train
data/raw/cifake/train/FAKE/4872 (6).jpg,1,ai_generated,cifake,train
data/raw/cifake/train/FAKE/4685 (7).jpg,1,ai_generated,cifake,train
data/raw/cifake/train/FAKE/1019 (7).jpg,1,ai_generated,cifake,train
data/raw/cifake/train/FAKE/2499 (10).jpg,1,ai_generated,cifake,train
data/raw/cifake/train/REAL/3232 (10).jpg,0,real,cifake,train
data/raw/cifake/train/REAL/2995 (2).jpg,0,real,cifake,train
data/raw/cifake/train/FAKE/4414 (5).jpg,1,ai_generated,cifake,train
data/raw/cifake/train/REAL/4791 (3).jpg,0,real,cifake,train
data/raw/cifake/train/REAL/4931 (4).jpg,0,real,cifake,train
data/raw/cifake/train/FAKE/3355.jpg,1,ai_generated,cifake,train
data/raw/cifake/train/REAL/1771 (2).jpg,0,real,cifake,train
data/raw/cifake/train/FAKE/1898 (6).jpg,1,ai_generated,cifake,train
data/raw/cifake/train/FAKE/2154 (4).jpg,1,ai_generated,cifake,train
data/raw/cifake/train/REAL/2658 (3).jpg,0,real,cifake,train
data/raw/cifake/train/REAL/3445 (7).jpg,0,real,cifake,train
data/raw/cifake/train/FAKE/5044 (3).jpg,1,ai_generated,cifake,train
data/raw/cifake/train/FAKE/5758 (3).jpg,1,ai_generated,cifake,train
data/raw/cifake/train/REAL/2100 (5).jpg,0,real,cifake,train
data/raw/cifake/train/FAKE/4692 (9).jpg,1,ai_generated,cifake,train
data/raw/cifake/train/FAKE/3829 (9).jpg,1,ai_generated,cifake,train
data/raw/cifake/train/FAKE/2205 (4).jpg,1,ai_generated,cifake,train
data/raw/cifake/train/FAKE/2098 (9).jpg,1,ai_generated,cifake,train
data/raw/cifake/train/REAL/3564 (8).jpg,0,real,cifake,train
data/raw/cifake/train/REAL/2511 (6).jpg,0,real,cifake,train
data/raw/cifake/train/REAL/3268 (2).jpg,0,real,cifake,train
data/raw/cifake/train/FAKE/5826 (5).jpg,1,ai_generated,cifake,train
data/raw/cifake/train/FAKE/1818 (4).jpg,1,ai_generated,cifake,train
data/raw/cifake/train/FAKE/5686 (3).jpg,1,ai_generated,cifake,train
data/raw/cifake/train/FAKE/5820 (7).jpg,1,ai_generated,cifake,train
data/raw/cifake/train/FAKE/4711 (9).jpg,1,ai_generated,cifake,train
data/raw/cifake/train/FAKE/4148 (2).jpg,1,ai_generated,cifake,train
data/raw/cifake/train/REAL/1013 (5).jpg,0,real,cifake,train
data/raw/cifake/train/REAL/4449.jpg,0,real,cifake,train
data/raw/cifake/train/FAKE/4087 (6).jpg,1,ai_generated,cifake,train
data/raw/cifake/train/REAL/0831 (4).jpg,0,real,cifake,train
data/raw/cifake/train/REAL/0447 (7).jpg,0,real,cifake,train
data/raw/cifake/train/REAL/3839 (3).jpg,0,real,cifake,train
data/raw/cifake/train/REAL/1909 (6).jpg,0,real,cifake,train
data/raw/cifake/train/REAL/4141.jpg,0,real,cifake,train
data/raw/cifake/train/FAKE/1804.jpg,1,ai_generated,cifake,train
data/raw/cifake/train/REAL/4992 (7).jpg,0,real,cifake,train
data/raw/cifake/train/REAL/4209 (4).jpg,0,real,cifake,train
data/raw/cifake/train/REAL/0993 (10).jpg,0,real,cifake,train
data/raw/cifake/train/REAL/1305 (2).jpg,0,real,cifake,train
data/raw/cifake/train/FAKE/5411 (4).jpg,1,ai_generated,cifake,train
data/raw/cifake/train/FAKE/3856 (6).jpg,1,ai_generated,cifake,train
data/raw/cifake/train/REAL/2264.jpg,0,real,cifake,train
data/raw/cifake/train/FAKE/5318 (4).jpg,1,ai_generated,cifake,train
data/raw/cifake/train/FAKE/3135 (4).jpg,1,ai_generated,cifake,train
data/raw/cifake/train/FAKE/1028.jpg,1,ai_generated,cifake,train
data/raw/cifake/train/REAL/0953 (2).jpg,0,real,cifake,train
data/raw/cifake/train/REAL/4019 (2).jpg,0,real,cifake,train
data/raw/cifake/train/REAL/4150 (4).jpg,0,real,cifake,train
data/raw/cifake/train/FAKE/5845 (10).jpg,1,ai_generated,cifake,train
data/raw/cifake/train/FAKE/1951 (2).jpg,1,ai_generated,cifake,train
data/raw/cifake/train/REAL/3970 (10).jpg,0,real,cifake,train
data/raw/cifake/train/REAL/3373 (8).jpg,0,real,cifake,train
data/raw/cifake/train/FAKE/5321 (8).jpg,1,ai_generated,cifake,train
data/raw/cifake/train/REAL/1937 (10).jpg,0,real,cifake,train
data/raw/cifake/train/FAKE/1052 (3).jpg,1,ai_generated,cifake,train
data/raw/cifake/train/FAKE/5138 (6).jpg,1,ai_generated,cifake,train
data/raw/cifake/train/REAL/0473 (9).jpg,0,real,cifake,train
data/raw/cifake/train/FAKE/2656 (9).jpg,1,ai_generated,cifake,train
data/raw/cifake/train/FAKE/3363 (3).jpg,1,ai_generated,cifake,train
data/raw/cifake/train/REAL/0252 (7).jpg,0,real,cifake,train
data/raw/cifake/train/FAKE/4671 (2).jpg,1,ai_generated,cifake,train
data/raw/cifake/train/REAL/2471 (10).jpg,0,real,cifake,train
data/raw/cifake/train/FAKE/1080.jpg,1,ai_generated,cifake,train
data/raw/cifake/train/FAKE/5185 (7).jpg,1,ai_generated,cifake,train
data/raw/cifake/train/REAL/0522 (7).jpg,0,real,cifake,train
data/raw/cifake/train/REAL/4205 (4).jpg,0,real,cifake,train
data/raw/cifake/train/FAKE/5699 (9).jpg,1,ai_generated,cifake,train
data/raw/cifake/train/FAKE/3168 (6).jpg,1,ai_generated,cifake,train
data/raw/cifake/train/FAKE/5993.jpg,1,ai_generated,cifake,train
data/raw/cifake/train/REAL/1268.jpg,0,real,cifake,train
data/raw/cifake/train/FAKE/2969 (8).jpg,1,ai_generated,cifake,train
data/raw/cifake/train/REAL/1104 (7).jpg,0,real,cifake,train
data/raw/cifake/train/REAL/2391 (9).jpg,0,real,cifake,train
data/raw/cifake/train/REAL/2968 (4).jpg,0,real,cifake,train
data/raw/cifake/train/FAKE/1492 (10).jpg,1,ai_generated,cifake,train
data/raw/cifake/train/FAKE/5739 (4).jpg,1,ai_generated,cifake,train
data/raw/cifake/train/FAKE/4098 (3).jpg,1,ai_generated,cifake,train
data/raw/cifake/train/REAL/3973 (10).jpg,0,real,cifake,train
data/raw/cifake/train/REAL/1138 (2).jpg,0,real,cifake,train
data/raw/cifake/train/REAL/1596 (5).jpg,0,real,cifake,train
data/raw/cifake/train/REAL/0896 (8).jpg,0,real,cifake,train
data/raw/cifake/train/REAL/3493 (5).jpg,0,real,cifake,train
data/raw/cifake/train/REAL/3645 (7).jpg,0,real,cifake,train
data/raw/cifake/train/FAKE/5726 (10).jpg,1,ai_generated,cifake,train
data/raw/cifake/train/REAL/2733 (10).jpg,0,real,cifake,train
data/raw/cifake/train/FAKE/3659.jpg,1,ai_generated,cifake,train
data/raw/cifake/train/FAKE/1369 (2).jpg,1,ai_generated,cifake,train
data/raw/cifake/train/FAKE/5624 (4).jpg,1,ai_generated,cifake,train
data/raw/cifake/train/REAL/3996 (3).jpg,0,real,cifake,train
data/raw/cifake/train/FAKE/2160 (2).jpg,1,ai_generated,cifake,train
data/raw/cifake/train/REAL/0514 (5).jpg,0,real,cifake,train
data/raw/cifake/train/REAL/2688 (4).jpg,0,real,cifake,train
data/raw/cifake/train/REAL/4150 (9).jpg,0,real,cifake,train
data/raw/cifake/train/FAKE/4432 (7).jpg,1,ai_generated,cifake,train
data/raw/cifake/train/FAKE/3830 (4).jpg,1,ai_generated,cifake,train
data/raw/cifake/train/REAL/1676.jpg,0,real,cifake,train
data/raw/cifake/train/REAL/3072 (3).jpg,0,real,cifake,train
data/raw/cifake/train/FAKE/3262 (5).jpg,1,ai_generated,cifake,train
data/raw/cifake/train/REAL/2570 (3).jpg,0,real,cifake,train
data/raw/cifake/train/FAKE/1667 (3).jpg,1,ai_generated,cifake,train
data/raw/cifake/train/REAL/3331 (10).jpg,0,real,cifake,train
data/raw/cifake/train/REAL/4576 (7).jpg,0,real,cifake,train
data/raw/cifake/train/FAKE/5340 (10).jpg,1,ai_generated,cifake,train
data/raw/cifake/train/FAKE/1828 (3).jpg,1,ai_generated,cifake,train
data/raw/cifake/train/REAL/4260 (6).jpg,0,real,cifake,train
data/raw/cifake/train/FAKE/3206 (3).jpg,1,ai_generated,cifake,train
data/raw/cifake/train/FAKE/4609.jpg,1,ai_generated,cifake,train
data/raw/cifake/train/FAKE/4121 (5).jpg,1,ai_generated,cifake,train
data/raw/cifake/train/REAL/1630 (5).jpg,0,real,cifake,train
data/raw/cifake/train/REAL/4634 (10).jpg,0,real,cifake,train
data/raw/cifake/train/FAKE/4705 (5).jpg,1,ai_generated,cifake,train
data/raw/cifake/train/REAL/1850 (5).jpg,0,real,cifake,train
data/raw/cifake/train/REAL/3254 (9).jpg,0,real,cifake,train
data/raw/cifake/train/REAL/0716 (3).jpg,0,real,cifake,train
data/raw/cifake/train/FAKE/4128 (6).jpg,1,ai_generated,cifake,train
data/raw/cifake/train/REAL/0892 (9).jpg,0,real,cifake,train
data/raw/cifake/train/FAKE/1334 (2).jpg,1,ai_generated,cifake,train
data/raw/cifake/train/FAKE/2011 (9).jpg,1,ai_generated,cifake,train
data/raw/cifake/train/REAL/0543 (5).jpg,0,real,cifake,train
data/raw/cifake/train/FAKE/3381 (3).jpg,1,ai_generated,cifake,train
data/raw/cifake/train/REAL/3046 (2).jpg,0,real,cifake,train
data/raw/cifake/train/REAL/1114 (5).jpg,0,real,cifake,train
data/raw/cifake/train/FAKE/3728 (3).jpg,1,ai_generated,cifake,train
data/raw/cifake/train/FAKE/1567 (5).jpg,1,ai_generated,cifake,train
data/raw/cifake/train/FAKE/1821 (7).jpg,1,ai_generated,cifake,train
data/raw/cifake/train/REAL/2978 (7).jpg,0,real,cifake,train
data/raw/cifake/train/FAKE/5766 (6).jpg,1,ai_generated,cifake,train
data/raw/cifake/train/REAL/4700 (5).jpg,0,real,cifake,train
data/raw/cifake/train/FAKE/3776 (3).jpg,1,ai_generated,cifake,train
data/raw/cifake/train/REAL/2064 (8).jpg,0,real,cifake,train
data/raw/cifake/train/REAL/2052 (10).jpg,0,real,cifake,train
data/raw/cifake/train/FAKE/1545.jpg,1,ai_generated,cifake,train
data/raw/cifake/train/REAL/3330 (10).jpg,0,real,cifake,train
data/raw/cifake/train/FAKE/3109 (4).jpg,1,ai_generated,cifake,train
data/raw/cifake/train/FAKE/1442 (4).jpg,1,ai_generated,cifake,train
data/raw/cifake/train/REAL/0572 (10).jpg,0,real,cifake,train
data/raw/cifake/train/REAL/2230 (10).jpg,0,real,cifake,train
data/raw/cifake/train/FAKE/3047 (7).jpg,1,ai_generated,cifake,train
data/raw/cifake/train/FAKE/1253 (8).jpg,1,ai_generated,cifake,train
data/raw/cifake/train/REAL/2769 (6).jpg,0,real,cifake,train
data/raw/cifake/train/FAKE/1108 (5).jpg,1,ai_generated,cifake,train
data/raw/cifake/train/FAKE/3920 (9).jpg,1,ai_generated,cifake,train
data/raw/cifake/train/REAL/2100 (7).jpg,0,real,cifake,train
data/raw/cifake/train/REAL/2219 (4).jpg,0,real,cifake,train
data/raw/cifake/train/FAKE/1599 (5).jpg,1,ai_generated,cifake,train
data/raw/cifake/train/REAL/3679 (2).jpg,0,real,cifake,train
data/raw/cifake/train/FAKE/3687 (7).jpg,1,ai_generated,cifake,train
data/raw/cifake/train/REAL/0964 (6).jpg,0,real,cifake,train
data/raw/cifake/train/FAKE/1045 (7).jpg,1,ai_generated,cifake,train
data/raw/cifake/train/REAL/2460 (8).jpg,0,real,cifake,train
data/raw/cifake/train/FAKE/4620 (5).jpg,1,ai_generated,cifake,train
data/raw/cifake/train/REAL/0604 (10).jpg,0,real,cifake,train
data/raw/cifake/train/REAL/1460 (2).jpg,0,real,cifake,train
data/raw/cifake/train/FAKE/2824 (10).jpg,1,ai_generated,cifake,train
data/raw/cifake/train/REAL/4935 (7).jpg,0,real,cifake,train
data/raw/cifake/train/FAKE/4484 (6).jpg,1,ai_generated,cifake,train
data/raw/cifake/train/REAL/3315 (3).jpg,0,real,cifake,train
data/raw/cifake/train/FAKE/5961 (5).jpg,1,ai_generated,cifake,train
data/raw/cifake/train/FAKE/3486 (8).jpg,1,ai_generated,cifake,train
data/raw/cifake/train/FAKE/2921 (10).jpg,1,ai_generated,cifake,train
data/raw/cifake/train/FAKE/4218 (6).jpg,1,ai_generated,cifake,train
data/raw/cifake/train/FAKE/1407 (2).jpg,1,ai_generated,cifake,train
data/raw/cifake/train/FAKE/5533 (2).jpg,1,ai_generated,cifake,train
data/raw/cifake/train/FAKE/1503 (5).jpg,1,ai_generated,cifake,train
data/raw/cifake/train/REAL/2848 (9).jpg,0,real,cifake,train
data/raw/cifake/train/FAKE/3123 (3).jpg,1,ai_generated,cifake,train
data/raw/cifake/train/FAKE/1185.jpg,1,ai_generated,cifake,train
data/raw/cifake/train/FAKE/3311 (8).jpg,1,ai_generated,cifake,train
data/raw/cifake/train/FAKE/1338 (8).jpg,1,ai_generated,cifake,train
data/raw/cifake/train/FAKE/1886 (6).jpg,1,ai_generated,cifake,train
data/raw/cifake/train/FAKE/4954 (3).jpg,1,ai_generated,cifake,train
data/raw/cifake/train/FAKE/1628 (6).jpg,1,ai_generated,cifake,train
data/raw/cifake/train/REAL/2784 (3).jpg,0,real,cifake,train
data/raw/cifake/train/REAL/1584 (5).jpg,0,real,cifake,train
data/raw/cifake/train/REAL/1463 (8).jpg,0,real,cifake,train
data/raw/cifake/train/FAKE/3932 (3).jpg,1,ai_generated,cifake,train
data/raw/cifake/train/FAKE/5691 (7).jpg,1,ai_generated,cifake,train
data/raw/cifake/train/REAL/3105 (7).jpg,0,real,cifake,train
data/raw/cifake/train/REAL/4863 (10).jpg,0,real,cifake,train
data/raw/cifake/train/FAKE/3949 (5).jpg,1,ai_generated,cifake,train
data/raw/cifake/train/FAKE/3353 (9).jpg,1,ai_generated,cifake,train
data/raw/cifake/train/REAL/2434 (10).jpg,0,real,cifake,train
data/raw/cifake/train/REAL/2072 (3).jpg,0,real,cifake,train
data/raw/cifake/train/FAKE/2689 (5).jpg,1,ai_generated,cifake,train
data/raw/cifake/train/FAKE/4899 (6).jpg,1,ai_generated,cifake,train
data/raw/cifake/train/FAKE/4406 (2).jpg,1,ai_generated,cifake,train
data/raw/cifake/train/FAKE/5786 (8).jpg,1,ai_generated,cifake,train
data/raw/cifake/train/FAKE/5203 (2).jpg,1,ai_generated,cifake,train
data/raw/cifake/train/REAL/2622 (10).jpg,0,real,cifake,train
data/raw/cifake/train/FAKE/5689 (3).jpg,1,ai_generated,cifake,train
data/raw/cifake/train/REAL/4879 (6).jpg,0,real,cifake,train
data/raw/cifake/train/FAKE/3947 (8).jpg,1,ai_generated,cifake,train
data/raw/cifake/train/FAKE/3434 (6).jpg,1,ai_generated,cifake,train
data/raw/cifake/train/FAKE/3979 (6).jpg,1,ai_generated,cifake,train
data/raw/cifake/train/FAKE/5334 (8).jpg,1,ai_generated,cifake,train
data/raw/cifake/train/REAL/1227.jpg,0,real,cifake,train
data/raw/cifake/train/FAKE/2027 (6).jpg,1,ai_generated,cifake,train
data/raw/cifake/train/FAKE/4871 (8).jpg,1,ai_generated,cifake,train
data/raw/cifake/train/REAL/3119 (3).jpg,0,real,cifake,train
data/raw/cifake/train/REAL/0869 (3).jpg,0,real,cifake,train
data/raw/cifake/train/FAKE/1978 (4).jpg,1,ai_generated,cifake,train
data/raw/cifake/train/REAL/0469 (8).jpg,0,real,cifake,train
data/raw/cifake/train/FAKE/5130 (7).jpg,1,ai_generated,cifake,train
data/raw/cifake/train/REAL/3503 (9).jpg,0,real,cifake,train
data/raw/cifake/train/FAKE/4681 (10).jpg,1,ai_generated,cifake,train
data/raw/cifake/train/REAL/4071 (9).jpg,0,real,cifake,train
data/raw/cifake/train/REAL/3759 (6).jpg,0,real,cifake,train
data/raw/cifake/train/FAKE/3944 (7).jpg,1,ai_generated,cifake,train
data/raw/cifake/train/FAKE/3861 (9).jpg,1,ai_generated,cifake,train
data/raw/cifake/train/FAKE/2128.jpg,1,ai_generated,cifake,train
data/raw/cifake/train/FAKE/3424 (8).jpg,1,ai_generated,cifake,train
data/raw/cifake/train/REAL/3219 (10).jpg,0,real,cifake,train
data/raw/cifake/train/FAKE/5070 (3).jpg,1,ai_generated,cifake,train
data/raw/cifake/train/FAKE/1084 (3).jpg,1,ai_generated,cifake,train
data/raw/cifake/train/FAKE/5323.jpg,1,ai_generated,cifake,train
data/raw/cifake/train/REAL/4855 (8).jpg,0,real,cifake,train
data/raw/cifake/train/REAL/3651 (4).jpg,0,real,cifake,train
data/raw/cifake/train/FAKE/3915.jpg,1,ai_generated,cifake,train
data/raw/cifake/train/FAKE/5415 (7).jpg,1,ai_generated,cifake,train
data/raw/cifake/train/FAKE/1584 (7).jpg,1,ai_generated,cifake,train
data/raw/cifake/train/REAL/2774 (4).jpg,0,real,cifake,train
data/raw/cifake/train/FAKE/1296 (10).jpg,1,ai_generated,cifake,train
data/raw/cifake/train/REAL/2861 (3).jpg,0,real,cifake,train
data/raw/cifake/train/REAL/3252 (4).jpg,0,real,cifake,train
data/raw/cifake/train/FAKE/1399 (5).jpg,1,ai_generated,cifake,train
data/raw/cifake/train/REAL/4220 (5).jpg,0,real,cifake,train
data/raw/cifake/train/REAL/1223 (5).jpg,0,real,cifake,train
data/raw/cifake/train/REAL/4237.jpg,0,real,cifake,train
data/raw/cifake/train/FAKE/2532 (9).jpg,1,ai_generated,cifake,train
data/raw/cifake/train/REAL/3005 (6).jpg,0,real,cifake,train
data/raw/cifake/train/REAL/0059 (5).jpg,0,real,cifake,train
data/raw/cifake/train/FAKE/5306.jpg,1,ai_generated,cifake,train
data/raw/cifake/train/REAL/0677 (10).jpg,0,real,cifake,train
data/raw/cifake/train/FAKE/1040 (5).jpg,1,ai_generated,cifake,train
data/raw/cifake/train/REAL/2767 (6).jpg,0,real,cifake,train
data/raw/cifake/train/REAL/1059 (3).jpg,0,real,cifake,train
data/raw/cifake/train/REAL/1509 (9).jpg,0,real,cifake,train
data/raw/cifake/train/REAL/4131 (7).jpg,0,real,cifake,train
data/raw/cifake/train/REAL/3154.jpg,0,real,cifake,train
data/raw/cifake/train/REAL/4604 (9).jpg,0,real,cifake,train
data/raw/cifake/train/FAKE/3842 (3).jpg,1,ai_generated,cifake,train
data/raw/cifake/train/REAL/0940 (5).jpg,0,real,cifake,train
data/raw/cifake/train/FAKE/1776 (6).jpg,1,ai_generated,cifake,train
data/raw/cifake/train/REAL/2054 (2).jpg,0,real,cifake,train
data/raw/cifake/train/FAKE/2650 (8).jpg,1,ai_generated,cifake,train
data/raw/cifake/train/REAL/3724 (8).jpg,0,real,cifake,train
data/raw/cifake/train/REAL/0802 (6).jpg,0,real,cifake,train
data/raw/cifake/train/FAKE/5244 (9).jpg,1,ai_generated,cifake,train
data/raw/cifake/train/REAL/1474 (8).jpg,0,real,cifake,train
data/raw/cifake/train/REAL/3059 (2).jpg,0,real,cifake,train
data/raw/cifake/train/FAKE/2525 (4).jpg,1,ai_generated,cifake,train
data/raw/cifake/train/REAL/2932.jpg,0,real,cifake,train
data/raw/cifake/train/FAKE/5096 (5).jpg,1,ai_generated,cifake,train
data/raw/cifake/train/REAL/4415 (2).jpg,0,real,cifake,train
data/raw/cifake/train/FAKE/5174 (5).jpg,1,ai_generated,cifake,train
data/raw/cifake/train/REAL/0796 (7).jpg,0,real,cifake,train
data/raw/cifake/train/REAL/4572 (3).jpg,0,real,cifake,train
data/raw/cifake/train/REAL/1844 (7).jpg,0,real,cifake,train
data/raw/cifake/train/REAL/4851.jpg,0,real,cifake,train
data/raw/cifake/train/REAL/0663 (6).jpg,0,real,cifake,train
data/raw/cifake/train/REAL/3435 (3).jpg,0,real,cifake,train
data/raw/cifake/train/FAKE/4972.jpg,1,ai_generated,cifake,train
data/raw/cifake/train/REAL/3770 (9).jpg,0,real,cifake,train
data/raw/cifake/train/FAKE/4632 (2).jpg,1,ai_generated,cifake,train
data/raw/cifake/train/REAL/4325 (3).jpg,0,real,cifake,train
data/raw/cifake/train/REAL/4396 (5).jpg,0,real,cifake,train
data/raw/cifake/train/FAKE/3733 (6).jpg,1,ai_generated,cifake,train
data/raw/cifake/train/REAL/0465 (9).jpg,0,real,cifake,train
data/raw/cifake/train/REAL/4324 (7).jpg,0,real,cifake,train
data/raw/cifake/train/FAKE/3809.jpg,1,ai_generated,cifake,train
data/raw/cifake/train/REAL/2203 (10).jpg,0,real,cifake,train
data/raw/cifake/train/REAL/4159 (5).jpg,0,real,cifake,train
data/raw/cifake/train/REAL/1198.jpg,0,real,cifake,train
data/raw/cifake/train/REAL/2084 (8).jpg,0,real,cifake,train
data/raw/cifake/train/FAKE/2750.jpg,1,ai_generated,cifake,train
data/raw/cifake/train/FAKE/2002 (8).jpg,1,ai_generated,cifake,train
data/raw/cifake/train/REAL/4174 (6).jpg,0,real,cifake,train
data/raw/cifake/train/FAKE/1096 (2).jpg,1,ai_generated,cifake,train
data/raw/cifake/train/FAKE/2857 (9).jpg,1,ai_generated,cifake,train
data/raw/cifake/train/FAKE/1527 (10).jpg,1,ai_generated,cifake,train
data/raw/cifake/train/REAL/4943 (8).jpg,0,real,cifake,train
data/raw/cifake/train/REAL/3393 (9).jpg,0,real,cifake,train
data/raw/cifake/train/FAKE/4530 (7).jpg,1,ai_generated,cifake,train
data/raw/cifake/train/REAL/3070 (6).jpg,0,real,cifake,train
data/raw/cifake/train/REAL/4072 (8).jpg,0,real,cifake,train
data/raw/cifake/train/REAL/2517 (9).jpg,0,real,cifake,train
data/raw/cifake/train/FAKE/1369 (5).jpg,1,ai_generated,cifake,train
data/raw/cifake/train/FAKE/4993 (2).jpg,1,ai_generated,cifake,train
data/raw/cifake/train/FAKE/1908 (9).jpg,1,ai_generated,cifake,train
data/raw/cifake/train/FAKE/4989 (6).jpg,1,ai_generated,cifake,train
data/raw/cifake/train/REAL/3330 (6).jpg,0,real,cifake,train
data/raw/cifake/train/REAL/0380 (10).jpg,0,real,cifake,train
data/raw/cifake/train/REAL/4307 (5).jpg,0,real,cifake,train
data/raw/cifake/train/FAKE/3824 (10).jpg,1,ai_generated,cifake,train
data/raw/cifake/train/FAKE/5727 (8).jpg,1,ai_generated,cifake,train
data/raw/cifake/train/REAL/3395 (2).jpg,0,real,cifake,train
data/raw/cifake/train/REAL/2691 (8).jpg,0,real,cifake,train
data/raw/cifake/train/REAL/4967 (3).jpg,0,real,cifake,train
data/raw/cifake/train/REAL/4219 (9).jpg,0,real,cifake,train
data/raw/cifake/train/FAKE/5572 (10).jpg,1,ai_generated,cifake,train
data/raw/cifake/train/REAL/1828 (10).jpg,0,real,cifake,train
data/raw/cifake/train/FAKE/1940 (7).jpg,1,ai_generated,cifake,train
data/raw/cifake/train/FAKE/4776 (2).jpg,1,ai_generated,cifake,train
data/raw/cifake/train/REAL/1279 (5).jpg,0,real,cifake,train
data/raw/cifake/train/FAKE/5938 (8).jpg,1,ai_generated,cifake,train
data/raw/cifake/train/FAKE/2569 (5).jpg,1,ai_generated,cifake,train
data/raw/cifake/train/REAL/0583 (5).jpg,0,real,cifake,train
data/raw/cifake/train/REAL/0465 (2).jpg,0,real,cifake,train
data/raw/cifake/train/FAKE/1901 (7).jpg,1,ai_generated,cifake,train
data/raw/cifake/train/FAKE/5209 (4).jpg,1,ai_generated,cifake,train
data/raw/cifake/train/FAKE/4104 (8).jpg,1,ai_generated,cifake,train
data/raw/cifake/train/REAL/4013 (4).jpg,0,real,cifake,train
data/raw/cifake/train/REAL/4835 (10).jpg,0,real,cifake,train
data/raw/cifake/train/FAKE/3836 (6).jpg,1,ai_generated,cifake,train
data/raw/cifake/train/REAL/4772 (2).jpg,0,real,cifake,train
data/raw/cifake/train/FAKE/2900 (5).jpg,1,ai_generated,cifake,train
data/raw/cifake/train/REAL/2631 (9).jpg,0,real,cifake,train
data/raw/cifake/train/FAKE/3770 (4).jpg,1,ai_generated,cifake,train
data/raw/cifake/train/FAKE/3027 (6).jpg,1,ai_generated,cifake,train
data/raw/cifake/train/REAL/0324 (6).jpg,0,real,cifake,train
data/raw/cifake/train/REAL/4846 (5).jpg,0,real,cifake,train
data/raw/cifake/train/FAKE/2876 (10).jpg,1,ai_generated,cifake,train
data/raw/cifake/train/FAKE/5640 (2).jpg,1,ai_generated,cifake,train
data/raw/cifake/train/REAL/1456 (5).jpg,0,real,cifake,train
data/raw/cifake/train/FAKE/2762 (2).jpg,1,ai_generated,cifake,train
data/raw/cifake/train/FAKE/5770 (7).jpg,1,ai_generated,cifake,train
data/raw/cifake/train/REAL/0464 (7).jpg,0,real,cifake,train
data/raw/cifake/train/REAL/1076 (3).jpg,0,real,cifake,train
data/raw/cifake/train/FAKE/4406 (3).jpg,1,ai_generated,cifake,train
data/raw/cifake/train/FAKE/2564 (7).jpg,1,ai_generated,cifake,train
data/raw/cifake/train/FAKE/4984 (7).jpg,1,ai_generated,cifake,train
data/raw/cifake/train/FAKE/3038 (5).jpg,1,ai_generated,cifake,train
data/raw/cifake/train/FAKE/5132 (6).jpg,1,ai_generated,cifake,train
data/raw/cifake/train/REAL/1641 (5).jpg,0,real,cifake,train
data/raw/cifake/train/REAL/3403 (3).jpg,0,real,cifake,train
data/raw/cifake/train/REAL/1573 (10).jpg,0,real,cifake,train
data/raw/cifake/train/REAL/2414 (4).jpg,0,real,cifake,train
data/raw/cifake/train/REAL/2864 (3).jpg,0,real,cifake,train
data/raw/cifake/train/FAKE/5505 (6).jpg,1,ai_generated,cifake,train
data/raw/cifake/train/REAL/4117 (6).jpg,0,real,cifake,train
data/raw/cifake/train/FAKE/5120 (4).jpg,1,ai_generated,cifake,train
data/raw/cifake/train/REAL/1637 (7).jpg,0,real,cifake,train
data/raw/cifake/train/REAL/1052 (10).jpg,0,real,cifake,train
data/raw/cifake/train/FAKE/2362.jpg,1,ai_generated,cifake,train
data/raw/cifake/train/REAL/4898 (2).jpg,0,real,cifake,train
data/raw/cifake/train/FAKE/4448 (9).jpg,1,ai_generated,cifake,train
data/raw/cifake/train/FAKE/2255 (9).jpg,1,ai_generated,cifake,train
data/raw/cifake/train/FAKE/3588 (9).jpg,1,ai_generated,cifake,train
data/raw/cifake/train/FAKE/4858 (7).jpg,1,ai_generated,cifake,train
data/raw/cifake/train/REAL/4293 (6).jpg,0,real,cifake,train
data/raw/cifake/train/FAKE/2843 (2).jpg,1,ai_generated,cifake,train
data/raw/cifake/train/REAL/1048 (7).jpg,0,real,cifake,train
data/raw/cifake/train/FAKE/1061 (4).jpg,1,ai_generated,cifake,train
data/raw/cifake/train/REAL/1777 (5).jpg,0,real,cifake,train
data/raw/cifake/train/FAKE/4136.jpg,1,ai_generated,cifake,train
data/raw/cifake/train/REAL/0085 (6).jpg,0,real,cifake,train
data/raw/cifake/train/REAL/0661 (6).jpg,0,real,cifake,train
data/raw/cifake/train/REAL/4641 (8).jpg,0,real,cifake,train
data/raw/cifake/train/FAKE/2111 (2).jpg,1,ai_generated,cifake,train
data/raw/cifake/train/REAL/1979 (8).jpg,0,real,cifake,train
data/raw/cifake/train/FAKE/3904 (5).jpg,1,ai_generated,cifake,train
data/raw/cifake/train/REAL/4514 (6).jpg,0,real,cifake,train
data/raw/cifake/train/FAKE/4076 (9).jpg,1,ai_generated,cifake,train
data/raw/cifake/train/FAKE/3646 (3).jpg,1,ai_generated,cifake,train
data/raw/cifake/train/FAKE/1293 (6).jpg,1,ai_generated,cifake,train
data/raw/cifake/train/REAL/0445 (6).jpg,0,real,cifake,train
data/raw/cifake/train/REAL/1601 (3).jpg,0,real,cifake,train
data/raw/cifake/train/FAKE/4417 (4).jpg,1,ai_generated,cifake,train
data/raw/cifake/train/REAL/0946 (8).jpg,0,real,cifake,train
data/raw/cifake/train/REAL/1440 (4).jpg,0,real,cifake,train
data/raw/cifake/train/REAL/3239 (2).jpg,0,real,cifake,train
data/raw/cifake/train/REAL/4375 (5).jpg,0,real,cifake,train
data/raw/cifake/train/FAKE/1719 (6).jpg,1,ai_generated,cifake,train
data/raw/cifake/train/REAL/2261 (8).jpg,0,real,cifake,train
data/raw/cifake/train/FAKE/4877.jpg,1,ai_generated,cifake,train
data/raw/cifake/train/FAKE/1161 (4).jpg,1,ai_generated,cifake,train
data/raw/cifake/train/REAL/1924 (2).jpg,0,real,cifake,train
data/raw/cifake/train/FAKE/2018 (5).jpg,1,ai_generated,cifake,train
data/raw/cifake/train/FAKE/2350 (3).jpg,1,ai_generated,cifake,train
data/raw/cifake/train/REAL/3384 (4).jpg,0,real,cifake,train
data/raw/cifake/train/FAKE/5614 (5).jpg,1,ai_generated,cifake,train
data/raw/cifake/train/REAL/1115 (3).jpg,0,real,cifake,train
data/raw/cifake/train/REAL/2851 (2).jpg,0,real,cifake,train
data/raw/cifake/train/FAKE/4673.jpg,1,ai_generated,cifake,train
data/raw/cifake/train/REAL/1700 (6).jpg,0,real,cifake,train
data/raw/cifake/train/REAL/2662 (6).jpg,0,real,cifake,train
data/raw/cifake/train/FAKE/3614 (2).jpg,1,ai_generated,cifake,train
data/raw/cifake/train/FAKE/4458 (4).jpg,1,ai_generated,cifake,train
data/raw/cifake/train/REAL/3316 (8).jpg,0,real,cifake,train
data/raw/cifake/train/REAL/0054 (5).jpg,0,real,cifake,train
data/raw/cifake/train/FAKE/4341 (4).jpg,1,ai_generated,cifake,train
data/raw/cifake/train/REAL/0707 (8).jpg,0,real,cifake,train
data/raw/cifake/train/REAL/4086.jpg,0,real,cifake,train
data/raw/cifake/train/FAKE/1623.jpg,1,ai_generated,cifake,train
data/raw/cifake/train/FAKE/3798 (6).jpg,1,ai_generated,cifake,train
data/raw/cifake/train/FAKE/2907 (7).jpg,1,ai_generated,cifake,train
data/raw/cifake/train/REAL/0356 (9).jpg,0,real,cifake,train
data/raw/cifake/train/REAL/4850 (5).jpg,0,real,cifake,train
data/raw/cifake/train/REAL/1391 (3).jpg,0,real,cifake,train
data/raw/cifake/train/FAKE/5999 (10).jpg,1,ai_generated,cifake,train
data/raw/cifake/train/FAKE/1272 (3).jpg,1,ai_generated,cifake,train
data/raw/cifake/train/FAKE/5198 (6).jpg,1,ai_generated,cifake,train
data/raw/cifake/train/REAL/2283 (4).jpg,0,real,cifake,train
data/raw/cifake/train/REAL/0229 (2).jpg,0,real,cifake,train
data/raw/cifake/train/FAKE/5922 (9).jpg,1,ai_generated,cifake,train
data/raw/cifake/train/REAL/3207.jpg,0,real,cifake,train
data/raw/cifake/train/REAL/1788 (3).jpg,0,real,cifake,train
data/raw/cifake/train/REAL/2943 (6).jpg,0,real,cifake,train
data/raw/cifake/train/REAL/2458 (3).jpg,0,real,cifake,train
data/raw/cifake/train/REAL/3318 (6).jpg,0,real,cifake,train
data/raw/cifake/train/REAL/2574 (4).jpg,0,real,cifake,train
data/raw/cifake/train/FAKE/2701 (10).jpg,1,ai_generated,cifake,train
data/raw/cifake/train/FAKE/1304 (6).jpg,1,ai_generated,cifake,train
data/raw/cifake/train/FAKE/5595 (5).jpg,1,ai_generated,cifake,train
data/raw/cifake/train/REAL/4374 (9).jpg,0,real,cifake,train
data/raw/cifake/train/REAL/3466 (9).jpg,0,real,cifake,train
data/raw/cifake/train/REAL/2344 (4).jpg,0,real,cifake,train
data/raw/cifake/train/FAKE/3845 (3).jpg,1,ai_generated,cifake,train
data/raw/cifake/train/REAL/2601 (7).jpg,0,real,cifake,train
data/raw/cifake/train/REAL/2040 (10).jpg,0,real,cifake,train
data/raw/cifake/train/REAL/4879 (10).jpg,0,real,cifake,train
data/raw/cifake/train/FAKE/4482 (4).jpg,1,ai_generated,cifake,train
data/raw/cifake/train/FAKE/1560 (3).jpg,1,ai_generated,cifake,train
data/raw/cifake/train/REAL/0213 (2).jpg,0,real,cifake,train
data/raw/cifake/train/FAKE/3273 (5).jpg,1,ai_generated,cifake,train
data/raw/cifake/train/FAKE/5194.jpg,1,ai_generated,cifake,train
data/raw/cifake/train/FAKE/2574 (7).jpg,1,ai_generated,cifake,train
data/raw/cifake/train/FAKE/5173 (3).jpg,1,ai_generated,cifake,train
data/raw/cifake/train/REAL/4066 (5).jpg,0,real,cifake,train
data/raw/cifake/train/REAL/2388 (2).jpg,0,real,cifake,train
data/raw/cifake/train/FAKE/2197 (9).jpg,1,ai_generated,cifake,train
data/raw/cifake/train/REAL/4662 (7).jpg,0,real,cifake,train
data/raw/cifake/train/REAL/0076.jpg,0,real,cifake,train
data/raw/cifake/train/FAKE/5395 (10).jpg,1,ai_generated,cifake,train
data/raw/cifake/train/FAKE/5793 (4).jpg,1,ai_generated,cifake,train
data/raw/cifake/train/FAKE/3730 (7).jpg,1,ai_generated,cifake,train
data/raw/cifake/train/FAKE/4734 (2).jpg,1,ai_generated,cifake,train
data/raw/cifake/train/REAL/0403 (6).jpg,0,real,cifake,train
data/raw/cifake/train/REAL/0180 (3).jpg,0,real,cifake,train
data/raw/cifake/train/FAKE/3636 (8).jpg,1,ai_generated,cifake,train
data/raw/cifake/train/REAL/3241.jpg,0,real,cifake,train
data/raw/cifake/train/FAKE/4242 (9).jpg,1,ai_generated,cifake,train
data/raw/cifake/train/REAL/0661 (7).jpg,0,real,cifake,train
data/raw/cifake/train/REAL/4727.jpg,0,real,cifake,train
data/raw/cifake/train/FAKE/4914 (5).jpg,1,ai_generated,cifake,train
data/raw/cifake/train/FAKE/1187 (10).jpg,1,ai_generated,cifake,train
data/raw/cifake/train/REAL/0731 (5).jpg,0,real,cifake,train
data/raw/cifake/train/FAKE/1536 (7).jpg,1,ai_generated,cifake,train
data/raw/cifake/train/REAL/4529 (3).jpg,0,real,cifake,train
data/raw/cifake/train/FAKE/5245 (8).jpg,1,ai_generated,cifake,train
data/raw/cifake/train/REAL/2518 (3).jpg,0,real,cifake,train
data/raw/cifake/train/REAL/0361 (6).jpg,0,real,cifake,train
data/raw/cifake/train/REAL/0257 (5).jpg,0,real,cifake,train
data/raw/cifake/train/FAKE/3151 (9).jpg,1,ai_generated,cifake,train
data/raw/cifake/train/FAKE/5816 (3).jpg,1,ai_generated,cifake,train
data/raw/cifake/train/FAKE/2859 (10).jpg,1,ai_generated,cifake,train
data/raw/cifake/train/FAKE/5978.jpg,1,ai_generated,cifake,train
data/raw/cifake/train/REAL/3143 (3).jpg,0,real,cifake,train
data/raw/cifake/train/REAL/2730 (5).jpg,0,real,cifake,train
data/raw/cifake/train/FAKE/5004 (3).jpg,1,ai_generated,cifake,train
data/raw/cifake/train/REAL/4266 (10).jpg,0,real,cifake,train
data/raw/cifake/train/FAKE/4833.jpg,1,ai_generated,cifake,train
data/raw/cifake/train/REAL/4257 (7).jpg,0,real,cifake,train
data/raw/cifake/train/FAKE/3905.jpg,1,ai_generated,cifake,train
data/raw/cifake/train/FAKE/4842 (4).jpg,1,ai_generated,cifake,train
data/raw/cifake/train/REAL/2311 (8).jpg,0,real,cifake,train
data/raw/cifake/train/REAL/0502 (3).jpg,0,real,cifake,train
data/raw/cifake/train/REAL/0127 (3).jpg,0,real,cifake,train
data/raw/cifake/train/REAL/2693 (4).jpg,0,real,cifake,train
data/raw/cifake/train/REAL/0929 (4).jpg,0,real,cifake,train
data/raw/cifake/train/FAKE/4701 (6).jpg,1,ai_generated,cifake,train
data/raw/cifake/train/FAKE/2827 (7).jpg,1,ai_generated,cifake,train
data/raw/cifake/train/FAKE/4242 (8).jpg,1,ai_generated,cifake,train
data/raw/cifake/train/FAKE/1466 (9).jpg,1,ai_generated,cifake,train
data/raw/cifake/train/REAL/0759 (4).jpg,0,real,cifake,train
data/raw/cifake/train/FAKE/1236 (5).jpg,1,ai_generated,cifake,train
data/raw/cifake/train/FAKE/1816 (8).jpg,1,ai_generated,cifake,train
data/raw/cifake/train/FAKE/5049 (3).jpg,1,ai_generated,cifake,train
data/raw/cifake/train/REAL/3661 (6).jpg,0,real,cifake,train
data/raw/cifake/train/REAL/0093 (5).jpg,0,real,cifake,train
data/raw/cifake/train/FAKE/3057 (5).jpg,1,ai_generated,cifake,train
data/raw/cifake/train/REAL/3618 (4).jpg,0,real,cifake,train
data/raw/cifake/train/REAL/2929 (9).jpg,0,real,cifake,train
data/raw/cifake/train/REAL/2428 (9).jpg,0,real,cifake,train
data/raw/cifake/train/FAKE/2505 (6).jpg,1,ai_generated,cifake,train
data/raw/cifake/train/REAL/1528 (2).jpg,0,real,cifake,train
data/raw/cifake/train/REAL/1715 (5).jpg,0,real,cifake,train
data/raw/cifake/train/FAKE/1600 (2).jpg,1,ai_generated,cifake,train
data/raw/cifake/train/FAKE/4026 (2).jpg,1,ai_generated,cifake,train
data/raw/cifake/train/FAKE/4215 (8).jpg,1,ai_generated,cifake,train
data/raw/cifake/train/FAKE/5224.jpg,1,ai_generated,cifake,train
data/raw/cifake/train/REAL/2379.jpg,0,real,cifake,train
data/raw/cifake/train/FAKE/2089 (9).jpg,1,ai_generated,cifake,train
data/raw/cifake/train/FAKE/3669 (8).jpg,1,ai_generated,cifake,train
data/raw/cifake/train/FAKE/4871 (7).jpg,1,ai_generated,cifake,train
data/raw/cifake/train/FAKE/4692 (4).jpg,1,ai_generated,cifake,train
data/raw/cifake/train/REAL/2587 (7).jpg,0,real,cifake,train
data/raw/cifake/train/REAL/2036 (7).jpg,0,real,cifake,train
data/raw/cifake/train/FAKE/3285 (7).jpg,1,ai_generated,cifake,train
data/raw/cifake/train/REAL/3714 (6).jpg,0,real,cifake,train
data/raw/cifake/train/FAKE/5605 (3).jpg,1,ai_generated,cifake,train
data/raw/cifake/train/FAKE/1332 (2).jpg,1,ai_generated,cifake,train
data/raw/cifake/train/REAL/1462 (10).jpg,0,real,cifake,train
data/raw/cifake/train/REAL/4367 (4).jpg,0,real,cifake,train
data/raw/cifake/train/FAKE/3837 (10).jpg,1,ai_generated,cifake,train
data/raw/cifake/train/FAKE/5533 (6).jpg,1,ai_generated,cifake,train
data/raw/cifake/train/FAKE/4634 (2).jpg,1,ai_generated,cifake,train
data/raw/cifake/train/FAKE/5873 (9).jpg,1,ai_generated,cifake,train
data/raw/cifake/train/REAL/3801 (6).jpg,0,real,cifake,train
data/raw/cifake/train/FAKE/4702 (2).jpg,1,ai_generated,cifake,train
data/raw/cifake/train/FAKE/2936 (8).jpg,1,ai_generated,cifake,train
data/raw/cifake/train/FAKE/1569 (2).jpg,1,ai_generated,cifake,train
data/raw/cifake/train/REAL/4972 (6).jpg,0,real,cifake,train
data/raw/cifake/train/FAKE/4688 (7).jpg,1,ai_generated,cifake,train
data/raw/cifake/train/REAL/1867 (10).jpg,0,real,cifake,train
data/raw/cifake/train/REAL/4774 (10).jpg,0,real,cifake,train
data/raw/cifake/train/REAL/2705 (2).jpg,0,real,cifake,train
data/raw/cifake/train/REAL/2828 (7).jpg,0,real,cifake,train
data/raw/cifake/train/FAKE/5401 (5).jpg,1,ai_generated,cifake,train
data/raw/cifake/train/REAL/0127 (8).jpg,0,real,cifake,train
data/raw/cifake/train/REAL/0385 (2).jpg,0,real,cifake,train
data/raw/cifake/train/FAKE/3057 (3).jpg,1,ai_generated,cifake,train
data/raw/cifake/train/REAL/0131.jpg,0,real,cifake,train
data/raw/cifake/train/FAKE/5632 (10).jpg,1,ai_generated,cifake,train
data/raw/cifake/train/FAKE/4433 (9).jpg,1,ai_generated,cifake,train
data/raw/cifake/train/FAKE/5198.jpg,1,ai_generated,cifake,train
data/raw/cifake/train/REAL/3612 (9).jpg,0,real,cifake,train
data/raw/cifake/train/REAL/2667 (3).jpg,0,real,cifake,train
data/raw/cifake/train/REAL/4499 (8).jpg,0,real,cifake,train
data/raw/cifake/train/FAKE/1559 (2).jpg,1,ai_generated,cifake,train
data/raw/cifake/train/REAL/1032 (6).jpg,0,real,cifake,train
data/raw/cifake/train/REAL/1194 (7).jpg,0,real,cifake,train
data/raw/cifake/train/REAL/1066.jpg,0,real,cifake,train
data/raw/cifake/train/REAL/3491 (9).jpg,0,real,cifake,train
data/raw/cifake/train/FAKE/3536 (4).jpg,1,ai_generated,cifake,train
data/raw/cifake/train/REAL/4716 (10).jpg,0,real,cifake,train
data/raw/cifake/train/REAL/0616 (6).jpg,0,real,cifake,train
data/raw/cifake/train/FAKE/4378 (8).jpg,1,ai_generated,cifake,train
data/raw/cifake/train/REAL/1111 (8).jpg,0,real,cifake,train
data/raw/cifake/train/FAKE/3905 (3).jpg,1,ai_generated,cifake,train
data/raw/cifake/train/FAKE/1712 (9).jpg,1,ai_generated,cifake,train
data/raw/cifake/train/REAL/0600 (2).jpg,0,real,cifake,train
data/raw/cifake/train/FAKE/1897 (5).jpg,1,ai_generated,cifake,train
data/raw/cifake/train/REAL/4838 (10).jpg,0,real,cifake,train
data/raw/cifake/train/REAL/4837 (6).jpg,0,real,cifake,train
data/raw/cifake/train/FAKE/1689 (4).jpg,1,ai_generated,cifake,train
data/raw/cifake/train/REAL/2237 (6).jpg,0,real,cifake,train
data/raw/cifake/train/FAKE/3264 (9).jpg,1,ai_generated,cifake,train
data/raw/cifake/train/FAKE/4836 (9).jpg,1,ai_generated,cifake,train
data/raw/cifake/train/FAKE/4573 (5).jpg,1,ai_generated,cifake,train
data/raw/cifake/train/FAKE/3671 (4).jpg,1,ai_generated,cifake,train
data/raw/cifake/train/FAKE/3423 (9).jpg,1,ai_generated,cifake,train
data/raw/cifake/train/REAL/0970 (5).jpg,0,real,cifake,train
data/raw/cifake/train/REAL/4507 (8).jpg,0,real,cifake,train
data/raw/cifake/train/FAKE/4819 (7).jpg,1,ai_generated,cifake,train
data/raw/cifake/train/FAKE/4343 (9).jpg,1,ai_generated,cifake,train
data/raw/cifake/train/REAL/1868.jpg,0,real,cifake,train
data/raw/cifake/train/FAKE/2663 (3).jpg,1,ai_generated,cifake,train
data/raw/cifake/train/FAKE/5567 (5).jpg,1,ai_generated,cifake,train
data/raw/cifake/train/FAKE/4755.jpg,1,ai_generated,cifake,train
data/raw/cifake/train/REAL/1561 (10).jpg,0,real,cifake,train
data/raw/cifake/train/FAKE/1850 (6).jpg,1,ai_generated,cifake,train
data/raw/cifake/train/FAKE/4134 (6).jpg,1,ai_generated,cifake,train
data/raw/cifake/train/FAKE/3286 (10).jpg,1,ai_generated,cifake,train
data/raw/cifake/train/REAL/4141 (3).jpg,0,real,cifake,train
data/raw/cifake/train/FAKE/2751 (6).jpg,1,ai_generated,cifake,train
data/raw/cifake/train/REAL/0450.jpg,0,real,cifake,train
data/raw/cifake/train/REAL/3811 (7).jpg,0,real,cifake,train
data/raw/cifake/train/REAL/3305 (10).jpg,0,real,cifake,train
data/raw/cifake/train/FAKE/2097 (6).jpg,1,ai_generated,cifake,train
data/raw/cifake/train/REAL/1604 (3).jpg,0,real,cifake,train
data/raw/cifake/train/REAL/3787 (3).jpg,0,real,cifake,train
data/raw/cifake/train/FAKE/4737 (5).jpg,1,ai_generated,cifake,train
data/raw/cifake/train/FAKE/1506 (4).jpg,1,ai_generated,cifake,train
data/raw/cifake/train/FAKE/3808 (3).jpg,1,ai_generated,cifake,train
data/raw/cifake/train/FAKE/4779 (2).jpg,1,ai_generated,cifake,train
data/raw/cifake/train/FAKE/1204 (9).jpg,1,ai_generated,cifake,train
data/raw/cifake/train/REAL/2580 (6).jpg,0,real,cifake,train
data/raw/cifake/train/FAKE/2334 (4).jpg,1,ai_generated,cifake,train
data/raw/cifake/train/REAL/3808 (6).jpg,0,real,cifake,train
data/raw/cifake/train/REAL/4401 (3).jpg,0,real,cifake,train
data/raw/cifake/train/REAL/1708 (10).jpg,0,real,cifake,train
data/raw/cifake/train/REAL/3560 (2).jpg,0,real,cifake,train
data/raw/cifake/train/FAKE/5340 (9).jpg,1,ai_generated,cifake,train
data/raw/cifake/train/REAL/2401 (8).jpg,0,real,cifake,train
data/raw/cifake/train/FAKE/1782 (9).jpg,1,ai_generated,cifake,train
data/raw/cifake/train/REAL/1342 (3).jpg,0,real,cifake,train
data/raw/cifake/train/FAKE/4497 (7).jpg,1,ai_generated,cifake,train
data/raw/cifake/train/REAL/2167 (5).jpg,0,real,cifake,train
data/raw/cifake/train/FAKE/4373 (3).jpg,1,ai_generated,cifake,train
data/raw/cifake/train/REAL/4884 (4).jpg,0,real,cifake,train
data/raw/cifake/train/FAKE/2727.jpg,1,ai_generated,cifake,train
data/raw/cifake/train/FAKE/1776 (4).jpg,1,ai_generated,cifake,train
data/raw/cifake/train/FAKE/1682 (4).jpg,1,ai_generated,cifake,train
data/raw/cifake/train/REAL/2512 (3).jpg,0,real,cifake,train
data/raw/cifake/train/FAKE/5993 (6).jpg,1,ai_generated,cifake,train
data/raw/cifake/train/FAKE/1181 (4).jpg,1,ai_generated,cifake,train
data/raw/cifake/train/FAKE/4166 (7).jpg,1,ai_generated,cifake,train
data/raw/cifake/train/FAKE/5647 (10).jpg,1,ai_generated,cifake,train
data/raw/cifake/train/REAL/3086 (10).jpg,0,real,cifake,train
data/raw/cifake/train/FAKE/3177 (8).jpg,1,ai_generated,cifake,train
data/raw/cifake/train/FAKE/5307 (2).jpg,1,ai_generated,cifake,train
data/raw/cifake/train/REAL/3895 (3).jpg,0,real,cifake,train
data/raw/cifake/train/REAL/1911 (2).jpg,0,real,cifake,train
data/raw/cifake/train/REAL/1548 (6).jpg,0,real,cifake,train
data/raw/cifake/train/REAL/4553 (3).jpg,0,real,cifake,train
data/raw/cifake/train/REAL/2349.jpg,0,real,cifake,train
data/raw/cifake/train/REAL/2729 (5).jpg,0,real,cifake,train
data/raw/cifake/train/REAL/4204 (6).jpg,0,real,cifake,train
data/raw/cifake/train/FAKE/1485.jpg,1,ai_generated,cifake,train
data/raw/cifake/train/REAL/1545 (7).jpg,0,real,cifake,train
data/raw/cifake/train/REAL/2651 (2).jpg,0,real,cifake,train
data/raw/cifake/train/REAL/0718 (5).jpg,0,real,cifake,train
data/raw/cifake/train/FAKE/1886 (7).jpg,1,ai_generated,cifake,train
data/raw/cifake/train/FAKE/3647 (6).jpg,1,ai_generated,cifake,train
data/raw/cifake/train/FAKE/5856 (2).jpg,1,ai_generated,cifake,train
data/raw/cifake/train/FAKE/3707 (7).jpg,1,ai_generated,cifake,train
data/raw/cifake/train/REAL/4170 (4).jpg,0,real,cifake,train
data/raw/cifake/train/FAKE/1028 (3).jpg,1,ai_generated,cifake,train
data/raw/cifake/train/REAL/0271 (3).jpg,0,real,cifake,train
data/raw/cifake/train/FAKE/4599 (10).jpg,1,ai_generated,cifake,train
data/raw/cifake/train/REAL/1468 (3).jpg,0,real,cifake,train
data/raw/cifake/train/REAL/2004 (9).jpg,0,real,cifake,train
data/raw/cifake/train/FAKE/3710 (7).jpg,1,ai_generated,cifake,train
data/raw/cifake/train/FAKE/1038 (2).jpg,1,ai_generated,cifake,train
data/raw/cifake/train/FAKE/1103.jpg,1,ai_generated,cifake,train
data/raw/cifake/train/FAKE/2069 (8).jpg,1,ai_generated,cifake,train
data/raw/cifake/train/REAL/3992.jpg,0,real,cifake,train
data/raw/cifake/train/REAL/3617 (2).jpg,0,real,cifake,train
data/raw/cifake/train/REAL/1698 (8).jpg,0,real,cifake,train
data/raw/cifake/train/FAKE/4608 (5).jpg,1,ai_generated,cifake,train
data/raw/cifake/train/FAKE/3085 (5).jpg,1,ai_generated,cifake,train
data/raw/cifake/train/REAL/3782 (9).jpg,0,real,cifake,train
data/raw/cifake/train/REAL/2866 (8).jpg,0,real,cifake,train
data/raw/cifake/train/REAL/4274 (7).jpg,0,real,cifake,train
data/raw/cifake/train/REAL/3319 (8).jpg,0,real,cifake,train
data/raw/cifake/train/REAL/0588 (5).jpg,0,real,cifake,train
data/raw/cifake/train/FAKE/4732 (2).jpg,1,ai_generated,cifake,train
data/raw/cifake/train/FAKE/4375 (5).jpg,1,ai_generated,cifake,train
data/raw/cifake/train/REAL/1438 (8).jpg,0,real,cifake,train
data/raw/cifake/train/FAKE/2677 (5).jpg,1,ai_generated,cifake,train
data/raw/cifake/train/REAL/3017 (6).jpg,0,real,cifake,train
data/raw/cifake/train/FAKE/4967 (10).jpg,1,ai_generated,cifake,train
data/raw/cifake/train/REAL/3782.jpg,0,real,cifake,train
data/raw/cifake/train/REAL/3339 (2).jpg,0,real,cifake,train
data/raw/cifake/train/FAKE/2137 (9).jpg,1,ai_generated,cifake,train
data/raw/cifake/train/REAL/4761 (10).jpg,0,real,cifake,train
data/raw/cifake/train/FAKE/3658 (8).jpg,1,ai_generated,cifake,train
data/raw/cifake/train/FAKE/3785 (3).jpg,1,ai_generated,cifake,train
data/raw/cifake/train/FAKE/4808 (6).jpg,1,ai_generated,cifake,train
data/raw/cifake/train/REAL/0425 (9).jpg,0,real,cifake,train
data/raw/cifake/train/FAKE/3222 (7).jpg,1,ai_generated,cifake,train
data/raw/cifake/train/REAL/1306 (5).jpg,0,real,cifake,train
data/raw/cifake/train/FAKE/4648.jpg,1,ai_generated,cifake,train
data/raw/cifake/train/FAKE/2329 (4).jpg,1,ai_generated,cifake,train
data/raw/cifake/train/REAL/4726 (2).jpg,0,real,cifake,train
data/raw/cifake/train/FAKE/4587 (3).jpg,1,ai_generated,cifake,train
data/raw/cifake/train/FAKE/1957 (7).jpg,1,ai_generated,cifake,train
data/raw/cifake/train/FAKE/5767 (2).jpg,1,ai_generated,cifake,train
data/raw/cifake/train/FAKE/5047 (9).jpg,1,ai_generated,cifake,train
data/raw/cifake/train/REAL/2257 (6).jpg,0,real,cifake,train
data/raw/cifake/train/FAKE/2568.jpg,1,ai_generated,cifake,train
data/raw/cifake/train/REAL/4554 (9).jpg,0,real,cifake,train
data/raw/cifake/train/REAL/3848 (10).jpg,0,real,cifake,train
data/raw/cifake/train/FAKE/2238 (5).jpg,1,ai_generated,cifake,train
data/raw/cifake/train/REAL/2062 (4).jpg,0,real,cifake,train
data/raw/cifake/train/FAKE/2738 (6).jpg,1,ai_generated,cifake,train
data/raw/cifake/train/FAKE/3728 (10).jpg,1,ai_generated,cifake,train
data/raw/cifake/train/FAKE/3888 (3).jpg,1,ai_generated,cifake,train
data/raw/cifake/train/REAL/3884 (5).jpg,0,real,cifake,train
data/raw/cifake/train/REAL/3439 (7).jpg,0,real,cifake,train
data/raw/cifake/train/FAKE/3534 (8).jpg,1,ai_generated,cifake,train
data/raw/cifake/train/FAKE/3956 (5).jpg,1,ai_generated,cifake,train
data/raw/cifake/train/REAL/2016.jpg,0,real,cifake,train
data/raw/cifake/train/FAKE/1454 (5).jpg,1,ai_generated,cifake,train
data/raw/cifake/train/FAKE/5468 (3).jpg,1,ai_generated,cifake,train
data/raw/cifake/train/REAL/2112 (5).jpg,0,real,cifake,train
data/raw/cifake/train/REAL/4908 (7).jpg,0,real,cifake,train
data/raw/cifake/train/REAL/1534 (9).jpg,0,real,cifake,train
data/raw/cifake/train/REAL/4032 (2).jpg,0,real,cifake,train
data/raw/cifake/train/REAL/0892 (8).jpg,0,real,cifake,train
data/raw/cifake/train/REAL/0731 (2).jpg,0,real,cifake,train
data/raw/cifake/train/FAKE/3440 (2).jpg,1,ai_generated,cifake,train
data/raw/cifake/train/FAKE/4509 (3).jpg,1,ai_generated,cifake,train
data/raw/cifake/train/FAKE/1049 (4).jpg,1,ai_generated,cifake,train
data/raw/cifake/train/FAKE/1707 (4).jpg,1,ai_generated,cifake,train
data/raw/cifake/train/FAKE/2067 (8).jpg,1,ai_generated,cifake,train
data/raw/cifake/train/REAL/1966 (3).jpg,0,real,cifake,train
data/raw/cifake/train/FAKE/2949 (10).jpg,1,ai_generated,cifake,train
data/raw/cifake/train/FAKE/4548 (10).jpg,1,ai_generated,cifake,train
data/raw/cifake/train/FAKE/3237 (9).jpg,1,ai_generated,cifake,train
data/raw/cifake/train/REAL/0126 (3).jpg,0,real,cifake,train
data/raw/cifake/train/REAL/2918 (3).jpg,0,real,cifake,train
data/raw/cifake/train/REAL/3375 (4).jpg,0,real,cifake,train
data/raw/cifake/train/FAKE/3390 (10).jpg,1,ai_generated,cifake,train
data/raw/cifake/train/REAL/2161 (4).jpg,0,real,cifake,train
data/raw/cifake/train/FAKE/1599 (10).jpg,1,ai_generated,cifake,train
data/raw/cifake/train/FAKE/4197.jpg,1,ai_generated,cifake,train
data/raw/cifake/train/FAKE/3117 (5).jpg,1,ai_generated,cifake,train
data/raw/cifake/train/FAKE/1007 (5).jpg,1,ai_generated,cifake,train
data/raw/cifake/train/REAL/2859 (10).jpg,0,real,cifake,train
data/raw/cifake/train/REAL/3259 (10).jpg,0,real,cifake,train
data/raw/cifake/train/REAL/2642 (2).jpg,0,real,cifake,train
data/raw/cifake/train/FAKE/2614 (6).jpg,1,ai_generated,cifake,train
data/raw/cifake/train/REAL/4586 (3).jpg,0,real,cifake,train
data/raw/cifake/train/FAKE/3749 (2).jpg,1,ai_generated,cifake,train
data/raw/cifake/train/REAL/1453 (9).jpg,0,real,cifake,train
data/raw/cifake/train/FAKE/4071 (10).jpg,1,ai_generated,cifake,train
data/raw/cifake/train/FAKE/2017 (5).jpg,1,ai_generated,cifake,train
data/raw/cifake/train/REAL/4606 (9).jpg,0,real,cifake,train
data/raw/cifake/train/FAKE/4142 (8).jpg,1,ai_generated,cifake,train
data/raw/cifake/train/FAKE/2437 (7).jpg,1,ai_generated,cifake,train
data/raw/cifake/train/FAKE/1408 (6).jpg,1,ai_generated,cifake,train
data/raw/cifake/train/REAL/4208 (5).jpg,0,real,cifake,train
data/raw/cifake/train/REAL/0890 (4).jpg,0,real,cifake,train
data/raw/cifake/train/REAL/1586 (7).jpg,0,real,cifake,train
data/raw/cifake/train/FAKE/5910 (6).jpg,1,ai_generated,cifake,train
data/raw/cifake/train/FAKE/1026 (2).jpg,1,ai_generated,cifake,train
data/raw/cifake/train/REAL/3954 (10).jpg,0,real,cifake,train
data/raw/cifake/train/REAL/4211 (5).jpg,0,real,cifake,train
data/raw/cifake/train/REAL/1719 (3).jpg,0,real,cifake,train
data/raw/cifake/train/FAKE/4862 (4).jpg,1,ai_generated,cifake,train
data/raw/cifake/train/FAKE/5284 (7).jpg,1,ai_generated,cifake,train
data/raw/cifake/train/REAL/2893 (8).jpg,0,real,cifake,train
data/raw/cifake/train/FAKE/2379.jpg,1,ai_generated,cifake,train
data/raw/cifake/train/FAKE/1969 (2).jpg,1,ai_generated,cifake,train
data/raw/cifake/train/REAL/3567 (9).jpg,0,real,cifake,train
data/raw/cifake/train/FAKE/5101 (10).jpg,1,ai_generated,cifake,train
data/raw/cifake/train/REAL/3806 (7).jpg,0,real,cifake,train
data/raw/cifake/train/FAKE/4614 (10).jpg,1,ai_generated,cifake,train
data/raw/cifake/train/FAKE/3328.jpg,1,ai_generated,cifake,train
data/raw/cifake/train/REAL/2785 (3).jpg,0,real,cifake,train
data/raw/cifake/train/REAL/2957 (8).jpg,0,real,cifake,train
data/raw/cifake/train/FAKE/2462 (5).jpg,1,ai_generated,cifake,train
data/raw/cifake/train/FAKE/5404 (6).jpg,1,ai_generated,cifake,train
data/raw/cifake/train/FAKE/1074 (5).jpg,1,ai_generated,cifake,train
data/raw/cifake/train/REAL/0725 (4).jpg,0,real,cifake,train
data/raw/cifake/train/FAKE/3205 (3).jpg,1,ai_generated,cifake,train
data/raw/cifake/train/FAKE/1057 (6).jpg,1,ai_generated,cifake,train
data/raw/cifake/train/FAKE/4354 (4).jpg,1,ai_generated,cifake,train
data/raw/cifake/train/FAKE/5779 (2).jpg,1,ai_generated,cifake,train
data/raw/cifake/train/FAKE/1108 (8).jpg,1,ai_generated,cifake,train
data/raw/cifake/train/FAKE/1454 (7).jpg,1,ai_generated,cifake,train
data/raw/cifake/train/REAL/1823 (10).jpg,0,real,cifake,train
data/raw/cifake/train/FAKE/5813 (5).jpg,1,ai_generated,cifake,train
data/raw/cifake/train/FAKE/3415 (7).jpg,1,ai_generated,cifake,train
data/raw/cifake/train/REAL/2426 (5).jpg,0,real,cifake,train
data/raw/cifake/train/REAL/4650 (4).jpg,0,real,cifake,train
data/raw/cifake/train/REAL/2890 (5).jpg,0,real,cifake,train
data/raw/cifake/train/FAKE/4998.jpg,1,ai_generated,cifake,train
data/raw/cifake/train/REAL/2063 (6).jpg,0,real,cifake,train
data/raw/cifake/train/REAL/1445 (9).jpg,0,real,cifake,train
data/raw/cifake/train/FAKE/3556 (5).jpg,1,ai_generated,cifake,train
data/raw/cifake/train/FAKE/3818 (8).jpg,1,ai_generated,cifake,train
data/raw/cifake/train/REAL/0292 (7).jpg,0,real,cifake,train
data/raw/cifake/train/REAL/4324 (8).jpg,0,real,cifake,train
data/raw/cifake/train/REAL/4594.jpg,0,real,cifake,train
data/raw/cifake/train/FAKE/1701 (10).jpg,1,ai_generated,cifake,train
data/raw/cifake/train/FAKE/4364 (10).jpg,1,ai_generated,cifake,train
data/raw/cifake/train/FAKE/4212 (7).jpg,1,ai_generated,cifake,train
data/raw/cifake/train/REAL/3844 (7).jpg,0,real,cifake,train
data/raw/cifake/train/REAL/2200 (8).jpg,0,real,cifake,train
data/raw/cifake/train/FAKE/4693 (10).jpg,1,ai_generated,cifake,train
data/raw/cifake/train/FAKE/2777 (7).jpg,1,ai_generated,cifake,train
data/raw/cifake/train/FAKE/5444 (3).jpg,1,ai_generated,cifake,train
data/raw/cifake/train/REAL/4509 (6).jpg,0,real,cifake,train
data/raw/cifake/train/REAL/0453 (7).jpg,0,real,cifake,train
data/raw/cifake/train/REAL/0175 (7).jpg,0,real,cifake,train
data/raw/cifake/train/REAL/3258 (8).jpg,0,real,cifake,train
data/raw/cifake/train/REAL/0136 (9).jpg,0,real,cifake,train
data/raw/cifake/train/FAKE/4498 (5).jpg,1,ai_generated,cifake,train
data/raw/cifake/train/REAL/4941 (8).jpg,0,real,cifake,train
data/raw/cifake/train/REAL/3191.jpg,0,real,cifake,train
data/raw/cifake/train/REAL/4339 (7).jpg,0,real,cifake,train
data/raw/cifake/train/FAKE/2186 (3).jpg,1,ai_generated,cifake,train
data/raw/cifake/train/REAL/1260 (8).jpg,0,real,cifake,train
data/raw/cifake/train/REAL/4591 (3).jpg,0,real,cifake,train
data/raw/cifake/train/REAL/3475.jpg,0,real,cifake,train
data/raw/cifake/train/FAKE/5302 (6).jpg,1,ai_generated,cifake,train
data/raw/cifake/train/REAL/4047 (6).jpg,0,real,cifake,train
data/raw/cifake/train/FAKE/1050 (5).jpg,1,ai_generated,cifake,train
data/raw/cifake/train/REAL/0918 (5).jpg,0,real,cifake,train
data/raw/cifake/train/REAL/4802.jpg,0,real,cifake,train
data/raw/cifake/train/FAKE/1059 (2).jpg,1,ai_generated,cifake,train
data/raw/cifake/train/FAKE/4577 (6).jpg,1,ai_generated,cifake,train
data/raw/cifake/train/REAL/3852 (6).jpg,0,real,cifake,train
data/raw/cifake/train/REAL/4553 (7).jpg,0,real,cifake,train
data/raw/cifake/train/REAL/0810.jpg,0,real,cifake,train
data/raw/cifake/train/REAL/0213 (3).jpg,0,real,cifake,train
data/raw/cifake/train/FAKE/2057 (3).jpg,1,ai_generated,cifake,train
data/raw/cifake/train/FAKE/1870.jpg,1,ai_generated,cifake,train
data/raw/cifake/train/REAL/1782 (9).jpg,0,real,cifake,train
data/raw/cifake/train/REAL/1333 (8).jpg,0,real,cifake,train
data/raw/cifake/train/REAL/0733 (9).jpg,0,real,cifake,train
data/raw/cifake/train/REAL/1145 (4).jpg,0,real,cifake,train
data/raw/cifake/train/FAKE/1016 (2).jpg,1,ai_generated,cifake,train
data/raw/cifake/train/FAKE/5798.jpg,1,ai_generated,cifake,train
data/raw/cifake/train/FAKE/1127 (7).jpg,1,ai_generated,cifake,train
data/raw/cifake/train/FAKE/2713 (10).jpg,1,ai_generated,cifake,train
data/raw/cifake/train/FAKE/2398 (5).jpg,1,ai_generated,cifake,train
data/raw/cifake/train/REAL/3943 (6).jpg,0,real,cifake,train
data/raw/cifake/train/FAKE/1288 (10).jpg,1,ai_generated,cifake,train
data/raw/cifake/train/FAKE/5812 (6).jpg,1,ai_generated,cifake,train
data/raw/cifake/train/REAL/1225.jpg,0,real,cifake,train
data/raw/cifake/train/REAL/1757 (5).jpg,0,real,cifake,train
data/raw/cifake/train/REAL/2865 (2).jpg,0,real,cifake,train
data/raw/cifake/train/REAL/3495 (4).jpg,0,real,cifake,train
data/raw/cifake/train/REAL/3638 (2).jpg,0,real,cifake,train
data/raw/cifake/train/REAL/1132 (7).jpg,0,real,cifake,train
data/raw/cifake/train/REAL/3260 (10).jpg,0,real,cifake,train
data/raw/cifake/train/FAKE/1351 (6).jpg,1,ai_generated,cifake,train
data/raw/cifake/train/REAL/0025 (7).jpg,0,real,cifake,train
data/raw/cifake/train/FAKE/1735 (5).jpg,1,ai_generated,cifake,train
data/raw/cifake/train/REAL/2659.jpg,0,real,cifake,train
data/raw/cifake/train/REAL/0873 (2).jpg,0,real,cifake,train
data/raw/cifake/train/FAKE/3050 (8).jpg,1,ai_generated,cifake,train
data/raw/cifake/train/REAL/2499 (6).jpg,0,real,cifake,train
data/raw/cifake/train/FAKE/4862 (2).jpg,1,ai_generated,cifake,train
data/raw/cifake/train/REAL/4643 (5).jpg,0,real,cifake,train
data/raw/cifake/train/FAKE/3186 (6).jpg,1,ai_generated,cifake,train
data/raw/cifake/train/REAL/1741 (6).jpg,0,real,cifake,train
data/raw/cifake/train/REAL/3640 (6).jpg,0,real,cifake,train
data/raw/cifake/train/FAKE/2132 (5).jpg,1,ai_generated,cifake,train
data/raw/cifake/train/REAL/1515 (10).jpg,0,real,cifake,train
data/raw/cifake/train/FAKE/5300 (4).jpg,1,ai_generated,cifake,train
data/raw/cifake/train/FAKE/4117 (6).jpg,1,ai_generated,cifake,train
data/raw/cifake/train/REAL/2044 (2).jpg,0,real,cifake,train
data/raw/cifake/train/REAL/4505 (3).jpg,0,real,cifake,train
data/raw/cifake/train/REAL/3844 (8).jpg,0,real,cifake,train
data/raw/cifake/train/FAKE/3210 (9).jpg,1,ai_generated,cifake,train
data/raw/cifake/train/REAL/2482 (2).jpg,0,real,cifake,train
data/raw/cifake/train/FAKE/2884 (10).jpg,1,ai_generated,cifake,train
data/raw/cifake/train/FAKE/3731 (10).jpg,1,ai_generated,cifake,train
data/raw/cifake/train/FAKE/4348 (3).jpg,1,ai_generated,cifake,train
data/raw/cifake/train/REAL/4691 (6).jpg,0,real,cifake,train
data/raw/cifake/train/FAKE/3094 (3).jpg,1,ai_generated,cifake,train
data/raw/cifake/train/FAKE/4235.jpg,1,ai_generated,cifake,train
data/raw/cifake/train/FAKE/2907 (10).jpg,1,ai_generated,cifake,train
data/raw/cifake/train/REAL/2437 (4).jpg,0,real,cifake,train
data/raw/cifake/train/FAKE/4972 (8).jpg,1,ai_generated,cifake,train
data/raw/cifake/train/FAKE/4590 (10).jpg,1,ai_generated,cifake,train
data/raw/cifake/train/FAKE/1081 (7).jpg,1,ai_generated,cifake,train
data/raw/cifake/train/FAKE/5498 (10).jpg,1,ai_generated,cifake,train
data/raw/cifake/train/FAKE/4224 (7).jpg,1,ai_generated,cifake,train
data/raw/cifake/train/FAKE/5102 (4).jpg,1,ai_generated,cifake,train
data/raw/cifake/train/FAKE/1938 (9).jpg,1,ai_generated,cifake,train
data/raw/cifake/train/FAKE/2223 (3).jpg,1,ai_generated,cifake,train
data/raw/cifake/train/FAKE/2116 (6).jpg,1,ai_generated,cifake,train
data/raw/cifake/train/REAL/4146 (2).jpg,0,real,cifake,train
data/raw/cifake/train/REAL/3315 (6).jpg,0,real,cifake,train
data/raw/cifake/train/FAKE/5282 (9).jpg,1,ai_generated,cifake,train
data/raw/cifake/train/REAL/2663 (8).jpg,0,real,cifake,train
data/raw/cifake/train/REAL/3363 (5).jpg,0,real,cifake,train
data/raw/cifake/train/FAKE/1386 (6).jpg,1,ai_generated,cifake,train
data/raw/cifake/train/FAKE/2839 (5).jpg,1,ai_generated,cifake,train
data/raw/cifake/train/REAL/3993 (4).jpg,0,real,cifake,train
data/raw/cifake/train/REAL/3964 (4).jpg,0,real,cifake,train
data/raw/cifake/train/FAKE/4499 (2).jpg,1,ai_generated,cifake,train
data/raw/cifake/train/REAL/4125 (5).jpg,0,real,cifake,train
data/raw/cifake/train/REAL/4402 (6).jpg,0,real,cifake,train
data/raw/cifake/train/FAKE/2160 (7).jpg,1,ai_generated,cifake,train
data/raw/cifake/train/REAL/4507 (10).jpg,0,real,cifake,train
data/raw/cifake/train/REAL/1490 (10).jpg,0,real,cifake,train
data/raw/cifake/train/FAKE/2905 (7).jpg,1,ai_generated,cifake,train
data/raw/cifake/train/FAKE/3460 (2).jpg,1,ai_generated,cifake,train
data/raw/cifake/train/REAL/2047 (10).jpg,0,real,cifake,train
data/raw/cifake/train/FAKE/1024 (7).jpg,1,ai_generated,cifake,train
data/raw/cifake/train/FAKE/4184 (7).jpg,1,ai_generated,cifake,train
data/raw/cifake/train/FAKE/2506 (10).jpg,1,ai_generated,cifake,train
data/raw/cifake/train/REAL/1375 (10).jpg,0,real,cifake,train
data/raw/cifake/train/REAL/3129 (3).jpg,0,real,cifake,train
data/raw/cifake/train/REAL/0898 (6).jpg,0,real,cifake,train
data/raw/cifake/train/FAKE/2117 (3).jpg,1,ai_generated,cifake,train
data/raw/cifake/train/FAKE/3477.jpg,1,ai_generated,cifake,train
data/raw/cifake/train/REAL/2886 (8).jpg,0,real,cifake,train
data/raw/cifake/train/REAL/3054 (7).jpg,0,real,cifake,train
data/raw/cifake/train/FAKE/4578 (4).jpg,1,ai_generated,cifake,train
data/raw/cifake/train/REAL/0520 (6).jpg,0,real,cifake,train
data/raw/cifake/train/FAKE/3877 (2).jpg,1,ai_generated,cifake,train
data/raw/cifake/train/REAL/3866 (7).jpg,0,real,cifake,train
data/raw/cifake/train/FAKE/1457 (3).jpg,1,ai_generated,cifake,train
data/raw/cifake/train/FAKE/5421 (6).jpg,1,ai_generated,cifake,train
data/raw/cifake/train/FAKE/2266 (9).jpg,1,ai_generated,cifake,train
data/raw/cifake/train/REAL/1446 (8).jpg,0,real,cifake,train
data/raw/cifake/train/FAKE/1059 (7).jpg,1,ai_generated,cifake,train
data/raw/cifake/train/REAL/1012 (10).jpg,0,real,cifake,train
data/raw/cifake/train/REAL/3567 (10).jpg,0,real,cifake,train
data/raw/cifake/train/FAKE/1477 (10).jpg,1,ai_generated,cifake,train
data/raw/cifake/train/REAL/2104 (6).jpg,0,real,cifake,train
data/raw/cifake/train/FAKE/2995 (10).jpg,1,ai_generated,cifake,train
data/raw/cifake/train/REAL/4015 (4).jpg,0,real,cifake,train
data/raw/cifake/train/FAKE/2970 (3).jpg,1,ai_generated,cifake,train
data/raw/cifake/train/REAL/2036 (8).jpg,0,real,cifake,train
data/raw/cifake/train/FAKE/2322.jpg,1,ai_generated,cifake,train
data/raw/cifake/train/FAKE/2495 (10).jpg,1,ai_generated,cifake,train
data/raw/cifake/train/FAKE/3011 (5).jpg,1,ai_generated,cifake,train
data/raw/cifake/train/FAKE/2227 (5).jpg,1,ai_generated,cifake,train
data/raw/cifake/train/REAL/2071 (7).jpg,0,real,cifake,train
data/raw/cifake/train/FAKE/2560 (6).jpg,1,ai_generated,cifake,train
data/raw/cifake/train/FAKE/3617 (10).jpg,1,ai_generated,cifake,train
data/raw/cifake/train/FAKE/1992 (6).jpg,1,ai_generated,cifake,train
data/raw/cifake/train/FAKE/3798 (3).jpg,1,ai_generated,cifake,train
data/raw/cifake/train/FAKE/2724 (5).jpg,1,ai_generated,cifake,train
data/raw/cifake/train/FAKE/1751 (10).jpg,1,ai_generated,cifake,train
data/raw/cifake/train/REAL/3921.jpg,0,real,cifake,train
data/raw/cifake/train/FAKE/3931 (2).jpg,1,ai_generated,cifake,train
data/raw/cifake/train/FAKE/4581 (2).jpg,1,ai_generated,cifake,train
data/raw/cifake/train/REAL/3201 (10).jpg,0,real,cifake,train
data/raw/cifake/train/REAL/4270 (7).jpg,0,real,cifake,train
data/raw/cifake/train/REAL/0648 (5).jpg,0,real,cifake,train
data/raw/cifake/train/FAKE/2639 (9).jpg,1,ai_generated,cifake,train
data/raw/cifake/train/FAKE/5119 (3).jpg,1,ai_generated,cifake,train
data/raw/cifake/train/REAL/0319 (5).jpg,0,real,cifake,train
data/raw/cifake/train/FAKE/1757 (8).jpg,1,ai_generated,cifake,train
data/raw/cifake/train/FAKE/5203 (3).jpg,1,ai_generated,cifake,train
data/raw/cifake/train/REAL/3805 (10).jpg,0,real,cifake,train
data/raw/cifake/train/FAKE/1795 (7).jpg,1,ai_generated,cifake,train
data/raw/cifake/train/FAKE/5519 (3).jpg,1,ai_generated,cifake,train
data/raw/cifake/train/FAKE/4370 (8).jpg,1,ai_generated,cifake,train
data/raw/cifake/train/REAL/4091 (5).jpg,0,real,cifake,train
data/raw/cifake/train/REAL/0958 (4).jpg,0,real,cifake,train
data/raw/cifake/train/FAKE/2255 (7).jpg,1,ai_generated,cifake,train
data/raw/cifake/train/REAL/4124 (5).jpg,0,real,cifake,train
data/raw/cifake/train/REAL/3326 (2).jpg,0,real,cifake,train
data/raw/cifake/train/REAL/1715 (3).jpg,0,real,cifake,train
data/raw/cifake/train/FAKE/3847 (3).jpg,1,ai_generated,cifake,train
data/raw/cifake/train/FAKE/2911 (2).jpg,1,ai_generated,cifake,train
data/raw/cifake/train/REAL/4046 (5).jpg,0,real,cifake,train
data/raw/cifake/train/REAL/1172 (4).jpg,0,real,cifake,train
data/raw/cifake/train/REAL/1817 (8).jpg,0,real,cifake,train
data/raw/cifake/train/FAKE/2884 (2).jpg,1,ai_generated,cifake,train
data/raw/cifake/train/FAKE/2048 (10).jpg,1,ai_generated,cifake,train
data/raw/cifake/train/FAKE/2789 (7).jpg,1,ai_generated,cifake,train
data/raw/cifake/train/REAL/3414 (8).jpg,0,real,cifake,train
data/raw/cifake/train/FAKE/1978 (9).jpg,1,ai_generated,cifake,train
data/raw/cifake/train/REAL/1686 (4).jpg,0,real,cifake,train
data/raw/cifake/train/FAKE/1010 (3).jpg,1,ai_generated,cifake,train
data/raw/cifake/train/REAL/3127 (4).jpg,0,real,cifake,train
data/raw/cifake/train/FAKE/4903 (5).jpg,1,ai_generated,cifake,train
data/raw/cifake/train/FAKE/3498 (6).jpg,1,ai_generated,cifake,train
data/raw/cifake/train/REAL/3644 (4).jpg,0,real,cifake,train
data/raw/cifake/train/REAL/3810 (8).jpg,0,real,cifake,train
data/raw/cifake/train/REAL/3842 (2).jpg,0,real,cifake,train
data/raw/cifake/train/FAKE/3616 (5).jpg,1,ai_generated,cifake,train
data/raw/cifake/train/FAKE/3444 (6).jpg,1,ai_generated,cifake,train
data/raw/cifake/train/REAL/0456 (7).jpg,0,real,cifake,train
data/raw/cifake/train/REAL/2831 (10).jpg,0,real,cifake,train
data/raw/cifake/train/REAL/0275 (9).jpg,0,real,cifake,train
data/raw/cifake/train/FAKE/4720 (3).jpg,1,ai_generated,cifake,train
data/raw/cifake/train/REAL/4975 (9).jpg,0,real,cifake,train
data/raw/cifake/train/REAL/2848.jpg,0,real,cifake,train
data/raw/cifake/train/FAKE/2179 (8).jpg,1,ai_generated,cifake,train
data/raw/cifake/train/FAKE/2516 (7).jpg,1,ai_generated,cifake,train
data/raw/cifake/train/REAL/3088 (3).jpg,0,real,cifake,train
data/raw/cifake/train/FAKE/2869 (10).jpg,1,ai_generated,cifake,train
data/raw/cifake/train/FAKE/2955 (10).jpg,1,ai_generated,cifake,train
data/raw/cifake/train/REAL/0785 (5).jpg,0,real,cifake,train
data/raw/cifake/train/FAKE/5033 (9).jpg,1,ai_generated,cifake,train
data/raw/cifake/train/REAL/3701 (3).jpg,0,real,cifake,train
data/raw/cifake/train/REAL/3396 (4).jpg,0,real,cifake,train
data/raw/cifake/train/FAKE/5762 (7).jpg,1,ai_generated,cifake,train
data/raw/cifake/train/REAL/2843 (9).jpg,0,real,cifake,train
data/raw/cifake/train/REAL/0934 (3).jpg,0,real,cifake,train
data/raw/cifake/train/FAKE/5592 (6).jpg,1,ai_generated,cifake,train
data/raw/cifake/train/REAL/3235 (10).jpg,0,real,cifake,train
data/raw/cifake/train/REAL/4806.jpg,0,real,cifake,train
data/raw/cifake/train/FAKE/2458 (9).jpg,1,ai_generated,cifake,train
data/raw/cifake/train/FAKE/5601 (7).jpg,1,ai_generated,cifake,train
data/raw/cifake/train/FAKE/2001 (3).jpg,1,ai_generated,cifake,train
data/raw/cifake/train/FAKE/2526 (9).jpg,1,ai_generated,cifake,train
data/raw/cifake/train/REAL/2756 (9).jpg,0,real,cifake,train
data/raw/cifake/train/REAL/4479 (4).jpg,0,real,cifake,train
data/raw/cifake/train/FAKE/4051 (10).jpg,1,ai_generated,cifake,train
data/raw/cifake/train/REAL/0840 (6).jpg,0,real,cifake,train
data/raw/cifake/train/FAKE/4541 (9).jpg,1,ai_generated,cifake,train
data/raw/cifake/train/REAL/0539 (3).jpg,0,real,cifake,train
data/raw/cifake/train/FAKE/2245 (6).jpg,1,ai_generated,cifake,train
data/raw/cifake/train/FAKE/5637 (9).jpg,1,ai_generated,cifake,train
data/raw/cifake/train/REAL/2060 (6).jpg,0,real,cifake,train
data/raw/cifake/train/REAL/4001 (4).jpg,0,real,cifake,train
data/raw/cifake/train/REAL/4074 (2).jpg,0,real,cifake,train
data/raw/cifake/train/FAKE/4137 (9).jpg,1,ai_generated,cifake,train
data/raw/cifake/train/FAKE/5575 (5).jpg,1,ai_generated,cifake,train
data/raw/cifake/train/FAKE/3110 (8).jpg,1,ai_generated,cifake,train
data/raw/cifake/train/FAKE/2526 (4).jpg,1,ai_generated,cifake,train
data/raw/cifake/train/FAKE/4660 (7).jpg,1,ai_generated,cifake,train
data/raw/cifake/train/FAKE/5473 (6).jpg,1,ai_generated,cifake,train
data/raw/cifake/train/FAKE/2377 (6).jpg,1,ai_generated,cifake,train
data/raw/cifake/train/FAKE/3241 (6).jpg,1,ai_generated,cifake,train
data/raw/cifake/train/FAKE/5466 (3).jpg,1,ai_generated,cifake,train
data/raw/cifake/train/FAKE/1676 (6).jpg,1,ai_generated,cifake,train
data/raw/cifake/train/FAKE/4465.jpg,1,ai_generated,cifake,train
data/raw/cifake/train/FAKE/1216 (10).jpg,1,ai_generated,cifake,train
data/raw/cifake/train/FAKE/4783 (3).jpg,1,ai_generated,cifake,train
data/raw/cifake/train/FAKE/4205.jpg,1,ai_generated,cifake,train
data/raw/cifake/train/REAL/4968 (9).jpg,0,real,cifake,train
data/raw/cifake/train/REAL/4792 (6).jpg,0,real,cifake,train
data/raw/cifake/train/REAL/1106 (9).jpg,0,real,cifake,train
data/raw/cifake/train/FAKE/5362 (7).jpg,1,ai_generated,cifake,train
data/raw/cifake/train/REAL/1888 (6).jpg,0,real,cifake,train
data/raw/cifake/train/REAL/1254 (4).jpg,0,real,cifake,train
data/raw/cifake/train/REAL/0719 (9).jpg,0,real,cifake,train
data/raw/cifake/train/FAKE/2234 (4).jpg,1,ai_generated,cifake,train
data/raw/cifake/train/FAKE/2145 (9).jpg,1,ai_generated,cifake,train
data/raw/cifake/train/FAKE/5759 (2).jpg,1,ai_generated,cifake,train
data/raw/cifake/train/REAL/3545 (9).jpg,0,real,cifake,train
data/raw/cifake/train/REAL/4126 (4).jpg,0,real,cifake,train
data/raw/cifake/train/REAL/4737 (3).jpg,0,real,cifake,train
data/raw/cifake/train/FAKE/4494 (4).jpg,1,ai_generated,cifake,train
data/raw/cifake/train/REAL/4180 (2).jpg,0,real,cifake,train
data/raw/cifake/train/REAL/2523 (8).jpg,0,real,cifake,train
data/raw/cifake/train/REAL/0570.jpg,0,real,cifake,train
data/raw/cifake/train/FAKE/1019 (8).jpg,1,ai_generated,cifake,train
data/raw/cifake/train/FAKE/3513 (4).jpg,1,ai_generated,cifake,train
data/raw/cifake/train/REAL/1727 (4).jpg,0,real,cifake,train
data/raw/cifake/train/REAL/4887 (10).jpg,0,real,cifake,train
data/raw/cifake/train/REAL/4501 (10).jpg,0,real,cifake,train
data/raw/cifake/train/FAKE/3969 (5).jpg,1,ai_generated,cifake,train
data/raw/cifake/train/REAL/2087 (4).jpg,0,real,cifake,train
data/raw/cifake/train/FAKE/4207 (3).jpg,1,ai_generated,cifake,train
data/raw/cifake/train/FAKE/2907.jpg,1,ai_generated,cifake,train
data/raw/cifake/train/REAL/2245.jpg,0,real,cifake,train
data/raw/cifake/train/FAKE/4296 (5).jpg,1,ai_generated,cifake,train
data/raw/cifake/train/FAKE/4735 (9).jpg,1,ai_generated,cifake,train
data/raw/cifake/train/FAKE/2514 (8).jpg,1,ai_generated,cifake,train
data/raw/cifake/train/FAKE/2939 (8).jpg,1,ai_generated,cifake,train
data/raw/cifake/train/REAL/0573 (3).jpg,0,real,cifake,train
data/raw/cifake/train/FAKE/1626 (3).jpg,1,ai_generated,cifake,train
data/raw/cifake/train/FAKE/2528 (2).jpg,1,ai_generated,cifake,train
data/raw/cifake/train/FAKE/3309 (6).jpg,1,ai_generated,cifake,train
data/raw/cifake/train/FAKE/3486.jpg,1,ai_generated,cifake,train
data/raw/cifake/train/FAKE/1242 (4).jpg,1,ai_generated,cifake,train
data/raw/cifake/train/FAKE/3344 (8).jpg,1,ai_generated,cifake,train
data/raw/cifake/train/REAL/4205 (6).jpg,0,real,cifake,train
data/raw/cifake/train/FAKE/3791 (8).jpg,1,ai_generated,cifake,train
data/raw/cifake/train/FAKE/5729 (6).jpg,1,ai_generated,cifake,train
data/raw/cifake/train/FAKE/2120 (9).jpg,1,ai_generated,cifake,train
data/raw/cifake/train/REAL/0884 (9).jpg,0,real,cifake,train
data/raw/cifake/train/FAKE/2604 (4).jpg,1,ai_generated,cifake,train
data/raw/cifake/train/FAKE/4495 (7).jpg,1,ai_generated,cifake,train
data/raw/cifake/train/FAKE/1779 (3).jpg,1,ai_generated,cifake,train
data/raw/cifake/train/FAKE/4033 (3).jpg,1,ai_generated,cifake,train
data/raw/cifake/train/REAL/1385 (10).jpg,0,real,cifake,train
data/raw/cifake/train/FAKE/5804 (4).jpg,1,ai_generated,cifake,train
data/raw/cifake/train/FAKE/2910 (6).jpg,1,ai_generated,cifake,train
data/raw/cifake/train/FAKE/2217 (6).jpg,1,ai_generated,cifake,train
data/raw/cifake/train/REAL/4357 (3).jpg,0,real,cifake,train
data/raw/cifake/train/REAL/3776.jpg,0,real,cifake,train
data/raw/cifake/train/FAKE/3841 (6).jpg,1,ai_generated,cifake,train
data/raw/cifake/train/REAL/0566 (9).jpg,0,real,cifake,train
data/raw/cifake/train/REAL/0016 (5).jpg,0,real,cifake,train
data/raw/cifake/train/FAKE/4613 (2).jpg,1,ai_generated,cifake,train
data/raw/cifake/train/REAL/1293 (6).jpg,0,real,cifake,train
data/raw/cifake/train/FAKE/5616 (5).jpg,1,ai_generated,cifake,train
data/raw/cifake/train/REAL/0060 (10).jpg,0,real,cifake,train
data/raw/cifake/train/FAKE/3078 (8).jpg,1,ai_generated,cifake,train
data/raw/cifake/train/FAKE/5948 (9).jpg,1,ai_generated,cifake,train
data/raw/cifake/train/FAKE/5595 (2).jpg,1,ai_generated,cifake,train
data/raw/cifake/train/FAKE/3705 (10).jpg,1,ai_generated,cifake,train
data/raw/cifake/train/FAKE/5798 (7).jpg,1,ai_generated,cifake,train
data/raw/cifake/train/FAKE/2675 (3).jpg,1,ai_generated,cifake,train
data/raw/cifake/train/REAL/2072 (9).jpg,0,real,cifake,train
data/raw/cifake/train/REAL/2641 (3).jpg,0,real,cifake,train
data/raw/cifake/train/FAKE/2060 (4).jpg,1,ai_generated,cifake,train
data/raw/cifake/train/REAL/0056 (6).jpg,0,real,cifake,train
data/raw/cifake/train/REAL/3567 (7).jpg,0,real,cifake,train
data/raw/cifake/train/FAKE/1627 (2).jpg,1,ai_generated,cifake,train
data/raw/cifake/train/FAKE/4145 (3).jpg,1,ai_generated,cifake,train
data/raw/cifake/train/FAKE/4311 (5).jpg,1,ai_generated,cifake,train
data/raw/cifake/train/REAL/2013 (9).jpg,0,real,cifake,train
data/raw/cifake/train/REAL/0813.jpg,0,real,cifake,train
data/raw/cifake/train/REAL/3199 (2).jpg,0,real,cifake,train
data/raw/cifake/train/REAL/1774 (5).jpg,0,real,cifake,train
data/raw/cifake/train/REAL/0626 (9).jpg,0,real,cifake,train
data/raw/cifake/train/REAL/4333 (8).jpg,0,real,cifake,train
data/raw/cifake/train/REAL/2241 (8).jpg,0,real,cifake,train
data/raw/cifake/train/REAL/4434 (10).jpg,0,real,cifake,train
data/raw/cifake/train/REAL/1033 (7).jpg,0,real,cifake,train
data/raw/cifake/train/REAL/4403 (9).jpg,0,real,cifake,train
data/raw/cifake/train/REAL/1411 (3).jpg,0,real,cifake,train
data/raw/cifake/train/REAL/3526 (4).jpg,0,real,cifake,train
data/raw/cifake/train/FAKE/4193 (9).jpg,1,ai_generated,cifake,train
data/raw/cifake/train/REAL/4858 (7).jpg,0,real,cifake,train
data/raw/cifake/train/FAKE/1985 (10).jpg,1,ai_generated,cifake,train
data/raw/cifake/train/REAL/2411 (4).jpg,0,real,cifake,train
data/raw/cifake/train/REAL/2026 (10).jpg,0,real,cifake,train
data/raw/cifake/train/FAKE/5429 (4).jpg,1,ai_generated,cifake,train
data/raw/cifake/train/FAKE/2972.jpg,1,ai_generated,cifake,train
data/raw/cifake/train/FAKE/1349 (6).jpg,1,ai_generated,cifake,train
data/raw/cifake/train/FAKE/1688 (4).jpg,1,ai_generated,cifake,train
data/raw/cifake/train/REAL/2158 (8).jpg,0,real,cifake,train
data/raw/cifake/train/REAL/2121 (5).jpg,0,real,cifake,train
data/raw/cifake/train/FAKE/3074.jpg,1,ai_generated,cifake,train
data/raw/cifake/train/FAKE/1841 (7).jpg,1,ai_generated,cifake,train
data/raw/cifake/train/REAL/4727 (9).jpg,0,real,cifake,train
data/raw/cifake/train/REAL/0888 (2).jpg,0,real,cifake,train
data/raw/cifake/train/REAL/1288 (6).jpg,0,real,cifake,train
data/raw/cifake/train/REAL/2869 (3).jpg,0,real,cifake,train
data/raw/cifake/train/FAKE/2546 (7).jpg,1,ai_generated,cifake,train
data/raw/cifake/train/REAL/4063 (3).jpg,0,real,cifake,train
data/raw/cifake/train/FAKE/1285 (2).jpg,1,ai_generated,cifake,train
data/raw/cifake/train/FAKE/1208 (9).jpg,1,ai_generated,cifake,train
data/raw/cifake/train/REAL/3751.jpg,0,real,cifake,train
data/raw/cifake/train/FAKE/1684 (5).jpg,1,ai_generated,cifake,train
data/raw/cifake/train/FAKE/3745 (7).jpg,1,ai_generated,cifake,train
data/raw/cifake/train/REAL/3024 (7).jpg,0,real,cifake,train
data/raw/cifake/train/REAL/2690 (9).jpg,0,real,cifake,train
data/raw/cifake/train/REAL/1420 (8).jpg,0,real,cifake,train
data/raw/cifake/train/REAL/2858.jpg,0,real,cifake,train
data/raw/cifake/train/REAL/3325 (10).jpg,0,real,cifake,train
data/raw/cifake/train/REAL/3034 (6).jpg,0,real,cifake,train
data/raw/cifake/train/FAKE/4142 (2).jpg,1,ai_generated,cifake,train
data/raw/cifake/train/REAL/4552.jpg,0,real,cifake,train
data/raw/cifake/train/REAL/1573 (3).jpg,0,real,cifake,train
data/raw/cifake/train/FAKE/2682 (10).jpg,1,ai_generated,cifake,train
data/raw/cifake/train/REAL/1914.jpg,0,real,cifake,train
data/raw/cifake/train/FAKE/3656 (7).jpg,1,ai_generated,cifake,train
data/raw/cifake/train/REAL/1192 (9).jpg,0,real,cifake,train
data/raw/cifake/train/REAL/2762 (4).jpg,0,real,cifake,train
data/raw/cifake/train/FAKE/3433 (7).jpg,1,ai_generated,cifake,train
data/raw/cifake/train/FAKE/1939.jpg,1,ai_generated,cifake,train
data/raw/cifake/train/REAL/4766 (3).jpg,0,real,cifake,train
data/raw/cifake/train/FAKE/3016 (4).jpg,1,ai_generated,cifake,train
data/raw/cifake/train/FAKE/1607 (8).jpg,1,ai_generated,cifake,train
data/raw/cifake/train/FAKE/1291 (5).jpg,1,ai_generated,cifake,train
data/raw/cifake/train/FAKE/4485 (4).jpg,1,ai_generated,cifake,train
data/raw/cifake/train/REAL/4007 (7).jpg,0,real,cifake,train
data/raw/cifake/train/REAL/1508 (4).jpg,0,real,cifake,train
data/raw/cifake/train/FAKE/4384 (5).jpg,1,ai_generated,cifake,train
data/raw/cifake/train/REAL/0224 (6).jpg,0,real,cifake,train
data/raw/cifake/train/REAL/4042 (5).jpg,0,real,cifake,train
data/raw/cifake/train/REAL/2319 (2).jpg,0,real,cifake,train
data/raw/cifake/train/FAKE/2006 (10).jpg,1,ai_generated,cifake,train
data/raw/cifake/train/REAL/2018 (5).jpg,0,real,cifake,train
data/raw/cifake/train/REAL/0836 (3).jpg,0,real,cifake,train
data/raw/cifake/train/FAKE/2130 (7).jpg,1,ai_generated,cifake,train
data/raw/cifake/train/REAL/3375 (6).jpg,0,real,cifake,train
data/raw/cifake/train/FAKE/3390 (5).jpg,1,ai_generated,cifake,train
data/raw/cifake/train/REAL/2964 (2).jpg,0,real,cifake,train
data/raw/cifake/train/FAKE/4560 (5).jpg,1,ai_generated,cifake,train
data/raw/cifake/train/FAKE/4793 (9).jpg,1,ai_generated,cifake,train
data/raw/cifake/train/REAL/1058 (2).jpg,0,real,cifake,train
data/raw/cifake/train/FAKE/2575 (6).jpg,1,ai_generated,cifake,train
data/raw/cifake/train/REAL/3630.jpg,0,real,cifake,train
data/raw/cifake/train/FAKE/3582 (7).jpg,1,ai_generated,cifake,train
data/raw/cifake/train/FAKE/1126.jpg,1,ai_generated,cifake,train
data/raw/cifake/train/FAKE/2172 (5).jpg,1,ai_generated,cifake,train
data/raw/cifake/train/FAKE/3640 (3).jpg,1,ai_generated,cifake,train
data/raw/cifake/train/REAL/4779 (8).jpg,0,real,cifake,train
data/raw/cifake/train/REAL/2069 (10).jpg,0,real,cifake,train
data/raw/cifake/train/REAL/0585 (7).jpg,0,real,cifake,train
data/raw/cifake/train/FAKE/4299.jpg,1,ai_generated,cifake,train
data/raw/cifake/train/FAKE/4762 (7).jpg,1,ai_generated,cifake,train
data/raw/cifake/train/FAKE/5382 (10).jpg,1,ai_generated,cifake,train
data/raw/cifake/train/REAL/4864 (5).jpg,0,real,cifake,train
data/raw/cifake/train/REAL/2336 (8).jpg,0,real,cifake,train
data/raw/cifake/train/REAL/3455 (8).jpg,0,real,cifake,train
data/raw/cifake/train/REAL/3022 (6).jpg,0,real,cifake,train
data/raw/cifake/train/REAL/0872 (8).jpg,0,real,cifake,train
data/raw/cifake/train/REAL/0094 (6).jpg,0,real,cifake,train
data/raw/cifake/train/FAKE/1219 (6).jpg,1,ai_generated,cifake,train
data/raw/cifake/train/REAL/3978 (9).jpg,0,real,cifake,train
data/raw/cifake/train/FAKE/3783 (6).jpg,1,ai_generated,cifake,train
data/raw/cifake/train/REAL/3407 (2).jpg,0,real,cifake,train
data/raw/cifake/train/FAKE/1214 (6).jpg,1,ai_generated,cifake,train
data/raw/cifake/train/REAL/2738 (10).jpg,0,real,cifake,train
data/raw/cifake/train/FAKE/3852 (7).jpg,1,ai_generated,cifake,train
data/raw/cifake/train/REAL/3740 (6).jpg,0,real,cifake,train
data/raw/cifake/train/FAKE/5653 (9).jpg,1,ai_generated,cifake,train
data/raw/cifake/train/FAKE/4038 (10).jpg,1,ai_generated,cifake,train
data/raw/cifake/train/FAKE/1122 (2).jpg,1,ai_generated,cifake,train
data/raw/cifake/train/FAKE/2779 (7).jpg,1,ai_generated,cifake,train
data/raw/cifake/train/FAKE/2261 (6).jpg,1,ai_generated,cifake,train
data/raw/cifake/train/FAKE/3453 (10).jpg,1,ai_generated,cifake,train
data/raw/cifake/train/FAKE/5938 (10).jpg,1,ai_generated,cifake,train
data/raw/cifake/train/FAKE/1508.jpg,1,ai_generated,cifake,train
data/raw/cifake/train/FAKE/1318 (6).jpg,1,ai_generated,cifake,train
data/raw/cifake/train/REAL/0760 (5).jpg,0,real,cifake,train
data/raw/cifake/train/FAKE/2369 (8).jpg,1,ai_generated,cifake,train
data/raw/cifake/train/FAKE/3819 (8).jpg,1,ai_generated,cifake,train
data/raw/cifake/train/FAKE/4198 (5).jpg,1,ai_generated,cifake,train
data/raw/cifake/train/FAKE/2763 (2).jpg,1,ai_generated,cifake,train
data/raw/cifake/train/REAL/3875 (4).jpg,0,real,cifake,train
data/raw/cifake/train/REAL/1621 (9).jpg,0,real,cifake,train
data/raw/cifake/train/FAKE/1860 (10).jpg,1,ai_generated,cifake,train
data/raw/cifake/train/REAL/2582 (8).jpg,0,real,cifake,train
data/raw/cifake/train/FAKE/5162 (8).jpg,1,ai_generated,cifake,train
data/raw/cifake/train/REAL/0756 (3).jpg,0,real,cifake,train
data/raw/cifake/train/REAL/4892 (8).jpg,0,real,cifake,train
data/raw/cifake/train/REAL/4014 (6).jpg,0,real,cifake,train
data/raw/cifake/train/REAL/1271 (7).jpg,0,real,cifake,train
data/raw/cifake/train/REAL/4262 (10).jpg,0,real,cifake,train
data/raw/cifake/train/REAL/4677 (2).jpg,0,real,cifake,train
data/raw/cifake/train/FAKE/4965 (4).jpg,1,ai_generated,cifake,train
data/raw/cifake/train/FAKE/5015.jpg,1,ai_generated,cifake,train
data/raw/cifake/train/REAL/0893 (9).jpg,0,real,cifake,train
data/raw/cifake/train/FAKE/5352 (3).jpg,1,ai_generated,cifake,train
data/raw/cifake/train/REAL/1933.jpg,0,real,cifake,train
data/raw/cifake/train/REAL/0839 (5).jpg,0,real,cifake,train
data/raw/cifake/train/FAKE/2715 (2).jpg,1,ai_generated,cifake,train
data/raw/cifake/train/REAL/4538 (8).jpg,0,real,cifake,train
data/raw/cifake/train/REAL/2823 (3).jpg,0,real,cifake,train
data/raw/cifake/train/FAKE/2782 (4).jpg,1,ai_generated,cifake,train
data/raw/cifake/train/FAKE/3369 (8).jpg,1,ai_generated,cifake,train
data/raw/cifake/train/REAL/2369 (9).jpg,0,real,cifake,train
data/raw/cifake/train/FAKE/5621 (7).jpg,1,ai_generated,cifake,train
data/raw/cifake/train/FAKE/2736 (9).jpg,1,ai_generated,cifake,train
data/raw/cifake/train/REAL/4771.jpg,0,real,cifake,train
data/raw/cifake/train/FAKE/2851 (7).jpg,1,ai_generated,cifake,train
data/raw/cifake/train/REAL/1126 (8).jpg,0,real,cifake,train
data/raw/cifake/train/REAL/2660 (5).jpg,0,real,cifake,train
data/raw/cifake/train/FAKE/1416 (2).jpg,1,ai_generated,cifake,train
data/raw/cifake/train/REAL/2419 (5).jpg,0,real,cifake,train
data/raw/cifake/train/REAL/1609 (10).jpg,0,real,cifake,train
data/raw/cifake/train/FAKE/2342 (6).jpg,1,ai_generated,cifake,train
data/raw/cifake/train/REAL/0697 (9).jpg,0,real,cifake,train
data/raw/cifake/train/REAL/1465 (3).jpg,0,real,cifake,train
data/raw/cifake/train/FAKE/2802 (5).jpg,1,ai_generated,cifake,train
data/raw/cifake/train/REAL/1885 (9).jpg,0,real,cifake,train
data/raw/cifake/train/REAL/1298.jpg,0,real,cifake,train
data/raw/cifake/train/FAKE/3271 (7).jpg,1,ai_generated,cifake,train
data/raw/cifake/train/REAL/1252 (10).jpg,0,real,cifake,train
data/raw/cifake/train/FAKE/1179 (2).jpg,1,ai_generated,cifake,train
data/raw/cifake/train/REAL/2128 (3).jpg,0,real,cifake,train
data/raw/cifake/train/REAL/4796 (8).jpg,0,real,cifake,train
data/raw/cifake/train/FAKE/2004 (3).jpg,1,ai_generated,cifake,train
data/raw/cifake/train/REAL/1901 (6).jpg,0,real,cifake,train
data/raw/cifake/train/FAKE/2074 (5).jpg,1,ai_generated,cifake,train
data/raw/cifake/train/REAL/2630.jpg,0,real,cifake,train
data/raw/cifake/train/FAKE/4884 (4).jpg,1,ai_generated,cifake,train
data/raw/cifake/train/REAL/0252 (2).jpg,0,real,cifake,train
data/raw/cifake/train/REAL/2694 (9).jpg,0,real,cifake,train
data/raw/cifake/train/FAKE/5994.jpg,1,ai_generated,cifake,train
data/raw/cifake/train/FAKE/1877 (9).jpg,1,ai_generated,cifake,train
data/raw/cifake/train/FAKE/3265 (7).jpg,1,ai_generated,cifake,train
data/raw/cifake/train/FAKE/2656 (4).jpg,1,ai_generated,cifake,train
data/raw/cifake/train/FAKE/2586 (8).jpg,1,ai_generated,cifake,train
data/raw/cifake/train/REAL/1858 (10).jpg,0,real,cifake,train
data/raw/cifake/train/REAL/0050 (3).jpg,0,real,cifake,train
data/raw/cifake/train/FAKE/4507 (6).jpg,1,ai_generated,cifake,train
data/raw/cifake/train/REAL/3266 (5).jpg,0,real,cifake,train
data/raw/cifake/train/REAL/1562 (8).jpg,0,real,cifake,train
data/raw/cifake/train/REAL/2425 (4).jpg,0,real,cifake,train
data/raw/cifake/train/FAKE/3283 (10).jpg,1,ai_generated,cifake,train
data/raw/cifake/train/FAKE/3930.jpg,1,ai_generated,cifake,train
data/raw/cifake/train/REAL/4577 (9).jpg,0,real,cifake,train
data/raw/cifake/train/REAL/1019 (2).jpg,0,real,cifake,train
data/raw/cifake/train/REAL/0321 (8).jpg,0,real,cifake,train
data/raw/cifake/train/FAKE/3544 (7).jpg,1,ai_generated,cifake,train
data/raw/cifake/train/FAKE/3130 (5).jpg,1,ai_generated,cifake,train
data/raw/cifake/train/FAKE/2121 (5).jpg,1,ai_generated,cifake,train
data/raw/cifake/train/FAKE/4088 (8).jpg,1,ai_generated,cifake,train
data/raw/cifake/train/REAL/1570 (10).jpg,0,real,cifake,train
data/raw/cifake/train/FAKE/3578 (10).jpg,1,ai_generated,cifake,train
data/raw/cifake/train/FAKE/2766 (9).jpg,1,ai_generated,cifake,train
data/raw/cifake/train/REAL/4952 (9).jpg,0,real,cifake,train
data/raw/cifake/train/FAKE/1269 (5).jpg,1,ai_generated,cifake,train
data/raw/cifake/train/FAKE/3927 (6).jpg,1,ai_generated,cifake,train
data/raw/cifake/train/FAKE/1271 (9).jpg,1,ai_generated,cifake,train
data/raw/cifake/train/FAKE/3964 (10).jpg,1,ai_generated,cifake,train
data/raw/cifake/train/REAL/3590 (3).jpg,0,real,cifake,train
data/raw/cifake/train/FAKE/3764 (4).jpg,1,ai_generated,cifake,train
data/raw/cifake/train/FAKE/4023 (2).jpg,1,ai_generated,cifake,train
data/raw/cifake/train/REAL/0936.jpg,0,real,cifake,train
data/raw/cifake/train/REAL/3168 (9).jpg,0,real,cifake,train
data/raw/cifake/train/REAL/0317 (5).jpg,0,real,cifake,train
data/raw/cifake/train/FAKE/3747 (10).jpg,1,ai_generated,cifake,train
data/raw/cifake/train/REAL/2298 (2).jpg,0,real,cifake,train
data/raw/cifake/train/FAKE/2823 (5).jpg,1,ai_generated,cifake,train
data/raw/cifake/train/REAL/4535 (10).jpg,0,real,cifake,train
data/raw/cifake/train/REAL/1465 (6).jpg,0,real,cifake,train
data/raw/cifake/train/REAL/3458 (7).jpg,0,real,cifake,train
data/raw/cifake/train/FAKE/1426 (2).jpg,1,ai_generated,cifake,train
data/raw/cifake/train/FAKE/4564 (3).jpg,1,ai_generated,cifake,train
data/raw/cifake/train/FAKE/3447 (10).jpg,1,ai_generated,cifake,train
data/raw/cifake/train/FAKE/5176 (5).jpg,1,ai_generated,cifake,train
data/raw/cifake/train/FAKE/2463 (3).jpg,1,ai_generated,cifake,train
data/raw/cifake/train/REAL/1942 (6).jpg,0,real,cifake,train
data/raw/cifake/train/FAKE/3755 (4).jpg,1,ai_generated,cifake,train
data/raw/cifake/train/REAL/2588 (4).jpg,0,real,cifake,train
data/raw/cifake/train/FAKE/4956.jpg,1,ai_generated,cifake,train
data/raw/cifake/train/FAKE/4607 (6).jpg,1,ai_generated,cifake,train
data/raw/cifake/train/FAKE/1260 (10).jpg,1,ai_generated,cifake,train
data/raw/cifake/train/FAKE/2892 (5).jpg,1,ai_generated,cifake,train
data/raw/cifake/train/REAL/4676 (9).jpg,0,real,cifake,train
data/raw/cifake/train/FAKE/3942 (9).jpg,1,ai_generated,cifake,train
data/raw/cifake/train/REAL/2696 (9).jpg,0,real,cifake,train
data/raw/cifake/train/FAKE/4288 (7).jpg,1,ai_generated,cifake,train
data/raw/cifake/train/REAL/2522 (10).jpg,0,real,cifake,train
data/raw/cifake/train/FAKE/3435 (2).jpg,1,ai_generated,cifake,train
data/raw/cifake/train/FAKE/4950 (2).jpg,1,ai_generated,cifake,train
data/raw/cifake/train/REAL/1180 (2).jpg,0,real,cifake,train
data/raw/cifake/train/REAL/3575 (3).jpg,0,real,cifake,train
data/raw/cifake/train/FAKE/2423 (10).jpg,1,ai_generated,cifake,train
data/raw/cifake/train/REAL/3284 (9).jpg,0,real,cifake,train
data/raw/cifake/train/REAL/1941 (4).jpg,0,real,cifake,train
data/raw/cifake/train/REAL/1006 (10).jpg,0,real,cifake,train
data/raw/cifake/train/REAL/2906 (5).jpg,0,real,cifake,train
data/raw/cifake/train/FAKE/3793 (6).jpg,1,ai_generated,cifake,train
data/raw/cifake/train/FAKE/1306 (6).jpg,1,ai_generated,cifake,train
data/raw/cifake/train/FAKE/1524 (9).jpg,1,ai_generated,cifake,train
data/raw/cifake/train/REAL/2441 (4).jpg,0,real,cifake,train
data/raw/cifake/train/FAKE/5105.jpg,1,ai_generated,cifake,train
data/raw/cifake/train/REAL/4475 (7).jpg,0,real,cifake,train
data/raw/cifake/train/REAL/1494 (3).jpg,0,real,cifake,train
data/raw/cifake/train/FAKE/3364 (9).jpg,1,ai_generated,cifake,train
data/raw/cifake/train/FAKE/5574 (9).jpg,1,ai_generated,cifake,train
data/raw/cifake/train/REAL/1570 (5).jpg,0,real,cifake,train
data/raw/cifake/train/REAL/4754 (8).jpg,0,real,cifake,train
data/raw/cifake/train/REAL/2603 (6).jpg,0,real,cifake,train
data/raw/cifake/train/FAKE/4423 (7).jpg,1,ai_generated,cifake,train
data/raw/cifake/train/REAL/4642 (8).jpg,0,real,cifake,train
data/raw/cifake/train/FAKE/3800.jpg,1,ai_generated,cifake,train
data/raw/cifake/train/FAKE/2848 (5).jpg,1,ai_generated,cifake,train
data/raw/cifake/train/REAL/4993 (2).jpg,0,real,cifake,train
data/raw/cifake/train/FAKE/3411 (7).jpg,1,ai_generated,cifake,train
data/raw/cifake/train/FAKE/1436 (2).jpg,1,ai_generated,cifake,train
data/raw/cifake/train/REAL/1429 (7).jpg,0,real,cifake,train
data/raw/cifake/train/REAL/3622 (9).jpg,0,real,cifake,train
data/raw/cifake/train/FAKE/1054 (8).jpg,1,ai_generated,cifake,train
data/raw/cifake/train/FAKE/5289 (9).jpg,1,ai_generated,cifake,train
data/raw/cifake/train/REAL/1345 (7).jpg,0,real,cifake,train
data/raw/cifake/train/REAL/3963 (4).jpg,0,real,cifake,train
data/raw/cifake/train/REAL/4446 (9).jpg,0,real,cifake,train
data/raw/cifake/train/REAL/4592 (5).jpg,0,real,cifake,train
data/raw/cifake/train/REAL/0003 (9).jpg,0,real,cifake,train
data/raw/cifake/train/REAL/0177 (5).jpg,0,real,cifake,train
data/raw/cifake/train/FAKE/3895.jpg,1,ai_generated,cifake,train
data/raw/cifake/train/REAL/4831 (4).jpg,0,real,cifake,train
data/raw/cifake/train/FAKE/5011 (2).jpg,1,ai_generated,cifake,train
data/raw/cifake/train/REAL/1051 (5).jpg,0,real,cifake,train
data/raw/cifake/train/REAL/2151 (5).jpg,0,real,cifake,train
data/raw/cifake/train/REAL/2635.jpg,0,real,cifake,train
data/raw/cifake/train/FAKE/3375 (8).jpg,1,ai_generated,cifake,train
data/raw/cifake/train/REAL/4076.jpg,0,real,cifake,train
data/raw/cifake/train/REAL/3451 (2).jpg,0,real,cifake,train
data/raw/cifake/train/FAKE/2405 (10).jpg,1,ai_generated,cifake,train
data/raw/cifake/train/FAKE/4609 (7).jpg,1,ai_generated,cifake,train
data/raw/cifake/train/REAL/0288 (10).jpg,0,real,cifake,train
data/raw/cifake/train/REAL/1169 (10).jpg,0,real,cifake,train
data/raw/cifake/train/REAL/3773 (4).jpg,0,real,cifake,train
data/raw/cifake/train/FAKE/5821 (5).jpg,1,ai_generated,cifake,train
data/raw/cifake/train/FAKE/5945.jpg,1,ai_generated,cifake,train
data/raw/cifake/train/REAL/2072 (5).jpg,0,real,cifake,train
data/raw/cifake/train/FAKE/1605 (2).jpg,1,ai_generated,cifake,train
data/raw/cifake/train/FAKE/4220 (5).jpg,1,ai_generated,cifake,train
data/raw/cifake/train/FAKE/4093 (2).jpg,1,ai_generated,cifake,train
data/raw/cifake/train/FAKE/1532.jpg,1,ai_generated,cifake,train
data/raw/cifake/train/FAKE/3114 (7).jpg,1,ai_generated,cifake,train
data/raw/cifake/train/REAL/3372 (8).jpg,0,real,cifake,train
data/raw/cifake/train/REAL/4928 (2).jpg,0,real,cifake,train
data/raw/cifake/train/FAKE/5053 (9).jpg,1,ai_generated,cifake,train
data/raw/cifake/train/REAL/1257 (10).jpg,0,real,cifake,train
data/raw/cifake/train/FAKE/3648 (9).jpg,1,ai_generated,cifake,train
data/raw/cifake/train/FAKE/4855 (4).jpg,1,ai_generated,cifake,train
data/raw/cifake/train/FAKE/4162 (8).jpg,1,ai_generated,cifake,train
data/raw/cifake/train/REAL/3187 (9).jpg,0,real,cifake,train
data/raw/cifake/train/REAL/4674 (3).jpg,0,real,cifake,train
data/raw/cifake/train/FAKE/2747 (4).jpg,1,ai_generated,cifake,train
data/raw/cifake/train/FAKE/1797 (2).jpg,1,ai_generated,cifake,train
data/raw/cifake/train/FAKE/5982 (10).jpg,1,ai_generated,cifake,train
data/raw/cifake/train/FAKE/3305 (4).jpg,1,ai_generated,cifake,train
data/raw/cifake/train/REAL/0250 (6).jpg,0,real,cifake,train
data/raw/cifake/train/FAKE/2644 (8).jpg,1,ai_generated,cifake,train
data/raw/cifake/train/FAKE/5993 (7).jpg,1,ai_generated,cifake,train
data/raw/cifake/train/REAL/3211 (8).jpg,0,real,cifake,train
data/raw/cifake/train/REAL/2387 (8).jpg,0,real,cifake,train
data/raw/cifake/train/REAL/0110 (10).jpg,0,real,cifake,train
data/raw/cifake/train/REAL/1329 (10).jpg,0,real,cifake,train
data/raw/cifake/train/REAL/1502 (5).jpg,0,real,cifake,train
data/raw/cifake/train/REAL/0646 (4).jpg,0,real,cifake,train
data/raw/cifake/train/REAL/4921 (9).jpg,0,real,cifake,train
data/raw/cifake/train/FAKE/4383 (2).jpg,1,ai_generated,cifake,train
data/raw/cifake/train/FAKE/2977 (7).jpg,1,ai_generated,cifake,train
data/raw/cifake/train/FAKE/3402 (6).jpg,1,ai_generated,cifake,train
data/raw/cifake/train/REAL/2421 (4).jpg,0,real,cifake,train
data/raw/cifake/train/FAKE/4335 (8).jpg,1,ai_generated,cifake,train
data/raw/cifake/train/REAL/1986 (6).jpg,0,real,cifake,train
data/raw/cifake/train/FAKE/1642 (10).jpg,1,ai_generated,cifake,train
data/raw/cifake/train/REAL/2124 (7).jpg,0,real,cifake,train
data/raw/cifake/train/REAL/4390 (3).jpg,0,real,cifake,train
data/raw/cifake/train/REAL/4761.jpg,0,real,cifake,train
data/raw/cifake/train/FAKE/2981 (7).jpg,1,ai_generated,cifake,train
data/raw/cifake/train/REAL/3380 (8).jpg,0,real,cifake,train
data/raw/cifake/train/FAKE/3251 (9).jpg,1,ai_generated,cifake,train
data/raw/cifake/train/FAKE/2507 (2).jpg,1,ai_generated,cifake,train
data/raw/cifake/train/FAKE/1029 (9).jpg,1,ai_generated,cifake,train
data/raw/cifake/train/REAL/1261 (6).jpg,0,real,cifake,train
data/raw/cifake/train/FAKE/1203 (3).jpg,1,ai_generated,cifake,train
data/raw/cifake/train/FAKE/4119 (9).jpg,1,ai_generated,cifake,train
data/raw/cifake/train/REAL/2820 (3).jpg,0,real,cifake,train
data/raw/cifake/train/FAKE/1489 (9).jpg,1,ai_generated,cifake,train
data/raw/cifake/train/REAL/3260 (4).jpg,0,real,cifake,train
data/raw/cifake/train/REAL/1721 (10).jpg,0,real,cifake,train
data/raw/cifake/train/REAL/0758 (3).jpg,0,real,cifake,train
data/raw/cifake/train/FAKE/2130 (9).jpg,1,ai_generated,cifake,train
data/raw/cifake/train/FAKE/5187 (5).jpg,1,ai_generated,cifake,train
data/raw/cifake/train/FAKE/1796 (4).jpg,1,ai_generated,cifake,train
data/raw/cifake/train/REAL/2797 (9).jpg,0,real,cifake,train
data/raw/cifake/train/REAL/2764 (7).jpg,0,real,cifake,train
data/raw/cifake/train/REAL/1369 (10).jpg,0,real,cifake,train
data/raw/cifake/train/REAL/1165 (5).jpg,0,real,cifake,train
data/raw/cifake/train/REAL/3902 (9).jpg,0,real,cifake,train
data/raw/cifake/train/FAKE/3929 (7).jpg,1,ai_generated,cifake,train
data/raw/cifake/train/FAKE/4354 (2).jpg,1,ai_generated,cifake,train
data/raw/cifake/train/FAKE/4283 (6).jpg,1,ai_generated,cifake,train
data/raw/cifake/train/FAKE/5237 (4).jpg,1,ai_generated,cifake,train
data/raw/cifake/train/REAL/3279 (6).jpg,0,real,cifake,train
data/raw/cifake/train/FAKE/5986 (9).jpg,1,ai_generated,cifake,train
data/raw/cifake/train/REAL/2105 (8).jpg,0,real,cifake,train
data/raw/cifake/train/REAL/4287 (4).jpg,0,real,cifake,train
data/raw/cifake/train/REAL/2884 (10).jpg,0,real,cifake,train
data/raw/cifake/train/FAKE/4019 (8).jpg,1,ai_generated,cifake,train
data/raw/cifake/train/FAKE/1017 (5).jpg,1,ai_generated,cifake,train
data/raw/cifake/train/REAL/3893 (3).jpg,0,real,cifake,train
data/raw/cifake/train/FAKE/5180 (5).jpg,1,ai_generated,cifake,train
data/raw/cifake/train/FAKE/1566 (8).jpg,1,ai_generated,cifake,train
data/raw/cifake/train/REAL/0017 (3).jpg,0,real,cifake,train
data/raw/cifake/train/REAL/0686 (8).jpg,0,real,cifake,train
data/raw/cifake/train/REAL/2094 (4).jpg,0,real,cifake,train
data/raw/cifake/train/FAKE/5858 (5).jpg,1,ai_generated,cifake,train
data/raw/cifake/train/FAKE/4259 (10).jpg,1,ai_generated,cifake,train
data/raw/cifake/train/FAKE/2798 (5).jpg,1,ai_generated,cifake,train
data/raw/cifake/train/FAKE/5558 (7).jpg,1,ai_generated,cifake,train
data/raw/cifake/train/REAL/4847 (7).jpg,0,real,cifake,train
data/raw/cifake/train/FAKE/3501 (6).jpg,1,ai_generated,cifake,train
data/raw/cifake/train/REAL/3468 (7).jpg,0,real,cifake,train
data/raw/cifake/train/FAKE/1124 (5).jpg,1,ai_generated,cifake,train
data/raw/cifake/train/REAL/0614 (8).jpg,0,real,cifake,train
data/raw/cifake/train/FAKE/5753 (5).jpg,1,ai_generated,cifake,train
data/raw/cifake/train/FAKE/2487 (6).jpg,1,ai_generated,cifake,train
data/raw/cifake/train/REAL/3146 (8).jpg,0,real,cifake,train
data/raw/cifake/train/FAKE/2234 (7).jpg,1,ai_generated,cifake,train
data/raw/cifake/train/REAL/4675 (10).jpg,0,real,cifake,train
data/raw/cifake/train/FAKE/5956 (8).jpg,1,ai_generated,cifake,train
data/raw/cifake/train/FAKE/1314 (9).jpg,1,ai_generated,cifake,train
data/raw/cifake/train/FAKE/5009 (8).jpg,1,ai_generated,cifake,train
data/raw/cifake/train/FAKE/4635 (10).jpg,1,ai_generated,cifake,train
data/raw/cifake/train/REAL/0906 (4).jpg,0,real,cifake,train
data/raw/cifake/train/FAKE/3307 (5).jpg,1,ai_generated,cifake,train
data/raw/cifake/train/FAKE/4966 (4).jpg,1,ai_generated,cifake,train
data/raw/cifake/train/FAKE/2465 (5).jpg,1,ai_generated,cifake,train
data/raw/cifake/train/REAL/0692 (7).jpg,0,real,cifake,train
data/raw/cifake/train/FAKE/5814 (2).jpg,1,ai_generated,cifake,train
data/raw/cifake/train/FAKE/1920 (6).jpg,1,ai_generated,cifake,train
data/raw/cifake/train/FAKE/2224 (9).jpg,1,ai_generated,cifake,train
data/raw/cifake/train/FAKE/4352 (3).jpg,1,ai_generated,cifake,train
data/raw/cifake/train/REAL/1266 (7).jpg,0,real,cifake,train
data/raw/cifake/train/FAKE/1646 (9).jpg,1,ai_generated,cifake,train
data/raw/cifake/train/REAL/0104 (3).jpg,0,real,cifake,train
data/raw/cifake/train/REAL/4582 (3).jpg,0,real,cifake,train
data/raw/cifake/train/FAKE/5566 (3).jpg,1,ai_generated,cifake,train
data/raw/cifake/train/FAKE/3780 (8).jpg,1,ai_generated,cifake,train
data/raw/cifake/train/FAKE/1864 (4).jpg,1,ai_generated,cifake,train
data/raw/cifake/train/FAKE/5705 (9).jpg,1,ai_generated,cifake,train
data/raw/cifake/train/FAKE/4478 (10).jpg,1,ai_generated,cifake,train
data/raw/cifake/train/REAL/0308 (6).jpg,0,real,cifake,train
data/raw/cifake/train/FAKE/3831 (4).jpg,1,ai_generated,cifake,train
data/raw/cifake/train/FAKE/2204 (5).jpg,1,ai_generated,cifake,train
data/raw/cifake/train/REAL/0141 (10).jpg,0,real,cifake,train
data/raw/cifake/train/FAKE/5810 (9).jpg,1,ai_generated,cifake,train
data/raw/cifake/train/REAL/1341 (6).jpg,0,real,cifake,train
data/raw/cifake/train/REAL/1365 (8).jpg,0,real,cifake,train
data/raw/cifake/train/REAL/2221 (10).jpg,0,real,cifake,train
data/raw/cifake/train/FAKE/3756 (9).jpg,1,ai_generated,cifake,train
data/raw/cifake/train/FAKE/5902 (4).jpg,1,ai_generated,cifake,train
data/raw/cifake/train/FAKE/3398 (6).jpg,1,ai_generated,cifake,train
data/raw/cifake/train/REAL/4071 (6).jpg,0,real,cifake,train
data/raw/cifake/train/REAL/3066 (8).jpg,0,real,cifake,train
data/raw/cifake/train/REAL/1885 (2).jpg,0,real,cifake,train
data/raw/cifake/train/REAL/4019 (7).jpg,0,real,cifake,train
data/raw/cifake/train/FAKE/1402 (2).jpg,1,ai_generated,cifake,train
data/raw/cifake/train/FAKE/1382 (10).jpg,1,ai_generated,cifake,train
data/raw/cifake/train/FAKE/4210.jpg,1,ai_generated,cifake,train
data/raw/cifake/train/REAL/0896 (5).jpg,0,real,cifake,train
data/raw/cifake/train/REAL/3340 (4).jpg,0,real,cifake,train
data/raw/cifake/train/FAKE/1837 (7).jpg,1,ai_generated,cifake,train
data/raw/cifake/train/REAL/4842 (2).jpg,0,real,cifake,train
data/raw/cifake/train/FAKE/5864 (3).jpg,1,ai_generated,cifake,train
data/raw/cifake/train/FAKE/4697 (9).jpg,1,ai_generated,cifake,train
data/raw/cifake/train/FAKE/1906 (5).jpg,1,ai_generated,cifake,train
data/raw/cifake/train/REAL/0344 (4).jpg,0,real,cifake,train
data/raw/cifake/train/FAKE/1251 (2).jpg,1,ai_generated,cifake,train
data/raw/cifake/train/REAL/1924 (3).jpg,0,real,cifake,train
data/raw/cifake/train/FAKE/4315.jpg,1,ai_generated,cifake,train
data/raw/cifake/train/REAL/0643 (10).jpg,0,real,cifake,train
data/raw/cifake/train/FAKE/2939 (2).jpg,1,ai_generated,cifake,train
data/raw/cifake/train/REAL/2780 (9).jpg,0,real,cifake,train
data/raw/cifake/train/FAKE/3787 (4).jpg,1,ai_generated,cifake,train
data/raw/cifake/train/REAL/3093 (5).jpg,0,real,cifake,train
data/raw/cifake/train/FAKE/3055 (5).jpg,1,ai_generated,cifake,train
data/raw/cifake/train/REAL/2838 (2).jpg,0,real,cifake,train
data/raw/cifake/train/FAKE/5499 (5).jpg,1,ai_generated,cifake,train
data/raw/cifake/train/REAL/2147 (10).jpg,0,real,cifake,train
data/raw/cifake/train/REAL/4814 (6).jpg,0,real,cifake,train
data/raw/cifake/train/FAKE/3383.jpg,1,ai_generated,cifake,train
data/raw/cifake/train/REAL/0368 (3).jpg,0,real,cifake,train
data/raw/cifake/train/REAL/0205 (5).jpg,0,real,cifake,train
data/raw/cifake/train/FAKE/5429 (7).jpg,1,ai_generated,cifake,train
data/raw/cifake/train/FAKE/1065 (3).jpg,1,ai_generated,cifake,train
data/raw/cifake/train/FAKE/3924 (3).jpg,1,ai_generated,cifake,train
data/raw/cifake/train/FAKE/1880 (10).jpg,1,ai_generated,cifake,train
data/raw/cifake/train/FAKE/4595 (3).jpg,1,ai_generated,cifake,train
data/raw/cifake/train/FAKE/1268 (7).jpg,1,ai_generated,cifake,train
data/raw/cifake/train/FAKE/3976 (5).jpg,1,ai_generated,cifake,train
data/raw/cifake/train/REAL/2961 (10).jpg,0,real,cifake,train
data/raw/cifake/train/FAKE/2688 (2).jpg,1,ai_generated,cifake,train
data/raw/cifake/train/FAKE/1669 (10).jpg,1,ai_generated,cifake,train
data/raw/cifake/train/FAKE/2431 (7).jpg,1,ai_generated,cifake,train
data/raw/cifake/train/REAL/0925 (5).jpg,0,real,cifake,train
data/raw/cifake/train/REAL/0089.jpg,0,real,cifake,train
data/raw/cifake/train/FAKE/5365 (2).jpg,1,ai_generated,cifake,train
data/raw/cifake/train/FAKE/2307 (3).jpg,1,ai_generated,cifake,train
data/raw/cifake/train/REAL/3030 (8).jpg,0,real,cifake,train
data/raw/cifake/train/FAKE/3202 (9).jpg,1,ai_generated,cifake,train
data/raw/cifake/train/REAL/0211 (7).jpg,0,real,cifake,train
data/raw/cifake/train/REAL/1143 (7).jpg,0,real,cifake,train
data/raw/cifake/train/FAKE/2236 (2).jpg,1,ai_generated,cifake,train
data/raw/cifake/train/REAL/3948 (7).jpg,0,real,cifake,train
data/raw/cifake/train/REAL/2716 (8).jpg,0,real,cifake,train
data/raw/cifake/train/FAKE/3542 (2).jpg,1,ai_generated,cifake,train
data/raw/cifake/train/REAL/3040 (8).jpg,0,real,cifake,train
data/raw/cifake/train/FAKE/2943 (6).jpg,1,ai_generated,cifake,train
data/raw/cifake/train/FAKE/2351 (5).jpg,1,ai_generated,cifake,train
data/raw/cifake/train/REAL/0501 (8).jpg,0,real,cifake,train
data/raw/cifake/train/FAKE/1961 (5).jpg,1,ai_generated,cifake,train
data/raw/cifake/train/REAL/3666 (7).jpg,0,real,cifake,train
data/raw/cifake/train/REAL/2836 (2).jpg,0,real,cifake,train
data/raw/cifake/train/FAKE/2298 (8).jpg,1,ai_generated,cifake,train
data/raw/cifake/train/FAKE/2588 (3).jpg,1,ai_generated,cifake,train
data/raw/cifake/train/REAL/0063 (7).jpg,0,real,cifake,train
data/raw/cifake/train/REAL/1376 (2).jpg,0,real,cifake,train
data/raw/cifake/train/FAKE/2834 (4).jpg,1,ai_generated,cifake,train
data/raw/cifake/train/REAL/0430 (8).jpg,0,real,cifake,train
data/raw/cifake/train/REAL/3329 (7).jpg,0,real,cifake,train
data/raw/cifake/train/FAKE/3946 (7).jpg,1,ai_generated,cifake,train
data/raw/cifake/train/FAKE/1249.jpg,1,ai_generated,cifake,train
data/raw/cifake/train/REAL/1942 (5).jpg,0,real,cifake,train
data/raw/cifake/train/FAKE/2775 (7).jpg,1,ai_generated,cifake,train
data/raw/cifake/train/REAL/4218 (9).jpg,0,real,cifake,train
data/raw/cifake/train/FAKE/3220 (3).jpg,1,ai_generated,cifake,train
data/raw/cifake/train/REAL/4577 (3).jpg,0,real,cifake,train
data/raw/cifake/train/REAL/0115.jpg,0,real,cifake,train
data/raw/cifake/train/FAKE/4694 (9).jpg,1,ai_generated,cifake,train
data/raw/cifake/train/REAL/0604 (5).jpg,0,real,cifake,train
data/raw/cifake/train/FAKE/3938 (10).jpg,1,ai_generated,cifake,train
data/raw/cifake/train/REAL/1827 (3).jpg,0,real,cifake,train
data/raw/cifake/train/FAKE/2747 (6).jpg,1,ai_generated,cifake,train
data/raw/cifake/train/FAKE/4047.jpg,1,ai_generated,cifake,train
data/raw/cifake/train/REAL/1662 (8).jpg,0,real,cifake,train
data/raw/cifake/train/FAKE/3654 (10).jpg,1,ai_generated,cifake,train
data/raw/cifake/train/FAKE/5875 (9).jpg,1,ai_generated,cifake,train
data/raw/cifake/train/FAKE/3084.jpg,1,ai_generated,cifake,train
data/raw/cifake/train/REAL/0963 (4).jpg,0,real,cifake,train
data/raw/cifake/train/FAKE/2108 (3).jpg,1,ai_generated,cifake,train
data/raw/cifake/train/REAL/2210.jpg,0,real,cifake,train
data/raw/cifake/train/FAKE/5926 (10).jpg,1,ai_generated,cifake,train
data/raw/cifake/train/REAL/4127 (4).jpg,0,real,cifake,train
data/raw/cifake/train/REAL/4768 (7).jpg,0,real,cifake,train
data/raw/cifake/train/FAKE/2098 (10).jpg,1,ai_generated,cifake,train
data/raw/cifake/train/FAKE/2099 (6).jpg,1,ai_generated,cifake,train
data/raw/cifake/train/FAKE/3795 (4).jpg,1,ai_generated,cifake,train
data/raw/cifake/train/REAL/1565 (5).jpg,0,real,cifake,train
data/raw/cifake/train/REAL/4284 (8).jpg,0,real,cifake,train
data/raw/cifake/train/REAL/3443 (2).jpg,0,real,cifake,train
data/raw/cifake/train/FAKE/5223 (9).jpg,1,ai_generated,cifake,train
data/raw/cifake/train/REAL/1402 (8).jpg,0,real,cifake,train
data/raw/cifake/train/REAL/2339 (10).jpg,0,real,cifake,train
data/raw/cifake/train/FAKE/3779 (6).jpg,1,ai_generated,cifake,train
data/raw/cifake/train/REAL/0829 (10).jpg,0,real,cifake,train
data/raw/cifake/train/FAKE/5226 (5).jpg,1,ai_generated,cifake,train
data/raw/cifake/train/REAL/1300.jpg,0,real,cifake,train
data/raw/cifake/train/REAL/1809 (9).jpg,0,real,cifake,train
data/raw/cifake/train/FAKE/3059 (9).jpg,1,ai_generated,cifake,train
data/raw/cifake/train/FAKE/2094 (4).jpg,1,ai_generated,cifake,train
data/raw/cifake/train/REAL/1757 (10).jpg,0,real,cifake,train
data/raw/cifake/train/REAL/0710 (8).jpg,0,real,cifake,train
data/raw/cifake/train/REAL/1951 (2).jpg,0,real,cifake,train
data/raw/cifake/train/REAL/0116 (3).jpg,0,real,cifake,train
data/raw/cifake/train/REAL/4999 (4).jpg,0,real,cifake,train
data/raw/cifake/train/REAL/3014.jpg,0,real,cifake,train
data/raw/cifake/train/FAKE/3768 (2).jpg,1,ai_generated,cifake,train
data/raw/cifake/train/FAKE/3800 (9).jpg,1,ai_generated,cifake,train
data/raw/cifake/train/REAL/1107 (6).jpg,0,real,cifake,train
data/raw/cifake/train/REAL/3801 (8).jpg,0,real,cifake,train
data/raw/cifake/train/REAL/3271.jpg,0,real,cifake,train
data/raw/cifake/train/REAL/2809 (9).jpg,0,real,cifake,train
data/raw/cifake/train/REAL/2915.jpg,0,real,cifake,train
data/raw/cifake/train/REAL/3290 (10).jpg,0,real,cifake,train
data/raw/cifake/train/FAKE/1970 (6).jpg,1,ai_generated,cifake,train
data/raw/cifake/train/REAL/0406 (3).jpg,0,real,cifake,train
data/raw/cifake/train/FAKE/1480 (7).jpg,1,ai_generated,cifake,train
data/raw/cifake/train/REAL/4496.jpg,0,real,cifake,train
data/raw/cifake/train/REAL/1210 (5).jpg,0,real,cifake,train
data/raw/cifake/train/FAKE/3723 (5).jpg,1,ai_generated,cifake,train
data/raw/cifake/train/FAKE/3541 (8).jpg,1,ai_generated,cifake,train
data/raw/cifake/train/FAKE/4864 (2).jpg,1,ai_generated,cifake,train
data/raw/cifake/train/FAKE/1323 (10).jpg,1,ai_generated,cifake,train
data/raw/cifake/train/REAL/1801 (9).jpg,0,real,cifake,train
data/raw/cifake/train/REAL/2613 (5).jpg,0,real,cifake,train
data/raw/cifake/train/FAKE/2704 (7).jpg,1,ai_generated,cifake,train
data/raw/cifake/train/FAKE/1903 (5).jpg,1,ai_generated,cifake,train
data/raw/cifake/train/REAL/2765 (5).jpg,0,real,cifake,train
data/raw/cifake/train/REAL/2707 (6).jpg,0,real,cifake,train
data/raw/cifake/train/FAKE/2119 (2).jpg,1,ai_generated,cifake,train
data/raw/cifake/train/REAL/3752.jpg,0,real,cifake,train
data/raw/cifake/train/REAL/0661 (2).jpg,0,real,cifake,train
data/raw/cifake/train/FAKE/2325 (4).jpg,1,ai_generated,cifake,train
data/raw/cifake/train/FAKE/4704 (10).jpg,1,ai_generated,cifake,train
data/raw/cifake/train/REAL/3527 (2).jpg,0,real,cifake,train
data/raw/cifake/train/REAL/1346.jpg,0,real,cifake,train
data/raw/cifake/train/REAL/2526 (8).jpg,0,real,cifake,train
data/raw/cifake/train/REAL/4397 (6).jpg,0,real,cifake,train
data/raw/cifake/train/FAKE/1510 (5).jpg,1,ai_generated,cifake,train
data/raw/cifake/train/REAL/4735 (6).jpg,0,real,cifake,train
data/raw/cifake/train/FAKE/4945 (10).jpg,1,ai_generated,cifake,train
data/raw/cifake/train/REAL/0052 (2).jpg,0,real,cifake,train
data/raw/cifake/train/FAKE/1569 (6).jpg,1,ai_generated,cifake,train
data/raw/cifake/train/REAL/1929 (9).jpg,0,real,cifake,train
data/raw/cifake/train/FAKE/3312 (2).jpg,1,ai_generated,cifake,train
data/raw/cifake/train/FAKE/3775 (8).jpg,1,ai_generated,cifake,train
data/raw/cifake/train/FAKE/3982.jpg,1,ai_generated,cifake,train
data/raw/cifake/train/REAL/2615 (10).jpg,0,real,cifake,train
data/raw/cifake/train/FAKE/3839 (5).jpg,1,ai_generated,cifake,train
data/raw/cifake/train/REAL/4281 (7).jpg,0,real,cifake,train
data/raw/cifake/train/FAKE/1253 (4).jpg,1,ai_generated,cifake,train
data/raw/cifake/train/REAL/3758 (8).jpg,0,real,cifake,train
data/raw/cifake/train/FAKE/3677 (6).jpg,1,ai_generated,cifake,train
data/raw/cifake/train/REAL/0140 (2).jpg,0,real,cifake,train
data/raw/cifake/train/REAL/2813 (5).jpg,0,real,cifake,train
data/raw/cifake/train/REAL/1678 (3).jpg,0,real,cifake,train
data/raw/cifake/train/REAL/1780 (7).jpg,0,real,cifake,train
data/raw/cifake/train/FAKE/4177.jpg,1,ai_generated,cifake,train
data/raw/cifake/train/FAKE/2763 (10).jpg,1,ai_generated,cifake,train
data/raw/cifake/train/FAKE/1588 (4).jpg,1,ai_generated,cifake,train
data/raw/cifake/train/REAL/1709 (7).jpg,0,real,cifake,train
data/raw/cifake/train/REAL/2729.jpg,0,real,cifake,train
data/raw/cifake/train/REAL/0651 (10).jpg,0,real,cifake,train
data/raw/cifake/train/FAKE/2103 (6).jpg,1,ai_generated,cifake,train
data/raw/cifake/train/FAKE/2041 (3).jpg,1,ai_generated,cifake,train
data/raw/cifake/train/FAKE/5778 (4).jpg,1,ai_generated,cifake,train
data/raw/cifake/train/REAL/2868 (3).jpg,0,real,cifake,train
data/raw/cifake/train/REAL/0957.jpg,0,real,cifake,train
data/raw/cifake/train/FAKE/5830 (4).jpg,1,ai_generated,cifake,train
data/raw/cifake/train/REAL/1677 (5).jpg,0,real,cifake,train
data/raw/cifake/train/FAKE/2426 (9).jpg,1,ai_generated,cifake,train
data/raw/cifake/train/REAL/4406 (4).jpg,0,real,cifake,train
data/raw/cifake/train/REAL/0402 (5).jpg,0,real,cifake,train
data/raw/cifake/train/REAL/0828 (7).jpg,0,real,cifake,train
data/raw/cifake/train/FAKE/3596 (8).jpg,1,ai_generated,cifake,train
data/raw/cifake/train/REAL/4067 (4).jpg,0,real,cifake,train
data/raw/cifake/train/REAL/3633 (5).jpg,0,real,cifake,train
data/raw/cifake/train/REAL/4470.jpg,0,real,cifake,train
data/raw/cifake/train/FAKE/1079 (9).jpg,1,ai_generated,cifake,train
data/raw/cifake/train/FAKE/4588 (4).jpg,1,ai_generated,cifake,train
data/raw/cifake/train/FAKE/3046 (7).jpg,1,ai_generated,cifake,train
data/raw/cifake/train/REAL/2031 (2).jpg,0,real,cifake,train
data/raw/cifake/train/FAKE/3559 (4).jpg,1,ai_generated,cifake,train
data/raw/cifake/train/FAKE/5170 (4).jpg,1,ai_generated,cifake,train
data/raw/cifake/train/REAL/4403 (3).jpg,0,real,cifake,train
data/raw/cifake/train/REAL/2816.jpg,0,real,cifake,train
data/raw/cifake/train/REAL/4684 (10).jpg,0,real,cifake,train
data/raw/cifake/train/REAL/1781 (9).jpg,0,real,cifake,train
data/raw/cifake/train/FAKE/1632 (6).jpg,1,ai_generated,cifake,train
data/raw/cifake/train/REAL/2223 (9).jpg,0,real,cifake,train
data/raw/cifake/train/REAL/4504 (6).jpg,0,real,cifake,train
data/raw/cifake/train/FAKE/5839 (7).jpg,1,ai_generated,cifake,train
data/raw/cifake/train/REAL/1164 (9).jpg,0,real,cifake,train
data/raw/cifake/train/FAKE/5214 (8).jpg,1,ai_generated,cifake,train
data/raw/cifake/train/FAKE/3197 (6).jpg,1,ai_generated,cifake,train
data/raw/cifake/train/REAL/3411 (6).jpg,0,real,cifake,train
data/raw/cifake/train/REAL/1770 (9).jpg,0,real,cifake,train
data/raw/cifake/train/REAL/3422 (3).jpg,0,real,cifake,train
data/raw/cifake/train/REAL/2813.jpg,0,real,cifake,train
data/raw/cifake/train/REAL/4297 (8).jpg,0,real,cifake,train
data/raw/cifake/train/FAKE/1388 (3).jpg,1,ai_generated,cifake,train
data/raw/cifake/train/REAL/0391 (5).jpg,0,real,cifake,train
data/raw/cifake/train/FAKE/4583 (4).jpg,1,ai_generated,cifake,train
data/raw/cifake/train/FAKE/5113 (9).jpg,1,ai_generated,cifake,train
data/raw/cifake/train/FAKE/1316 (6).jpg,1,ai_generated,cifake,train
data/raw/cifake/train/REAL/1062 (6).jpg,0,real,cifake,train
data/raw/cifake/train/REAL/3196 (3).jpg,0,real,cifake,train
data/raw/cifake/train/REAL/1495 (4).jpg,0,real,cifake,train
data/raw/cifake/train/FAKE/4226.jpg,1,ai_generated,cifake,train
data/raw/cifake/train/REAL/4093 (8).jpg,0,real,cifake,train
data/raw/cifake/train/REAL/0273 (4).jpg,0,real,cifake,train
data/raw/cifake/train/FAKE/4743 (7).jpg,1,ai_generated,cifake,train
data/raw/cifake/train/REAL/3903 (7).jpg,0,real,cifake,train
data/raw/cifake/train/FAKE/5578 (6).jpg,1,ai_generated,cifake,train
data/raw/cifake/train/REAL/3547 (10).jpg,0,real,cifake,train
data/raw/cifake/train/REAL/4147 (6).jpg,0,real,cifake,train
data/raw/cifake/train/FAKE/5423 (6).jpg,1,ai_generated,cifake,train
data/raw/cifake/train/REAL/0411 (2).jpg,0,real,cifake,train
data/raw/cifake/train/REAL/1020 (4).jpg,0,real,cifake,train
data/raw/cifake/train/REAL/4119 (10).jpg,0,real,cifake,train
data/raw/cifake/train/FAKE/3542 (10).jpg,1,ai_generated,cifake,train
data/raw/cifake/train/FAKE/3216 (6).jpg,1,ai_generated,cifake,train
data/raw/cifake/train/FAKE/3668 (9).jpg,1,ai_generated,cifake,train
data/raw/cifake/train/FAKE/5854 (6).jpg,1,ai_generated,cifake,train
data/raw/cifake/train/FAKE/1251 (8).jpg,1,ai_generated,cifake,train
data/raw/cifake/train/FAKE/5132 (4).jpg,1,ai_generated,cifake,train
data/raw/cifake/train/FAKE/4216 (5).jpg,1,ai_generated,cifake,train
data/raw/cifake/train/REAL/3579 (7).jpg,0,real,cifake,train
data/raw/cifake/train/REAL/0748 (8).jpg,0,real,cifake,train
data/raw/cifake/train/REAL/3281 (5).jpg,0,real,cifake,train
data/raw/cifake/train/FAKE/5295 (4).jpg,1,ai_generated,cifake,train
data/raw/cifake/train/FAKE/1202 (2).jpg,1,ai_generated,cifake,train
data/raw/cifake/train/REAL/3670 (10).jpg,0,real,cifake,train
data/raw/cifake/train/FAKE/5536 (7).jpg,1,ai_generated,cifake,train
data/raw/cifake/train/REAL/0125 (8).jpg,0,real,cifake,train
data/raw/cifake/train/FAKE/5649.jpg,1,ai_generated,cifake,train
data/raw/cifake/train/FAKE/2765 (7).jpg,1,ai_generated,cifake,train
data/raw/cifake/train/FAKE/2402 (10).jpg,1,ai_generated,cifake,train
data/raw/cifake/train/FAKE/4100.jpg,1,ai_generated,cifake,train
data/raw/cifake/train/FAKE/2084 (5).jpg,1,ai_generated,cifake,train
data/raw/cifake/train/REAL/2135 (9).jpg,0,real,cifake,train
data/raw/cifake/train/FAKE/3438 (2).jpg,1,ai_generated,cifake,train
data/raw/cifake/train/FAKE/2792 (10).jpg,1,ai_generated,cifake,train
data/raw/cifake/train/FAKE/2416.jpg,1,ai_generated,cifake,train
data/raw/cifake/train/REAL/1141 (8).jpg,0,real,cifake,train
data/raw/cifake/train/REAL/2273 (2).jpg,0,real,cifake,train
data/raw/cifake/train/FAKE/3765 (4).jpg,1,ai_generated,cifake,train
data/raw/cifake/train/REAL/0412 (4).jpg,0,real,cifake,train
data/raw/cifake/train/REAL/0993 (7).jpg,0,real,cifake,train
data/raw/cifake/train/REAL/3341 (9).jpg,0,real,cifake,train
data/raw/cifake/train/REAL/4000.jpg,0,real,cifake,train
data/raw/cifake/train/FAKE/1716.jpg,1,ai_generated,cifake,train
data/raw/cifake/train/REAL/2760 (9).jpg,0,real,cifake,train
data/raw/cifake/train/REAL/3416 (6).jpg,0,real,cifake,train
data/raw/cifake/train/FAKE/4154 (2).jpg,1,ai_generated,cifake,train
data/raw/cifake/train/REAL/3271 (3).jpg,0,real,cifake,train
data/raw/cifake/train/REAL/2788 (3).jpg,0,real,cifake,train
data/raw/cifake/train/FAKE/1621 (7).jpg,1,ai_generated,cifake,train
data/raw/cifake/train/FAKE/1213 (9).jpg,1,ai_generated,cifake,train
data/raw/cifake/train/REAL/4763 (2).jpg,0,real,cifake,train
data/raw/cifake/train/REAL/0442 (4).jpg,0,real,cifake,train
data/raw/cifake/train/REAL/1224 (8).jpg,0,real,cifake,train
data/raw/cifake/train/REAL/4884 (5).jpg,0,real,cifake,train
data/raw/cifake/train/REAL/4468 (9).jpg,0,real,cifake,train
data/raw/cifake/train/REAL/4376 (10).jpg,0,real,cifake,train
data/raw/cifake/train/REAL/4666.jpg,0,real,cifake,train
data/raw/cifake/train/FAKE/5900 (6).jpg,1,ai_generated,cifake,train
data/raw/cifake/train/REAL/3369 (7).jpg,0,real,cifake,train
data/raw/cifake/train/FAKE/3843 (2).jpg,1,ai_generated,cifake,train
data/raw/cifake/train/FAKE/3219 (6).jpg,1,ai_generated,cifake,train
data/raw/cifake/train/REAL/0788.jpg,0,real,cifake,train
data/raw/cifake/train/REAL/4588 (10).jpg,0,real,cifake,train
data/raw/cifake/train/FAKE/1712 (8).jpg,1,ai_generated,cifake,train
data/raw/cifake/train/REAL/2243 (7).jpg,0,real,cifake,train
data/raw/cifake/train/REAL/2052 (2).jpg,0,real,cifake,train
data/raw/cifake/train/REAL/3240 (4).jpg,0,real,cifake,train
data/raw/cifake/train/REAL/0098 (7).jpg,0,real,cifake,train
data/raw/cifake/train/FAKE/1037 (3).jpg,1,ai_generated,cifake,train
data/raw/cifake/train/FAKE/5789 (9).jpg,1,ai_generated,cifake,train
data/raw/cifake/train/REAL/4698.jpg,0,real,cifake,train
data/raw/cifake/train/FAKE/1805 (5).jpg,1,ai_generated,cifake,train
data/raw/cifake/train/FAKE/3884 (9).jpg,1,ai_generated,cifake,train
data/raw/cifake/train/REAL/2417 (3).jpg,0,real,cifake,train
data/raw/cifake/train/REAL/0693 (9).jpg,0,real,cifake,train
data/raw/cifake/train/FAKE/4042 (9).jpg,1,ai_generated,cifake,train
data/raw/cifake/train/FAKE/4945 (2).jpg,1,ai_generated,cifake,train
data/raw/cifake/train/FAKE/5625 (5).jpg,1,ai_generated,cifake,train
data/raw/cifake/train/FAKE/1666 (6).jpg,1,ai_generated,cifake,train
data/raw/cifake/train/REAL/4298 (7).jpg,0,real,cifake,train
data/raw/cifake/train/FAKE/4798 (2).jpg,1,ai_generated,cifake,train
data/raw/cifake/train/FAKE/1103 (5).jpg,1,ai_generated,cifake,train
data/raw/cifake/train/REAL/0330 (3).jpg,0,real,cifake,train
data/raw/cifake/train/FAKE/4654 (5).jpg,1,ai_generated,cifake,train
data/raw/cifake/train/REAL/0217 (8).jpg,0,real,cifake,train
data/raw/cifake/train/FAKE/1041 (6).jpg,1,ai_generated,cifake,train
data/raw/cifake/train/FAKE/4081 (8).jpg,1,ai_generated,cifake,train
data/raw/cifake/train/REAL/3180 (7).jpg,0,real,cifake,train
data/raw/cifake/train/FAKE/5291 (5).jpg,1,ai_generated,cifake,train
data/raw/cifake/train/REAL/1916.jpg,0,real,cifake,train
data/raw/cifake/train/FAKE/1997.jpg,1,ai_generated,cifake,train
data/raw/cifake/train/FAKE/1242 (7).jpg,1,ai_generated,cifake,train
data/raw/cifake/train/FAKE/2358 (7).jpg,1,ai_generated,cifake,train
data/raw/cifake/train/FAKE/1896 (10).jpg,1,ai_generated,cifake,train
data/raw/cifake/train/REAL/4106 (10).jpg,0,real,cifake,train
data/raw/cifake/train/FAKE/2600 (7).jpg,1,ai_generated,cifake,train
data/raw/cifake/train/REAL/3061 (4).jpg,0,real,cifake,train
data/raw/cifake/train/REAL/1833 (5).jpg,0,real,cifake,train
data/raw/cifake/train/REAL/3029 (10).jpg,0,real,cifake,train
data/raw/cifake/train/FAKE/4200 (2).jpg,1,ai_generated,cifake,train
data/raw/cifake/train/REAL/1636 (7).jpg,0,real,cifake,train
data/raw/cifake/train/REAL/0254 (7).jpg,0,real,cifake,train
data/raw/cifake/train/REAL/4671 (6).jpg,0,real,cifake,train
data/raw/cifake/train/REAL/1342 (6).jpg,0,real,cifake,train
data/raw/cifake/train/FAKE/3676 (6).jpg,1,ai_generated,cifake,train
data/raw/cifake/train/REAL/4067 (9).jpg,0,real,cifake,train
data/raw/cifake/train/REAL/4541 (3).jpg,0,real,cifake,train
data/raw/cifake/train/FAKE/4366 (2).jpg,1,ai_generated,cifake,train
data/raw/cifake/train/REAL/4415 (5).jpg,0,real,cifake,train
data/raw/cifake/train/FAKE/4782 (8).jpg,1,ai_generated,cifake,train
data/raw/cifake/train/FAKE/5593 (8).jpg,1,ai_generated,cifake,train
data/raw/cifake/train/REAL/0042 (7).jpg,0,real,cifake,train
data/raw/cifake/train/FAKE/4360 (9).jpg,1,ai_generated,cifake,train
data/raw/cifake/train/FAKE/1698 (9).jpg,1,ai_generated,cifake,train
data/raw/cifake/train/REAL/3123 (8).jpg,0,real,cifake,train
data/raw/cifake/train/REAL/3069 (2).jpg,0,real,cifake,train
data/raw/cifake/train/REAL/4599 (6).jpg,0,real,cifake,train
data/raw/cifake/train/FAKE/5122.jpg,1,ai_generated,cifake,train
data/raw/cifake/train/REAL/3986 (7).jpg,0,real,cifake,train
data/raw/cifake/train/REAL/1158 (5).jpg,0,real,cifake,train
data/raw/cifake/train/REAL/4745 (5).jpg,0,real,cifake,train
data/raw/cifake/train/REAL/1363 (4).jpg,0,real,cifake,train
data/raw/cifake/train/REAL/4483 (6).jpg,0,real,cifake,train
data/raw/cifake/train/FAKE/1606 (3).jpg,1,ai_generated,cifake,train
data/raw/cifake/train/REAL/0678 (2).jpg,0,real,cifake,train
data/raw/cifake/train/FAKE/5946 (4).jpg,1,ai_generated,cifake,train
data/raw/cifake/train/FAKE/2023 (4).jpg,1,ai_generated,cifake,train
data/raw/cifake/train/FAKE/5528 (5).jpg,1,ai_generated,cifake,train
data/raw/cifake/train/REAL/4736 (3).jpg,0,real,cifake,train
data/raw/cifake/train/REAL/4493 (6).jpg,0,real,cifake,train
data/raw/cifake/train/REAL/1214 (10).jpg,0,real,cifake,train
data/raw/cifake/train/FAKE/3066 (6).jpg,1,ai_generated,cifake,train
data/raw/cifake/train/REAL/4977 (5).jpg,0,real,cifake,train
data/raw/cifake/train/FAKE/2989 (5).jpg,1,ai_generated,cifake,train
data/raw/cifake/train/FAKE/4191.jpg,1,ai_generated,cifake,train
data/raw/cifake/train/FAKE/3800 (2).jpg,1,ai_generated,cifake,train
data/raw/cifake/train/REAL/1755 (3).jpg,0,real,cifake,train
data/raw/cifake/train/REAL/4025 (6).jpg,0,real,cifake,train
data/raw/cifake/train/FAKE/5038 (8).jpg,1,ai_generated,cifake,train
data/raw/cifake/train/FAKE/1585 (10).jpg,1,ai_generated,cifake,train
data/raw/cifake/train/REAL/2887 (2).jpg,0,real,cifake,train
data/raw/cifake/train/REAL/4499 (6).jpg,0,real,cifake,train
data/raw/cifake/train/REAL/2155 (6).jpg,0,real,cifake,train
data/raw/cifake/train/REAL/3251 (2).jpg,0,real,cifake,train
data/raw/cifake/train/REAL/2774 (5).jpg,0,real,cifake,train
data/raw/cifake/train/FAKE/5552 (10).jpg,1,ai_generated,cifake,train
data/raw/cifake/train/REAL/0113 (6).jpg,0,real,cifake,train
data/raw/cifake/train/REAL/0662 (5).jpg,0,real,cifake,train
data/raw/cifake/train/FAKE/1136 (3).jpg,1,ai_generated,cifake,train
data/raw/cifake/train/REAL/4572.jpg,0,real,cifake,train
data/raw/cifake/train/REAL/0864 (9).jpg,0,real,cifake,train
data/raw/cifake/train/FAKE/2905 (5).jpg,1,ai_generated,cifake,train
data/raw/cifake/train/FAKE/5197 (2).jpg,1,ai_generated,cifake,train
data/raw/cifake/train/FAKE/4817 (3).jpg,1,ai_generated,cifake,train
data/raw/cifake/train/REAL/2079 (9).jpg,0,real,cifake,train
data/raw/cifake/train/REAL/0499 (9).jpg,0,real,cifake,train
data/raw/cifake/train/REAL/4334 (9).jpg,0,real,cifake,train
data/raw/cifake/train/REAL/3300 (7).jpg,0,real,cifake,train
data/raw/cifake/train/FAKE/2635 (3).jpg,1,ai_generated,cifake,train
data/raw/cifake/train/REAL/2229 (6).jpg,0,real,cifake,train
data/raw/cifake/train/FAKE/3963 (8).jpg,1,ai_generated,cifake,train
data/raw/cifake/train/FAKE/5241.jpg,1,ai_generated,cifake,train
data/raw/cifake/train/REAL/0843 (10).jpg,0,real,cifake,train
data/raw/cifake/train/REAL/4815 (4).jpg,0,real,cifake,train
data/raw/cifake/train/REAL/4125 (9).jpg,0,real,cifake,train
data/raw/cifake/train/REAL/3401 (4).jpg,0,real,cifake,train
data/raw/cifake/train/FAKE/4247.jpg,1,ai_generated,cifake,train
data/raw/cifake/train/FAKE/3481 (7).jpg,1,ai_generated,cifake,train
data/raw/cifake/train/FAKE/5949.jpg,1,ai_generated,cifake,train
data/raw/cifake/train/REAL/0143 (10).jpg,0,real,cifake,train
data/raw/cifake/train/REAL/1521 (10).jpg,0,real,cifake,train
data/raw/cifake/train/REAL/2281 (10).jpg,0,real,cifake,train
data/raw/cifake/train/REAL/3031 (6).jpg,0,real,cifake,train
data/raw/cifake/train/REAL/4343 (2).jpg,0,real,cifake,train
data/raw/cifake/train/FAKE/1136 (9).jpg,1,ai_generated,cifake,train
data/raw/cifake/train/FAKE/5701 (9).jpg,1,ai_generated,cifake,train
data/raw/cifake/train/FAKE/1558 (4).jpg,1,ai_generated,cifake,train
data/raw/cifake/train/REAL/3678 (9).jpg,0,real,cifake,train
data/raw/cifake/train/FAKE/3410 (6).jpg,1,ai_generated,cifake,train
data/raw/cifake/train/FAKE/2493 (3).jpg,1,ai_generated,cifake,train
data/raw/cifake/train/FAKE/3521 (6).jpg,1,ai_generated,cifake,train
data/raw/cifake/train/FAKE/3817 (9).jpg,1,ai_generated,cifake,train
data/raw/cifake/train/FAKE/5254 (10).jpg,1,ai_generated,cifake,train
data/raw/cifake/train/FAKE/2111 (6).jpg,1,ai_generated,cifake,train
data/raw/cifake/train/FAKE/2463 (10).jpg,1,ai_generated,cifake,train
data/raw/cifake/train/FAKE/5861 (2).jpg,1,ai_generated,cifake,train
data/raw/cifake/train/FAKE/1651 (10).jpg,1,ai_generated,cifake,train
data/raw/cifake/train/FAKE/3405 (9).jpg,1,ai_generated,cifake,train
data/raw/cifake/train/REAL/3062.jpg,0,real,cifake,train
data/raw/cifake/train/REAL/2428 (7).jpg,0,real,cifake,train
data/raw/cifake/train/REAL/0793 (7).jpg,0,real,cifake,train
data/raw/cifake/train/FAKE/4145 (2).jpg,1,ai_generated,cifake,train
data/raw/cifake/train/REAL/1195 (9).jpg,0,real,cifake,train
data/raw/cifake/train/REAL/0013 (9).jpg,0,real,cifake,train
data/raw/cifake/train/REAL/4358 (4).jpg,0,real,cifake,train
data/raw/cifake/train/FAKE/2925 (3).jpg,1,ai_generated,cifake,train
data/raw/cifake/train/FAKE/3260 (3).jpg,1,ai_generated,cifake,train
data/raw/cifake/train/REAL/0258 (9).jpg,0,real,cifake,train
data/raw/cifake/train/FAKE/3109 (7).jpg,1,ai_generated,cifake,train
data/raw/cifake/train/FAKE/5248 (3).jpg,1,ai_generated,cifake,train
data/raw/cifake/train/REAL/4928 (7).jpg,0,real,cifake,train
data/raw/cifake/train/FAKE/1664 (6).jpg,1,ai_generated,cifake,train
data/raw/cifake/train/REAL/0007 (5).jpg,0,real,cifake,train
data/raw/cifake/train/REAL/4853 (9).jpg,0,real,cifake,train
data/raw/cifake/train/FAKE/3954 (2).jpg,1,ai_generated,cifake,train
data/raw/cifake/train/FAKE/5956.jpg,1,ai_generated,cifake,train
data/raw/cifake/train/FAKE/3506 (9).jpg,1,ai_generated,cifake,train
data/raw/cifake/train/REAL/0923 (8).jpg,0,real,cifake,train
data/raw/cifake/train/FAKE/5570 (2).jpg,1,ai_generated,cifake,train
data/raw/cifake/train/FAKE/1255 (10).jpg,1,ai_generated,cifake,train
data/raw/cifake/train/REAL/3472 (7).jpg,0,real,cifake,train
data/raw/cifake/train/REAL/3319 (5).jpg,0,real,cifake,train
data/raw/cifake/train/FAKE/1085 (3).jpg,1,ai_generated,cifake,train
data/raw/cifake/train/FAKE/4978 (7).jpg,1,ai_generated,cifake,train
data/raw/cifake/train/FAKE/4547 (2).jpg,1,ai_generated,cifake,train
data/raw/cifake/train/FAKE/2325 (2).jpg,1,ai_generated,cifake,train
data/raw/cifake/train/REAL/4892 (10).jpg,0,real,cifake,train
data/raw/cifake/train/REAL/2403 (7).jpg,0,real,cifake,train
data/raw/cifake/train/REAL/3602 (6).jpg,0,real,cifake,train
data/raw/cifake/train/REAL/4537 (7).jpg,0,real,cifake,train
data/raw/cifake/train/REAL/2090 (4).jpg,0,real,cifake,train
data/raw/cifake/train/REAL/4683 (2).jpg,0,real,cifake,train
data/raw/cifake/train/FAKE/5048 (5).jpg,1,ai_generated,cifake,train
data/raw/cifake/train/REAL/0621.jpg,0,real,cifake,train
data/raw/cifake/train/REAL/1348 (10).jpg,0,real,cifake,train
data/raw/cifake/train/FAKE/4267.jpg,1,ai_generated,cifake,train
data/raw/cifake/train/REAL/2704 (10).jpg,0,real,cifake,train
data/raw/cifake/train/REAL/4814 (10).jpg,0,real,cifake,train
data/raw/cifake/train/FAKE/3586.jpg,1,ai_generated,cifake,train
data/raw/cifake/train/REAL/4939 (8).jpg,0,real,cifake,train
data/raw/cifake/train/REAL/3861 (7).jpg,0,real,cifake,train
data/raw/cifake/train/REAL/4663 (10).jpg,0,real,cifake,train
data/raw/cifake/train/REAL/3997 (6).jpg,0,real,cifake,train
data/raw/cifake/train/FAKE/3377 (10).jpg,1,ai_generated,cifake,train
data/raw/cifake/train/FAKE/5937 (2).jpg,1,ai_generated,cifake,train
data/raw/cifake/train/FAKE/2331 (4).jpg,1,ai_generated,cifake,train
data/raw/cifake/train/FAKE/4328 (4).jpg,1,ai_generated,cifake,train
data/raw/cifake/train/REAL/2479 (3).jpg,0,real,cifake,train
data/raw/cifake/train/FAKE/5621 (5).jpg,1,ai_generated,cifake,train
data/raw/cifake/train/FAKE/5113 (6).jpg,1,ai_generated,cifake,train
data/raw/cifake/train/REAL/0313.jpg,0,real,cifake,train
data/raw/cifake/train/FAKE/5504 (10).jpg,1,ai_generated,cifake,train
data/raw/cifake/train/REAL/2133.jpg,0,real,cifake,train
data/raw/cifake/train/FAKE/2407.jpg,1,ai_generated,cifake,train
data/raw/cifake/train/FAKE/3017.jpg,1,ai_generated,cifake,train
data/raw/cifake/train/FAKE/2516 (6).jpg,1,ai_generated,cifake,train
data/raw/cifake/train/REAL/0554 (2).jpg,0,real,cifake,train
data/raw/cifake/train/REAL/3244 (6).jpg,0,real,cifake,train
data/raw/cifake/train/REAL/2979 (3).jpg,0,real,cifake,train
data/raw/cifake/train/REAL/4551 (5).jpg,0,real,cifake,train
data/raw/cifake/train/REAL/4519 (7).jpg,0,real,cifake,train
data/raw/cifake/train/REAL/4731 (6).jpg,0,real,cifake,train
data/raw/cifake/train/FAKE/1887 (8).jpg,1,ai_generated,cifake,train
data/raw/cifake/train/REAL/3589 (8).jpg,0,real,cifake,train
data/raw/cifake/train/REAL/0347 (6).jpg,0,real,cifake,train
data/raw/cifake/train/REAL/4662 (8).jpg,0,real,cifake,train
data/raw/cifake/train/REAL/1527 (2).jpg,0,real,cifake,train
data/raw/cifake/train/REAL/2243 (2).jpg,0,real,cifake,train
data/raw/cifake/train/REAL/0555 (2).jpg,0,real,cifake,train
data/raw/cifake/train/FAKE/5833 (3).jpg,1,ai_generated,cifake,train
data/raw/cifake/train/FAKE/3925 (8).jpg,1,ai_generated,cifake,train
data/raw/cifake/train/REAL/4235 (5).jpg,0,real,cifake,train
data/raw/cifake/train/FAKE/5518 (2).jpg,1,ai_generated,cifake,train
data/raw/cifake/train/FAKE/5748 (7).jpg,1,ai_generated,cifake,train
data/raw/cifake/train/FAKE/4872 (3).jpg,1,ai_generated,cifake,train
data/raw/cifake/train/FAKE/1800 (3).jpg,1,ai_generated,cifake,train
data/raw/cifake/train/REAL/3303.jpg,0,real,cifake,train
data/raw/cifake/train/FAKE/1902 (7).jpg,1,ai_generated,cifake,train
data/raw/cifake/train/REAL/4712 (3).jpg,0,real,cifake,train
data/raw/cifake/train/REAL/4724.jpg,0,real,cifake,train
data/raw/cifake/train/FAKE/5627 (6).jpg,1,ai_generated,cifake,train
data/raw/cifake/train/REAL/1319 (3).jpg,0,real,cifake,train
data/raw/cifake/train/FAKE/1486 (6).jpg,1,ai_generated,cifake,train
data/raw/cifake/train/REAL/1525 (4).jpg,0,real,cifake,train
data/raw/cifake/train/REAL/2442 (7).jpg,0,real,cifake,train
data/raw/cifake/train/FAKE/1924 (5).jpg,1,ai_generated,cifake,train
data/raw/cifake/train/FAKE/2711 (2).jpg,1,ai_generated,cifake,train
data/raw/cifake/train/REAL/1892 (9).jpg,0,real,cifake,train
data/raw/cifake/train/FAKE/4191 (10).jpg,1,ai_generated,cifake,train
data/raw/cifake/train/FAKE/4657 (5).jpg,1,ai_generated,cifake,train
data/raw/cifake/train/REAL/4935 (5).jpg,0,real,cifake,train
data/raw/cifake/train/REAL/4131 (5).jpg,0,real,cifake,train
data/raw/cifake/train/REAL/0224 (5).jpg,0,real,cifake,train
data/raw/cifake/train/FAKE/5374 (4).jpg,1,ai_generated,cifake,train
data/raw/cifake/train/REAL/3781 (10).jpg,0,real,cifake,train
data/raw/cifake/train/REAL/2223 (8).jpg,0,real,cifake,train
data/raw/cifake/train/FAKE/5482 (5).jpg,1,ai_generated,cifake,train
data/raw/cifake/train/FAKE/2737 (9).jpg,1,ai_generated,cifake,train
data/raw/cifake/train/REAL/3302 (9).jpg,0,real,cifake,train
data/raw/cifake/train/FAKE/4120 (9).jpg,1,ai_generated,cifake,train
data/raw/cifake/train/FAKE/4405 (4).jpg,1,ai_generated,cifake,train
data/raw/cifake/train/REAL/1717 (9).jpg,0,real,cifake,train
data/raw/cifake/train/REAL/3377 (2).jpg,0,real,cifake,train
data/raw/cifake/train/FAKE/1200 (5).jpg,1,ai_generated,cifake,train
data/raw/cifake/train/REAL/4031 (7).jpg,0,real,cifake,train
data/raw/cifake/train/REAL/0681 (8).jpg,0,real,cifake,train
data/raw/cifake/train/REAL/0999.jpg,0,real,cifake,train
data/raw/cifake/train/FAKE/3101 (9).jpg,1,ai_generated,cifake,train
data/raw/cifake/train/FAKE/5122 (8).jpg,1,ai_generated,cifake,train
data/raw/cifake/train/FAKE/1692.jpg,1,ai_generated,cifake,train
data/raw/cifake/train/FAKE/5694 (3).jpg,1,ai_generated,cifake,train
data/raw/cifake/train/FAKE/3369 (10).jpg,1,ai_generated,cifake,train
data/raw/cifake/train/REAL/1274 (2).jpg,0,real,cifake,train
data/raw/cifake/train/FAKE/2493 (10).jpg,1,ai_generated,cifake,train
data/raw/cifake/train/FAKE/3933.jpg,1,ai_generated,cifake,train
data/raw/cifake/train/FAKE/1615.jpg,1,ai_generated,cifake,train
data/raw/cifake/train/REAL/3479.jpg,0,real,cifake,train
data/raw/cifake/train/FAKE/1316 (2).jpg,1,ai_generated,cifake,train
data/raw/cifake/train/REAL/4415 (3).jpg,0,real,cifake,train
data/raw/cifake/train/REAL/3029 (7).jpg,0,real,cifake,train
data/raw/cifake/train/REAL/3063 (6).jpg,0,real,cifake,train
data/raw/cifake/train/FAKE/3759 (2).jpg,1,ai_generated,cifake,train
data/raw/cifake/train/FAKE/3666 (3).jpg,1,ai_generated,cifake,train
data/raw/cifake/train/FAKE/2084 (10).jpg,1,ai_generated,cifake,train
data/raw/cifake/train/FAKE/3687 (4).jpg,1,ai_generated,cifake,train
data/raw/cifake/train/REAL/4957 (3).jpg,0,real,cifake,train
data/raw/cifake/train/REAL/0684 (6).jpg,0,real,cifake,train
data/raw/cifake/train/REAL/4467 (3).jpg,0,real,cifake,train
data/raw/cifake/train/REAL/0449 (4).jpg,0,real,cifake,train
data/raw/cifake/train/REAL/4655 (2).jpg,0,real,cifake,train
data/raw/cifake/train/FAKE/5430.jpg,1,ai_generated,cifake,train
data/raw/cifake/train/REAL/1684 (8).jpg,0,real,cifake,train
data/raw/cifake/train/FAKE/1721 (6).jpg,1,ai_generated,cifake,train
data/raw/cifake/train/REAL/1555 (6).jpg,0,real,cifake,train
data/raw/cifake/train/FAKE/2628 (3).jpg,1,ai_generated,cifake,train
data/raw/cifake/train/FAKE/1449.jpg,1,ai_generated,cifake,train
data/raw/cifake/train/FAKE/4796 (5).jpg,1,ai_generated,cifake,train
data/raw/cifake/train/FAKE/3904.jpg,1,ai_generated,cifake,train
data/raw/cifake/train/REAL/2665 (6).jpg,0,real,cifake,train
data/raw/cifake/train/FAKE/1660 (2).jpg,1,ai_generated,cifake,train
data/raw/cifake/train/REAL/1029 (5).jpg,0,real,cifake,train
data/raw/cifake/train/REAL/2337 (10).jpg,0,real,cifake,train
data/raw/cifake/train/REAL/0132 (7).jpg,0,real,cifake,train
data/raw/cifake/train/REAL/1026 (10).jpg,0,real,cifake,train
data/raw/cifake/train/FAKE/2555 (9).jpg,1,ai_generated,cifake,train
data/raw/cifake/train/FAKE/5524 (4).jpg,1,ai_generated,cifake,train
data/raw/cifake/train/FAKE/3327 (3).jpg,1,ai_generated,cifake,train
data/raw/cifake/train/REAL/2541 (10).jpg,0,real,cifake,train
data/raw/cifake/train/REAL/4953 (4).jpg,0,real,cifake,train
data/raw/cifake/train/FAKE/5574 (4).jpg,1,ai_generated,cifake,train
data/raw/cifake/train/REAL/3370 (9).jpg,0,real,cifake,train
data/raw/cifake/train/REAL/1546 (9).jpg,0,real,cifake,train
data/raw/cifake/train/REAL/2269 (9).jpg,0,real,cifake,train
data/raw/cifake/train/FAKE/3812 (9).jpg,1,ai_generated,cifake,train
data/raw/cifake/train/REAL/0490 (9).jpg,0,real,cifake,train
data/raw/cifake/train/REAL/3427 (5).jpg,0,real,cifake,train
data/raw/cifake/train/FAKE/1635 (9).jpg,1,ai_generated,cifake,train
data/raw/cifake/train/FAKE/3435 (4).jpg,1,ai_generated,cifake,train
data/raw/cifake/train/REAL/4380 (3).jpg,0,real,cifake,train
data/raw/cifake/train/FAKE/4372 (7).jpg,1,ai_generated,cifake,train
data/raw/cifake/train/FAKE/1741 (6).jpg,1,ai_generated,cifake,train
data/raw/cifake/train/REAL/0867 (9).jpg,0,real,cifake,train
data/raw/cifake/train/REAL/2096 (4).jpg,0,real,cifake,train
data/raw/cifake/train/REAL/4396.jpg,0,real,cifake,train
data/raw/cifake/train/FAKE/1691 (4).jpg,1,ai_generated,cifake,train
data/raw/cifake/train/REAL/3851 (2).jpg,0,real,cifake,train
data/raw/cifake/train/FAKE/1104 (7).jpg,1,ai_generated,cifake,train
data/raw/cifake/train/REAL/0784 (3).jpg,0,real,cifake,train
data/raw/cifake/train/FAKE/4854 (9).jpg,1,ai_generated,cifake,train
data/raw/cifake/train/FAKE/5353 (2).jpg,1,ai_generated,cifake,train
data/raw/cifake/train/REAL/2820 (9).jpg,0,real,cifake,train
data/raw/cifake/train/REAL/4880 (7).jpg,0,real,cifake,train
data/raw/cifake/train/FAKE/3986 (8).jpg,1,ai_generated,cifake,train
data/raw/cifake/train/FAKE/2663 (10).jpg,1,ai_generated,cifake,train
data/raw/cifake/train/FAKE/3578 (8).jpg,1,ai_generated,cifake,train
data/raw/cifake/train/FAKE/1560 (2).jpg,1,ai_generated,cifake,train
data/raw/cifake/train/FAKE/4985 (7).jpg,1,ai_generated,cifake,train
data/raw/cifake/train/FAKE/3516 (6).jpg,1,ai_generated,cifake,train
data/raw/cifake/train/FAKE/5841 (10).jpg,1,ai_generated,cifake,train
data/raw/cifake/train/FAKE/3214 (3).jpg,1,ai_generated,cifake,train
data/raw/cifake/train/FAKE/4334.jpg,1,ai_generated,cifake,train
data/raw/cifake/train/REAL/2546 (2).jpg,0,real,cifake,train
data/raw/cifake/train/FAKE/3127 (7).jpg,1,ai_generated,cifake,train
data/raw/cifake/train/REAL/2824 (10).jpg,0,real,cifake,train
data/raw/cifake/train/FAKE/5869 (3).jpg,1,ai_generated,cifake,train
data/raw/cifake/train/FAKE/3082 (2).jpg,1,ai_generated,cifake,train
data/raw/cifake/train/FAKE/5305 (3).jpg,1,ai_generated,cifake,train
data/raw/cifake/train/REAL/4677.jpg,0,real,cifake,train
data/raw/cifake/train/FAKE/2052 (9).jpg,1,ai_generated,cifake,train
data/raw/cifake/train/FAKE/2888 (10).jpg,1,ai_generated,cifake,train
data/raw/cifake/train/FAKE/3750 (9).jpg,1,ai_generated,cifake,train
data/raw/cifake/train/FAKE/4714 (8).jpg,1,ai_generated,cifake,train
data/raw/cifake/train/REAL/0808 (8).jpg,0,real,cifake,train
data/raw/cifake/train/REAL/0719 (6).jpg,0,real,cifake,train
data/raw/cifake/train/FAKE/4603 (3).jpg,1,ai_generated,cifake,train
data/raw/cifake/train/FAKE/4097 (4).jpg,1,ai_generated,cifake,train
data/raw/cifake/train/FAKE/2583 (8).jpg,1,ai_generated,cifake,train
data/raw/cifake/train/REAL/1745.jpg,0,real,cifake,train
data/raw/cifake/train/FAKE/4633 (3).jpg,1,ai_generated,cifake,train
data/raw/cifake/train/FAKE/4901 (3).jpg,1,ai_generated,cifake,train
data/raw/cifake/train/FAKE/3952 (2).jpg,1,ai_generated,cifake,train
data/raw/cifake/train/FAKE/2876 (4).jpg,1,ai_generated,cifake,train
data/raw/cifake/train/REAL/2608 (3).jpg,0,real,cifake,train
data/raw/cifake/train/FAKE/2520 (10).jpg,1,ai_generated,cifake,train
data/raw/cifake/train/REAL/1737 (3).jpg,0,real,cifake,train
data/raw/cifake/train/REAL/2785 (10).jpg,0,real,cifake,train
data/raw/cifake/train/FAKE/1321 (7).jpg,1,ai_generated,cifake,train
data/raw/cifake/train/FAKE/2835 (7).jpg,1,ai_generated,cifake,train
data/raw/cifake/train/FAKE/5769 (6).jpg,1,ai_generated,cifake,train
data/raw/cifake/train/REAL/2270 (9).jpg,0,real,cifake,train
data/raw/cifake/train/REAL/2666 (7).jpg,0,real,cifake,train
data/raw/cifake/train/REAL/1764 (7).jpg,0,real,cifake,train
data/raw/cifake/train/REAL/4681 (7).jpg,0,real,cifake,train
data/raw/cifake/train/FAKE/5316 (2).jpg,1,ai_generated,cifake,train
data/raw/cifake/train/FAKE/3722 (3).jpg,1,ai_generated,cifake,train
data/raw/cifake/train/REAL/1162.jpg,0,real,cifake,train
data/raw/cifake/train/FAKE/4633 (8).jpg,1,ai_generated,cifake,train
data/raw/cifake/train/REAL/1958 (10).jpg,0,real,cifake,train
data/raw/cifake/train/FAKE/4631.jpg,1,ai_generated,cifake,train
data/raw/cifake/train/REAL/2669 (10).jpg,0,real,cifake,train
data/raw/cifake/train/REAL/1850 (4).jpg,0,real,cifake,train
data/raw/cifake/train/FAKE/1356 (5).jpg,1,ai_generated,cifake,train
data/raw/cifake/train/REAL/3615 (8).jpg,0,real,cifake,train
data/raw/cifake/train/REAL/4902 (2).jpg,0,real,cifake,train
data/raw/cifake/train/FAKE/3977 (10).jpg,1,ai_generated,cifake,train
data/raw/cifake/train/FAKE/3759 (5).jpg,1,ai_generated,cifake,train
data/raw/cifake/train/REAL/1939 (3).jpg,0,real,cifake,train
data/raw/cifake/train/FAKE/1600 (8).jpg,1,ai_generated,cifake,train
data/raw/cifake/train/REAL/4061.jpg,0,real,cifake,train
data/raw/cifake/train/REAL/1066 (8).jpg,0,real,cifake,train
data/raw/cifake/train/REAL/3897 (10).jpg,0,real,cifake,train
data/raw/cifake/train/REAL/4156 (4).jpg,0,real,cifake,train
data/raw/cifake/train/FAKE/5637 (4).jpg,1,ai_generated,cifake,train
data/raw/cifake/train/REAL/2337.jpg,0,real,cifake,train
data/raw/cifake/train/FAKE/3989 (3).jpg,1,ai_generated,cifake,train
data/raw/cifake/train/FAKE/1184 (9).jpg,1,ai_generated,cifake,train
data/raw/cifake/train/FAKE/5925 (2).jpg,1,ai_generated,cifake,train
data/raw/cifake/train/FAKE/1215 (3).jpg,1,ai_generated,cifake,train
data/raw/cifake/train/REAL/4482 (6).jpg,0,real,cifake,train
data/raw/cifake/train/REAL/3287 (2).jpg,0,real,cifake,train
data/raw/cifake/train/REAL/0924 (9).jpg,0,real,cifake,train
data/raw/cifake/train/FAKE/2022 (8).jpg,1,ai_generated,cifake,train
data/raw/cifake/train/REAL/2269 (6).jpg,0,real,cifake,train
data/raw/cifake/train/FAKE/5115 (10).jpg,1,ai_generated,cifake,train
data/raw/cifake/train/REAL/2359 (5).jpg,0,real,cifake,train
data/raw/cifake/train/REAL/4480 (4).jpg,0,real,cifake,train
data/raw/cifake/train/FAKE/3494 (8).jpg,1,ai_generated,cifake,train
data/raw/cifake/train/FAKE/4167 (3).jpg,1,ai_generated,cifake,train
data/raw/cifake/train/FAKE/3167 (6).jpg,1,ai_generated,cifake,train
data/raw/cifake/train/FAKE/3579 (10).jpg,1,ai_generated,cifake,train
data/raw/cifake/train/FAKE/1939 (10).jpg,1,ai_generated,cifake,train
data/raw/cifake/train/REAL/2825 (4).jpg,0,real,cifake,train
data/raw/cifake/train/REAL/0316 (7).jpg,0,real,cifake,train
data/raw/cifake/train/REAL/1507 (10).jpg,0,real,cifake,train
data/raw/cifake/train/REAL/0478 (10).jpg,0,real,cifake,train
data/raw/cifake/train/FAKE/1542 (10).jpg,1,ai_generated,cifake,train
data/raw/cifake/train/REAL/3168 (4).jpg,0,real,cifake,train
data/raw/cifake/train/REAL/1671 (8).jpg,0,real,cifake,train
data/raw/cifake/train/REAL/3852 (10).jpg,0,real,cifake,train
data/raw/cifake/train/FAKE/2242 (2).jpg,1,ai_generated,cifake,train
data/raw/cifake/train/REAL/2585 (10).jpg,0,real,cifake,train
data/raw/cifake/train/FAKE/4988 (5).jpg,1,ai_generated,cifake,train
data/raw/cifake/train/REAL/4115 (3).jpg,0,real,cifake,train
data/raw/cifake/train/FAKE/1285 (7).jpg,1,ai_generated,cifake,train
data/raw/cifake/train/REAL/2006 (4).jpg,0,real,cifake,train
data/raw/cifake/train/REAL/1846 (4).jpg,0,real,cifake,train
data/raw/cifake/train/FAKE/5479 (7).jpg,1,ai_generated,cifake,train
data/raw/cifake/train/FAKE/4737.jpg,1,ai_generated,cifake,train
data/raw/cifake/train/REAL/2867 (6).jpg,0,real,cifake,train
data/raw/cifake/train/REAL/2774 (3).jpg,0,real,cifake,train
data/raw/cifake/train/REAL/3195.jpg,0,real,cifake,train
data/raw/cifake/train/FAKE/2557 (10).jpg,1,ai_generated,cifake,train
data/raw/cifake/train/REAL/0821 (9).jpg,0,real,cifake,train
data/raw/cifake/train/REAL/1515.jpg,0,real,cifake,train
data/raw/cifake/train/FAKE/1408.jpg,1,ai_generated,cifake,train
data/raw/cifake/train/FAKE/3131 (10).jpg,1,ai_generated,cifake,train
data/raw/cifake/train/REAL/3056 (4).jpg,0,real,cifake,train
data/raw/cifake/train/FAKE/2901 (8).jpg,1,ai_generated,cifake,train
data/raw/cifake/train/REAL/0568 (4).jpg,0,real,cifake,train
data/raw/cifake/train/REAL/1741 (4).jpg,0,real,cifake,train
data/raw/cifake/train/FAKE/2466.jpg,1,ai_generated,cifake,train
data/raw/cifake/train/FAKE/3564 (10).jpg,1,ai_generated,cifake,train
data/raw/cifake/train/REAL/2181 (2).jpg,0,real,cifake,train
data/raw/cifake/train/REAL/4379 (4).jpg,0,real,cifake,train
data/raw/cifake/train/FAKE/4839 (2).jpg,1,ai_generated,cifake,train
data/raw/cifake/train/REAL/2798 (10).jpg,0,real,cifake,train
data/raw/cifake/train/FAKE/3131 (7).jpg,1,ai_generated,cifake,train
data/raw/cifake/train/FAKE/4639 (10).jpg,1,ai_generated,cifake,train
data/raw/cifake/train/FAKE/1203 (10).jpg,1,ai_generated,cifake,train
data/raw/cifake/train/FAKE/5609 (9).jpg,1,ai_generated,cifake,train
data/raw/cifake/train/REAL/2459 (10).jpg,0,real,cifake,train
data/raw/cifake/train/FAKE/4143 (6).jpg,1,ai_generated,cifake,train
data/raw/cifake/train/FAKE/2035 (4).jpg,1,ai_generated,cifake,train
data/raw/cifake/train/FAKE/5476 (5).jpg,1,ai_generated,cifake,train
data/raw/cifake/train/REAL/1402 (10).jpg,0,real,cifake,train
data/raw/cifake/train/FAKE/2761 (4).jpg,1,ai_generated,cifake,train
data/raw/cifake/train/REAL/0257.jpg,0,real,cifake,train
data/raw/cifake/train/REAL/2840 (7).jpg,0,real,cifake,train
data/raw/cifake/train/FAKE/3727 (2).jpg,1,ai_generated,cifake,train
data/raw/cifake/train/FAKE/1521 (5).jpg,1,ai_generated,cifake,train
data/raw/cifake/train/REAL/0170 (5).jpg,0,real,cifake,train
data/raw/cifake/train/REAL/2102 (6).jpg,0,real,cifake,train
data/raw/cifake/train/REAL/1999 (3).jpg,0,real,cifake,train
data/raw/cifake/train/FAKE/1762 (4).jpg,1,ai_generated,cifake,train
data/raw/cifake/train/FAKE/5871 (9).jpg,1,ai_generated,cifake,train
data/raw/cifake/train/REAL/0473 (10).jpg,0,real,cifake,train
data/raw/cifake/train/FAKE/1832 (5).jpg,1,ai_generated,cifake,train
data/raw/cifake/train/REAL/1345 (8).jpg,0,real,cifake,train
data/raw/cifake/train/FAKE/4721.jpg,1,ai_generated,cifake,train
data/raw/cifake/train/FAKE/3408 (2).jpg,1,ai_generated,cifake,train
data/raw/cifake/train/FAKE/5872 (2).jpg,1,ai_generated,cifake,train
data/raw/cifake/train/FAKE/1395 (8).jpg,1,ai_generated,cifake,train
data/raw/cifake/train/FAKE/3753 (5).jpg,1,ai_generated,cifake,train
data/raw/cifake/train/REAL/2207 (9).jpg,0,real,cifake,train
data/raw/cifake/train/REAL/0157.jpg,0,real,cifake,train
data/raw/cifake/train/FAKE/4638.jpg,1,ai_generated,cifake,train
data/raw/cifake/train/REAL/4276 (4).jpg,0,real,cifake,train
data/raw/cifake/train/FAKE/5663 (2).jpg,1,ai_generated,cifake,train
data/raw/cifake/train/REAL/0898 (2).jpg,0,real,cifake,train
data/raw/cifake/train/REAL/2398 (5).jpg,0,real,cifake,train
data/raw/cifake/train/REAL/2376.jpg,0,real,cifake,train
data/raw/cifake/train/FAKE/3743 (10).jpg,1,ai_generated,cifake,train
data/raw/cifake/train/REAL/2911 (8).jpg,0,real,cifake,train
data/raw/cifake/train/FAKE/1352 (8).jpg,1,ai_generated,cifake,train
data/raw/cifake/train/REAL/2025 (3).jpg,0,real,cifake,train
data/raw/cifake/train/REAL/4440 (4).jpg,0,real,cifake,train
data/raw/cifake/train/REAL/2892 (3).jpg,0,real,cifake,train
data/raw/cifake/train/FAKE/1874 (10).jpg,1,ai_generated,cifake,train
data/raw/cifake/train/FAKE/2716 (7).jpg,1,ai_generated,cifake,train
data/raw/cifake/train/FAKE/3693.jpg,1,ai_generated,cifake,train
data/raw/cifake/train/REAL/2064 (7).jpg,0,real,cifake,train
data/raw/cifake/train/FAKE/2861 (3).jpg,1,ai_generated,cifake,train
data/raw/cifake/train/REAL/3671 (3).jpg,0,real,cifake,train
data/raw/cifake/train/FAKE/2520 (2).jpg,1,ai_generated,cifake,train
data/raw/cifake/train/REAL/4907 (9).jpg,0,real,cifake,train
data/raw/cifake/train/REAL/4352 (4).jpg,0,real,cifake,train
data/raw/cifake/train/REAL/3842 (3).jpg,0,real,cifake,train
data/raw/cifake/train/FAKE/2643 (6).jpg,1,ai_generated,cifake,train
data/raw/cifake/train/FAKE/5852 (8).jpg,1,ai_generated,cifake,train
data/raw/cifake/train/REAL/4824 (8).jpg,0,real,cifake,train
data/raw/cifake/train/REAL/1203 (7).jpg,0,real,cifake,train
data/raw/cifake/train/REAL/1223 (8).jpg,0,real,cifake,train
data/raw/cifake/train/REAL/4640 (7).jpg,0,real,cifake,train
data/raw/cifake/train/REAL/1145 (2).jpg,0,real,cifake,train
data/raw/cifake/train/REAL/1107 (9).jpg,0,real,cifake,train
data/raw/cifake/train/REAL/2526 (5).jpg,0,real,cifake,train
data/raw/cifake/train/REAL/3764 (2).jpg,0,real,cifake,train
data/raw/cifake/train/FAKE/5334 (3).jpg,1,ai_generated,cifake,train
data/raw/cifake/train/FAKE/4524 (10).jpg,1,ai_generated,cifake,train
data/raw/cifake/train/REAL/0942 (6).jpg,0,real,cifake,train
data/raw/cifake/train/FAKE/2699 (2).jpg,1,ai_generated,cifake,train
data/raw/cifake/train/REAL/1729 (3).jpg,0,real,cifake,train
data/raw/cifake/train/REAL/0845 (3).jpg,0,real,cifake,train
data/raw/cifake/train/FAKE/5052 (4).jpg,1,ai_generated,cifake,train
data/raw/cifake/train/FAKE/4689 (7).jpg,1,ai_generated,cifake,train
data/raw/cifake/train/FAKE/5187 (6).jpg,1,ai_generated,cifake,train
data/raw/cifake/train/REAL/4476 (3).jpg,0,real,cifake,train
data/raw/cifake/train/FAKE/3205 (10).jpg,1,ai_generated,cifake,train
data/raw/cifake/train/FAKE/5153 (8).jpg,1,ai_generated,cifake,train
data/raw/cifake/train/FAKE/5914 (4).jpg,1,ai_generated,cifake,train
data/raw/cifake/train/REAL/2095.jpg,0,real,cifake,train
data/raw/cifake/train/REAL/1499 (6).jpg,0,real,cifake,train
data/raw/cifake/train/REAL/0293 (3).jpg,0,real,cifake,train
data/raw/cifake/train/FAKE/3834 (7).jpg,1,ai_generated,cifake,train
data/raw/cifake/train/REAL/2094 (6).jpg,0,real,cifake,train
data/raw/cifake/train/FAKE/5189.jpg,1,ai_generated,cifake,train
data/raw/cifake/train/REAL/0510 (10).jpg,0,real,cifake,train
data/raw/cifake/train/FAKE/1070 (6).jpg,1,ai_generated,cifake,train
data/raw/cifake/train/REAL/1002 (4).jpg,0,real,cifake,train
data/raw/cifake/train/REAL/1707 (5).jpg,0,real,cifake,train
data/raw/cifake/train/REAL/1411 (4).jpg,0,real,cifake,train
data/raw/cifake/train/REAL/2964 (6).jpg,0,real,cifake,train
data/raw/cifake/train/FAKE/5217 (3).jpg,1,ai_generated,cifake,train
data/raw/cifake/train/REAL/1773 (2).jpg,0,real,cifake,train
data/raw/cifake/train/REAL/3035 (8).jpg,0,real,cifake,train
data/raw/cifake/train/REAL/4084 (9).jpg,0,real,cifake,train
data/raw/cifake/train/FAKE/2181 (8).jpg,1,ai_generated,cifake,train
data/raw/cifake/train/FAKE/2812 (10).jpg,1,ai_generated,cifake,train
data/raw/cifake/train/FAKE/3173 (5).jpg,1,ai_generated,cifake,train
data/raw/cifake/train/FAKE/2005 (7).jpg,1,ai_generated,cifake,train
data/raw/cifake/train/FAKE/1959 (8).jpg,1,ai_generated,cifake,train
data/raw/cifake/train/FAKE/1594 (6).jpg,1,ai_generated,cifake,train
data/raw/cifake/train/REAL/0502.jpg,0,real,cifake,train
data/raw/cifake/train/FAKE/2332 (9).jpg,1,ai_generated,cifake,train
data/raw/cifake/train/FAKE/4353 (3).jpg,1,ai_generated,cifake,train
data/raw/cifake/train/FAKE/1094 (5).jpg,1,ai_generated,cifake,train
data/raw/cifake/train/REAL/0623 (3).jpg,0,real,cifake,train
data/raw/cifake/train/FAKE/2377 (2).jpg,1,ai_generated,cifake,train
data/raw/cifake/train/REAL/1914 (7).jpg,0,real,cifake,train
data/raw/cifake/train/REAL/4536 (8).jpg,0,real,cifake,train
data/raw/cifake/train/REAL/4797.jpg,0,real,cifake,train
data/raw/cifake/train/REAL/3015 (4).jpg,0,real,cifake,train
data/raw/cifake/train/FAKE/5477 (2).jpg,1,ai_generated,cifake,train
data/raw/cifake/train/FAKE/1919 (4).jpg,1,ai_generated,cifake,train
data/raw/cifake/train/FAKE/2788 (8).jpg,1,ai_generated,cifake,train
data/raw/cifake/train/FAKE/4948 (7).jpg,1,ai_generated,cifake,train
data/raw/cifake/train/REAL/3612 (3).jpg,0,real,cifake,train
data/raw/cifake/train/REAL/1508 (9).jpg,0,real,cifake,train
data/raw/cifake/train/FAKE/3234 (2).jpg,1,ai_generated,cifake,train
data/raw/cifake/train/REAL/4426 (5).jpg,0,real,cifake,train
data/raw/cifake/train/REAL/3593 (3).jpg,0,real,cifake,train
data/raw/cifake/train/REAL/0358 (6).jpg,0,real,cifake,train
data/raw/cifake/train/REAL/1058 (9).jpg,0,real,cifake,train
data/raw/cifake/train/FAKE/1784 (9).jpg,1,ai_generated,cifake,train
data/raw/cifake/train/FAKE/5239 (3).jpg,1,ai_generated,cifake,train
data/raw/cifake/train/FAKE/5204 (7).jpg,1,ai_generated,cifake,train
data/raw/cifake/train/FAKE/4112 (6).jpg,1,ai_generated,cifake,train
data/raw/cifake/train/FAKE/1306 (9).jpg,1,ai_generated,cifake,train
data/raw/cifake/train/REAL/4718.jpg,0,real,cifake,train
data/raw/cifake/train/REAL/1091 (4).jpg,0,real,cifake,train
data/raw/cifake/train/FAKE/4999 (2).jpg,1,ai_generated,cifake,train
data/raw/cifake/train/REAL/2209 (8).jpg,0,real,cifake,train
data/raw/cifake/train/FAKE/2719 (9).jpg,1,ai_generated,cifake,train
data/raw/cifake/train/FAKE/3285 (6).jpg,1,ai_generated,cifake,train
data/raw/cifake/train/FAKE/2921 (9).jpg,1,ai_generated,cifake,train
data/raw/cifake/train/REAL/2512 (8).jpg,0,real,cifake,train
data/raw/cifake/train/FAKE/2927.jpg,1,ai_generated,cifake,train
data/raw/cifake/train/REAL/3526 (9).jpg,0,real,cifake,train
data/raw/cifake/train/REAL/0884 (8).jpg,0,real,cifake,train
data/raw/cifake/train/REAL/0578 (9).jpg,0,real,cifake,train
data/raw/cifake/train/REAL/2424 (3).jpg,0,real,cifake,train
data/raw/cifake/train/REAL/0658 (6).jpg,0,real,cifake,train
data/raw/cifake/train/REAL/1080 (10).jpg,0,real,cifake,train
data/raw/cifake/train/REAL/1611 (3).jpg,0,real,cifake,train
data/raw/cifake/train/FAKE/5698 (6).jpg,1,ai_generated,cifake,train
data/raw/cifake/train/FAKE/4198 (9).jpg,1,ai_generated,cifake,train
data/raw/cifake/train/FAKE/1682.jpg,1,ai_generated,cifake,train
data/raw/cifake/train/FAKE/2271 (8).jpg,1,ai_generated,cifake,train
data/raw/cifake/train/FAKE/4363 (10).jpg,1,ai_generated,cifake,train
data/raw/cifake/train/REAL/2652 (10).jpg,0,real,cifake,train
data/raw/cifake/train/FAKE/2334.jpg,1,ai_generated,cifake,train
data/raw/cifake/train/REAL/1204 (10).jpg,0,real,cifake,train
data/raw/cifake/train/FAKE/5396 (6).jpg,1,ai_generated,cifake,train
data/raw/cifake/train/REAL/1446 (5).jpg,0,real,cifake,train
data/raw/cifake/train/FAKE/4849 (6).jpg,1,ai_generated,cifake,train
data/raw/cifake/train/FAKE/4857 (2).jpg,1,ai_generated,cifake,train
data/raw/cifake/train/REAL/0618 (5).jpg,0,real,cifake,train
data/raw/cifake/train/FAKE/5282 (6).jpg,1,ai_generated,cifake,train
data/raw/cifake/train/FAKE/3211 (8).jpg,1,ai_generated,cifake,train
data/raw/cifake/train/REAL/1821 (6).jpg,0,real,cifake,train
data/raw/cifake/train/REAL/0594 (6).jpg,0,real,cifake,train
data/raw/cifake/train/REAL/2721 (6).jpg,0,real,cifake,train
data/raw/cifake/train/REAL/2044 (4).jpg,0,real,cifake,train
data/raw/cifake/train/REAL/3667 (9).jpg,0,real,cifake,train
data/raw/cifake/train/FAKE/2965 (10).jpg,1,ai_generated,cifake,train
data/raw/cifake/train/REAL/1548.jpg,0,real,cifake,train
data/raw/cifake/train/REAL/3923 (2).jpg,0,real,cifake,train
data/raw/cifake/train/REAL/3130.jpg,0,real,cifake,train
data/raw/cifake/train/FAKE/1291 (3).jpg,1,ai_generated,cifake,train
data/raw/cifake/train/REAL/0853 (2).jpg,0,real,cifake,train
data/raw/cifake/train/REAL/2124 (9).jpg,0,real,cifake,train
data/raw/cifake/train/REAL/3448 (10).jpg,0,real,cifake,train
data/raw/cifake/train/REAL/2233 (7).jpg,0,real,cifake,train
data/raw/cifake/train/FAKE/5719 (5).jpg,1,ai_generated,cifake,train
data/raw/cifake/train/FAKE/1287 (8).jpg,1,ai_generated,cifake,train
data/raw/cifake/train/REAL/1560.jpg,0,real,cifake,train
data/raw/cifake/train/REAL/1883 (10).jpg,0,real,cifake,train
data/raw/cifake/train/REAL/3781 (2).jpg,0,real,cifake,train
data/raw/cifake/train/REAL/4706 (8).jpg,0,real,cifake,train
data/raw/cifake/train/FAKE/3234 (9).jpg,1,ai_generated,cifake,train
data/raw/cifake/train/FAKE/5007 (10).jpg,1,ai_generated,cifake,train
data/raw/cifake/train/FAKE/1370 (6).jpg,1,ai_generated,cifake,train
data/raw/cifake/train/REAL/0652 (2).jpg,0,real,cifake,train
data/raw/cifake/train/REAL/3001 (3).jpg,0,real,cifake,train
data/raw/cifake/train/REAL/1913 (2).jpg,0,real,cifake,train
data/raw/cifake/train/REAL/4911 (6).jpg,0,real,cifake,train
data/raw/cifake/train/REAL/2721 (3).jpg,0,real,cifake,train
data/raw/cifake/train/REAL/1824.jpg,0,real,cifake,train
data/raw/cifake/train/REAL/4272 (6).jpg,0,real,cifake,train
data/raw/cifake/train/REAL/0618 (9).jpg,0,real,cifake,train
data/raw/cifake/train/FAKE/4116 (6).jpg,1,ai_generated,cifake,train
data/raw/cifake/train/FAKE/5170.jpg,1,ai_generated,cifake,train
data/raw/cifake/train/FAKE/4539 (5).jpg,1,ai_generated,cifake,train
data/raw/cifake/train/REAL/3455 (10).jpg,0,real,cifake,train
data/raw/cifake/train/REAL/3039 (6).jpg,0,real,cifake,train
data/raw/cifake/train/REAL/2141 (8).jpg,0,real,cifake,train
data/raw/cifake/train/FAKE/3347 (6).jpg,1,ai_generated,cifake,train
data/raw/cifake/train/FAKE/5567 (6).jpg,1,ai_generated,cifake,train
data/raw/cifake/train/FAKE/1825 (8).jpg,1,ai_generated,cifake,train
data/raw/cifake/train/REAL/2937 (6).jpg,0,real,cifake,train
data/raw/cifake/train/FAKE/1160 (2).jpg,1,ai_generated,cifake,train
data/raw/cifake/train/FAKE/5382 (4).jpg,1,ai_generated,cifake,train
data/raw/cifake/train/REAL/3881 (8).jpg,0,real,cifake,train
data/raw/cifake/train/REAL/3427 (4).jpg,0,real,cifake,train
data/raw/cifake/train/FAKE/2394 (9).jpg,1,ai_generated,cifake,train
data/raw/cifake/train/FAKE/4094 (7).jpg,1,ai_generated,cifake,train
data/raw/cifake/train/REAL/1855 (8).jpg,0,real,cifake,train
data/raw/cifake/train/REAL/1590 (4).jpg,0,real,cifake,train
data/raw/cifake/train/REAL/3239 (4).jpg,0,real,cifake,train
data/raw/cifake/train/REAL/4808 (7).jpg,0,real,cifake,train
data/raw/cifake/train/REAL/3350 (4).jpg,0,real,cifake,train
data/raw/cifake/train/FAKE/2943 (4).jpg,1,ai_generated,cifake,train
data/raw/cifake/train/FAKE/4231 (10).jpg,1,ai_generated,cifake,train
data/raw/cifake/train/REAL/2127 (3).jpg,0,real,cifake,train
data/raw/cifake/train/FAKE/2987 (8).jpg,1,ai_generated,cifake,train
data/raw/cifake/train/REAL/2654 (10).jpg,0,real,cifake,train
data/raw/cifake/train/REAL/0865 (7).jpg,0,real,cifake,train
data/raw/cifake/train/FAKE/5141 (6).jpg,1,ai_generated,cifake,train
data/raw/cifake/train/REAL/1946 (10).jpg,0,real,cifake,train
data/raw/cifake/train/REAL/3154 (8).jpg,0,real,cifake,train
data/raw/cifake/train/REAL/1235.jpg,0,real,cifake,train
data/raw/cifake/train/REAL/2772 (4).jpg,0,real,cifake,train
data/raw/cifake/train/FAKE/1608 (2).jpg,1,ai_generated,cifake,train
data/raw/cifake/train/FAKE/4316 (7).jpg,1,ai_generated,cifake,train
data/raw/cifake/train/FAKE/1883 (7).jpg,1,ai_generated,cifake,train
data/raw/cifake/train/REAL/2435 (5).jpg,0,real,cifake,train
data/raw/cifake/train/REAL/4843 (3).jpg,0,real,cifake,train
data/raw/cifake/train/REAL/4649 (5).jpg,0,real,cifake,train
data/raw/cifake/train/REAL/2313 (9).jpg,0,real,cifake,train
data/raw/cifake/train/REAL/1033 (8).jpg,0,real,cifake,train
data/raw/cifake/train/FAKE/4072 (2).jpg,1,ai_generated,cifake,train
data/raw/cifake/train/FAKE/2178 (7).jpg,1,ai_generated,cifake,train
data/raw/cifake/train/REAL/2699 (10).jpg,0,real,cifake,train
data/raw/cifake/train/FAKE/4870 (2).jpg,1,ai_generated,cifake,train
data/raw/cifake/train/REAL/4179 (9).jpg,0,real,cifake,train
data/raw/cifake/train/REAL/3830 (6).jpg,0,real,cifake,train
data/raw/cifake/train/REAL/2873 (8).jpg,0,real,cifake,train
data/raw/cifake/train/FAKE/5108 (4).jpg,1,ai_generated,cifake,train
data/raw/cifake/train/FAKE/3469 (6).jpg,1,ai_generated,cifake,train
data/raw/cifake/train/REAL/1712 (4).jpg,0,real,cifake,train
data/raw/cifake/train/FAKE/1042 (2).jpg,1,ai_generated,cifake,train
data/raw/cifake/train/FAKE/4489 (6).jpg,1,ai_generated,cifake,train
data/raw/cifake/train/FAKE/1462 (9).jpg,1,ai_generated,cifake,train
data/raw/cifake/train/FAKE/1372 (8).jpg,1,ai_generated,cifake,train
data/raw/cifake/train/FAKE/5481 (5).jpg,1,ai_generated,cifake,train
data/raw/cifake/train/REAL/0046 (2).jpg,0,real,cifake,train
data/raw/cifake/train/REAL/2925.jpg,0,real,cifake,train
data/raw/cifake/train/FAKE/2162 (10).jpg,1,ai_generated,cifake,train
data/raw/cifake/train/FAKE/3921 (6).jpg,1,ai_generated,cifake,train
data/raw/cifake/train/FAKE/4285 (10).jpg,1,ai_generated,cifake,train
data/raw/cifake/train/FAKE/4624 (6).jpg,1,ai_generated,cifake,train
data/raw/cifake/train/REAL/2108 (2).jpg,0,real,cifake,train
data/raw/cifake/train/FAKE/2385 (7).jpg,1,ai_generated,cifake,train
data/raw/cifake/train/FAKE/3366 (10).jpg,1,ai_generated,cifake,train
data/raw/cifake/train/FAKE/1302 (2).jpg,1,ai_generated,cifake,train
data/raw/cifake/train/REAL/1803 (8).jpg,0,real,cifake,train
data/raw/cifake/train/FAKE/1354 (4).jpg,1,ai_generated,cifake,train
data/raw/cifake/train/REAL/3431 (10).jpg,0,real,cifake,train
data/raw/cifake/train/FAKE/1455 (3).jpg,1,ai_generated,cifake,train
data/raw/cifake/train/FAKE/3145 (6).jpg,1,ai_generated,cifake,train
data/raw/cifake/train/FAKE/5615 (3).jpg,1,ai_generated,cifake,train
data/raw/cifake/train/REAL/1775 (10).jpg,0,real,cifake,train
data/raw/cifake/train/REAL/3543 (5).jpg,0,real,cifake,train
data/raw/cifake/train/REAL/0367.jpg,0,real,cifake,train
data/raw/cifake/train/REAL/0124 (9).jpg,0,real,cifake,train
data/raw/cifake/train/FAKE/1845.jpg,1,ai_generated,cifake,train
data/raw/cifake/train/FAKE/4756 (7).jpg,1,ai_generated,cifake,train
data/raw/cifake/train/FAKE/2931 (9).jpg,1,ai_generated,cifake,train
data/raw/cifake/train/REAL/4584 (2).jpg,0,real,cifake,train
data/raw/cifake/train/REAL/2169 (10).jpg,0,real,cifake,train
data/raw/cifake/train/FAKE/1187 (5).jpg,1,ai_generated,cifake,train
data/raw/cifake/train/FAKE/1429 (4).jpg,1,ai_generated,cifake,train
data/raw/cifake/train/FAKE/1080 (10).jpg,1,ai_generated,cifake,train
data/raw/cifake/train/FAKE/2650 (6).jpg,1,ai_generated,cifake,train
data/raw/cifake/train/REAL/0964 (9).jpg,0,real,cifake,train
data/raw/cifake/train/REAL/0571.jpg,0,real,cifake,train
data/raw/cifake/train/REAL/2731 (2).jpg,0,real,cifake,train
data/raw/cifake/train/FAKE/2627 (4).jpg,1,ai_generated,cifake,train
data/raw/cifake/train/REAL/1214 (6).jpg,0,real,cifake,train
data/raw/cifake/train/FAKE/5089 (2).jpg,1,ai_generated,cifake,train
data/raw/cifake/train/REAL/4865 (3).jpg,0,real,cifake,train
data/raw/cifake/train/REAL/3345 (9).jpg,0,real,cifake,train
data/raw/cifake/train/REAL/1906 (9).jpg,0,real,cifake,train
data/raw/cifake/train/REAL/0797 (9).jpg,0,real,cifake,train
data/raw/cifake/train/FAKE/5690 (7).jpg,1,ai_generated,cifake,train
data/raw/cifake/train/REAL/3911 (10).jpg,0,real,cifake,train
data/raw/cifake/train/FAKE/1049 (5).jpg,1,ai_generated,cifake,train
data/raw/cifake/train/FAKE/1772 (5).jpg,1,ai_generated,cifake,train
data/raw/cifake/train/FAKE/2520 (8).jpg,1,ai_generated,cifake,train
data/raw/cifake/train/FAKE/4233 (2).jpg,1,ai_generated,cifake,train
data/raw/cifake/train/REAL/0544.jpg,0,real,cifake,train
data/raw/cifake/train/FAKE/1769.jpg,1,ai_generated,cifake,train
data/raw/cifake/train/FAKE/2542 (4).jpg,1,ai_generated,cifake,train
data/raw/cifake/train/REAL/0817 (9).jpg,0,real,cifake,train
data/raw/cifake/train/REAL/2667.jpg,0,real,cifake,train
data/raw/cifake/train/REAL/1650 (10).jpg,0,real,cifake,train
data/raw/cifake/train/FAKE/4412 (3).jpg,1,ai_generated,cifake,train
data/raw/cifake/train/REAL/2026 (4).jpg,0,real,cifake,train
data/raw/cifake/train/FAKE/4376 (2).jpg,1,ai_generated,cifake,train
data/raw/cifake/train/FAKE/3319 (2).jpg,1,ai_generated,cifake,train
data/raw/cifake/train/FAKE/5751.jpg,1,ai_generated,cifake,train
data/raw/cifake/train/FAKE/1006.jpg,1,ai_generated,cifake,train
data/raw/cifake/train/FAKE/4155 (3).jpg,1,ai_generated,cifake,train
data/raw/cifake/train/FAKE/2930 (9).jpg,1,ai_generated,cifake,train
data/raw/cifake/train/FAKE/4323 (9).jpg,1,ai_generated,cifake,train
data/raw/cifake/train/REAL/0958 (3).jpg,0,real,cifake,train
data/raw/cifake/train/REAL/1964 (3).jpg,0,real,cifake,train
data/raw/cifake/train/FAKE/5488.jpg,1,ai_generated,cifake,train
data/raw/cifake/train/REAL/0979 (8).jpg,0,real,cifake,train
data/raw/cifake/train/REAL/4265 (8).jpg,0,real,cifake,train
data/raw/cifake/train/FAKE/4321.jpg,1,ai_generated,cifake,train
data/raw/cifake/train/REAL/3714 (3).jpg,0,real,cifake,train
data/raw/cifake/train/REAL/2408.jpg,0,real,cifake,train
data/raw/cifake/train/FAKE/2009 (4).jpg,1,ai_generated,cifake,train
data/raw/cifake/train/FAKE/5195 (10).jpg,1,ai_generated,cifake,train
data/raw/cifake/train/REAL/1441 (3).jpg,0,real,cifake,train
data/raw/cifake/train/REAL/2606 (9).jpg,0,real,cifake,train
data/raw/cifake/train/REAL/3715 (10).jpg,0,real,cifake,train
data/raw/cifake/train/REAL/3303 (6).jpg,0,real,cifake,train
data/raw/cifake/train/FAKE/1249 (6).jpg,1,ai_generated,cifake,train
data/raw/cifake/train/REAL/0974 (6).jpg,0,real,cifake,train
data/raw/cifake/train/FAKE/3120 (10).jpg,1,ai_generated,cifake,train
data/raw/cifake/train/FAKE/5698 (3).jpg,1,ai_generated,cifake,train
data/raw/cifake/train/FAKE/4919.jpg,1,ai_generated,cifake,train
data/raw/cifake/train/FAKE/1989 (7).jpg,1,ai_generated,cifake,train
data/raw/cifake/train/REAL/0499 (7).jpg,0,real,cifake,train
data/raw/cifake/train/REAL/1956 (4).jpg,0,real,cifake,train
data/raw/cifake/train/REAL/3935.jpg,0,real,cifake,train
data/raw/cifake/train/REAL/1460 (9).jpg,0,real,cifake,train
data/raw/cifake/train/REAL/1943 (3).jpg,0,real,cifake,train
data/raw/cifake/train/FAKE/4592 (8).jpg,1,ai_generated,cifake,train
data/raw/cifake/train/REAL/1740 (6).jpg,0,real,cifake,train
data/raw/cifake/train/FAKE/5704 (6).jpg,1,ai_generated,cifake,train
data/raw/cifake/train/FAKE/4064 (3).jpg,1,ai_generated,cifake,train
data/raw/cifake/train/REAL/4216 (4).jpg,0,real,cifake,train
data/raw/cifake/train/REAL/1355 (5).jpg,0,real,cifake,train
data/raw/cifake/train/REAL/4340 (4).jpg,0,real,cifake,train
data/raw/cifake/train/REAL/1640 (2).jpg,0,real,cifake,train
data/raw/cifake/train/FAKE/4763 (10).jpg,1,ai_generated,cifake,train
data/raw/cifake/train/FAKE/2501.jpg,1,ai_generated,cifake,train
data/raw/cifake/train/FAKE/3574.jpg,1,ai_generated,cifake,train
data/raw/cifake/train/REAL/4619 (4).jpg,0,real,cifake,train
data/raw/cifake/train/REAL/2931 (3).jpg,0,real,cifake,train
data/raw/cifake/train/FAKE/2355 (10).jpg,1,ai_generated,cifake,train
data/raw/cifake/train/FAKE/2312 (3).jpg,1,ai_generated,cifake,train
data/raw/cifake/train/REAL/0821 (3).jpg,0,real,cifake,train
data/raw/cifake/train/FAKE/1198 (6).jpg,1,ai_generated,cifake,train
data/raw/cifake/train/FAKE/2441 (9).jpg,1,ai_generated,cifake,train
data/raw/cifake/train/REAL/1923 (6).jpg,0,real,cifake,train
data/raw/cifake/train/FAKE/1817 (7).jpg,1,ai_generated,cifake,train
data/raw/cifake/train/REAL/2375 (5).jpg,0,real,cifake,train
data/raw/cifake/train/FAKE/5082 (9).jpg,1,ai_generated,cifake,train
data/raw/cifake/train/FAKE/2523 (7).jpg,1,ai_generated,cifake,train
data/raw/cifake/train/REAL/4780 (7).jpg,0,real,cifake,train
data/raw/cifake/train/REAL/1431 (9).jpg,0,real,cifake,train
data/raw/cifake/train/FAKE/1647 (8).jpg,1,ai_generated,cifake,train
data/raw/cifake/train/REAL/3640 (2).jpg,0,real,cifake,train
data/raw/cifake/train/REAL/4915 (9).jpg,0,real,cifake,train
data/raw/cifake/train/REAL/3027 (6).jpg,0,real,cifake,train
data/raw/cifake/train/FAKE/2293 (7).jpg,1,ai_generated,cifake,train
data/raw/cifake/train/FAKE/3018 (5).jpg,1,ai_generated,cifake,train
data/raw/cifake/train/FAKE/2995 (8).jpg,1,ai_generated,cifake,train
data/raw/cifake/train/REAL/3411 (3).jpg,0,real,cifake,train
data/raw/cifake/train/FAKE/2271 (6).jpg,1,ai_generated,cifake,train
data/raw/cifake/train/FAKE/5445 (2).jpg,1,ai_generated,cifake,train
data/raw/cifake/train/FAKE/3772 (7).jpg,1,ai_generated,cifake,train
data/raw/cifake/train/FAKE/1735 (2).jpg,1,ai_generated,cifake,train
data/raw/cifake/train/FAKE/4062 (3).jpg,1,ai_generated,cifake,train
data/raw/cifake/train/REAL/2296 (2).jpg,0,real,cifake,train
data/raw/cifake/train/REAL/4545 (8).jpg,0,real,cifake,train
data/raw/cifake/train/REAL/1738 (3).jpg,0,real,cifake,train
data/raw/cifake/train/FAKE/3905 (9).jpg,1,ai_generated,cifake,train
data/raw/cifake/train/FAKE/1747 (5).jpg,1,ai_generated,cifake,train
data/raw/cifake/train/REAL/0719 (8).jpg,0,real,cifake,train
data/raw/cifake/train/FAKE/2664 (8).jpg,1,ai_generated,cifake,train
data/raw/cifake/train/FAKE/1987 (2).jpg,1,ai_generated,cifake,train
data/raw/cifake/train/FAKE/4457 (3).jpg,1,ai_generated,cifake,train
data/raw/cifake/train/REAL/1296 (7).jpg,0,real,cifake,train
data/raw/cifake/train/REAL/2730 (9).jpg,0,real,cifake,train
data/raw/cifake/train/FAKE/3003 (4).jpg,1,ai_generated,cifake,train
data/raw/cifake/train/FAKE/4860 (4).jpg,1,ai_generated,cifake,train
data/raw/cifake/train/REAL/1455 (7).jpg,0,real,cifake,train
data/raw/cifake/train/REAL/4079 (9).jpg,0,real,cifake,train
data/raw/cifake/train/FAKE/1211 (10).jpg,1,ai_generated,cifake,train
data/raw/cifake/train/REAL/2964 (10).jpg,0,real,cifake,train
data/raw/cifake/train/REAL/0236 (8).jpg,0,real,cifake,train
data/raw/cifake/train/FAKE/4475 (8).jpg,1,ai_generated,cifake,train
data/raw/cifake/train/REAL/4396 (8).jpg,0,real,cifake,train
data/raw/cifake/train/FAKE/4889 (8).jpg,1,ai_generated,cifake,train
data/raw/cifake/train/REAL/2207 (2).jpg,0,real,cifake,train
data/raw/cifake/train/FAKE/4753 (7).jpg,1,ai_generated,cifake,train
data/raw/cifake/train/FAKE/4946 (7).jpg,1,ai_generated,cifake,train
data/raw/cifake/train/REAL/4386 (7).jpg,0,real,cifake,train
data/raw/cifake/train/REAL/3335 (3).jpg,0,real,cifake,train
data/raw/cifake/train/REAL/3791 (2).jpg,0,real,cifake,train
data/raw/cifake/train/FAKE/4968.jpg,1,ai_generated,cifake,train
data/raw/cifake/train/REAL/3778 (2).jpg,0,real,cifake,train
data/raw/cifake/train/FAKE/2061 (9).jpg,1,ai_generated,cifake,train
data/raw/cifake/train/REAL/3529 (2).jpg,0,real,cifake,train
data/raw/cifake/train/FAKE/3590 (9).jpg,1,ai_generated,cifake,train
data/raw/cifake/train/FAKE/3852 (6).jpg,1,ai_generated,cifake,train
data/raw/cifake/train/FAKE/1772 (8).jpg,1,ai_generated,cifake,train
data/raw/cifake/train/REAL/1375 (8).jpg,0,real,cifake,train
data/raw/cifake/train/REAL/0589 (9).jpg,0,real,cifake,train
data/raw/cifake/train/REAL/0126 (4).jpg,0,real,cifake,train
data/raw/cifake/train/REAL/2606 (7).jpg,0,real,cifake,train
data/raw/cifake/train/REAL/2507 (8).jpg,0,real,cifake,train
data/raw/cifake/train/FAKE/1564 (2).jpg,1,ai_generated,cifake,train
data/raw/cifake/train/FAKE/4323 (10).jpg,1,ai_generated,cifake,train
data/raw/cifake/train/FAKE/2758 (9).jpg,1,ai_generated,cifake,train
data/raw/cifake/train/REAL/0981 (4).jpg,0,real,cifake,train
data/raw/cifake/train/FAKE/4807 (9).jpg,1,ai_generated,cifake,train
data/raw/cifake/train/REAL/4353 (5).jpg,0,real,cifake,train
data/raw/cifake/train/FAKE/1502 (9).jpg,1,ai_generated,cifake,train
data/raw/cifake/train/FAKE/1861 (9).jpg,1,ai_generated,cifake,train
data/raw/cifake/train/FAKE/4284 (6).jpg,1,ai_generated,cifake,train
data/raw/cifake/train/REAL/0355.jpg,0,real,cifake,train
data/raw/cifake/train/FAKE/5039 (7).jpg,1,ai_generated,cifake,train
data/raw/cifake/train/FAKE/4878 (6).jpg,1,ai_generated,cifake,train
data/raw/cifake/train/REAL/1218 (8).jpg,0,real,cifake,train
data/raw/cifake/train/FAKE/5064 (9).jpg,1,ai_generated,cifake,train
data/raw/cifake/train/REAL/3925.jpg,0,real,cifake,train
data/raw/cifake/train/REAL/1990.jpg,0,real,cifake,train
data/raw/cifake/train/REAL/1234 (8).jpg,0,real,cifake,train
data/raw/cifake/train/FAKE/2421.jpg,1,ai_generated,cifake,train
data/raw/cifake/train/FAKE/2598.jpg,1,ai_generated,cifake,train
data/raw/cifake/train/REAL/2553 (6).jpg,0,real,cifake,train
data/raw/cifake/train/FAKE/4980.jpg,1,ai_generated,cifake,train
data/raw/cifake/train/REAL/2377 (9).jpg,0,real,cifake,train
data/raw/cifake/train/FAKE/1374 (4).jpg,1,ai_generated,cifake,train
data/raw/cifake/train/FAKE/3574 (2).jpg,1,ai_generated,cifake,train
data/raw/cifake/train/REAL/4615 (3).jpg,0,real,cifake,train
data/raw/cifake/train/FAKE/2604 (7).jpg,1,ai_generated,cifake,train
data/raw/cifake/train/REAL/0702 (5).jpg,0,real,cifake,train
data/raw/cifake/train/REAL/0562 (3).jpg,0,real,cifake,train
data/raw/cifake/train/FAKE/2329 (6).jpg,1,ai_generated,cifake,train
data/raw/cifake/train/REAL/1791 (10).jpg,0,real,cifake,train
data/raw/cifake/train/REAL/4565 (10).jpg,0,real,cifake,train
data/raw/cifake/train/REAL/0035 (8).jpg,0,real,cifake,train
data/raw/cifake/train/REAL/3746 (7).jpg,0,real,cifake,train
data/raw/cifake/train/REAL/1686.jpg,0,real,cifake,train
data/raw/cifake/train/REAL/1531.jpg,0,real,cifake,train
data/raw/cifake/train/REAL/3415 (5).jpg,0,real,cifake,train
data/raw/cifake/train/FAKE/1438 (10).jpg,1,ai_generated,cifake,train
data/raw/cifake/train/REAL/3206 (10).jpg,0,real,cifake,train
data/raw/cifake/train/FAKE/3431 (8).jpg,1,ai_generated,cifake,train
data/raw/cifake/train/REAL/1288 (3).jpg,0,real,cifake,train
data/raw/cifake/train/FAKE/3694 (7).jpg,1,ai_generated,cifake,train
data/raw/cifake/train/FAKE/3072 (8).jpg,1,ai_generated,cifake,train
data/raw/cifake/train/REAL/1842 (10).jpg,0,real,cifake,train
data/raw/cifake/train/REAL/2034 (7).jpg,0,real,cifake,train
data/raw/cifake/train/REAL/4440 (6).jpg,0,real,cifake,train
data/raw/cifake/train/FAKE/2761 (7).jpg,1,ai_generated,cifake,train
data/raw/cifake/train/FAKE/5600 (3).jpg,1,ai_generated,cifake,train
data/raw/cifake/train/REAL/2190.jpg,0,real,cifake,train
data/raw/cifake/train/FAKE/5145 (3).jpg,1,ai_generated,cifake,train
data/raw/cifake/train/FAKE/2191 (9).jpg,1,ai_generated,cifake,train
data/raw/cifake/train/FAKE/3201 (10).jpg,1,ai_generated,cifake,train
data/raw/cifake/train/FAKE/1028 (2).jpg,1,ai_generated,cifake,train
data/raw/cifake/train/REAL/4819 (5).jpg,0,real,cifake,train
data/raw/cifake/train/FAKE/2492 (9).jpg,1,ai_generated,cifake,train
data/raw/cifake/train/FAKE/3452 (2).jpg,1,ai_generated,cifake,train
data/raw/cifake/train/FAKE/3632 (3).jpg,1,ai_generated,cifake,train
data/raw/cifake/train/REAL/3068 (7).jpg,0,real,cifake,train
data/raw/cifake/train/REAL/4189 (6).jpg,0,real,cifake,train
data/raw/cifake/train/FAKE/1125 (3).jpg,1,ai_generated,cifake,train
data/raw/cifake/train/FAKE/5462 (3).jpg,1,ai_generated,cifake,train
data/raw/cifake/train/REAL/0247 (9).jpg,0,real,cifake,train
data/raw/cifake/train/REAL/3774 (8).jpg,0,real,cifake,train
data/raw/cifake/train/FAKE/4359 (2).jpg,1,ai_generated,cifake,train
data/raw/cifake/train/REAL/3690 (2).jpg,0,real,cifake,train
data/raw/cifake/train/FAKE/3869 (10).jpg,1,ai_generated,cifake,train
data/raw/cifake/train/REAL/3052 (4).jpg,0,real,cifake,train
data/raw/cifake/train/FAKE/1791.jpg,1,ai_generated,cifake,train
data/raw/cifake/train/REAL/4403 (5).jpg,0,real,cifake,train
data/raw/cifake/train/REAL/0497 (9).jpg,0,real,cifake,train
data/raw/cifake/train/FAKE/1954 (5).jpg,1,ai_generated,cifake,train
data/raw/cifake/train/FAKE/1265 (3).jpg,1,ai_generated,cifake,train
data/raw/cifake/train/REAL/1383 (2).jpg,0,real,cifake,train
data/raw/cifake/train/REAL/2888 (8).jpg,0,real,cifake,train
data/raw/cifake/train/REAL/0754 (5).jpg,0,real,cifake,train
data/raw/cifake/train/FAKE/4806 (7).jpg,1,ai_generated,cifake,train
data/raw/cifake/train/FAKE/1371 (8).jpg,1,ai_generated,cifake,train
data/raw/cifake/train/FAKE/2179 (6).jpg,1,ai_generated,cifake,train
data/raw/cifake/train/REAL/3872 (6).jpg,0,real,cifake,train
data/raw/cifake/train/REAL/1264.jpg,0,real,cifake,train
data/raw/cifake/train/FAKE/4459 (5).jpg,1,ai_generated,cifake,train
data/raw/cifake/train/REAL/4313 (6).jpg,0,real,cifake,train
data/raw/cifake/train/REAL/3556 (8).jpg,0,real,cifake,train
data/raw/cifake/train/REAL/4670 (5).jpg,0,real,cifake,train
data/raw/cifake/train/REAL/2928 (5).jpg,0,real,cifake,train
data/raw/cifake/train/REAL/2630 (3).jpg,0,real,cifake,train
data/raw/cifake/train/FAKE/3842 (7).jpg,1,ai_generated,cifake,train
data/raw/cifake/train/FAKE/4449 (9).jpg,1,ai_generated,cifake,train
data/raw/cifake/train/FAKE/2188 (2).jpg,1,ai_generated,cifake,train
data/raw/cifake/train/FAKE/2511 (5).jpg,1,ai_generated,cifake,train
data/raw/cifake/train/FAKE/3806 (8).jpg,1,ai_generated,cifake,train
data/raw/cifake/train/FAKE/3359 (2).jpg,1,ai_generated,cifake,train
data/raw/cifake/train/REAL/2304 (2).jpg,0,real,cifake,train
data/raw/cifake/train/FAKE/3115.jpg,1,ai_generated,cifake,train
data/raw/cifake/train/REAL/0250 (5).jpg,0,real,cifake,train
data/raw/cifake/train/REAL/3590 (8).jpg,0,real,cifake,train
data/raw/cifake/train/FAKE/1067 (10).jpg,1,ai_generated,cifake,train
data/raw/cifake/train/FAKE/3961.jpg,1,ai_generated,cifake,train
data/raw/cifake/train/REAL/0975 (5).jpg,0,real,cifake,train
data/raw/cifake/train/REAL/0816 (5).jpg,0,real,cifake,train
data/raw/cifake/train/FAKE/4669 (5).jpg,1,ai_generated,cifake,train
data/raw/cifake/train/REAL/2461 (7).jpg,0,real,cifake,train
data/raw/cifake/train/FAKE/5837 (7).jpg,1,ai_generated,cifake,train
data/raw/cifake/train/REAL/3896 (6).jpg,0,real,cifake,train
data/raw/cifake/train/FAKE/5079 (7).jpg,1,ai_generated,cifake,train
data/raw/cifake/train/FAKE/2899 (3).jpg,1,ai_generated,cifake,train
data/raw/cifake/train/FAKE/3377 (2).jpg,1,ai_generated,cifake,train
data/raw/cifake/train/FAKE/5403 (8).jpg,1,ai_generated,cifake,train
data/raw/cifake/train/REAL/1221.jpg,0,real,cifake,train
data/raw/cifake/train/FAKE/4677 (9).jpg,1,ai_generated,cifake,train
data/raw/cifake/train/FAKE/3434 (3).jpg,1,ai_generated,cifake,train
data/raw/cifake/train/FAKE/3875 (8).jpg,1,ai_generated,cifake,train
data/raw/cifake/train/FAKE/3737 (5).jpg,1,ai_generated,cifake,train
data/raw/cifake/train/REAL/3548.jpg,0,real,cifake,train
data/raw/cifake/train/FAKE/5467 (9).jpg,1,ai_generated,cifake,train
data/raw/cifake/train/REAL/2665 (2).jpg,0,real,cifake,train
data/raw/cifake/train/REAL/0889 (2).jpg,0,real,cifake,train
data/raw/cifake/train/REAL/4915 (2).jpg,0,real,cifake,train
data/raw/cifake/train/REAL/4380 (2).jpg,0,real,cifake,train
data/raw/cifake/train/FAKE/1876 (6).jpg,1,ai_generated,cifake,train
data/raw/cifake/train/REAL/2860 (8).jpg,0,real,cifake,train
data/raw/cifake/train/FAKE/2116.jpg,1,ai_generated,cifake,train
data/raw/cifake/train/FAKE/4519 (4).jpg,1,ai_generated,cifake,train
data/raw/cifake/train/FAKE/3334 (5).jpg,1,ai_generated,cifake,train
data/raw/cifake/train/REAL/3625 (6).jpg,0,real,cifake,train
data/raw/cifake/train/REAL/3490 (7).jpg,0,real,cifake,train
data/raw/cifake/train/FAKE/1807 (9).jpg,1,ai_generated,cifake,train
data/raw/cifake/train/FAKE/3114 (3).jpg,1,ai_generated,cifake,train
data/raw/cifake/train/REAL/1264 (2).jpg,0,real,cifake,train
data/raw/cifake/train/FAKE/1552.jpg,1,ai_generated,cifake,train
data/raw/cifake/train/REAL/0435 (6).jpg,0,real,cifake,train
data/raw/cifake/train/REAL/2229 (7).jpg,0,real,cifake,train
data/raw/cifake/train/FAKE/5553 (5).jpg,1,ai_generated,cifake,train
data/raw/cifake/train/FAKE/2517 (6).jpg,1,ai_generated,cifake,train
data/raw/cifake/train/REAL/2957 (3).jpg,0,real,cifake,train
data/raw/cifake/train/REAL/0546 (10).jpg,0,real,cifake,train
data/raw/cifake/train/REAL/3021 (4).jpg,0,real,cifake,train
data/raw/cifake/train/REAL/1389 (9).jpg,0,real,cifake,train
data/raw/cifake/train/REAL/0225 (9).jpg,0,real,cifake,train
data/raw/cifake/train/FAKE/1237 (7).jpg,1,ai_generated,cifake,train
data/raw/cifake/train/FAKE/1412 (10).jpg,1,ai_generated,cifake,train
data/raw/cifake/train/FAKE/2088 (8).jpg,1,ai_generated,cifake,train
data/raw/cifake/train/REAL/3215.jpg,0,real,cifake,train
data/raw/cifake/train/FAKE/4447 (7).jpg,1,ai_generated,cifake,train
data/raw/cifake/train/FAKE/2660 (2).jpg,1,ai_generated,cifake,train
data/raw/cifake/train/REAL/0280 (5).jpg,0,real,cifake,train
data/raw/cifake/train/REAL/3454 (6).jpg,0,real,cifake,train
data/raw/cifake/train/REAL/0058 (3).jpg,0,real,cifake,train
data/raw/cifake/train/FAKE/4758 (7).jpg,1,ai_generated,cifake,train
data/raw/cifake/train/FAKE/3277 (3).jpg,1,ai_generated,cifake,train
data/raw/cifake/train/FAKE/4501 (2).jpg,1,ai_generated,cifake,train
data/raw/cifake/train/REAL/0747 (9).jpg,0,real,cifake,train
data/raw/cifake/train/REAL/3863 (8).jpg,0,real,cifake,train
data/raw/cifake/train/REAL/3908 (10).jpg,0,real,cifake,train
data/raw/cifake/train/REAL/0667 (8).jpg,0,real,cifake,train
data/raw/cifake/train/REAL/0426 (6).jpg,0,real,cifake,train
data/raw/cifake/train/FAKE/5245 (10).jpg,1,ai_generated,cifake,train
data/raw/cifake/train/REAL/2914 (8).jpg,0,real,cifake,train
data/raw/cifake/train/REAL/1369 (6).jpg,0,real,cifake,train
data/raw/cifake/train/REAL/4448 (10).jpg,0,real,cifake,train
data/raw/cifake/train/FAKE/2244 (7).jpg,1,ai_generated,cifake,train
data/raw/cifake/train/FAKE/1804 (8).jpg,1,ai_generated,cifake,train
data/raw/cifake/train/REAL/2380 (7).jpg,0,real,cifake,train
data/raw/cifake/train/FAKE/5676 (4).jpg,1,ai_generated,cifake,train
data/raw/cifake/train/REAL/1921 (6).jpg,0,real,cifake,train
data/raw/cifake/train/FAKE/4413 (3).jpg,1,ai_generated,cifake,train
data/raw/cifake/train/FAKE/2455 (4).jpg,1,ai_generated,cifake,train
data/raw/cifake/train/FAKE/3969.jpg,1,ai_generated,cifake,train
data/raw/cifake/train/REAL/2299 (9).jpg,0,real,cifake,train
data/raw/cifake/train/REAL/1929 (7).jpg,0,real,cifake,train
data/raw/cifake/train/FAKE/5415 (5).jpg,1,ai_generated,cifake,train
data/raw/cifake/train/REAL/0516.jpg,0,real,cifake,train
data/raw/cifake/train/REAL/1698 (4).jpg,0,real,cifake,train
data/raw/cifake/train/REAL/1403 (7).jpg,0,real,cifake,train
data/raw/cifake/train/REAL/3420 (10).jpg,0,real,cifake,train
data/raw/cifake/train/REAL/1608 (7).jpg,0,real,cifake,train
data/raw/cifake/train/REAL/1022 (9).jpg,0,real,cifake,train
data/raw/cifake/train/REAL/3431 (5).jpg,0,real,cifake,train
data/raw/cifake/train/FAKE/3956 (9).jpg,1,ai_generated,cifake,train
data/raw/cifake/train/FAKE/2791 (7).jpg,1,ai_generated,cifake,train
data/raw/cifake/train/FAKE/4720 (7).jpg,1,ai_generated,cifake,train
data/raw/cifake/train/REAL/0292 (8).jpg,0,real,cifake,train
data/raw/cifake/train/FAKE/4718 (10).jpg,1,ai_generated,cifake,train
data/raw/cifake/train/FAKE/5470 (6).jpg,1,ai_generated,cifake,train
data/raw/cifake/train/REAL/3602 (2).jpg,0,real,cifake,train
data/raw/cifake/train/REAL/3397 (6).jpg,0,real,cifake,train
data/raw/cifake/train/FAKE/4067 (6).jpg,1,ai_generated,cifake,train
data/raw/cifake/train/FAKE/3726 (3).jpg,1,ai_generated,cifake,train
data/raw/cifake/train/FAKE/4329 (2).jpg,1,ai_generated,cifake,train
data/raw/cifake/train/FAKE/5486.jpg,1,ai_generated,cifake,train
data/raw/cifake/train/REAL/0704 (6).jpg,0,real,cifake,train
data/raw/cifake/train/REAL/4061 (3).jpg,0,real,cifake,train
data/raw/cifake/train/REAL/0822 (10).jpg,0,real,cifake,train
data/raw/cifake/train/FAKE/3659 (7).jpg,1,ai_generated,cifake,train
data/raw/cifake/train/REAL/2877.jpg,0,real,cifake,train
data/raw/cifake/train/REAL/4089 (2).jpg,0,real,cifake,train
data/raw/cifake/train/REAL/2924 (5).jpg,0,real,cifake,train
data/raw/cifake/train/FAKE/5949 (10).jpg,1,ai_generated,cifake,train
data/raw/cifake/train/FAKE/4539 (4).jpg,1,ai_generated,cifake,train
data/raw/cifake/train/FAKE/4079 (7).jpg,1,ai_generated,cifake,train
data/raw/cifake/train/REAL/1952 (4).jpg,0,real,cifake,train
data/raw/cifake/train/REAL/2718 (6).jpg,0,real,cifake,train
data/raw/cifake/train/REAL/1194 (10).jpg,0,real,cifake,train
data/raw/cifake/train/FAKE/4830 (6).jpg,1,ai_generated,cifake,train
data/raw/cifake/train/FAKE/3127 (9).jpg,1,ai_generated,cifake,train
data/raw/cifake/train/REAL/3811 (2).jpg,0,real,cifake,train
data/raw/cifake/train/REAL/3493 (8).jpg,0,real,cifake,train
data/raw/cifake/train/REAL/3644 (5).jpg,0,real,cifake,train
data/raw/cifake/train/FAKE/1683 (4).jpg,1,ai_generated,cifake,train
data/raw/cifake/train/REAL/3711 (2).jpg,0,real,cifake,train
data/raw/cifake/train/REAL/4310 (9).jpg,0,real,cifake,train
data/raw/cifake/train/FAKE/1843 (3).jpg,1,ai_generated,cifake,train
data/raw/cifake/train/FAKE/2860 (9).jpg,1,ai_generated,cifake,train
data/raw/cifake/train/REAL/3602 (9).jpg,0,real,cifake,train
data/raw/cifake/train/FAKE/2909 (10).jpg,1,ai_generated,cifake,train
data/raw/cifake/train/FAKE/5424.jpg,1,ai_generated,cifake,train
data/raw/cifake/train/REAL/3235 (3).jpg,0,real,cifake,train
data/raw/cifake/train/FAKE/3226 (6).jpg,1,ai_generated,cifake,train
data/raw/cifake/train/FAKE/4352 (5).jpg,1,ai_generated,cifake,train
data/raw/cifake/train/REAL/3947.jpg,0,real,cifake,train
data/raw/cifake/train/REAL/2103 (2).jpg,0,real,cifake,train
data/raw/cifake/train/FAKE/5802 (4).jpg,1,ai_generated,cifake,train
data/raw/cifake/train/FAKE/1139 (4).jpg,1,ai_generated,cifake,train
data/raw/cifake/train/REAL/2942 (5).jpg,0,real,cifake,train
data/raw/cifake/train/REAL/2156 (5).jpg,0,real,cifake,train
data/raw/cifake/train/FAKE/2707 (3).jpg,1,ai_generated,cifake,train
data/raw/cifake/train/FAKE/1957 (6).jpg,1,ai_generated,cifake,train
data/raw/cifake/train/REAL/2292.jpg,0,real,cifake,train
data/raw/cifake/train/REAL/4166 (5).jpg,0,real,cifake,train
data/raw/cifake/train/FAKE/5917 (3).jpg,1,ai_generated,cifake,train
data/raw/cifake/train/REAL/1689 (10).jpg,0,real,cifake,train
data/raw/cifake/train/FAKE/3543 (4).jpg,1,ai_generated,cifake,train
data/raw/cifake/train/REAL/3013 (6).jpg,0,real,cifake,train
data/raw/cifake/train/REAL/2989 (6).jpg,0,real,cifake,train
data/raw/cifake/train/FAKE/2933 (6).jpg,1,ai_generated,cifake,train
data/raw/cifake/train/FAKE/1344 (7).jpg,1,ai_generated,cifake,train
data/raw/cifake/train/FAKE/3159 (3).jpg,1,ai_generated,cifake,train
data/raw/cifake/train/FAKE/3495 (9).jpg,1,ai_generated,cifake,train
data/raw/cifake/train/REAL/3311 (2).jpg,0,real,cifake,train
data/raw/cifake/train/REAL/4387 (5).jpg,0,real,cifake,train
data/raw/cifake/train/FAKE/4829.jpg,1,ai_generated,cifake,train
data/raw/cifake/train/FAKE/1073.jpg,1,ai_generated,cifake,train
data/raw/cifake/train/REAL/3487 (10).jpg,0,real,cifake,train
data/raw/cifake/train/REAL/2579 (9).jpg,0,real,cifake,train
data/raw/cifake/train/REAL/0172 (9).jpg,0,real,cifake,train
data/raw/cifake/train/REAL/4672 (7).jpg,0,real,cifake,train
data/raw/cifake/train/FAKE/4921 (8).jpg,1,ai_generated,cifake,train
data/raw/cifake/train/REAL/1858 (9).jpg,0,real,cifake,train
data/raw/cifake/train/FAKE/4905 (5).jpg,1,ai_generated,cifake,train
data/raw/cifake/train/REAL/3031 (5).jpg,0,real,cifake,train
data/raw/cifake/train/FAKE/3688 (2).jpg,1,ai_generated,cifake,train
data/raw/cifake/train/FAKE/2044 (5).jpg,1,ai_generated,cifake,train
data/raw/cifake/train/FAKE/3901 (10).jpg,1,ai_generated,cifake,train
data/raw/cifake/train/REAL/0744 (7).jpg,0,real,cifake,train
data/raw/cifake/train/FAKE/1909 (9).jpg,1,ai_generated,cifake,train
data/raw/cifake/train/REAL/1458 (2).jpg,0,real,cifake,train
data/raw/cifake/train/FAKE/3533 (7).jpg,1,ai_generated,cifake,train
data/raw/cifake/train/FAKE/4650 (7).jpg,1,ai_generated,cifake,train
data/raw/cifake/train/REAL/0326 (5).jpg,0,real,cifake,train
data/raw/cifake/train/FAKE/3396 (7).jpg,1,ai_generated,cifake,train
data/raw/cifake/train/REAL/0805 (3).jpg,0,real,cifake,train
data/raw/cifake/train/REAL/4181 (9).jpg,0,real,cifake,train
data/raw/cifake/train/FAKE/5692 (5).jpg,1,ai_generated,cifake,train
data/raw/cifake/train/REAL/2532 (3).jpg,0,real,cifake,train
data/raw/cifake/train/REAL/2372 (5).jpg,0,real,cifake,train
data/raw/cifake/train/REAL/2372 (9).jpg,0,real,cifake,train
data/raw/cifake/train/FAKE/4443 (9).jpg,1,ai_generated,cifake,train
data/raw/cifake/train/FAKE/5966 (3).jpg,1,ai_generated,cifake,train
data/raw/cifake/train/FAKE/4270 (6).jpg,1,ai_generated,cifake,train
data/raw/cifake/train/FAKE/3429 (6).jpg,1,ai_generated,cifake,train
data/raw/cifake/train/REAL/2198 (4).jpg,0,real,cifake,train
data/raw/cifake/train/REAL/3771 (8).jpg,0,real,cifake,train
data/raw/cifake/train/FAKE/3220 (2).jpg,1,ai_generated,cifake,train
data/raw/cifake/train/FAKE/3492 (9).jpg,1,ai_generated,cifake,train
data/raw/cifake/train/FAKE/1855 (3).jpg,1,ai_generated,cifake,train
data/raw/cifake/train/FAKE/4380 (2).jpg,1,ai_generated,cifake,train
data/raw/cifake/train/REAL/0372 (2).jpg,0,real,cifake,train
data/raw/cifake/train/FAKE/4276 (3).jpg,1,ai_generated,cifake,train
data/raw/cifake/train/FAKE/3668 (8).jpg,1,ai_generated,cifake,train
data/raw/cifake/train/FAKE/1497 (2).jpg,1,ai_generated,cifake,train
data/raw/cifake/train/REAL/3270 (8).jpg,0,real,cifake,train
data/raw/cifake/train/FAKE/1606 (9).jpg,1,ai_generated,cifake,train
data/raw/cifake/train/FAKE/3000 (5).jpg,1,ai_generated,cifake,train
data/raw/cifake/train/FAKE/2866 (7).jpg,1,ai_generated,cifake,train
data/raw/cifake/train/REAL/0329 (7).jpg,0,real,cifake,train
data/raw/cifake/train/FAKE/2552 (3).jpg,1,ai_generated,cifake,train
data/raw/cifake/train/FAKE/1371 (6).jpg,1,ai_generated,cifake,train
data/raw/cifake/train/REAL/3388.jpg,0,real,cifake,train
data/raw/cifake/train/FAKE/5947 (4).jpg,1,ai_generated,cifake,train
data/raw/cifake/train/REAL/4018 (7).jpg,0,real,cifake,train
data/raw/cifake/train/FAKE/1203 (5).jpg,1,ai_generated,cifake,train
data/raw/cifake/train/REAL/4959.jpg,0,real,cifake,train
data/raw/cifake/train/FAKE/1649 (6).jpg,1,ai_generated,cifake,train
data/raw/cifake/train/REAL/0803 (3).jpg,0,real,cifake,train
data/raw/cifake/train/FAKE/4571 (2).jpg,1,ai_generated,cifake,train
data/raw/cifake/train/REAL/2789 (10).jpg,0,real,cifake,train
data/raw/cifake/train/REAL/2228 (2).jpg,0,real,cifake,train
data/raw/cifake/train/REAL/2931 (8).jpg,0,real,cifake,train
data/raw/cifake/train/REAL/2270 (2).jpg,0,real,cifake,train
data/raw/cifake/train/FAKE/5671 (6).jpg,1,ai_generated,cifake,train
data/raw/cifake/train/REAL/3865 (6).jpg,0,real,cifake,train
data/raw/cifake/train/FAKE/3442 (5).jpg,1,ai_generated,cifake,train
data/raw/cifake/train/FAKE/1420 (4).jpg,1,ai_generated,cifake,train
data/raw/cifake/train/REAL/0870 (3).jpg,0,real,cifake,train
data/raw/cifake/train/REAL/3716 (7).jpg,0,real,cifake,train
data/raw/cifake/train/FAKE/5030 (5).jpg,1,ai_generated,cifake,train
data/raw/cifake/train/FAKE/2303.jpg,1,ai_generated,cifake,train
data/raw/cifake/train/REAL/0983 (2).jpg,0,real,cifake,train
data/raw/cifake/train/FAKE/5799 (7).jpg,1,ai_generated,cifake,train
data/raw/cifake/train/REAL/0702 (6).jpg,0,real,cifake,train
data/raw/cifake/train/REAL/4712 (7).jpg,0,real,cifake,train
data/raw/cifake/train/FAKE/3621 (4).jpg,1,ai_generated,cifake,train
data/raw/cifake/train/FAKE/3540 (5).jpg,1,ai_generated,cifake,train
data/raw/cifake/train/FAKE/4307 (2).jpg,1,ai_generated,cifake,train
data/raw/cifake/train/FAKE/3989 (5).jpg,1,ai_generated,cifake,train
data/raw/cifake/train/FAKE/4197 (6).jpg,1,ai_generated,cifake,train
data/raw/cifake/train/FAKE/4320 (8).jpg,1,ai_generated,cifake,train
data/raw/cifake/train/FAKE/2835 (8).jpg,1,ai_generated,cifake,train
data/raw/cifake/train/REAL/4737 (5).jpg,0,real,cifake,train
data/raw/cifake/train/FAKE/3304 (10).jpg,1,ai_generated,cifake,train
data/raw/cifake/train/REAL/4341 (6).jpg,0,real,cifake,train
data/raw/cifake/train/FAKE/2051 (10).jpg,1,ai_generated,cifake,train
data/raw/cifake/train/REAL/0384 (7).jpg,0,real,cifake,train
data/raw/cifake/train/FAKE/4967 (2).jpg,1,ai_generated,cifake,train
data/raw/cifake/train/FAKE/3032 (2).jpg,1,ai_generated,cifake,train
data/raw/cifake/train/FAKE/4962 (10).jpg,1,ai_generated,cifake,train
data/raw/cifake/train/REAL/2263 (7).jpg,0,real,cifake,train
data/raw/cifake/train/REAL/2249 (5).jpg,0,real,cifake,train
data/raw/cifake/train/FAKE/5364 (7).jpg,1,ai_generated,cifake,train
data/raw/cifake/train/FAKE/3190 (9).jpg,1,ai_generated,cifake,train
data/raw/cifake/train/FAKE/1587 (10).jpg,1,ai_generated,cifake,train
data/raw/cifake/train/REAL/3503 (3).jpg,0,real,cifake,train
data/raw/cifake/train/REAL/0041.jpg,0,real,cifake,train
data/raw/cifake/train/REAL/0128 (4).jpg,0,real,cifake,train
data/raw/cifake/train/REAL/2028 (8).jpg,0,real,cifake,train
data/raw/cifake/train/FAKE/5193 (5).jpg,1,ai_generated,cifake,train
data/raw/cifake/train/FAKE/1298 (7).jpg,1,ai_generated,cifake,train
data/raw/cifake/train/FAKE/1935 (4).jpg,1,ai_generated,cifake,train
data/raw/cifake/train/REAL/2099 (10).jpg,0,real,cifake,train
data/raw/cifake/train/REAL/3866 (3).jpg,0,real,cifake,train
data/raw/cifake/train/FAKE/1037 (5).jpg,1,ai_generated,cifake,train
data/raw/cifake/train/FAKE/5190 (9).jpg,1,ai_generated,cifake,train
data/raw/cifake/train/REAL/1810 (8).jpg,0,real,cifake,train
data/raw/cifake/train/FAKE/5321 (4).jpg,1,ai_generated,cifake,train
data/raw/cifake/train/FAKE/1359.jpg,1,ai_generated,cifake,train
data/raw/cifake/train/FAKE/3787.jpg,1,ai_generated,cifake,train
data/raw/cifake/train/FAKE/2081 (9).jpg,1,ai_generated,cifake,train
data/raw/cifake/train/FAKE/4246 (6).jpg,1,ai_generated,cifake,train
data/raw/cifake/train/FAKE/4805 (10).jpg,1,ai_generated,cifake,train
data/raw/cifake/train/FAKE/5438 (4).jpg,1,ai_generated,cifake,train
data/raw/cifake/train/FAKE/4040 (8).jpg,1,ai_generated,cifake,train
data/raw/cifake/train/FAKE/2323 (6).jpg,1,ai_generated,cifake,train
data/raw/cifake/train/REAL/2862 (4).jpg,0,real,cifake,train
data/raw/cifake/train/FAKE/2872 (9).jpg,1,ai_generated,cifake,train
data/raw/cifake/train/FAKE/4641 (3).jpg,1,ai_generated,cifake,train
data/raw/cifake/train/FAKE/2142 (4).jpg,1,ai_generated,cifake,train
data/raw/cifake/train/REAL/4325.jpg,0,real,cifake,train
data/raw/cifake/train/FAKE/3374 (4).jpg,1,ai_generated,cifake,train
data/raw/cifake/train/REAL/0497.jpg,0,real,cifake,train
data/raw/cifake/train/REAL/1476.jpg,0,real,cifake,train
data/raw/cifake/train/FAKE/3015 (10).jpg,1,ai_generated,cifake,train
data/raw/cifake/train/FAKE/4012 (2).jpg,1,ai_generated,cifake,train
data/raw/cifake/train/FAKE/5973 (10).jpg,1,ai_generated,cifake,train
data/raw/cifake/train/FAKE/3812.jpg,1,ai_generated,cifake,train
data/raw/cifake/train/FAKE/1133 (4).jpg,1,ai_generated,cifake,train
data/raw/cifake/train/REAL/3129 (4).jpg,0,real,cifake,train
data/raw/cifake/train/FAKE/4270 (9).jpg,1,ai_generated,cifake,train
data/raw/cifake/train/REAL/1223 (4).jpg,0,real,cifake,train
data/raw/cifake/train/REAL/3729 (9).jpg,0,real,cifake,train
data/raw/cifake/train/FAKE/5545 (7).jpg,1,ai_generated,cifake,train
data/raw/cifake/train/REAL/2522 (8).jpg,0,real,cifake,train
data/raw/cifake/train/REAL/2220 (6).jpg,0,real,cifake,train
data/raw/cifake/train/REAL/0042 (9).jpg,0,real,cifake,train
data/raw/cifake/train/REAL/4015 (8).jpg,0,real,cifake,train
data/raw/cifake/train/FAKE/1631 (9).jpg,1,ai_generated,cifake,train
data/raw/cifake/train/FAKE/3224 (8).jpg,1,ai_generated,cifake,train
data/raw/cifake/train/REAL/1961 (9).jpg,0,real,cifake,train
data/raw/cifake/train/FAKE/3663 (5).jpg,1,ai_generated,cifake,train
data/raw/cifake/train/FAKE/4724.jpg,1,ai_generated,cifake,train
data/raw/cifake/train/REAL/2260.jpg,0,real,cifake,train
data/raw/cifake/train/FAKE/3990 (10).jpg,1,ai_generated,cifake,train
data/raw/cifake/train/FAKE/5330.jpg,1,ai_generated,cifake,train
data/raw/cifake/train/REAL/0526 (2).jpg,0,real,cifake,train
data/raw/cifake/train/REAL/1367 (9).jpg,0,real,cifake,train
data/raw/cifake/train/REAL/1865 (4).jpg,0,real,cifake,train
data/raw/cifake/train/FAKE/2287 (3).jpg,1,ai_generated,cifake,train
data/raw/cifake/train/REAL/3855.jpg,0,real,cifake,train
data/raw/cifake/train/REAL/4009 (3).jpg,0,real,cifake,train
data/raw/cifake/train/FAKE/2337 (8).jpg,1,ai_generated,cifake,train
data/raw/cifake/train/REAL/2085 (4).jpg,0,real,cifake,train
data/raw/cifake/train/FAKE/3077 (9).jpg,1,ai_generated,cifake,train
data/raw/cifake/train/REAL/2835 (5).jpg,0,real,cifake,train
data/raw/cifake/train/FAKE/1072 (3).jpg,1,ai_generated,cifake,train
data/raw/cifake/train/FAKE/2657 (5).jpg,1,ai_generated,cifake,train
data/raw/cifake/train/FAKE/4228 (6).jpg,1,ai_generated,cifake,train
data/raw/cifake/train/FAKE/5460 (6).jpg,1,ai_generated,cifake,train
data/raw/cifake/train/REAL/1715 (2).jpg,0,real,cifake,train
data/raw/cifake/train/REAL/4093 (5).jpg,0,real,cifake,train
data/raw/cifake/train/REAL/0894 (9).jpg,0,real,cifake,train
data/raw/cifake/train/REAL/4379 (2).jpg,0,real,cifake,train
data/raw/cifake/train/REAL/4968 (3).jpg,0,real,cifake,train
data/raw/cifake/train/REAL/3791 (8).jpg,0,real,cifake,train
data/raw/cifake/train/REAL/2894 (5).jpg,0,real,cifake,train
data/raw/cifake/train/FAKE/1491 (7).jpg,1,ai_generated,cifake,train
data/raw/cifake/train/REAL/1133 (5).jpg,0,real,cifake,train
data/raw/cifake/train/REAL/0236 (7).jpg,0,real,cifake,train
data/raw/cifake/train/REAL/1038 (3).jpg,0,real,cifake,train
data/raw/cifake/train/FAKE/1178 (7).jpg,1,ai_generated,cifake,train
data/raw/cifake/train/FAKE/5349 (2).jpg,1,ai_generated,cifake,train
data/raw/cifake/train/FAKE/4987 (3).jpg,1,ai_generated,cifake,train
data/raw/cifake/train/REAL/2648 (4).jpg,0,real,cifake,train
data/raw/cifake/train/FAKE/2032 (4).jpg,1,ai_generated,cifake,train
data/raw/cifake/train/REAL/2423 (6).jpg,0,real,cifake,train
data/raw/cifake/train/FAKE/4401 (8).jpg,1,ai_generated,cifake,train
data/raw/cifake/train/FAKE/2904 (4).jpg,1,ai_generated,cifake,train
data/raw/cifake/train/FAKE/2791 (3).jpg,1,ai_generated,cifake,train
data/raw/cifake/train/FAKE/3278 (2).jpg,1,ai_generated,cifake,train
data/raw/cifake/train/REAL/4779 (5).jpg,0,real,cifake,train
data/raw/cifake/train/FAKE/5471 (9).jpg,1,ai_generated,cifake,train
data/raw/cifake/train/REAL/3637 (5).jpg,0,real,cifake,train
data/raw/cifake/train/FAKE/4923.jpg,1,ai_generated,cifake,train
data/raw/cifake/train/FAKE/1917 (10).jpg,1,ai_generated,cifake,train
data/raw/cifake/train/FAKE/2602 (9).jpg,1,ai_generated,cifake,train
data/raw/cifake/train/FAKE/1493 (2).jpg,1,ai_generated,cifake,train
data/raw/cifake/train/FAKE/1762 (8).jpg,1,ai_generated,cifake,train
data/raw/cifake/train/REAL/0399 (10).jpg,0,real,cifake,train
data/raw/cifake/train/REAL/1486 (4).jpg,0,real,cifake,train
data/raw/cifake/train/REAL/0386 (7).jpg,0,real,cifake,train
data/raw/cifake/train/FAKE/3330 (10).jpg,1,ai_generated,cifake,train
data/raw/cifake/train/FAKE/2224 (6).jpg,1,ai_generated,cifake,train
data/raw/cifake/train/REAL/4966 (3).jpg,0,real,cifake,train
data/raw/cifake/train/FAKE/3375 (6).jpg,1,ai_generated,cifake,train
data/raw/cifake/train/FAKE/2300 (2).jpg,1,ai_generated,cifake,train
data/raw/cifake/train/FAKE/4534 (3).jpg,1,ai_generated,cifake,train
data/raw/cifake/train/FAKE/3741 (5).jpg,1,ai_generated,cifake,train
data/raw/cifake/train/REAL/1726 (7).jpg,0,real,cifake,train
data/raw/cifake/train/REAL/0154 (4).jpg,0,real,cifake,train
data/raw/cifake/train/FAKE/3814 (4).jpg,1,ai_generated,cifake,train
data/raw/cifake/train/REAL/2712 (7).jpg,0,real,cifake,train
data/raw/cifake/train/REAL/1066 (5).jpg,0,real,cifake,train
data/raw/cifake/train/REAL/2298 (10).jpg,0,real,cifake,train
data/raw/cifake/train/REAL/2425 (10).jpg,0,real,cifake,train
data/raw/cifake/train/FAKE/5777 (9).jpg,1,ai_generated,cifake,train
data/raw/cifake/train/REAL/1542 (6).jpg,0,real,cifake,train
data/raw/cifake/train/FAKE/5424 (4).jpg,1,ai_generated,cifake,train
data/raw/cifake/train/REAL/4696 (2).jpg,0,real,cifake,train
data/raw/cifake/train/FAKE/4256 (8).jpg,1,ai_generated,cifake,train
data/raw/cifake/train/FAKE/4879 (7).jpg,1,ai_generated,cifake,train
data/raw/cifake/train/FAKE/3502 (6).jpg,1,ai_generated,cifake,train
data/raw/cifake/train/REAL/0953 (4).jpg,0,real,cifake,train
data/raw/cifake/train/FAKE/2908 (5).jpg,1,ai_generated,cifake,train
data/raw/cifake/train/REAL/4048 (3).jpg,0,real,cifake,train
data/raw/cifake/train/REAL/1440 (8).jpg,0,real,cifake,train
data/raw/cifake/train/REAL/4028 (6).jpg,0,real,cifake,train
data/raw/cifake/train/FAKE/5826 (8).jpg,1,ai_generated,cifake,train
data/raw/cifake/train/FAKE/5133 (2).jpg,1,ai_generated,cifake,train
data/raw/cifake/train/FAKE/2017.jpg,1,ai_generated,cifake,train
data/raw/cifake/train/FAKE/3041 (3).jpg,1,ai_generated,cifake,train
data/raw/cifake/train/REAL/3467 (6).jpg,0,real,cifake,train
data/raw/cifake/train/REAL/1153 (9).jpg,0,real,cifake,train
data/raw/cifake/train/REAL/1718 (9).jpg,0,real,cifake,train
data/raw/cifake/train/FAKE/2294 (6).jpg,1,ai_generated,cifake,train
data/raw/cifake/train/FAKE/5816 (8).jpg,1,ai_generated,cifake,train
data/raw/cifake/train/REAL/0281 (8).jpg,0,real,cifake,train
data/raw/cifake/train/REAL/3179 (3).jpg,0,real,cifake,train
data/raw/cifake/train/REAL/1698 (2).jpg,0,real,cifake,train
data/raw/cifake/train/FAKE/3166 (8).jpg,1,ai_generated,cifake,train
data/raw/cifake/train/REAL/2924 (9).jpg,0,real,cifake,train
data/raw/cifake/train/REAL/0489 (9).jpg,0,real,cifake,train
data/raw/cifake/train/FAKE/4357 (10).jpg,1,ai_generated,cifake,train
data/raw/cifake/train/REAL/0436 (3).jpg,0,real,cifake,train
data/raw/cifake/train/REAL/4073 (2).jpg,0,real,cifake,train
data/raw/cifake/train/REAL/1600 (10).jpg,0,real,cifake,train
data/raw/cifake/train/REAL/3911 (5).jpg,0,real,cifake,train
data/raw/cifake/train/REAL/3687 (9).jpg,0,real,cifake,train
data/raw/cifake/train/FAKE/3451 (10).jpg,1,ai_generated,cifake,train
data/raw/cifake/train/FAKE/4606 (2).jpg,1,ai_generated,cifake,train
data/raw/cifake/train/REAL/0880 (7).jpg,0,real,cifake,train
data/raw/cifake/train/REAL/1120 (10).jpg,0,real,cifake,train
data/raw/cifake/train/REAL/1807 (10).jpg,0,real,cifake,train
data/raw/cifake/train/REAL/2638 (2).jpg,0,real,cifake,train
data/raw/cifake/train/REAL/4916.jpg,0,real,cifake,train
data/raw/cifake/train/REAL/2783 (6).jpg,0,real,cifake,train
data/raw/cifake/train/REAL/2037 (3).jpg,0,real,cifake,train
data/raw/cifake/train/REAL/0923 (7).jpg,0,real,cifake,train
data/raw/cifake/train/FAKE/2642 (9).jpg,1,ai_generated,cifake,train
data/raw/cifake/train/FAKE/4742.jpg,1,ai_generated,cifake,train
data/raw/cifake/train/FAKE/2510 (8).jpg,1,ai_generated,cifake,train
data/raw/cifake/train/REAL/2638.jpg,0,real,cifake,train
data/raw/cifake/train/REAL/4523 (5).jpg,0,real,cifake,train
data/raw/cifake/train/REAL/0990 (9).jpg,0,real,cifake,train
data/raw/cifake/train/FAKE/5974 (4).jpg,1,ai_generated,cifake,train
data/raw/cifake/train/REAL/4487 (10).jpg,0,real,cifake,train
data/raw/cifake/train/FAKE/5702 (8).jpg,1,ai_generated,cifake,train
data/raw/cifake/train/REAL/0349.jpg,0,real,cifake,train
data/raw/cifake/train/FAKE/1770 (4).jpg,1,ai_generated,cifake,train
data/raw/cifake/train/REAL/3862 (9).jpg,0,real,cifake,train
data/raw/cifake/train/REAL/0101.jpg,0,real,cifake,train
data/raw/cifake/train/FAKE/3001 (6).jpg,1,ai_generated,cifake,train
data/raw/cifake/train/REAL/1473.jpg,0,real,cifake,train
data/raw/cifake/train/REAL/2766.jpg,0,real,cifake,train
data/raw/cifake/train/FAKE/1712 (10).jpg,1,ai_generated,cifake,train
data/raw/cifake/train/REAL/2274 (5).jpg,0,real,cifake,train
data/raw/cifake/train/FAKE/2168.jpg,1,ai_generated,cifake,train
data/raw/cifake/train/FAKE/2103.jpg,1,ai_generated,cifake,train
data/raw/cifake/train/FAKE/3274 (3).jpg,1,ai_generated,cifake,train
data/raw/cifake/train/FAKE/2288 (2).jpg,1,ai_generated,cifake,train
data/raw/cifake/train/REAL/3007 (7).jpg,0,real,cifake,train
data/raw/cifake/train/REAL/3286 (10).jpg,0,real,cifake,train
data/raw/cifake/train/REAL/0017 (9).jpg,0,real,cifake,train
data/raw/cifake/train/REAL/0948 (6).jpg,0,real,cifake,train
data/raw/cifake/train/REAL/1311.jpg,0,real,cifake,train
data/raw/cifake/train/REAL/1763 (9).jpg,0,real,cifake,train
data/raw/cifake/train/FAKE/2024 (3).jpg,1,ai_generated,cifake,train
data/raw/cifake/train/REAL/3388 (9).jpg,0,real,cifake,train
data/raw/cifake/train/FAKE/5809 (10).jpg,1,ai_generated,cifake,train
data/raw/cifake/train/FAKE/1610 (7).jpg,1,ai_generated,cifake,train
data/raw/cifake/train/REAL/2248 (2).jpg,0,real,cifake,train
data/raw/cifake/train/REAL/2191 (7).jpg,0,real,cifake,train
data/raw/cifake/train/FAKE/5134 (7).jpg,1,ai_generated,cifake,train
data/raw/cifake/train/FAKE/1766 (2).jpg,1,ai_generated,cifake,train
data/raw/cifake/train/REAL/1593 (8).jpg,0,real,cifake,train
data/raw/cifake/train/FAKE/4285 (5).jpg,1,ai_generated,cifake,train
data/raw/cifake/train/REAL/1254 (7).jpg,0,real,cifake,train
data/raw/cifake/train/REAL/3743 (2).jpg,0,real,cifake,train
data/raw/cifake/train/REAL/2959 (9).jpg,0,real,cifake,train
data/raw/cifake/train/FAKE/4410 (8).jpg,1,ai_generated,cifake,train
data/raw/cifake/train/REAL/4678 (4).jpg,0,real,cifake,train
data/raw/cifake/train/REAL/0908 (6).jpg,0,real,cifake,train
data/raw/cifake/train/REAL/1067 (4).jpg,0,real,cifake,train
data/raw/cifake/train/FAKE/1420 (8).jpg,1,ai_generated,cifake,train
data/raw/cifake/train/FAKE/5673 (6).jpg,1,ai_generated,cifake,train
data/raw/cifake/train/REAL/3568 (8).jpg,0,real,cifake,train
data/raw/cifake/train/REAL/4630 (3).jpg,0,real,cifake,train
data/raw/cifake/train/REAL/0820 (7).jpg,0,real,cifake,train
data/raw/cifake/train/FAKE/4777 (2).jpg,1,ai_generated,cifake,train
data/raw/cifake/train/REAL/4089 (8).jpg,0,real,cifake,train
data/raw/cifake/train/FAKE/1546.jpg,1,ai_generated,cifake,train
data/raw/cifake/train/FAKE/5592.jpg,1,ai_generated,cifake,train
data/raw/cifake/train/FAKE/3143 (9).jpg,1,ai_generated,cifake,train
data/raw/cifake/train/REAL/2430 (6).jpg,0,real,cifake,train
data/raw/cifake/train/FAKE/3700 (10).jpg,1,ai_generated,cifake,train
data/raw/cifake/train/REAL/0516 (10).jpg,0,real,cifake,train
data/raw/cifake/train/FAKE/4296 (9).jpg,1,ai_generated,cifake,train
data/raw/cifake/train/REAL/3490 (3).jpg,0,real,cifake,train
data/raw/cifake/train/FAKE/1200 (7).jpg,1,ai_generated,cifake,train
data/raw/cifake/train/FAKE/1427 (9).jpg,1,ai_generated,cifake,train
data/raw/cifake/train/FAKE/1707 (7).jpg,1,ai_generated,cifake,train
data/raw/cifake/train/REAL/4748 (2).jpg,0,real,cifake,train
data/raw/cifake/train/REAL/1610 (6).jpg,0,real,cifake,train
data/raw/cifake/train/REAL/1221 (3).jpg,0,real,cifake,train
data/raw/cifake/train/REAL/4807 (8).jpg,0,real,cifake,train
data/raw/cifake/train/FAKE/2401.jpg,1,ai_generated,cifake,train
data/raw/cifake/train/REAL/4959 (9).jpg,0,real,cifake,train
data/raw/cifake/train/FAKE/5286.jpg,1,ai_generated,cifake,train
data/raw/cifake/train/FAKE/1974 (6).jpg,1,ai_generated,cifake,train
data/raw/cifake/train/FAKE/2095 (2).jpg,1,ai_generated,cifake,train
data/raw/cifake/train/FAKE/5651 (5).jpg,1,ai_generated,cifake,train
data/raw/cifake/train/FAKE/4629 (10).jpg,1,ai_generated,cifake,train
data/raw/cifake/train/FAKE/5176 (2).jpg,1,ai_generated,cifake,train
data/raw/cifake/train/FAKE/1491 (4).jpg,1,ai_generated,cifake,train
data/raw/cifake/train/FAKE/1949.jpg,1,ai_generated,cifake,train
data/raw/cifake/train/FAKE/2260 (5).jpg,1,ai_generated,cifake,train
data/raw/cifake/train/FAKE/1161 (9).jpg,1,ai_generated,cifake,train
data/raw/cifake/train/REAL/1663.jpg,0,real,cifake,train
data/raw/cifake/train/REAL/1670 (6).jpg,0,real,cifake,train
data/raw/cifake/train/FAKE/4257 (9).jpg,1,ai_generated,cifake,train
data/raw/cifake/train/FAKE/4296 (8).jpg,1,ai_generated,cifake,train
data/raw/cifake/train/FAKE/4660.jpg,1,ai_generated,cifake,train
data/raw/cifake/train/FAKE/5349 (7).jpg,1,ai_generated,cifake,train
data/raw/cifake/train/FAKE/4622 (7).jpg,1,ai_generated,cifake,train
data/raw/cifake/train/FAKE/2824 (6).jpg,1,ai_generated,cifake,train
data/raw/cifake/train/REAL/2545 (10).jpg,0,real,cifake,train
data/raw/cifake/train/REAL/4937 (3).jpg,0,real,cifake,train
data/raw/cifake/train/FAKE/1529 (8).jpg,1,ai_generated,cifake,train
data/raw/cifake/train/FAKE/4124 (3).jpg,1,ai_generated,cifake,train
data/raw/cifake/train/REAL/4603 (3).jpg,0,real,cifake,train
data/raw/cifake/train/FAKE/5689 (9).jpg,1,ai_generated,cifake,train
data/raw/cifake/train/FAKE/4428 (4).jpg,1,ai_generated,cifake,train
data/raw/cifake/train/FAKE/4583 (8).jpg,1,ai_generated,cifake,train
data/raw/cifake/train/REAL/0101 (3).jpg,0,real,cifake,train
data/raw/cifake/train/REAL/2520 (6).jpg,0,real,cifake,train
data/raw/cifake/train/REAL/4654 (3).jpg,0,real,cifake,train
data/raw/cifake/train/REAL/0094 (3).jpg,0,real,cifake,train
data/raw/cifake/train/FAKE/3079 (8).jpg,1,ai_generated,cifake,train
data/raw/cifake/train/FAKE/4165 (6).jpg,1,ai_generated,cifake,train
data/raw/cifake/train/FAKE/3968 (8).jpg,1,ai_generated,cifake,train
data/raw/cifake/train/FAKE/2127 (6).jpg,1,ai_generated,cifake,train
data/raw/cifake/train/FAKE/1914 (3).jpg,1,ai_generated,cifake,train
data/raw/cifake/train/REAL/3418 (6).jpg,0,real,cifake,train
data/raw/cifake/train/FAKE/3781 (7).jpg,1,ai_generated,cifake,train
data/raw/cifake/train/REAL/2520 (8).jpg,0,real,cifake,train
data/raw/cifake/train/REAL/4257 (6).jpg,0,real,cifake,train
data/raw/cifake/train/REAL/2529 (4).jpg,0,real,cifake,train
data/raw/cifake/train/FAKE/4564 (7).jpg,1,ai_generated,cifake,train
data/raw/cifake/train/FAKE/3813 (5).jpg,1,ai_generated,cifake,train
data/raw/cifake/train/FAKE/3178 (10).jpg,1,ai_generated,cifake,train
data/raw/cifake/train/REAL/3678 (10).jpg,0,real,cifake,train
data/raw/cifake/train/REAL/4405.jpg,0,real,cifake,train
data/raw/cifake/train/REAL/2302 (8).jpg,0,real,cifake,train
data/raw/cifake/train/FAKE/4146 (6).jpg,1,ai_generated,cifake,train
data/raw/cifake/train/FAKE/2582 (5).jpg,1,ai_generated,cifake,train
data/raw/cifake/train/FAKE/3826 (10).jpg,1,ai_generated,cifake,train
data/raw/cifake/train/REAL/3822 (6).jpg,0,real,cifake,train
data/raw/cifake/train/FAKE/3016 (5).jpg,1,ai_generated,cifake,train
data/raw/cifake/train/REAL/1763 (2).jpg,0,real,cifake,train
data/raw/cifake/train/FAKE/1806 (5).jpg,1,ai_generated,cifake,train
data/raw/cifake/train/REAL/4361 (8).jpg,0,real,cifake,train
data/raw/cifake/train/REAL/0551 (7).jpg,0,real,cifake,train
data/raw/cifake/train/FAKE/1419 (7).jpg,1,ai_generated,cifake,train
data/raw/cifake/train/FAKE/2961 (10).jpg,1,ai_generated,cifake,train
data/raw/cifake/train/FAKE/4573 (7).jpg,1,ai_generated,cifake,train
data/raw/cifake/train/REAL/2977 (10).jpg,0,real,cifake,train
data/raw/cifake/train/REAL/0380.jpg,0,real,cifake,train
data/raw/cifake/train/REAL/4422 (2).jpg,0,real,cifake,train
data/raw/cifake/train/REAL/0986 (10).jpg,0,real,cifake,train
data/raw/cifake/train/REAL/3237 (8).jpg,0,real,cifake,train
data/raw/cifake/train/REAL/4553 (2).jpg,0,real,cifake,train
data/raw/cifake/train/REAL/0031 (2).jpg,0,real,cifake,train
data/raw/cifake/train/FAKE/4821.jpg,1,ai_generated,cifake,train
data/raw/cifake/train/REAL/4826 (5).jpg,0,real,cifake,train
data/raw/cifake/train/REAL/0319 (2).jpg,0,real,cifake,train
data/raw/cifake/train/REAL/0309 (5).jpg,0,real,cifake,train
data/raw/cifake/train/REAL/2203 (7).jpg,0,real,cifake,train
data/raw/cifake/train/REAL/0417 (8).jpg,0,real,cifake,train
data/raw/cifake/train/FAKE/2896 (10).jpg,1,ai_generated,cifake,train
data/raw/cifake/train/FAKE/5977 (4).jpg,1,ai_generated,cifake,train
data/raw/cifake/train/REAL/1674 (10).jpg,0,real,cifake,train
data/raw/cifake/train/REAL/2359 (2).jpg,0,real,cifake,train
data/raw/cifake/train/FAKE/1666 (9).jpg,1,ai_generated,cifake,train
data/raw/cifake/train/REAL/0296 (2).jpg,0,real,cifake,train
data/raw/cifake/train/FAKE/3331 (3).jpg,1,ai_generated,cifake,train
data/raw/cifake/train/FAKE/1125 (4).jpg,1,ai_generated,cifake,train
data/raw/cifake/train/REAL/2544 (10).jpg,0,real,cifake,train
data/raw/cifake/train/FAKE/5853.jpg,1,ai_generated,cifake,train
data/raw/cifake/train/FAKE/3845.jpg,1,ai_generated,cifake,train
data/raw/cifake/train/REAL/0443 (7).jpg,0,real,cifake,train
data/raw/cifake/train/REAL/1648 (10).jpg,0,real,cifake,train
data/raw/cifake/train/FAKE/5042 (2).jpg,1,ai_generated,cifake,train
data/raw/cifake/train/FAKE/4185 (9).jpg,1,ai_generated,cifake,train
data/raw/cifake/train/REAL/2005 (6).jpg,0,real,cifake,train
data/raw/cifake/train/REAL/3583 (9).jpg,0,real,cifake,train
data/raw/cifake/train/REAL/4193 (4).jpg,0,real,cifake,train
data/raw/cifake/train/REAL/4369 (10).jpg,0,real,cifake,train
data/raw/cifake/train/REAL/3695 (8).jpg,0,real,cifake,train
data/raw/cifake/train/REAL/4468 (5).jpg,0,real,cifake,train
data/raw/cifake/train/REAL/4533.jpg,0,real,cifake,train
data/raw/cifake/train/FAKE/5166 (5).jpg,1,ai_generated,cifake,train
data/raw/cifake/train/REAL/4782 (6).jpg,0,real,cifake,train
data/raw/cifake/train/FAKE/2560 (3).jpg,1,ai_generated,cifake,train
data/raw/cifake/train/REAL/1347 (6).jpg,0,real,cifake,train
data/raw/cifake/train/FAKE/1303 (4).jpg,1,ai_generated,cifake,train
data/raw/cifake/train/FAKE/5466 (5).jpg,1,ai_generated,cifake,train
data/raw/cifake/train/FAKE/5175 (10).jpg,1,ai_generated,cifake,train
data/raw/cifake/train/FAKE/2898 (7).jpg,1,ai_generated,cifake,train
data/raw/cifake/train/FAKE/2813 (3).jpg,1,ai_generated,cifake,train
data/raw/cifake/train/REAL/0206 (8).jpg,0,real,cifake,train
data/raw/cifake/train/REAL/4812 (7).jpg,0,real,cifake,train
data/raw/cifake/train/FAKE/4464 (8).jpg,1,ai_generated,cifake,train
data/raw/cifake/train/FAKE/5551 (8).jpg,1,ai_generated,cifake,train
data/raw/cifake/train/REAL/2416.jpg,0,real,cifake,train
data/raw/cifake/train/REAL/2863 (9).jpg,0,real,cifake,train
data/raw/cifake/train/FAKE/5617 (6).jpg,1,ai_generated,cifake,train
data/raw/cifake/train/REAL/4604 (7).jpg,0,real,cifake,train
data/raw/cifake/train/REAL/0401 (10).jpg,0,real,cifake,train
data/raw/cifake/train/REAL/4341.jpg,0,real,cifake,train
data/raw/cifake/train/REAL/2344 (8).jpg,0,real,cifake,train
data/raw/cifake/train/REAL/2975 (10).jpg,0,real,cifake,train
data/raw/cifake/train/REAL/0590 (3).jpg,0,real,cifake,train
data/raw/cifake/train/FAKE/1388 (2).jpg,1,ai_generated,cifake,train
data/raw/cifake/train/REAL/2870 (6).jpg,0,real,cifake,train
data/raw/cifake/train/REAL/3670 (9).jpg,0,real,cifake,train
data/raw/cifake/train/FAKE/1695 (10).jpg,1,ai_generated,cifake,train
data/raw/cifake/train/REAL/4915 (4).jpg,0,real,cifake,train
data/raw/cifake/train/FAKE/5160 (10).jpg,1,ai_generated,cifake,train
data/raw/cifake/train/FAKE/2500 (5).jpg,1,ai_generated,cifake,train
data/raw/cifake/train/FAKE/2524 (6).jpg,1,ai_generated,cifake,train
data/raw/cifake/train/FAKE/2836 (8).jpg,1,ai_generated,cifake,train
data/raw/cifake/train/REAL/2889 (9).jpg,0,real,cifake,train
data/raw/cifake/train/FAKE/5551 (2).jpg,1,ai_generated,cifake,train
data/raw/cifake/train/REAL/0334 (10).jpg,0,real,cifake,train
data/raw/cifake/train/FAKE/4702 (9).jpg,1,ai_generated,cifake,train
data/raw/cifake/train/REAL/3240 (2).jpg,0,real,cifake,train
data/raw/cifake/train/REAL/3978 (8).jpg,0,real,cifake,train
data/raw/cifake/train/FAKE/2240 (8).jpg,1,ai_generated,cifake,train
data/raw/cifake/train/FAKE/1897 (6).jpg,1,ai_generated,cifake,train
data/raw/cifake/train/FAKE/4456 (3).jpg,1,ai_generated,cifake,train
data/raw/cifake/train/FAKE/2723 (10).jpg,1,ai_generated,cifake,train
data/raw/cifake/train/REAL/0929 (10).jpg,0,real,cifake,train
data/raw/cifake/train/FAKE/2903 (5).jpg,1,ai_generated,cifake,train
data/raw/cifake/train/FAKE/1152 (7).jpg,1,ai_generated,cifake,train
data/raw/cifake/train/FAKE/3560 (3).jpg,1,ai_generated,cifake,train
data/raw/cifake/train/REAL/1646 (5).jpg,0,real,cifake,train
data/raw/cifake/train/REAL/2991 (3).jpg,0,real,cifake,train
data/raw/cifake/train/REAL/2971 (4).jpg,0,real,cifake,train
data/raw/cifake/train/FAKE/3546 (10).jpg,1,ai_generated,cifake,train
data/raw/cifake/train/REAL/0243 (7).jpg,0,real,cifake,train
data/raw/cifake/train/REAL/3992 (7).jpg,0,real,cifake,train
data/raw/cifake/train/FAKE/3467 (5).jpg,1,ai_generated,cifake,train
data/raw/cifake/train/REAL/2061 (4).jpg,0,real,cifake,train
data/raw/cifake/train/REAL/0319 (7).jpg,0,real,cifake,train
data/raw/cifake/train/FAKE/2368 (5).jpg,1,ai_generated,cifake,train
data/raw/cifake/train/REAL/4947 (10).jpg,0,real,cifake,train
data/raw/cifake/train/REAL/4537 (5).jpg,0,real,cifake,train
data/raw/cifake/train/FAKE/5007 (9).jpg,1,ai_generated,cifake,train
data/raw/cifake/train/FAKE/4513 (8).jpg,1,ai_generated,cifake,train
data/raw/cifake/train/REAL/0568.jpg,0,real,cifake,train
data/raw/cifake/train/REAL/2642 (6).jpg,0,real,cifake,train
data/raw/cifake/train/REAL/1886 (8).jpg,0,real,cifake,train
data/raw/cifake/train/REAL/0874 (6).jpg,0,real,cifake,train
data/raw/cifake/train/REAL/4176 (5).jpg,0,real,cifake,train
data/raw/cifake/train/FAKE/2100 (8).jpg,1,ai_generated,cifake,train
data/raw/cifake/train/REAL/1071 (6).jpg,0,real,cifake,train
data/raw/cifake/train/FAKE/4700 (2).jpg,1,ai_generated,cifake,train
data/raw/cifake/train/REAL/3956 (4).jpg,0,real,cifake,train
data/raw/cifake/train/REAL/3946 (5).jpg,0,real,cifake,train
data/raw/cifake/train/FAKE/3949 (3).jpg,1,ai_generated,cifake,train
data/raw/cifake/train/REAL/4254 (8).jpg,0,real,cifake,train
data/raw/cifake/train/REAL/2960 (10).jpg,0,real,cifake,train
data/raw/cifake/train/REAL/0941 (3).jpg,0,real,cifake,train
data/raw/cifake/train/FAKE/2643 (7).jpg,1,ai_generated,cifake,train
data/raw/cifake/train/REAL/4644 (6).jpg,0,real,cifake,train
data/raw/cifake/train/REAL/3472 (6).jpg,0,real,cifake,train
data/raw/cifake/train/FAKE/4684 (2).jpg,1,ai_generated,cifake,train
data/raw/cifake/train/REAL/2821 (7).jpg,0,real,cifake,train
data/raw/cifake/train/REAL/2353 (8).jpg,0,real,cifake,train
data/raw/cifake/train/FAKE/2914 (7).jpg,1,ai_generated,cifake,train
data/raw/cifake/train/FAKE/2370 (9).jpg,1,ai_generated,cifake,train
data/raw/cifake/train/FAKE/3790 (2).jpg,1,ai_generated,cifake,train
data/raw/cifake/train/REAL/0080 (5).jpg,0,real,cifake,train
data/raw/cifake/train/REAL/3119 (7).jpg,0,real,cifake,train
data/raw/cifake/train/REAL/2350 (9).jpg,0,real,cifake,train
data/raw/cifake/train/REAL/3897 (6).jpg,0,real,cifake,train
data/raw/cifake/train/REAL/4106 (3).jpg,0,real,cifake,train
data/raw/cifake/train/FAKE/1393 (6).jpg,1,ai_generated,cifake,train
data/raw/cifake/train/REAL/3282.jpg,0,real,cifake,train
data/raw/cifake/train/FAKE/4264 (6).jpg,1,ai_generated,cifake,train
data/raw/cifake/train/REAL/0861 (6).jpg,0,real,cifake,train
data/raw/cifake/train/REAL/4125 (4).jpg,0,real,cifake,train
data/raw/cifake/train/FAKE/2051 (8).jpg,1,ai_generated,cifake,train
data/raw/cifake/train/REAL/4627 (4).jpg,0,real,cifake,train
data/raw/cifake/train/REAL/1786 (2).jpg,0,real,cifake,train
data/raw/cifake/train/FAKE/2662 (2).jpg,1,ai_generated,cifake,train
data/raw/cifake/train/REAL/0686 (2).jpg,0,real,cifake,train
data/raw/cifake/train/FAKE/1378 (5).jpg,1,ai_generated,cifake,train
data/raw/cifake/train/FAKE/5077 (3).jpg,1,ai_generated,cifake,train
data/raw/cifake/train/FAKE/1794 (3).jpg,1,ai_generated,cifake,train
data/raw/cifake/train/REAL/2210 (4).jpg,0,real,cifake,train
data/raw/cifake/train/FAKE/3276 (2).jpg,1,ai_generated,cifake,train
data/raw/cifake/train/FAKE/2738 (4).jpg,1,ai_generated,cifake,train
data/raw/cifake/train/REAL/4379 (8).jpg,0,real,cifake,train
data/raw/cifake/train/REAL/3114 (6).jpg,0,real,cifake,train
data/raw/cifake/train/REAL/2074 (7).jpg,0,real,cifake,train
data/raw/cifake/train/FAKE/1021 (10).jpg,1,ai_generated,cifake,train
data/raw/cifake/train/REAL/2076 (2).jpg,0,real,cifake,train
data/raw/cifake/train/REAL/2935 (5).jpg,0,real,cifake,train
data/raw/cifake/train/REAL/3049 (6).jpg,0,real,cifake,train
data/raw/cifake/train/FAKE/3098 (10).jpg,1,ai_generated,cifake,train
data/raw/cifake/train/REAL/0636 (10).jpg,0,real,cifake,train
data/raw/cifake/train/FAKE/5047 (7).jpg,1,ai_generated,cifake,train
data/raw/cifake/train/REAL/1814 (10).jpg,0,real,cifake,train
data/raw/cifake/train/REAL/4847 (3).jpg,0,real,cifake,train
data/raw/cifake/train/FAKE/3204 (5).jpg,1,ai_generated,cifake,train
data/raw/cifake/train/REAL/0654 (3).jpg,0,real,cifake,train
data/raw/cifake/train/REAL/4996 (8).jpg,0,real,cifake,train
data/raw/cifake/train/FAKE/2565 (6).jpg,1,ai_generated,cifake,train
data/raw/cifake/train/FAKE/3158 (8).jpg,1,ai_generated,cifake,train
data/raw/cifake/train/FAKE/2749.jpg,1,ai_generated,cifake,train
data/raw/cifake/train/REAL/1000 (5).jpg,0,real,cifake,train
data/raw/cifake/train/FAKE/5619 (7).jpg,1,ai_generated,cifake,train
data/raw/cifake/train/REAL/3024 (4).jpg,0,real,cifake,train
data/raw/cifake/train/FAKE/2567 (8).jpg,1,ai_generated,cifake,train
data/raw/cifake/train/FAKE/3223 (8).jpg,1,ai_generated,cifake,train
data/raw/cifake/train/REAL/1837 (7).jpg,0,real,cifake,train
data/raw/cifake/train/FAKE/2192 (5).jpg,1,ai_generated,cifake,train
data/raw/cifake/train/FAKE/4595 (4).jpg,1,ai_generated,cifake,train
data/raw/cifake/train/REAL/1695 (8).jpg,0,real,cifake,train
data/raw/cifake/train/REAL/1299 (9).jpg,0,real,cifake,train
data/raw/cifake/train/REAL/0861 (7).jpg,0,real,cifake,train
data/raw/cifake/train/REAL/3521 (4).jpg,0,real,cifake,train
data/raw/cifake/train/REAL/3275 (3).jpg,0,real,cifake,train
data/raw/cifake/train/REAL/2097 (10).jpg,0,real,cifake,train
data/raw/cifake/train/FAKE/4079 (9).jpg,1,ai_generated,cifake,train
data/raw/cifake/train/FAKE/3859 (9).jpg,1,ai_generated,cifake,train
data/raw/cifake/train/FAKE/4022.jpg,1,ai_generated,cifake,train
data/raw/cifake/train/FAKE/5341 (9).jpg,1,ai_generated,cifake,train
data/raw/cifake/train/REAL/0319 (4).jpg,0,real,cifake,train
data/raw/cifake/train/FAKE/3420 (3).jpg,1,ai_generated,cifake,train
data/raw/cifake/train/FAKE/2819.jpg,1,ai_generated,cifake,train
data/raw/cifake/train/FAKE/3316 (9).jpg,1,ai_generated,cifake,train
data/raw/cifake/train/REAL/4546 (3).jpg,0,real,cifake,train
data/raw/cifake/train/REAL/2128 (10).jpg,0,real,cifake,train
data/raw/cifake/train/REAL/3093 (3).jpg,0,real,cifake,train
data/raw/cifake/train/FAKE/3770.jpg,1,ai_generated,cifake,train
data/raw/cifake/train/FAKE/5799.jpg,1,ai_generated,cifake,train
data/raw/cifake/train/FAKE/2041 (4).jpg,1,ai_generated,cifake,train
data/raw/cifake/train/FAKE/2805 (5).jpg,1,ai_generated,cifake,train
data/raw/cifake/train/REAL/4184 (3).jpg,0,real,cifake,train
data/raw/cifake/train/REAL/4950 (5).jpg,0,real,cifake,train
data/raw/cifake/train/REAL/1672 (5).jpg,0,real,cifake,train
data/raw/cifake/train/FAKE/1115.jpg,1,ai_generated,cifake,train
data/raw/cifake/train/FAKE/2774 (3).jpg,1,ai_generated,cifake,train
data/raw/cifake/train/REAL/4946 (7).jpg,0,real,cifake,train
data/raw/cifake/train/FAKE/5622 (3).jpg,1,ai_generated,cifake,train
data/raw/cifake/train/REAL/1812 (5).jpg,0,real,cifake,train
data/raw/cifake/train/REAL/3127 (7).jpg,0,real,cifake,train
data/raw/cifake/train/REAL/1260 (5).jpg,0,real,cifake,train
data/raw/cifake/train/FAKE/4338 (9).jpg,1,ai_generated,cifake,train
data/raw/cifake/train/FAKE/3233 (6).jpg,1,ai_generated,cifake,train
data/raw/cifake/train/REAL/2173 (3).jpg,0,real,cifake,train
data/raw/cifake/train/FAKE/1411 (7).jpg,1,ai_generated,cifake,train
data/raw/cifake/train/FAKE/3184 (10).jpg,1,ai_generated,cifake,train
data/raw/cifake/train/REAL/0219 (4).jpg,0,real,cifake,train
data/raw/cifake/train/FAKE/1899 (6).jpg,1,ai_generated,cifake,train
data/raw/cifake/train/REAL/3041 (9).jpg,0,real,cifake,train
data/raw/cifake/train/FAKE/5898 (6).jpg,1,ai_generated,cifake,train
data/raw/cifake/train/FAKE/1438 (7).jpg,1,ai_generated,cifake,train
data/raw/cifake/train/FAKE/5262.jpg,1,ai_generated,cifake,train
data/raw/cifake/train/REAL/2723.jpg,0,real,cifake,train
data/raw/cifake/train/REAL/0158 (2).jpg,0,real,cifake,train
data/raw/cifake/train/FAKE/4237 (10).jpg,1,ai_generated,cifake,train
data/raw/cifake/train/REAL/0802 (2).jpg,0,real,cifake,train
data/raw/cifake/train/REAL/3740 (2).jpg,0,real,cifake,train
data/raw/cifake/train/REAL/3695 (10).jpg,0,real,cifake,train
data/raw/cifake/train/FAKE/3629 (4).jpg,1,ai_generated,cifake,train
data/raw/cifake/train/FAKE/2405.jpg,1,ai_generated,cifake,train
data/raw/cifake/train/FAKE/5851 (10).jpg,1,ai_generated,cifake,train
data/raw/cifake/train/REAL/0721 (10).jpg,0,real,cifake,train
data/raw/cifake/train/FAKE/3182 (2).jpg,1,ai_generated,cifake,train
data/raw/cifake/train/REAL/0939 (3).jpg,0,real,cifake,train
data/raw/cifake/train/FAKE/5010 (8).jpg,1,ai_generated,cifake,train
data/raw/cifake/train/FAKE/4491 (7).jpg,1,ai_generated,cifake,train
data/raw/cifake/train/FAKE/4915 (3).jpg,1,ai_generated,cifake,train
data/raw/cifake/train/FAKE/3238 (2).jpg,1,ai_generated,cifake,train
data/raw/cifake/train/REAL/0650 (10).jpg,0,real,cifake,train
data/raw/cifake/train/FAKE/3389 (7).jpg,1,ai_generated,cifake,train
data/raw/cifake/train/FAKE/4842 (2).jpg,1,ai_generated,cifake,train
data/raw/cifake/train/REAL/3211 (6).jpg,0,real,cifake,train
data/raw/cifake/train/FAKE/4116 (9).jpg,1,ai_generated,cifake,train
data/raw/cifake/train/FAKE/4874.jpg,1,ai_generated,cifake,train
data/raw/cifake/train/FAKE/3075 (8).jpg,1,ai_generated,cifake,train
data/raw/cifake/train/FAKE/2412 (3).jpg,1,ai_generated,cifake,train
data/raw/cifake/train/FAKE/3972 (2).jpg,1,ai_generated,cifake,train
data/raw/cifake/train/FAKE/4052 (10).jpg,1,ai_generated,cifake,train
data/raw/cifake/train/FAKE/2182 (9).jpg,1,ai_generated,cifake,train
data/raw/cifake/train/FAKE/2316 (3).jpg,1,ai_generated,cifake,train
data/raw/cifake/train/FAKE/3160 (10).jpg,1,ai_generated,cifake,train
data/raw/cifake/train/FAKE/1333 (6).jpg,1,ai_generated,cifake,train
data/raw/cifake/train/FAKE/5323 (9).jpg,1,ai_generated,cifake,train
data/raw/cifake/train/REAL/2628 (10).jpg,0,real,cifake,train
data/raw/cifake/train/FAKE/2526 (8).jpg,1,ai_generated,cifake,train
data/raw/cifake/train/FAKE/5122 (2).jpg,1,ai_generated,cifake,train
data/raw/cifake/train/FAKE/1404 (7).jpg,1,ai_generated,cifake,train
data/raw/cifake/train/FAKE/1703 (8).jpg,1,ai_generated,cifake,train
data/raw/cifake/train/REAL/4351 (9).jpg,0,real,cifake,train
data/raw/cifake/train/REAL/0164 (5).jpg,0,real,cifake,train
data/raw/cifake/train/REAL/1728 (3).jpg,0,real,cifake,train
data/raw/cifake/train/FAKE/3877 (7).jpg,1,ai_generated,cifake,train
data/raw/cifake/train/REAL/4894 (3).jpg,0,real,cifake,train
data/raw/cifake/train/FAKE/1922 (8).jpg,1,ai_generated,cifake,train
data/raw/cifake/train/FAKE/1882 (7).jpg,1,ai_generated,cifake,train
data/raw/cifake/train/REAL/2406 (9).jpg,0,real,cifake,train
data/raw/cifake/train/FAKE/1195 (3).jpg,1,ai_generated,cifake,train
data/raw/cifake/train/REAL/4368 (5).jpg,0,real,cifake,train
data/raw/cifake/train/REAL/3179 (4).jpg,0,real,cifake,train
data/raw/cifake/train/REAL/2588 (9).jpg,0,real,cifake,train
data/raw/cifake/train/REAL/0022 (3).jpg,0,real,cifake,train
data/raw/cifake/train/FAKE/5930 (2).jpg,1,ai_generated,cifake,train
data/raw/cifake/train/REAL/1302 (9).jpg,0,real,cifake,train
data/raw/cifake/train/REAL/1943 (10).jpg,0,real,cifake,train
data/raw/cifake/train/FAKE/3628 (5).jpg,1,ai_generated,cifake,train
data/raw/cifake/train/FAKE/1878 (4).jpg,1,ai_generated,cifake,train
data/raw/cifake/train/REAL/1933 (9).jpg,0,real,cifake,train
data/raw/cifake/train/REAL/2750 (4).jpg,0,real,cifake,train
data/raw/cifake/train/FAKE/4081 (6).jpg,1,ai_generated,cifake,train
data/raw/cifake/train/FAKE/1418 (9).jpg,1,ai_generated,cifake,train
data/raw/cifake/train/REAL/1543 (5).jpg,0,real,cifake,train
data/raw/cifake/train/REAL/3757 (2).jpg,0,real,cifake,train
data/raw/cifake/train/REAL/2967 (5).jpg,0,real,cifake,train
data/raw/cifake/train/FAKE/4800 (3).jpg,1,ai_generated,cifake,train
data/raw/cifake/train/FAKE/5341 (6).jpg,1,ai_generated,cifake,train
data/raw/cifake/train/FAKE/3400 (9).jpg,1,ai_generated,cifake,train
data/raw/cifake/train/FAKE/5908 (5).jpg,1,ai_generated,cifake,train
data/raw/cifake/train/FAKE/3890 (4).jpg,1,ai_generated,cifake,train
data/raw/cifake/train/FAKE/1145 (9).jpg,1,ai_generated,cifake,train
data/raw/cifake/train/FAKE/2561 (10).jpg,1,ai_generated,cifake,train
data/raw/cifake/train/REAL/2487 (10).jpg,0,real,cifake,train
data/raw/cifake/train/FAKE/5435 (7).jpg,1,ai_generated,cifake,train
data/raw/cifake/train/FAKE/3294 (4).jpg,1,ai_generated,cifake,train
data/raw/cifake/train/REAL/3623 (4).jpg,0,real,cifake,train
data/raw/cifake/train/FAKE/2340 (9).jpg,1,ai_generated,cifake,train
data/raw/cifake/train/FAKE/1411 (5).jpg,1,ai_generated,cifake,train
data/raw/cifake/train/REAL/0543 (9).jpg,0,real,cifake,train
data/raw/cifake/train/REAL/4308 (7).jpg,0,real,cifake,train
data/raw/cifake/train/FAKE/4092.jpg,1,ai_generated,cifake,train
data/raw/cifake/train/REAL/2565.jpg,0,real,cifake,train
data/raw/cifake/train/REAL/4928 (10).jpg,0,real,cifake,train
data/raw/cifake/train/FAKE/2625.jpg,1,ai_generated,cifake,train
data/raw/cifake/train/FAKE/5630.jpg,1,ai_generated,cifake,train
data/raw/cifake/train/FAKE/2615 (2).jpg,1,ai_generated,cifake,train
data/raw/cifake/train/FAKE/4963 (10).jpg,1,ai_generated,cifake,train
data/raw/cifake/train/REAL/1225 (7).jpg,0,real,cifake,train
data/raw/cifake/train/REAL/1696 (2).jpg,0,real,cifake,train
data/raw/cifake/train/FAKE/5875 (8).jpg,1,ai_generated,cifake,train
data/raw/cifake/train/REAL/3684 (5).jpg,0,real,cifake,train
data/raw/cifake/train/REAL/1451 (4).jpg,0,real,cifake,train
data/raw/cifake/train/REAL/3318 (2).jpg,0,real,cifake,train
data/raw/cifake/train/REAL/0909 (4).jpg,0,real,cifake,train
data/raw/cifake/train/REAL/0514.jpg,0,real,cifake,train
data/raw/cifake/train/FAKE/1662 (10).jpg,1,ai_generated,cifake,train
data/raw/cifake/train/FAKE/3118 (3).jpg,1,ai_generated,cifake,train
data/raw/cifake/train/REAL/1807 (8).jpg,0,real,cifake,train
data/raw/cifake/train/REAL/0237 (7).jpg,0,real,cifake,train
data/raw/cifake/train/FAKE/4809 (8).jpg,1,ai_generated,cifake,train
data/raw/cifake/train/REAL/1269 (2).jpg,0,real,cifake,train
data/raw/cifake/train/FAKE/1497 (5).jpg,1,ai_generated,cifake,train
data/raw/cifake/train/REAL/2902 (4).jpg,0,real,cifake,train
data/raw/cifake/train/REAL/1076 (2).jpg,0,real,cifake,train
data/raw/cifake/train/REAL/4323 (7).jpg,0,real,cifake,train
data/raw/cifake/train/FAKE/5395 (5).jpg,1,ai_generated,cifake,train
data/raw/cifake/train/REAL/4047 (2).jpg,0,real,cifake,train
data/raw/cifake/train/FAKE/4293 (3).jpg,1,ai_generated,cifake,train
data/raw/cifake/train/FAKE/1430.jpg,1,ai_generated,cifake,train
data/raw/cifake/train/REAL/3789 (4).jpg,0,real,cifake,train
data/raw/cifake/train/FAKE/3747 (6).jpg,1,ai_generated,cifake,train
data/raw/cifake/train/FAKE/2285 (7).jpg,1,ai_generated,cifake,train
data/raw/cifake/train/FAKE/5464 (9).jpg,1,ai_generated,cifake,train
data/raw/cifake/train/FAKE/3354 (7).jpg,1,ai_generated,cifake,train
data/raw/cifake/train/FAKE/4367 (7).jpg,1,ai_generated,cifake,train
data/raw/cifake/train/REAL/1494 (5).jpg,0,real,cifake,train
data/raw/cifake/train/FAKE/2291 (7).jpg,1,ai_generated,cifake,train
data/raw/cifake/train/REAL/2998 (10).jpg,0,real,cifake,train
data/raw/cifake/train/FAKE/5416 (6).jpg,1,ai_generated,cifake,train
data/raw/cifake/train/FAKE/5024 (6).jpg,1,ai_generated,cifake,train
data/raw/cifake/train/REAL/1236.jpg,0,real,cifake,train
data/raw/cifake/train/REAL/3097 (5).jpg,0,real,cifake,train
data/raw/cifake/train/REAL/3402 (9).jpg,0,real,cifake,train
data/raw/cifake/train/REAL/4686.jpg,0,real,cifake,train
data/raw/cifake/train/REAL/0660 (10).jpg,0,real,cifake,train
data/raw/cifake/train/REAL/1086 (4).jpg,0,real,cifake,train
data/raw/cifake/train/REAL/0135 (3).jpg,0,real,cifake,train
data/raw/cifake/train/REAL/0761 (7).jpg,0,real,cifake,train
data/raw/cifake/train/FAKE/3092 (6).jpg,1,ai_generated,cifake,train
data/raw/cifake/train/FAKE/2576 (10).jpg,1,ai_generated,cifake,train
data/raw/cifake/train/REAL/3753 (2).jpg,0,real,cifake,train
data/raw/cifake/train/FAKE/1360 (3).jpg,1,ai_generated,cifake,train
data/raw/cifake/train/REAL/3942 (2).jpg,0,real,cifake,train
data/raw/cifake/train/REAL/1669 (5).jpg,0,real,cifake,train
data/raw/cifake/train/REAL/1870 (7).jpg,0,real,cifake,train
data/raw/cifake/train/REAL/4670 (8).jpg,0,real,cifake,train
data/raw/cifake/train/FAKE/2344 (6).jpg,1,ai_generated,cifake,train
data/raw/cifake/train/REAL/3474 (4).jpg,0,real,cifake,train
data/raw/cifake/train/REAL/2785 (8).jpg,0,real,cifake,train
data/raw/cifake/train/FAKE/5754 (6).jpg,1,ai_generated,cifake,train
data/raw/cifake/train/FAKE/5362 (9).jpg,1,ai_generated,cifake,train
data/raw/cifake/train/FAKE/3249 (6).jpg,1,ai_generated,cifake,train
data/raw/cifake/train/FAKE/2774 (6).jpg,1,ai_generated,cifake,train
data/raw/cifake/train/REAL/4420 (3).jpg,0,real,cifake,train
data/raw/cifake/train/FAKE/5167.jpg,1,ai_generated,cifake,train
data/raw/cifake/train/REAL/3013 (7).jpg,0,real,cifake,train
data/raw/cifake/train/REAL/4578 (10).jpg,0,real,cifake,train
data/raw/cifake/train/FAKE/1853 (9).jpg,1,ai_generated,cifake,train
data/raw/cifake/train/FAKE/5401.jpg,1,ai_generated,cifake,train
data/raw/cifake/train/FAKE/2116 (4).jpg,1,ai_generated,cifake,train
data/raw/cifake/train/REAL/4744 (4).jpg,0,real,cifake,train
data/raw/cifake/train/REAL/1764 (8).jpg,0,real,cifake,train
data/raw/cifake/train/FAKE/4445 (4).jpg,1,ai_generated,cifake,train
data/raw/cifake/train/FAKE/5139 (8).jpg,1,ai_generated,cifake,train
data/raw/cifake/train/REAL/3092 (4).jpg,0,real,cifake,train
data/raw/cifake/train/FAKE/3650 (4).jpg,1,ai_generated,cifake,train
data/raw/cifake/train/REAL/2017 (4).jpg,0,real,cifake,train
data/raw/cifake/train/FAKE/1564 (5).jpg,1,ai_generated,cifake,train
data/raw/cifake/train/REAL/0888 (8).jpg,0,real,cifake,train
data/raw/cifake/train/REAL/1580 (8).jpg,0,real,cifake,train
data/raw/cifake/train/REAL/0893 (10).jpg,0,real,cifake,train
data/raw/cifake/train/REAL/3682 (7).jpg,0,real,cifake,train
data/raw/cifake/train/FAKE/3669 (7).jpg,1,ai_generated,cifake,train
data/raw/cifake/train/FAKE/3442 (9).jpg,1,ai_generated,cifake,train
data/raw/cifake/train/REAL/4369 (2).jpg,0,real,cifake,train
data/raw/cifake/train/REAL/2829 (6).jpg,0,real,cifake,train
data/raw/cifake/train/FAKE/2527 (7).jpg,1,ai_generated,cifake,train
data/raw/cifake/train/REAL/4010 (8).jpg,0,real,cifake,train
data/raw/cifake/train/REAL/1402 (3).jpg,0,real,cifake,train
data/raw/cifake/train/REAL/4541 (8).jpg,0,real,cifake,train
data/raw/cifake/train/REAL/0028 (9).jpg,0,real,cifake,train
data/raw/cifake/train/REAL/2614 (10).jpg,0,real,cifake,train
data/raw/cifake/train/REAL/3710 (7).jpg,0,real,cifake,train
data/raw/cifake/train/FAKE/5365 (9).jpg,1,ai_generated,cifake,train
data/raw/cifake/train/REAL/4503 (9).jpg,0,real,cifake,train
data/raw/cifake/train/FAKE/1236 (2).jpg,1,ai_generated,cifake,train
data/raw/cifake/train/FAKE/1334 (7).jpg,1,ai_generated,cifake,train
data/raw/cifake/train/FAKE/1575 (6).jpg,1,ai_generated,cifake,train
data/raw/cifake/train/REAL/1587 (10).jpg,0,real,cifake,train
data/raw/cifake/train/REAL/1376 (4).jpg,0,real,cifake,train
data/raw/cifake/train/FAKE/3075 (7).jpg,1,ai_generated,cifake,train
data/raw/cifake/train/FAKE/5203 (8).jpg,1,ai_generated,cifake,train
data/raw/cifake/train/REAL/4621 (5).jpg,0,real,cifake,train
data/raw/cifake/train/REAL/3559 (6).jpg,0,real,cifake,train
data/raw/cifake/train/REAL/4574 (6).jpg,0,real,cifake,train
data/raw/cifake/train/REAL/0028 (8).jpg,0,real,cifake,train
data/raw/cifake/train/FAKE/2270 (10).jpg,1,ai_generated,cifake,train
data/raw/cifake/train/REAL/4462 (4).jpg,0,real,cifake,train
data/raw/cifake/train/REAL/2942 (7).jpg,0,real,cifake,train
data/raw/cifake/train/FAKE/1895 (10).jpg,1,ai_generated,cifake,train
data/raw/cifake/train/REAL/1563 (7).jpg,0,real,cifake,train
data/raw/cifake/train/FAKE/3632 (8).jpg,1,ai_generated,cifake,train
data/raw/cifake/train/FAKE/4493 (10).jpg,1,ai_generated,cifake,train
data/raw/cifake/train/REAL/3261 (4).jpg,0,real,cifake,train
data/raw/cifake/train/FAKE/5747 (9).jpg,1,ai_generated,cifake,train
data/raw/cifake/train/REAL/2540 (2).jpg,0,real,cifake,train
data/raw/cifake/train/FAKE/2133 (9).jpg,1,ai_generated,cifake,train
data/raw/cifake/train/FAKE/2696 (9).jpg,1,ai_generated,cifake,train
data/raw/cifake/train/REAL/3985 (3).jpg,0,real,cifake,train
data/raw/cifake/train/FAKE/2545 (10).jpg,1,ai_generated,cifake,train
data/raw/cifake/train/FAKE/1332 (8).jpg,1,ai_generated,cifake,train
data/raw/cifake/train/REAL/3199 (3).jpg,0,real,cifake,train
data/raw/cifake/train/REAL/2316 (10).jpg,0,real,cifake,train
data/raw/cifake/train/REAL/4522 (10).jpg,0,real,cifake,train
data/raw/cifake/train/FAKE/3655.jpg,1,ai_generated,cifake,train
data/raw/cifake/train/REAL/4523 (8).jpg,0,real,cifake,train
data/raw/cifake/train/FAKE/2613 (3).jpg,1,ai_generated,cifake,train
data/raw/cifake/train/FAKE/2538 (5).jpg,1,ai_generated,cifake,train
data/raw/cifake/train/FAKE/2529 (9).jpg,1,ai_generated,cifake,train
data/raw/cifake/train/REAL/0669 (3).jpg,0,real,cifake,train
data/raw/cifake/train/FAKE/1363 (6).jpg,1,ai_generated,cifake,train
data/raw/cifake/train/FAKE/3225 (7).jpg,1,ai_generated,cifake,train
data/raw/cifake/train/FAKE/4794 (8).jpg,1,ai_generated,cifake,train
data/raw/cifake/train/REAL/0255 (3).jpg,0,real,cifake,train
data/raw/cifake/train/FAKE/2868 (10).jpg,1,ai_generated,cifake,train
data/raw/cifake/train/REAL/4130 (4).jpg,0,real,cifake,train
data/raw/cifake/train/FAKE/4470 (7).jpg,1,ai_generated,cifake,train
data/raw/cifake/train/REAL/0516 (6).jpg,0,real,cifake,train
data/raw/cifake/train/REAL/4742 (9).jpg,0,real,cifake,train
data/raw/cifake/train/FAKE/1934 (9).jpg,1,ai_generated,cifake,train
data/raw/cifake/train/FAKE/4919 (6).jpg,1,ai_generated,cifake,train
data/raw/cifake/train/FAKE/5829 (5).jpg,1,ai_generated,cifake,train
data/raw/cifake/train/REAL/3720.jpg,0,real,cifake,train
data/raw/cifake/train/REAL/2617 (3).jpg,0,real,cifake,train
data/raw/cifake/train/FAKE/5048 (4).jpg,1,ai_generated,cifake,train
data/raw/cifake/train/REAL/0927 (3).jpg,0,real,cifake,train
data/raw/cifake/train/REAL/4068 (10).jpg,0,real,cifake,train
data/raw/cifake/train/FAKE/2229 (2).jpg,1,ai_generated,cifake,train
data/raw/cifake/train/REAL/2510 (8).jpg,0,real,cifake,train
data/raw/cifake/train/REAL/1944 (10).jpg,0,real,cifake,train
data/raw/cifake/train/REAL/1504 (6).jpg,0,real,cifake,train
data/raw/cifake/train/FAKE/5014 (5).jpg,1,ai_generated,cifake,train
data/raw/cifake/train/FAKE/4239 (10).jpg,1,ai_generated,cifake,train
data/raw/cifake/train/FAKE/4311 (7).jpg,1,ai_generated,cifake,train
data/raw/cifake/train/FAKE/2862.jpg,1,ai_generated,cifake,train
data/raw/cifake/train/FAKE/4916 (3).jpg,1,ai_generated,cifake,train
data/raw/cifake/train/FAKE/3151 (10).jpg,1,ai_generated,cifake,train
data/raw/cifake/train/FAKE/5808 (3).jpg,1,ai_generated,cifake,train
data/raw/cifake/train/REAL/3583 (10).jpg,0,real,cifake,train
data/raw/cifake/train/REAL/1885 (8).jpg,0,real,cifake,train
data/raw/cifake/train/FAKE/5490 (5).jpg,1,ai_generated,cifake,train
data/raw/cifake/train/FAKE/4134 (7).jpg,1,ai_generated,cifake,train
data/raw/cifake/train/FAKE/3350.jpg,1,ai_generated,cifake,train
data/raw/cifake/train/REAL/1025 (6).jpg,0,real,cifake,train
data/raw/cifake/train/FAKE/1055 (5).jpg,1,ai_generated,cifake,train
data/raw/cifake/train/FAKE/5280 (3).jpg,1,ai_generated,cifake,train
data/raw/cifake/train/REAL/1727.jpg,0,real,cifake,train
data/raw/cifake/train/FAKE/2422 (5).jpg,1,ai_generated,cifake,train
data/raw/cifake/train/FAKE/1420 (2).jpg,1,ai_generated,cifake,train
data/raw/cifake/train/REAL/3447 (2).jpg,0,real,cifake,train
data/raw/cifake/train/REAL/4439 (6).jpg,0,real,cifake,train
data/raw/cifake/train/REAL/1860 (4).jpg,0,real,cifake,train
data/raw/cifake/train/REAL/1465 (4).jpg,0,real,cifake,train
data/raw/cifake/train/FAKE/1823.jpg,1,ai_generated,cifake,train
data/raw/cifake/train/FAKE/3110 (5).jpg,1,ai_generated,cifake,train
data/raw/cifake/train/FAKE/3990.jpg,1,ai_generated,cifake,train
data/raw/cifake/train/REAL/1807 (3).jpg,0,real,cifake,train
data/raw/cifake/train/REAL/3720 (9).jpg,0,real,cifake,train
data/raw/cifake/train/FAKE/4356 (8).jpg,1,ai_generated,cifake,train
data/raw/cifake/train/REAL/4230 (3).jpg,0,real,cifake,train
data/raw/cifake/train/FAKE/1194 (10).jpg,1,ai_generated,cifake,train
data/raw/cifake/train/FAKE/1370 (2).jpg,1,ai_generated,cifake,train
data/raw/cifake/train/FAKE/2194 (10).jpg,1,ai_generated,cifake,train
data/raw/cifake/train/REAL/0965 (10).jpg,0,real,cifake,train
data/raw/cifake/train/FAKE/2523 (9).jpg,1,ai_generated,cifake,train
data/raw/cifake/train/FAKE/1642 (7).jpg,1,ai_generated,cifake,train
data/raw/cifake/train/FAKE/4215 (7).jpg,1,ai_generated,cifake,train
data/raw/cifake/train/FAKE/2301 (3).jpg,1,ai_generated,cifake,train
data/raw/cifake/train/FAKE/1064.jpg,1,ai_generated,cifake,train
data/raw/cifake/train/REAL/1832 (2).jpg,0,real,cifake,train
data/raw/cifake/train/FAKE/5497 (7).jpg,1,ai_generated,cifake,train
data/raw/cifake/train/REAL/0511 (2).jpg,0,real,cifake,train
data/raw/cifake/train/REAL/2202 (8).jpg,0,real,cifake,train
data/raw/cifake/train/FAKE/4682.jpg,1,ai_generated,cifake,train
data/raw/cifake/train/FAKE/1476 (10).jpg,1,ai_generated,cifake,train
data/raw/cifake/train/FAKE/2994 (10).jpg,1,ai_generated,cifake,train
data/raw/cifake/train/REAL/4486 (8).jpg,0,real,cifake,train
data/raw/cifake/train/FAKE/4780 (8).jpg,1,ai_generated,cifake,train
data/raw/cifake/train/FAKE/5835 (8).jpg,1,ai_generated,cifake,train
data/raw/cifake/train/REAL/4681 (10).jpg,0,real,cifake,train
data/raw/cifake/train/FAKE/3568 (9).jpg,1,ai_generated,cifake,train
data/raw/cifake/train/FAKE/5630 (6).jpg,1,ai_generated,cifake,train
data/raw/cifake/train/FAKE/5911 (4).jpg,1,ai_generated,cifake,train
data/raw/cifake/train/FAKE/4109 (9).jpg,1,ai_generated,cifake,train
data/raw/cifake/train/FAKE/3623 (10).jpg,1,ai_generated,cifake,train
data/raw/cifake/train/FAKE/1636.jpg,1,ai_generated,cifake,train
data/raw/cifake/train/REAL/2462 (8).jpg,0,real,cifake,train
data/raw/cifake/train/REAL/4089 (9).jpg,0,real,cifake,train
data/raw/cifake/train/REAL/4590 (6).jpg,0,real,cifake,train
data/raw/cifake/train/FAKE/5924 (9).jpg,1,ai_generated,cifake,train
data/raw/cifake/train/FAKE/4913 (10).jpg,1,ai_generated,cifake,train
data/raw/cifake/train/REAL/1195 (4).jpg,0,real,cifake,train
data/raw/cifake/train/REAL/3266 (6).jpg,0,real,cifake,train
data/raw/cifake/train/FAKE/4381 (10).jpg,1,ai_generated,cifake,train
data/raw/cifake/train/REAL/4736 (2).jpg,0,real,cifake,train
data/raw/cifake/train/REAL/2703 (4).jpg,0,real,cifake,train
data/raw/cifake/train/REAL/4946 (8).jpg,0,real,cifake,train
data/raw/cifake/train/REAL/0180 (2).jpg,0,real,cifake,train
data/raw/cifake/train/FAKE/3536 (2).jpg,1,ai_generated,cifake,train
data/raw/cifake/train/FAKE/3347.jpg,1,ai_generated,cifake,train
data/raw/cifake/train/REAL/4775.jpg,0,real,cifake,train
data/raw/cifake/train/FAKE/4190.jpg,1,ai_generated,cifake,train
data/raw/cifake/train/FAKE/1031 (3).jpg,1,ai_generated,cifake,train
data/raw/cifake/train/FAKE/4010 (9).jpg,1,ai_generated,cifake,train
data/raw/cifake/train/REAL/2430 (2).jpg,0,real,cifake,train
data/raw/cifake/train/REAL/1352 (8).jpg,0,real,cifake,train
data/raw/cifake/train/REAL/3036 (10).jpg,0,real,cifake,train
data/raw/cifake/train/FAKE/2587 (5).jpg,1,ai_generated,cifake,train
data/raw/cifake/train/REAL/4161 (7).jpg,0,real,cifake,train
data/raw/cifake/train/FAKE/2645.jpg,1,ai_generated,cifake,train
data/raw/cifake/train/REAL/0156 (4).jpg,0,real,cifake,train
data/raw/cifake/train/REAL/2620 (3).jpg,0,real,cifake,train
data/raw/cifake/train/FAKE/2430 (8).jpg,1,ai_generated,cifake,train
data/raw/cifake/train/REAL/1598 (10).jpg,0,real,cifake,train
data/raw/cifake/train/FAKE/1472 (5).jpg,1,ai_generated,cifake,train
data/raw/cifake/train/REAL/1705 (2).jpg,0,real,cifake,train
data/raw/cifake/train/FAKE/1835 (7).jpg,1,ai_generated,cifake,train
data/raw/cifake/train/FAKE/4450 (3).jpg,1,ai_generated,cifake,train
data/raw/cifake/train/REAL/4605 (8).jpg,0,real,cifake,train
data/raw/cifake/train/REAL/1353 (8).jpg,0,real,cifake,train
data/raw/cifake/train/REAL/3195 (10).jpg,0,real,cifake,train
data/raw/cifake/train/FAKE/4706.jpg,1,ai_generated,cifake,train
data/raw/cifake/train/REAL/2227 (4).jpg,0,real,cifake,train
data/raw/cifake/train/FAKE/1696 (10).jpg,1,ai_generated,cifake,train
data/raw/cifake/train/FAKE/1266 (9).jpg,1,ai_generated,cifake,train
data/raw/cifake/train/REAL/3883 (7).jpg,0,real,cifake,train
data/raw/cifake/train/REAL/2496.jpg,0,real,cifake,train
data/raw/cifake/train/REAL/3471.jpg,0,real,cifake,train
data/raw/cifake/train/REAL/0869.jpg,0,real,cifake,train
data/raw/cifake/train/REAL/3585 (7).jpg,0,real,cifake,train
data/raw/cifake/train/FAKE/4604 (8).jpg,1,ai_generated,cifake,train
data/raw/cifake/train/FAKE/5268 (7).jpg,1,ai_generated,cifake,train
data/raw/cifake/train/REAL/3611 (10).jpg,0,real,cifake,train
data/raw/cifake/train/REAL/3948 (10).jpg,0,real,cifake,train
data/raw/cifake/train/FAKE/5924 (8).jpg,1,ai_generated,cifake,train
data/raw/cifake/train/REAL/1458 (9).jpg,0,real,cifake,train
data/raw/cifake/train/FAKE/5619 (9).jpg,1,ai_generated,cifake,train
data/raw/cifake/train/FAKE/3656 (5).jpg,1,ai_generated,cifake,train
data/raw/cifake/train/REAL/3661 (8).jpg,0,real,cifake,train
data/raw/cifake/train/REAL/0087 (6).jpg,0,real,cifake,train
data/raw/cifake/train/REAL/2153 (4).jpg,0,real,cifake,train
data/raw/cifake/train/REAL/3503 (4).jpg,0,real,cifake,train
data/raw/cifake/train/REAL/2527 (2).jpg,0,real,cifake,train
data/raw/cifake/train/FAKE/4654 (4).jpg,1,ai_generated,cifake,train
data/raw/cifake/train/REAL/4523 (3).jpg,0,real,cifake,train
data/raw/cifake/train/REAL/0581 (7).jpg,0,real,cifake,train
data/raw/cifake/train/REAL/2083 (3).jpg,0,real,cifake,train
data/raw/cifake/train/REAL/0500 (4).jpg,0,real,cifake,train
data/raw/cifake/train/FAKE/2364 (3).jpg,1,ai_generated,cifake,train
data/raw/cifake/train/FAKE/2780 (10).jpg,1,ai_generated,cifake,train
data/raw/cifake/train/REAL/2696 (10).jpg,0,real,cifake,train
data/raw/cifake/train/FAKE/3995 (8).jpg,1,ai_generated,cifake,train
data/raw/cifake/train/REAL/4792 (5).jpg,0,real,cifake,train
data/raw/cifake/train/REAL/0560 (9).jpg,0,real,cifake,train
data/raw/cifake/train/FAKE/4086 (9).jpg,1,ai_generated,cifake,train
data/raw/cifake/train/FAKE/2954 (5).jpg,1,ai_generated,cifake,train
data/raw/cifake/train/REAL/0280 (9).jpg,0,real,cifake,train
data/raw/cifake/train/FAKE/2197 (5).jpg,1,ai_generated,cifake,train
data/raw/cifake/train/REAL/0996 (7).jpg,0,real,cifake,train
data/raw/cifake/train/REAL/1665 (10).jpg,0,real,cifake,train
data/raw/cifake/train/FAKE/4749 (6).jpg,1,ai_generated,cifake,train
data/raw/cifake/train/REAL/4070 (8).jpg,0,real,cifake,train
data/raw/cifake/train/REAL/2081 (8).jpg,0,real,cifake,train
data/raw/cifake/train/FAKE/4620 (3).jpg,1,ai_generated,cifake,train
data/raw/cifake/train/REAL/4140 (10).jpg,0,real,cifake,train
data/raw/cifake/train/REAL/1486 (6).jpg,0,real,cifake,train
data/raw/cifake/train/REAL/0035.jpg,0,real,cifake,train
data/raw/cifake/train/FAKE/4474 (9).jpg,1,ai_generated,cifake,train
data/raw/cifake/train/FAKE/5828 (3).jpg,1,ai_generated,cifake,train
data/raw/cifake/train/REAL/4869 (3).jpg,0,real,cifake,train
data/raw/cifake/train/FAKE/3246 (9).jpg,1,ai_generated,cifake,train
data/raw/cifake/train/REAL/3816 (5).jpg,0,real,cifake,train
data/raw/cifake/train/FAKE/3794 (2).jpg,1,ai_generated,cifake,train
data/raw/cifake/train/REAL/1586 (6).jpg,0,real,cifake,train
data/raw/cifake/train/REAL/3531 (9).jpg,0,real,cifake,train
data/raw/cifake/train/REAL/2248 (5).jpg,0,real,cifake,train
data/raw/cifake/train/FAKE/4964 (7).jpg,1,ai_generated,cifake,train
data/raw/cifake/train/REAL/0229 (8).jpg,0,real,cifake,train
data/raw/cifake/train/FAKE/5418 (10).jpg,1,ai_generated,cifake,train
data/raw/cifake/train/FAKE/4279 (2).jpg,1,ai_generated,cifake,train
data/raw/cifake/train/FAKE/1511 (7).jpg,1,ai_generated,cifake,train
data/raw/cifake/train/REAL/2158 (6).jpg,0,real,cifake,train
data/raw/cifake/train/FAKE/1888 (2).jpg,1,ai_generated,cifake,train
data/raw/cifake/train/FAKE/5914 (8).jpg,1,ai_generated,cifake,train
data/raw/cifake/train/REAL/2447 (4).jpg,0,real,cifake,train
data/raw/cifake/train/FAKE/1787 (4).jpg,1,ai_generated,cifake,train
data/raw/cifake/train/REAL/4953 (2).jpg,0,real,cifake,train
data/raw/cifake/train/FAKE/1247 (6).jpg,1,ai_generated,cifake,train
data/raw/cifake/train/REAL/2204 (2).jpg,0,real,cifake,train
data/raw/cifake/train/FAKE/2708.jpg,1,ai_generated,cifake,train
data/raw/cifake/train/REAL/1560 (4).jpg,0,real,cifake,train
data/raw/cifake/train/REAL/1008 (6).jpg,0,real,cifake,train
data/raw/cifake/train/REAL/1489 (9).jpg,0,real,cifake,train
data/raw/cifake/train/FAKE/4155 (9).jpg,1,ai_generated,cifake,train
data/raw/cifake/train/FAKE/3004 (9).jpg,1,ai_generated,cifake,train
data/raw/cifake/train/FAKE/2155 (6).jpg,1,ai_generated,cifake,train
data/raw/cifake/train/REAL/1459 (8).jpg,0,real,cifake,train
data/raw/cifake/train/REAL/2302 (9).jpg,0,real,cifake,train
data/raw/cifake/train/REAL/1337 (8).jpg,0,real,cifake,train
data/raw/cifake/train/FAKE/4267 (6).jpg,1,ai_generated,cifake,train
data/raw/cifake/train/REAL/3106 (3).jpg,0,real,cifake,train
data/raw/cifake/train/FAKE/5190 (10).jpg,1,ai_generated,cifake,train
data/raw/cifake/train/FAKE/4299 (7).jpg,1,ai_generated,cifake,train
data/raw/cifake/train/FAKE/4489.jpg,1,ai_generated,cifake,train
data/raw/cifake/train/FAKE/1287.jpg,1,ai_generated,cifake,train
data/raw/cifake/train/FAKE/5002 (7).jpg,1,ai_generated,cifake,train
data/raw/cifake/train/FAKE/1794.jpg,1,ai_generated,cifake,train
data/raw/cifake/train/FAKE/1565 (8).jpg,1,ai_generated,cifake,train
data/raw/cifake/train/FAKE/1475 (10).jpg,1,ai_generated,cifake,train
data/raw/cifake/train/REAL/4314 (3).jpg,0,real,cifake,train
data/raw/cifake/train/FAKE/2579 (9).jpg,1,ai_generated,cifake,train
data/raw/cifake/train/FAKE/3010.jpg,1,ai_generated,cifake,train
data/raw/cifake/train/FAKE/4865 (9).jpg,1,ai_generated,cifake,train
data/raw/cifake/train/FAKE/3334 (10).jpg,1,ai_generated,cifake,train
data/raw/cifake/train/FAKE/4308 (3).jpg,1,ai_generated,cifake,train
data/raw/cifake/train/REAL/4072 (10).jpg,0,real,cifake,train
data/raw/cifake/train/REAL/2151 (10).jpg,0,real,cifake,train
data/raw/cifake/train/FAKE/1310 (5).jpg,1,ai_generated,cifake,train
data/raw/cifake/train/FAKE/5543 (10).jpg,1,ai_generated,cifake,train
data/raw/cifake/train/FAKE/5110 (6).jpg,1,ai_generated,cifake,train
data/raw/cifake/train/REAL/2150 (8).jpg,0,real,cifake,train
data/raw/cifake/train/FAKE/4494 (9).jpg,1,ai_generated,cifake,train
data/raw/cifake/train/REAL/2379 (6).jpg,0,real,cifake,train
data/raw/cifake/train/FAKE/2668 (10).jpg,1,ai_generated,cifake,train
data/raw/cifake/train/FAKE/3715 (3).jpg,1,ai_generated,cifake,train
data/raw/cifake/train/REAL/3044 (8).jpg,0,real,cifake,train
data/raw/cifake/train/REAL/0079 (2).jpg,0,real,cifake,train
data/raw/cifake/train/REAL/2952 (9).jpg,0,real,cifake,train
data/raw/cifake/train/REAL/2809 (7).jpg,0,real,cifake,train
data/raw/cifake/train/REAL/1813 (7).jpg,0,real,cifake,train
data/raw/cifake/train/REAL/1688 (2).jpg,0,real,cifake,train
data/raw/cifake/train/REAL/4574 (7).jpg,0,real,cifake,train
data/raw/cifake/train/REAL/3323 (7).jpg,0,real,cifake,train
data/raw/cifake/train/FAKE/2638.jpg,1,ai_generated,cifake,train
data/raw/cifake/train/REAL/3094.jpg,0,real,cifake,train
data/raw/cifake/train/REAL/4972 (8).jpg,0,real,cifake,train
data/raw/cifake/train/FAKE/4818 (5).jpg,1,ai_generated,cifake,train
data/raw/cifake/train/FAKE/1088 (2).jpg,1,ai_generated,cifake,train
data/raw/cifake/train/REAL/0098 (10).jpg,0,real,cifake,train
data/raw/cifake/train/REAL/0134 (10).jpg,0,real,cifake,train
data/raw/cifake/train/REAL/2569 (5).jpg,0,real,cifake,train
data/raw/cifake/train/REAL/0232 (5).jpg,0,real,cifake,train
data/raw/cifake/train/REAL/2892.jpg,0,real,cifake,train
data/raw/cifake/train/FAKE/4265 (4).jpg,1,ai_generated,cifake,train
data/raw/cifake/train/FAKE/5757 (4).jpg,1,ai_generated,cifake,train
data/raw/cifake/train/REAL/4784 (8).jpg,0,real,cifake,train
data/raw/cifake/train/FAKE/4344.jpg,1,ai_generated,cifake,train
data/raw/cifake/train/FAKE/5111 (9).jpg,1,ai_generated,cifake,train
data/raw/cifake/train/FAKE/3120 (3).jpg,1,ai_generated,cifake,train
data/raw/cifake/train/FAKE/2577.jpg,1,ai_generated,cifake,train
data/raw/cifake/train/REAL/4624.jpg,0,real,cifake,train
data/raw/cifake/train/REAL/1978 (6).jpg,0,real,cifake,train
data/raw/cifake/train/FAKE/3840 (3).jpg,1,ai_generated,cifake,train
data/raw/cifake/train/REAL/1329 (4).jpg,0,real,cifake,train
data/raw/cifake/train/REAL/0552.jpg,0,real,cifake,train
data/raw/cifake/train/REAL/4955 (10).jpg,0,real,cifake,train
data/raw/cifake/train/REAL/4718 (8).jpg,0,real,cifake,train
data/raw/cifake/train/REAL/2547 (4).jpg,0,real,cifake,train
data/raw/cifake/train/REAL/1323 (10).jpg,0,real,cifake,train
data/raw/cifake/train/FAKE/4130 (10).jpg,1,ai_generated,cifake,train
data/raw/cifake/train/REAL/2254.jpg,0,real,cifake,train
data/raw/cifake/train/FAKE/1173 (5).jpg,1,ai_generated,cifake,train
data/raw/cifake/train/REAL/1123 (3).jpg,0,real,cifake,train
data/raw/cifake/train/REAL/2600.jpg,0,real,cifake,train
data/raw/cifake/train/FAKE/2032 (2).jpg,1,ai_generated,cifake,train
data/raw/cifake/train/REAL/0555.jpg,0,real,cifake,train
data/raw/cifake/train/FAKE/5874 (2).jpg,1,ai_generated,cifake,train
data/raw/cifake/train/REAL/3765 (8).jpg,0,real,cifake,train
data/raw/cifake/train/REAL/4435 (9).jpg,0,real,cifake,train
data/raw/cifake/train/REAL/1291 (2).jpg,0,real,cifake,train
data/raw/cifake/train/REAL/4673 (4).jpg,0,real,cifake,train
data/raw/cifake/train/FAKE/5854 (3).jpg,1,ai_generated,cifake,train
data/raw/cifake/train/REAL/4876 (10).jpg,0,real,cifake,train
data/raw/cifake/train/FAKE/5988 (4).jpg,1,ai_generated,cifake,train
data/raw/cifake/train/REAL/4233 (10).jpg,0,real,cifake,train
data/raw/cifake/train/FAKE/5961.jpg,1,ai_generated,cifake,train
data/raw/cifake/train/FAKE/1128 (4).jpg,1,ai_generated,cifake,train
data/raw/cifake/train/FAKE/5501 (10).jpg,1,ai_generated,cifake,train
data/raw/cifake/train/FAKE/5985 (7).jpg,1,ai_generated,cifake,train
data/raw/cifake/train/FAKE/3504 (2).jpg,1,ai_generated,cifake,train
data/raw/cifake/train/REAL/2783 (7).jpg,0,real,cifake,train
data/raw/cifake/train/REAL/1899 (6).jpg,0,real,cifake,train
data/raw/cifake/train/FAKE/1245 (5).jpg,1,ai_generated,cifake,train
data/raw/cifake/train/FAKE/1841 (4).jpg,1,ai_generated,cifake,train
data/raw/cifake/train/FAKE/1955.jpg,1,ai_generated,cifake,train
data/raw/cifake/train/FAKE/4168 (10).jpg,1,ai_generated,cifake,train
data/raw/cifake/train/REAL/1842 (4).jpg,0,real,cifake,train
data/raw/cifake/train/REAL/4085 (6).jpg,0,real,cifake,train
data/raw/cifake/train/FAKE/4064 (6).jpg,1,ai_generated,cifake,train
data/raw/cifake/train/REAL/4649 (7).jpg,0,real,cifake,train
data/raw/cifake/train/FAKE/2623 (4).jpg,1,ai_generated,cifake,train
data/raw/cifake/train/FAKE/1314 (3).jpg,1,ai_generated,cifake,train
data/raw/cifake/train/FAKE/4102 (7).jpg,1,ai_generated,cifake,train
data/raw/cifake/train/FAKE/5654 (5).jpg,1,ai_generated,cifake,train
data/raw/cifake/train/REAL/2174 (9).jpg,0,real,cifake,train
data/raw/cifake/train/FAKE/4957 (3).jpg,1,ai_generated,cifake,train
data/raw/cifake/train/FAKE/1530 (6).jpg,1,ai_generated,cifake,train
data/raw/cifake/train/FAKE/2106 (5).jpg,1,ai_generated,cifake,train
data/raw/cifake/train/FAKE/5591 (4).jpg,1,ai_generated,cifake,train
data/raw/cifake/train/REAL/2537 (7).jpg,0,real,cifake,train
data/raw/cifake/train/REAL/2919 (7).jpg,0,real,cifake,train
data/raw/cifake/train/FAKE/3857 (8).jpg,1,ai_generated,cifake,train
data/raw/cifake/train/REAL/2682 (4).jpg,0,real,cifake,train
data/raw/cifake/train/REAL/0851 (8).jpg,0,real,cifake,train
data/raw/cifake/train/REAL/2514 (4).jpg,0,real,cifake,train
data/raw/cifake/train/FAKE/5178 (4).jpg,1,ai_generated,cifake,train
data/raw/cifake/train/FAKE/1776 (7).jpg,1,ai_generated,cifake,train
data/raw/cifake/train/REAL/1792 (5).jpg,0,real,cifake,train
data/raw/cifake/train/FAKE/4386 (9).jpg,1,ai_generated,cifake,train
data/raw/cifake/train/FAKE/3990 (7).jpg,1,ai_generated,cifake,train
data/raw/cifake/train/FAKE/1418.jpg,1,ai_generated,cifake,train
data/raw/cifake/train/REAL/0667 (5).jpg,0,real,cifake,train
data/raw/cifake/train/REAL/0726 (10).jpg,0,real,cifake,train
data/raw/cifake/train/REAL/3818 (6).jpg,0,real,cifake,train
data/raw/cifake/train/FAKE/5190 (6).jpg,1,ai_generated,cifake,train
data/raw/cifake/train/REAL/2176 (3).jpg,0,real,cifake,train
data/raw/cifake/train/REAL/4860 (8).jpg,0,real,cifake,train
data/raw/cifake/train/FAKE/4650 (8).jpg,1,ai_generated,cifake,train
data/raw/cifake/train/REAL/3493 (3).jpg,0,real,cifake,train
data/raw/cifake/train/FAKE/3421 (7).jpg,1,ai_generated,cifake,train
data/raw/cifake/train/FAKE/4553 (7).jpg,1,ai_generated,cifake,train
data/raw/cifake/train/FAKE/5934.jpg,1,ai_generated,cifake,train
data/raw/cifake/train/FAKE/3451 (4).jpg,1,ai_generated,cifake,train
data/raw/cifake/train/FAKE/2035.jpg,1,ai_generated,cifake,train
data/raw/cifake/train/REAL/2188 (6).jpg,0,real,cifake,train
data/raw/cifake/train/REAL/1941 (8).jpg,0,real,cifake,train
data/raw/cifake/train/FAKE/1025 (9).jpg,1,ai_generated,cifake,train
data/raw/cifake/train/FAKE/2062 (4).jpg,1,ai_generated,cifake,train
data/raw/cifake/train/FAKE/4803 (8).jpg,1,ai_generated,cifake,train
data/raw/cifake/train/FAKE/2598 (9).jpg,1,ai_generated,cifake,train
data/raw/cifake/train/REAL/3585 (3).jpg,0,real,cifake,train
data/raw/cifake/train/FAKE/3824 (7).jpg,1,ai_generated,cifake,train
data/raw/cifake/train/REAL/0159 (5).jpg,0,real,cifake,train
data/raw/cifake/train/REAL/3961 (9).jpg,0,real,cifake,train
data/raw/cifake/train/REAL/0309 (2).jpg,0,real,cifake,train
data/raw/cifake/train/REAL/0921.jpg,0,real,cifake,train
data/raw/cifake/train/FAKE/2931 (8).jpg,1,ai_generated,cifake,train
data/raw/cifake/train/FAKE/2228 (6).jpg,1,ai_generated,cifake,train
data/raw/cifake/train/REAL/1697 (2).jpg,0,real,cifake,train
data/raw/cifake/train/REAL/0053 (5).jpg,0,real,cifake,train
data/raw/cifake/train/REAL/3058.jpg,0,real,cifake,train
data/raw/cifake/train/REAL/3258 (9).jpg,0,real,cifake,train
data/raw/cifake/train/FAKE/1958 (8).jpg,1,ai_generated,cifake,train
data/raw/cifake/train/REAL/1818 (4).jpg,0,real,cifake,train
data/raw/cifake/train/FAKE/3241 (3).jpg,1,ai_generated,cifake,train
data/raw/cifake/train/REAL/2188 (8).jpg,0,real,cifake,train
data/raw/cifake/train/FAKE/4991 (7).jpg,1,ai_generated,cifake,train
data/raw/cifake/train/REAL/1909 (4).jpg,0,real,cifake,train
data/raw/cifake/train/FAKE/5352 (6).jpg,1,ai_generated,cifake,train
data/raw/cifake/train/FAKE/2587 (3).jpg,1,ai_generated,cifake,train
data/raw/cifake/train/FAKE/1326.jpg,1,ai_generated,cifake,train
data/raw/cifake/train/FAKE/1648 (5).jpg,1,ai_generated,cifake,train
data/raw/cifake/train/FAKE/5086 (6).jpg,1,ai_generated,cifake,train
data/raw/cifake/train/FAKE/5170 (7).jpg,1,ai_generated,cifake,train
data/raw/cifake/train/REAL/0282 (3).jpg,0,real,cifake,train
data/raw/cifake/train/REAL/3332 (7).jpg,0,real,cifake,train
data/raw/cifake/train/FAKE/4921 (5).jpg,1,ai_generated,cifake,train
data/raw/cifake/train/FAKE/1313 (3).jpg,1,ai_generated,cifake,train
data/raw/cifake/train/REAL/1980 (10).jpg,0,real,cifake,train
data/raw/cifake/train/FAKE/3336 (9).jpg,1,ai_generated,cifake,train
data/raw/cifake/train/FAKE/1447 (5).jpg,1,ai_generated,cifake,train
data/raw/cifake/train/FAKE/2653 (5).jpg,1,ai_generated,cifake,train
data/raw/cifake/train/FAKE/4596 (9).jpg,1,ai_generated,cifake,train
data/raw/cifake/train/REAL/3172 (8).jpg,0,real,cifake,train
data/raw/cifake/train/REAL/2359 (10).jpg,0,real,cifake,train
data/raw/cifake/train/FAKE/3741 (9).jpg,1,ai_generated,cifake,train
data/raw/cifake/train/FAKE/5152 (7).jpg,1,ai_generated,cifake,train
data/raw/cifake/train/FAKE/4755 (10).jpg,1,ai_generated,cifake,train
data/raw/cifake/train/FAKE/4133 (2).jpg,1,ai_generated,cifake,train
data/raw/cifake/train/REAL/1429.jpg,0,real,cifake,train
data/raw/cifake/train/FAKE/5562 (9).jpg,1,ai_generated,cifake,train
data/raw/cifake/train/REAL/2819 (10).jpg,0,real,cifake,train
data/raw/cifake/train/REAL/2070 (2).jpg,0,real,cifake,train
data/raw/cifake/train/FAKE/1836 (4).jpg,1,ai_generated,cifake,train
data/raw/cifake/train/FAKE/5707 (4).jpg,1,ai_generated,cifake,train
data/raw/cifake/train/REAL/0878 (5).jpg,0,real,cifake,train
data/raw/cifake/train/REAL/0410 (4).jpg,0,real,cifake,train
data/raw/cifake/train/REAL/4154 (9).jpg,0,real,cifake,train
data/raw/cifake/train/REAL/3165 (5).jpg,0,real,cifake,train
data/raw/cifake/train/REAL/2807 (10).jpg,0,real,cifake,train
data/raw/cifake/train/REAL/0179 (7).jpg,0,real,cifake,train
data/raw/cifake/train/REAL/1851 (10).jpg,0,real,cifake,train
data/raw/cifake/train/REAL/1282 (8).jpg,0,real,cifake,train
data/raw/cifake/train/REAL/2439 (5).jpg,0,real,cifake,train
data/raw/cifake/train/REAL/3174 (5).jpg,0,real,cifake,train
data/raw/cifake/train/REAL/2971 (2).jpg,0,real,cifake,train
data/raw/cifake/train/FAKE/2346 (5).jpg,1,ai_generated,cifake,train
data/raw/cifake/train/REAL/1442 (2).jpg,0,real,cifake,train
data/raw/cifake/train/REAL/0862 (9).jpg,0,real,cifake,train
data/raw/cifake/train/REAL/3565 (10).jpg,0,real,cifake,train
data/raw/cifake/train/REAL/1262 (10).jpg,0,real,cifake,train
data/raw/cifake/train/REAL/3526 (10).jpg,0,real,cifake,train
data/raw/cifake/train/FAKE/1419 (10).jpg,1,ai_generated,cifake,train
data/raw/cifake/train/REAL/1190 (9).jpg,0,real,cifake,train
data/raw/cifake/train/REAL/3860 (6).jpg,0,real,cifake,train
data/raw/cifake/train/REAL/0404 (9).jpg,0,real,cifake,train
data/raw/cifake/train/REAL/3980 (5).jpg,0,real,cifake,train
data/raw/cifake/train/REAL/2406 (10).jpg,0,real,cifake,train
data/raw/cifake/train/REAL/0822 (3).jpg,0,real,cifake,train
data/raw/cifake/train/REAL/3651 (10).jpg,0,real,cifake,train
data/raw/cifake/train/FAKE/2214.jpg,1,ai_generated,cifake,train
data/raw/cifake/train/FAKE/5821 (8).jpg,1,ai_generated,cifake,train
data/raw/cifake/train/REAL/1420 (3).jpg,0,real,cifake,train
data/raw/cifake/train/FAKE/1982 (9).jpg,1,ai_generated,cifake,train
data/raw/cifake/train/REAL/1495 (10).jpg,0,real,cifake,train
data/raw/cifake/train/FAKE/5327 (6).jpg,1,ai_generated,cifake,train
data/raw/cifake/train/REAL/0352.jpg,0,real,cifake,train
data/raw/cifake/train/FAKE/1731 (6).jpg,1,ai_generated,cifake,train
data/raw/cifake/train/REAL/3149 (9).jpg,0,real,cifake,train
data/raw/cifake/train/REAL/2121.jpg,0,real,cifake,train
data/raw/cifake/train/FAKE/2014 (8).jpg,1,ai_generated,cifake,train
data/raw/cifake/train/FAKE/3411 (6).jpg,1,ai_generated,cifake,train
data/raw/cifake/train/REAL/2783 (2).jpg,0,real,cifake,train
data/raw/cifake/train/REAL/3581 (8).jpg,0,real,cifake,train
data/raw/cifake/train/REAL/3000 (4).jpg,0,real,cifake,train
data/raw/cifake/train/REAL/1393 (8).jpg,0,real,cifake,train
data/raw/cifake/train/REAL/0106.jpg,0,real,cifake,train
data/raw/cifake/train/FAKE/1710 (9).jpg,1,ai_generated,cifake,train
data/raw/cifake/train/FAKE/3814 (6).jpg,1,ai_generated,cifake,train
data/raw/cifake/train/REAL/1935 (2).jpg,0,real,cifake,train
data/raw/cifake/train/FAKE/4898 (2).jpg,1,ai_generated,cifake,train
data/raw/cifake/train/FAKE/2992 (7).jpg,1,ai_generated,cifake,train
data/raw/cifake/train/FAKE/2132.jpg,1,ai_generated,cifake,train
data/raw/cifake/train/FAKE/3418 (3).jpg,1,ai_generated,cifake,train
data/raw/cifake/train/REAL/2044 (9).jpg,0,real,cifake,train
data/raw/cifake/train/FAKE/5167 (9).jpg,1,ai_generated,cifake,train
data/raw/cifake/train/REAL/0656.jpg,0,real,cifake,train
data/raw/cifake/train/REAL/1616 (7).jpg,0,real,cifake,train
data/raw/cifake/train/REAL/3446.jpg,0,real,cifake,train
data/raw/cifake/train/FAKE/5890 (9).jpg,1,ai_generated,cifake,train
data/raw/cifake/train/FAKE/1410 (8).jpg,1,ai_generated,cifake,train
data/raw/cifake/train/REAL/4092 (10).jpg,0,real,cifake,train
data/raw/cifake/train/FAKE/4189 (2).jpg,1,ai_generated,cifake,train
data/raw/cifake/train/REAL/1149 (8).jpg,0,real,cifake,train
data/raw/cifake/train/FAKE/3513 (5).jpg,1,ai_generated,cifake,train
data/raw/cifake/train/REAL/0114 (8).jpg,0,real,cifake,train
data/raw/cifake/train/REAL/4344 (7).jpg,0,real,cifake,train
data/raw/cifake/train/REAL/1326 (3).jpg,0,real,cifake,train
data/raw/cifake/train/FAKE/2443 (3).jpg,1,ai_generated,cifake,train
data/raw/cifake/train/FAKE/1147 (9).jpg,1,ai_generated,cifake,train
data/raw/cifake/train/FAKE/3968 (5).jpg,1,ai_generated,cifake,train
data/raw/cifake/train/FAKE/5112 (4).jpg,1,ai_generated,cifake,train
data/raw/cifake/train/REAL/2285 (9).jpg,0,real,cifake,train
data/raw/cifake/train/FAKE/3564 (2).jpg,1,ai_generated,cifake,train
data/raw/cifake/train/FAKE/4411 (5).jpg,1,ai_generated,cifake,train
data/raw/cifake/train/REAL/4584 (6).jpg,0,real,cifake,train
data/raw/cifake/train/REAL/0256 (3).jpg,0,real,cifake,train
data/raw/cifake/train/FAKE/4670 (10).jpg,1,ai_generated,cifake,train
data/raw/cifake/train/FAKE/3003 (6).jpg,1,ai_generated,cifake,train
data/raw/cifake/train/REAL/1237 (6).jpg,0,real,cifake,train
data/raw/cifake/train/REAL/1879 (2).jpg,0,real,cifake,train
data/raw/cifake/train/REAL/0452 (7).jpg,0,real,cifake,train
data/raw/cifake/train/FAKE/3584 (2).jpg,1,ai_generated,cifake,train
data/raw/cifake/train/FAKE/5565 (6).jpg,1,ai_generated,cifake,train
data/raw/cifake/train/FAKE/2571.jpg,1,ai_generated,cifake,train
data/raw/cifake/train/FAKE/4490 (3).jpg,1,ai_generated,cifake,train
data/raw/cifake/train/REAL/3681 (5).jpg,0,real,cifake,train
data/raw/cifake/train/FAKE/2670 (8).jpg,1,ai_generated,cifake,train
data/raw/cifake/train/FAKE/5814 (4).jpg,1,ai_generated,cifake,train
data/raw/cifake/train/FAKE/2250 (2).jpg,1,ai_generated,cifake,train
data/raw/cifake/train/REAL/4504 (7).jpg,0,real,cifake,train
data/raw/cifake/train/FAKE/1545 (5).jpg,1,ai_generated,cifake,train
data/raw/cifake/train/REAL/2339 (2).jpg,0,real,cifake,train
data/raw/cifake/train/REAL/2905 (5).jpg,0,real,cifake,train
data/raw/cifake/train/FAKE/4091 (7).jpg,1,ai_generated,cifake,train
data/raw/cifake/train/REAL/2312 (5).jpg,0,real,cifake,train
data/raw/cifake/train/REAL/2456.jpg,0,real,cifake,train
data/raw/cifake/train/REAL/4024 (6).jpg,0,real,cifake,train
data/raw/cifake/train/REAL/2703 (3).jpg,0,real,cifake,train
data/raw/cifake/train/FAKE/1080 (6).jpg,1,ai_generated,cifake,train
data/raw/cifake/train/REAL/2685 (5).jpg,0,real,cifake,train
data/raw/cifake/train/REAL/4308 (4).jpg,0,real,cifake,train
data/raw/cifake/train/FAKE/1124 (8).jpg,1,ai_generated,cifake,train
data/raw/cifake/train/FAKE/2617 (9).jpg,1,ai_generated,cifake,train
data/raw/cifake/train/FAKE/5121 (5).jpg,1,ai_generated,cifake,train
data/raw/cifake/train/FAKE/3242 (3).jpg,1,ai_generated,cifake,train
data/raw/cifake/train/FAKE/3363 (5).jpg,1,ai_generated,cifake,train
data/raw/cifake/train/FAKE/3940 (9).jpg,1,ai_generated,cifake,train
data/raw/cifake/train/REAL/0810 (10).jpg,0,real,cifake,train
data/raw/cifake/train/REAL/1609 (2).jpg,0,real,cifake,train
data/raw/cifake/train/REAL/1779 (7).jpg,0,real,cifake,train
data/raw/cifake/train/REAL/3705 (5).jpg,0,real,cifake,train
data/raw/cifake/train/FAKE/4476 (9).jpg,1,ai_generated,cifake,train
data/raw/cifake/train/REAL/3041 (7).jpg,0,real,cifake,train
data/raw/cifake/train/REAL/1973 (3).jpg,0,real,cifake,train
data/raw/cifake/train/FAKE/4876 (9).jpg,1,ai_generated,cifake,train
data/raw/cifake/train/FAKE/4223 (7).jpg,1,ai_generated,cifake,train
data/raw/cifake/train/FAKE/1334 (3).jpg,1,ai_generated,cifake,train
data/raw/cifake/train/FAKE/3406 (9).jpg,1,ai_generated,cifake,train
data/raw/cifake/train/FAKE/2598 (2).jpg,1,ai_generated,cifake,train
data/raw/cifake/train/REAL/0682 (2).jpg,0,real,cifake,train
data/raw/cifake/train/REAL/1266 (4).jpg,0,real,cifake,train
data/raw/cifake/train/FAKE/5157 (2).jpg,1,ai_generated,cifake,train
data/raw/cifake/train/REAL/1843 (4).jpg,0,real,cifake,train
data/raw/cifake/train/FAKE/2652 (3).jpg,1,ai_generated,cifake,train
data/raw/cifake/train/REAL/3684 (9).jpg,0,real,cifake,train
data/raw/cifake/train/FAKE/4793.jpg,1,ai_generated,cifake,train
data/raw/cifake/train/FAKE/3594 (5).jpg,1,ai_generated,cifake,train
data/raw/cifake/train/REAL/4146 (6).jpg,0,real,cifake,train
data/raw/cifake/train/REAL/0930 (6).jpg,0,real,cifake,train
data/raw/cifake/train/REAL/3454 (3).jpg,0,real,cifake,train
data/raw/cifake/train/FAKE/1641 (8).jpg,1,ai_generated,cifake,train
data/raw/cifake/train/FAKE/5103 (7).jpg,1,ai_generated,cifake,train
data/raw/cifake/train/REAL/0872 (3).jpg,0,real,cifake,train
data/raw/cifake/train/REAL/3790 (9).jpg,0,real,cifake,train
data/raw/cifake/train/FAKE/3179 (8).jpg,1,ai_generated,cifake,train
data/raw/cifake/train/FAKE/3451 (3).jpg,1,ai_generated,cifake,train
data/raw/cifake/train/FAKE/5136 (7).jpg,1,ai_generated,cifake,train
data/raw/cifake/train/FAKE/4262 (7).jpg,1,ai_generated,cifake,train
data/raw/cifake/train/REAL/1216.jpg,0,real,cifake,train
data/raw/cifake/train/REAL/2335 (5).jpg,0,real,cifake,train
data/raw/cifake/train/REAL/2494 (10).jpg,0,real,cifake,train
data/raw/cifake/train/FAKE/2478 (10).jpg,1,ai_generated,cifake,train
data/raw/cifake/train/FAKE/2943 (2).jpg,1,ai_generated,cifake,train
data/raw/cifake/train/FAKE/1514 (4).jpg,1,ai_generated,cifake,train
data/raw/cifake/train/FAKE/3275 (7).jpg,1,ai_generated,cifake,train
data/raw/cifake/train/REAL/1822 (10).jpg,0,real,cifake,train
data/raw/cifake/train/REAL/0908 (7).jpg,0,real,cifake,train
data/raw/cifake/train/FAKE/3284 (10).jpg,1,ai_generated,cifake,train
data/raw/cifake/train/REAL/3728 (4).jpg,0,real,cifake,train
data/raw/cifake/train/REAL/4073 (9).jpg,0,real,cifake,train
data/raw/cifake/train/REAL/0424 (7).jpg,0,real,cifake,train
data/raw/cifake/train/REAL/1301 (5).jpg,0,real,cifake,train
data/raw/cifake/train/FAKE/2859 (2).jpg,1,ai_generated,cifake,train
data/raw/cifake/train/REAL/2301 (8).jpg,0,real,cifake,train
data/raw/cifake/train/FAKE/3234 (8).jpg,1,ai_generated,cifake,train
data/raw/cifake/train/FAKE/5595 (9).jpg,1,ai_generated,cifake,train
data/raw/cifake/train/FAKE/3829 (2).jpg,1,ai_generated,cifake,train
data/raw/cifake/train/REAL/2598 (10).jpg,0,real,cifake,train
data/raw/cifake/train/REAL/1586 (5).jpg,0,real,cifake,train
data/raw/cifake/train/FAKE/5842.jpg,1,ai_generated,cifake,train
data/raw/cifake/train/REAL/4823 (4).jpg,0,real,cifake,train
data/raw/cifake/train/FAKE/3637 (2).jpg,1,ai_generated,cifake,train
data/raw/cifake/train/FAKE/3798 (10).jpg,1,ai_generated,cifake,train
data/raw/cifake/train/REAL/3844 (9).jpg,0,real,cifake,train
data/raw/cifake/train/FAKE/2481 (3).jpg,1,ai_generated,cifake,train
data/raw/cifake/train/FAKE/1966 (2).jpg,1,ai_generated,cifake,train
data/raw/cifake/train/FAKE/4054.jpg,1,ai_generated,cifake,train
data/raw/cifake/train/REAL/4309 (10).jpg,0,real,cifake,train
data/raw/cifake/train/REAL/2265 (10).jpg,0,real,cifake,train
data/raw/cifake/train/FAKE/1283 (9).jpg,1,ai_generated,cifake,train
data/raw/cifake/train/FAKE/2262 (8).jpg,1,ai_generated,cifake,train
data/raw/cifake/train/REAL/3383 (5).jpg,0,real,cifake,train
data/raw/cifake/train/REAL/1405 (2).jpg,0,real,cifake,train
data/raw/cifake/train/FAKE/3196 (5).jpg,1,ai_generated,cifake,train
data/raw/cifake/train/REAL/0240 (10).jpg,0,real,cifake,train
data/raw/cifake/train/FAKE/2207 (10).jpg,1,ai_generated,cifake,train
data/raw/cifake/train/REAL/3860.jpg,0,real,cifake,train
data/raw/cifake/train/REAL/4065 (4).jpg,0,real,cifake,train
data/raw/cifake/train/FAKE/2247 (2).jpg,1,ai_generated,cifake,train
data/raw/cifake/train/REAL/3376 (6).jpg,0,real,cifake,train
data/raw/cifake/train/FAKE/2189 (4).jpg,1,ai_generated,cifake,train
data/raw/cifake/train/REAL/0239 (4).jpg,0,real,cifake,train
data/raw/cifake/train/FAKE/3081 (8).jpg,1,ai_generated,cifake,train
data/raw/cifake/train/FAKE/1217 (6).jpg,1,ai_generated,cifake,train
data/raw/cifake/train/REAL/0888 (4).jpg,0,real,cifake,train
data/raw/cifake/train/REAL/1025 (3).jpg,0,real,cifake,train
data/raw/cifake/train/REAL/3993 (8).jpg,0,real,cifake,train
data/raw/cifake/train/REAL/4078 (4).jpg,0,real,cifake,train
data/raw/cifake/train/REAL/2294 (3).jpg,0,real,cifake,train
data/raw/cifake/train/FAKE/2842 (3).jpg,1,ai_generated,cifake,train
data/raw/cifake/train/REAL/4202 (5).jpg,0,real,cifake,train
data/raw/cifake/train/REAL/0480.jpg,0,real,cifake,train
data/raw/cifake/train/REAL/0973 (3).jpg,0,real,cifake,train
data/raw/cifake/train/REAL/4459.jpg,0,real,cifake,train
data/raw/cifake/train/REAL/4973 (9).jpg,0,real,cifake,train
data/raw/cifake/train/REAL/3191 (8).jpg,0,real,cifake,train
data/raw/cifake/train/FAKE/3897 (3).jpg,1,ai_generated,cifake,train
data/raw/cifake/train/FAKE/5354 (8).jpg,1,ai_generated,cifake,train
data/raw/cifake/train/REAL/1812 (4).jpg,0,real,cifake,train
data/raw/cifake/train/FAKE/4187 (5).jpg,1,ai_generated,cifake,train
data/raw/cifake/train/FAKE/4078 (9).jpg,1,ai_generated,cifake,train
data/raw/cifake/train/REAL/0095 (9).jpg,0,real,cifake,train
data/raw/cifake/train/REAL/2749 (7).jpg,0,real,cifake,train
data/raw/cifake/train/REAL/0162.jpg,0,real,cifake,train
data/raw/cifake/train/FAKE/2922 (6).jpg,1,ai_generated,cifake,train
data/raw/cifake/train/REAL/2621 (4).jpg,0,real,cifake,train
data/raw/cifake/train/REAL/2056 (2).jpg,0,real,cifake,train
data/raw/cifake/train/REAL/2824 (4).jpg,0,real,cifake,train
data/raw/cifake/train/FAKE/5903 (4).jpg,1,ai_generated,cifake,train
data/raw/cifake/train/FAKE/2051.jpg,1,ai_generated,cifake,train
data/raw/cifake/train/REAL/2583 (8).jpg,0,real,cifake,train
data/raw/cifake/train/FAKE/4074 (3).jpg,1,ai_generated,cifake,train
data/raw/cifake/train/REAL/0745 (4).jpg,0,real,cifake,train
data/raw/cifake/train/REAL/1610 (7).jpg,0,real,cifake,train
data/raw/cifake/train/REAL/3998 (7).jpg,0,real,cifake,train
data/raw/cifake/train/REAL/3421 (7).jpg,0,real,cifake,train
data/raw/cifake/train/FAKE/2447 (2).jpg,1,ai_generated,cifake,train
data/raw/cifake/train/REAL/1696 (6).jpg,0,real,cifake,train
data/raw/cifake/train/REAL/0472 (3).jpg,0,real,cifake,train
data/raw/cifake/train/REAL/3098 (3).jpg,0,real,cifake,train
data/raw/cifake/train/REAL/2042 (5).jpg,0,real,cifake,train
data/raw/cifake/train/FAKE/2237 (6).jpg,1,ai_generated,cifake,train
data/raw/cifake/train/FAKE/3014 (7).jpg,1,ai_generated,cifake,train
data/raw/cifake/train/REAL/0936 (6).jpg,0,real,cifake,train
data/raw/cifake/train/REAL/0036 (5).jpg,0,real,cifake,train
data/raw/cifake/train/REAL/1487 (8).jpg,0,real,cifake,train
data/raw/cifake/train/REAL/0297 (6).jpg,0,real,cifake,train
data/raw/cifake/train/REAL/1414 (7).jpg,0,real,cifake,train
data/raw/cifake/train/FAKE/1831.jpg,1,ai_generated,cifake,train
data/raw/cifake/train/REAL/4008 (5).jpg,0,real,cifake,train
data/raw/cifake/train/FAKE/5088 (5).jpg,1,ai_generated,cifake,train
data/raw/cifake/train/REAL/1178 (10).jpg,0,real,cifake,train
data/raw/cifake/train/REAL/0487 (10).jpg,0,real,cifake,train
data/raw/cifake/train/REAL/3457 (10).jpg,0,real,cifake,train
data/raw/cifake/train/REAL/1805 (6).jpg,0,real,cifake,train
data/raw/cifake/train/FAKE/2167 (10).jpg,1,ai_generated,cifake,train
data/raw/cifake/train/REAL/1469 (2).jpg,0,real,cifake,train
data/raw/cifake/train/REAL/1029.jpg,0,real,cifake,train
data/raw/cifake/train/REAL/3887.jpg,0,real,cifake,train
data/raw/cifake/train/REAL/4261.jpg,0,real,cifake,train
data/raw/cifake/train/REAL/2382 (6).jpg,0,real,cifake,train
data/raw/cifake/train/REAL/2060 (2).jpg,0,real,cifake,train
data/raw/cifake/train/FAKE/1934 (4).jpg,1,ai_generated,cifake,train
data/raw/cifake/train/REAL/3241 (10).jpg,0,real,cifake,train
data/raw/cifake/train/FAKE/1454 (6).jpg,1,ai_generated,cifake,train
data/raw/cifake/train/REAL/1674 (4).jpg,0,real,cifake,train
data/raw/cifake/train/FAKE/3898 (4).jpg,1,ai_generated,cifake,train
data/raw/cifake/train/FAKE/2704 (10).jpg,1,ai_generated,cifake,train
data/raw/cifake/train/FAKE/4229 (10).jpg,1,ai_generated,cifake,train
data/raw/cifake/train/FAKE/2596.jpg,1,ai_generated,cifake,train
data/raw/cifake/train/REAL/2871 (5).jpg,0,real,cifake,train
data/raw/cifake/train/REAL/4577 (10).jpg,0,real,cifake,train
data/raw/cifake/train/REAL/0674 (2).jpg,0,real,cifake,train
data/raw/cifake/train/FAKE/3828 (7).jpg,1,ai_generated,cifake,train
data/raw/cifake/train/FAKE/2921 (8).jpg,1,ai_generated,cifake,train
data/raw/cifake/train/REAL/0608 (8).jpg,0,real,cifake,train
data/raw/cifake/train/REAL/2252 (5).jpg,0,real,cifake,train
data/raw/cifake/train/REAL/0933 (8).jpg,0,real,cifake,train
data/raw/cifake/train/FAKE/5992 (8).jpg,1,ai_generated,cifake,train
data/raw/cifake/train/REAL/3229 (10).jpg,0,real,cifake,train
data/raw/cifake/train/FAKE/4471 (6).jpg,1,ai_generated,cifake,train
data/raw/cifake/train/FAKE/5974 (10).jpg,1,ai_generated,cifake,train
data/raw/cifake/train/REAL/1685.jpg,0,real,cifake,train
data/raw/cifake/train/FAKE/1547 (10).jpg,1,ai_generated,cifake,train
data/raw/cifake/train/REAL/1964 (9).jpg,0,real,cifake,train
data/raw/cifake/train/REAL/2288 (9).jpg,0,real,cifake,train
data/raw/cifake/train/REAL/1389 (4).jpg,0,real,cifake,train
data/raw/cifake/train/REAL/4286 (5).jpg,0,real,cifake,train
data/raw/cifake/train/FAKE/1129 (2).jpg,1,ai_generated,cifake,train
data/raw/cifake/train/FAKE/3762 (7).jpg,1,ai_generated,cifake,train
data/raw/cifake/train/FAKE/2047 (8).jpg,1,ai_generated,cifake,train
data/raw/cifake/train/FAKE/5700 (4).jpg,1,ai_generated,cifake,train
data/raw/cifake/train/REAL/4446 (4).jpg,0,real,cifake,train
data/raw/cifake/train/FAKE/1796 (5).jpg,1,ai_generated,cifake,train
data/raw/cifake/train/REAL/4551 (2).jpg,0,real,cifake,train
data/raw/cifake/train/FAKE/4732 (4).jpg,1,ai_generated,cifake,train
data/raw/cifake/train/FAKE/2838 (8).jpg,1,ai_generated,cifake,train
data/raw/cifake/train/REAL/0640 (8).jpg,0,real,cifake,train
data/raw/cifake/train/FAKE/3737 (2).jpg,1,ai_generated,cifake,train
data/raw/cifake/train/REAL/1360 (6).jpg,0,real,cifake,train
data/raw/cifake/train/FAKE/4704 (9).jpg,1,ai_generated,cifake,train
data/raw/cifake/train/REAL/4278 (2).jpg,0,real,cifake,train
data/raw/cifake/train/FAKE/5481 (3).jpg,1,ai_generated,cifake,train
data/raw/cifake/train/FAKE/5409 (8).jpg,1,ai_generated,cifake,train
data/raw/cifake/train/REAL/2205 (6).jpg,0,real,cifake,train
data/raw/cifake/train/FAKE/1878 (7).jpg,1,ai_generated,cifake,train
data/raw/cifake/train/REAL/2357 (7).jpg,0,real,cifake,train
data/raw/cifake/train/FAKE/1379 (10).jpg,1,ai_generated,cifake,train
data/raw/cifake/train/REAL/2944 (10).jpg,0,real,cifake,train
data/raw/cifake/train/REAL/2986 (10).jpg,0,real,cifake,train
data/raw/cifake/train/FAKE/5428 (10).jpg,1,ai_generated,cifake,train
data/raw/cifake/train/FAKE/2978 (2).jpg,1,ai_generated,cifake,train
data/raw/cifake/train/REAL/3626.jpg,0,real,cifake,train
data/raw/cifake/train/REAL/3286 (3).jpg,0,real,cifake,train
data/raw/cifake/train/FAKE/1704 (9).jpg,1,ai_generated,cifake,train
data/raw/cifake/train/REAL/0174 (9).jpg,0,real,cifake,train
data/raw/cifake/train/FAKE/4846 (10).jpg,1,ai_generated,cifake,train
data/raw/cifake/train/REAL/4799 (5).jpg,0,real,cifake,train
data/raw/cifake/train/REAL/2649 (2).jpg,0,real,cifake,train
data/raw/cifake/train/REAL/0059 (7).jpg,0,real,cifake,train
data/raw/cifake/train/FAKE/4697 (3).jpg,1,ai_generated,cifake,train
data/raw/cifake/train/REAL/4285 (7).jpg,0,real,cifake,train
data/raw/cifake/train/REAL/2158 (7).jpg,0,real,cifake,train
data/raw/cifake/train/REAL/2239 (4).jpg,0,real,cifake,train
data/raw/cifake/train/REAL/3747 (6).jpg,0,real,cifake,train
data/raw/cifake/train/REAL/1059 (10).jpg,0,real,cifake,train
data/raw/cifake/train/REAL/4446 (2).jpg,0,real,cifake,train
data/raw/cifake/train/FAKE/1637 (8).jpg,1,ai_generated,cifake,train
data/raw/cifake/train/FAKE/5853 (3).jpg,1,ai_generated,cifake,train
data/raw/cifake/train/REAL/1820 (6).jpg,0,real,cifake,train
data/raw/cifake/train/FAKE/4596 (8).jpg,1,ai_generated,cifake,train
data/raw/cifake/train/REAL/3582 (9).jpg,0,real,cifake,train
data/raw/cifake/train/FAKE/4051 (5).jpg,1,ai_generated,cifake,train
data/raw/cifake/train/FAKE/1248 (6).jpg,1,ai_generated,cifake,train
data/raw/cifake/train/FAKE/4423 (3).jpg,1,ai_generated,cifake,train
data/raw/cifake/train/REAL/2517 (3).jpg,0,real,cifake,train
data/raw/cifake/train/FAKE/3913 (10).jpg,1,ai_generated,cifake,train
data/raw/cifake/train/FAKE/1973 (2).jpg,1,ai_generated,cifake,train
data/raw/cifake/train/FAKE/4162 (7).jpg,1,ai_generated,cifake,train
data/raw/cifake/train/FAKE/2955.jpg,1,ai_generated,cifake,train
data/raw/cifake/train/FAKE/3328 (7).jpg,1,ai_generated,cifake,train
data/raw/cifake/train/FAKE/1307 (10).jpg,1,ai_generated,cifake,train
data/raw/cifake/train/REAL/1510 (5).jpg,0,real,cifake,train
data/raw/cifake/train/FAKE/5359 (3).jpg,1,ai_generated,cifake,train
data/raw/cifake/train/REAL/3571 (3).jpg,0,real,cifake,train
data/raw/cifake/train/FAKE/2276 (4).jpg,1,ai_generated,cifake,train
data/raw/cifake/train/REAL/3729 (10).jpg,0,real,cifake,train
data/raw/cifake/train/REAL/2841 (3).jpg,0,real,cifake,train
data/raw/cifake/train/REAL/4234.jpg,0,real,cifake,train
data/raw/cifake/train/REAL/0456 (6).jpg,0,real,cifake,train
data/raw/cifake/train/FAKE/1135 (5).jpg,1,ai_generated,cifake,train
data/raw/cifake/train/FAKE/1546 (7).jpg,1,ai_generated,cifake,train
data/raw/cifake/train/REAL/1108 (3).jpg,0,real,cifake,train
data/raw/cifake/train/REAL/3188 (9).jpg,0,real,cifake,train
data/raw/cifake/train/FAKE/5075 (6).jpg,1,ai_generated,cifake,train
data/raw/cifake/train/FAKE/4580 (4).jpg,1,ai_generated,cifake,train
data/raw/cifake/train/REAL/3708 (6).jpg,0,real,cifake,train
data/raw/cifake/train/FAKE/3627.jpg,1,ai_generated,cifake,train
data/raw/cifake/train/FAKE/1288 (4).jpg,1,ai_generated,cifake,train
data/raw/cifake/train/FAKE/1974 (7).jpg,1,ai_generated,cifake,train
data/raw/cifake/train/FAKE/2470 (8).jpg,1,ai_generated,cifake,train
data/raw/cifake/train/REAL/0291.jpg,0,real,cifake,train
data/raw/cifake/train/REAL/3846 (4).jpg,0,real,cifake,train
data/raw/cifake/train/REAL/0468 (5).jpg,0,real,cifake,train
data/raw/cifake/train/REAL/1776 (5).jpg,0,real,cifake,train
data/raw/cifake/train/FAKE/3804 (3).jpg,1,ai_generated,cifake,train
data/raw/cifake/train/FAKE/5276 (2).jpg,1,ai_generated,cifake,train
data/raw/cifake/train/FAKE/5006 (5).jpg,1,ai_generated,cifake,train
data/raw/cifake/train/REAL/2381 (4).jpg,0,real,cifake,train
data/raw/cifake/train/REAL/1415 (10).jpg,0,real,cifake,train
data/raw/cifake/train/REAL/4137 (7).jpg,0,real,cifake,train
data/raw/cifake/train/FAKE/5668 (8).jpg,1,ai_generated,cifake,train
data/raw/cifake/train/FAKE/5666 (2).jpg,1,ai_generated,cifake,train
data/raw/cifake/train/FAKE/4860.jpg,1,ai_generated,cifake,train
data/raw/cifake/train/REAL/3283 (5).jpg,0,real,cifake,train
data/raw/cifake/train/REAL/1217 (2).jpg,0,real,cifake,train
data/raw/cifake/train/REAL/3836 (4).jpg,0,real,cifake,train
data/raw/cifake/train/REAL/4098 (4).jpg,0,real,cifake,train
data/raw/cifake/train/REAL/4488 (10).jpg,0,real,cifake,train
data/raw/cifake/train/REAL/4903 (4).jpg,0,real,cifake,train
data/raw/cifake/train/REAL/2977 (5).jpg,0,real,cifake,train
data/raw/cifake/train/REAL/3600 (9).jpg,0,real,cifake,train
data/raw/cifake/train/FAKE/2632 (6).jpg,1,ai_generated,cifake,train
data/raw/cifake/train/REAL/2358 (5).jpg,0,real,cifake,train
data/raw/cifake/train/FAKE/4249 (9).jpg,1,ai_generated,cifake,train
data/raw/cifake/train/REAL/1367 (4).jpg,0,real,cifake,train
data/raw/cifake/train/REAL/1359 (4).jpg,0,real,cifake,train
data/raw/cifake/train/FAKE/5421 (2).jpg,1,ai_generated,cifake,train
data/raw/cifake/train/REAL/3946 (2).jpg,0,real,cifake,train
data/raw/cifake/train/FAKE/5371 (6).jpg,1,ai_generated,cifake,train
data/raw/cifake/train/REAL/4629 (10).jpg,0,real,cifake,train
data/raw/cifake/train/REAL/1424 (9).jpg,0,real,cifake,train
data/raw/cifake/train/REAL/0627 (6).jpg,0,real,cifake,train
data/raw/cifake/train/REAL/3296 (4).jpg,0,real,cifake,train
data/raw/cifake/train/REAL/4163 (10).jpg,0,real,cifake,train
data/raw/cifake/train/FAKE/3938 (7).jpg,1,ai_generated,cifake,train
data/raw/cifake/train/FAKE/1764 (2).jpg,1,ai_generated,cifake,train
data/raw/cifake/train/REAL/3480 (6).jpg,0,real,cifake,train
data/raw/cifake/train/FAKE/1001 (10).jpg,1,ai_generated,cifake,train
data/raw/cifake/train/FAKE/2937 (4).jpg,1,ai_generated,cifake,train
data/raw/cifake/train/FAKE/1746 (6).jpg,1,ai_generated,cifake,train
data/raw/cifake/train/FAKE/1227 (3).jpg,1,ai_generated,cifake,train
data/raw/cifake/train/FAKE/5331 (4).jpg,1,ai_generated,cifake,train
data/raw/cifake/train/FAKE/5633 (7).jpg,1,ai_generated,cifake,train
data/raw/cifake/train/FAKE/5951 (4).jpg,1,ai_generated,cifake,train
data/raw/cifake/train/FAKE/4886 (3).jpg,1,ai_generated,cifake,train
data/raw/cifake/train/FAKE/3348 (3).jpg,1,ai_generated,cifake,train
data/raw/cifake/train/REAL/2485 (8).jpg,0,real,cifake,train
data/raw/cifake/train/FAKE/1403 (9).jpg,1,ai_generated,cifake,train
data/raw/cifake/train/REAL/1766 (4).jpg,0,real,cifake,train
data/raw/cifake/train/REAL/0255 (2).jpg,0,real,cifake,train
data/raw/cifake/train/REAL/2140 (9).jpg,0,real,cifake,train
data/raw/cifake/train/REAL/4773 (2).jpg,0,real,cifake,train
data/raw/cifake/train/FAKE/5859 (5).jpg,1,ai_generated,cifake,train
data/raw/cifake/train/REAL/2939 (4).jpg,0,real,cifake,train
data/raw/cifake/train/REAL/0121 (3).jpg,0,real,cifake,train
data/raw/cifake/train/FAKE/2024 (4).jpg,1,ai_generated,cifake,train
data/raw/cifake/train/REAL/1489 (2).jpg,0,real,cifake,train
data/raw/cifake/train/FAKE/5877 (10).jpg,1,ai_generated,cifake,train
data/raw/cifake/train/FAKE/3168 (10).jpg,1,ai_generated,cifake,train
data/raw/cifake/train/REAL/2603 (10).jpg,0,real,cifake,train
data/raw/cifake/train/REAL/0456 (9).jpg,0,real,cifake,train
data/raw/cifake/train/REAL/3512.jpg,0,real,cifake,train
data/raw/cifake/train/FAKE/5780 (5).jpg,1,ai_generated,cifake,train
data/raw/cifake/train/REAL/2027 (8).jpg,0,real,cifake,train
data/raw/cifake/train/REAL/3263 (7).jpg,0,real,cifake,train
data/raw/cifake/train/REAL/2981 (5).jpg,0,real,cifake,train
data/raw/cifake/train/REAL/4520 (7).jpg,0,real,cifake,train
data/raw/cifake/train/REAL/0974 (4).jpg,0,real,cifake,train
data/raw/cifake/train/FAKE/3024 (10).jpg,1,ai_generated,cifake,train
data/raw/cifake/train/FAKE/4909.jpg,1,ai_generated,cifake,train
data/raw/cifake/train/FAKE/1008 (9).jpg,1,ai_generated,cifake,train
data/raw/cifake/train/FAKE/5893 (9).jpg,1,ai_generated,cifake,train
data/raw/cifake/train/FAKE/5158 (8).jpg,1,ai_generated,cifake,train
data/raw/cifake/train/FAKE/4820 (2).jpg,1,ai_generated,cifake,train
data/raw/cifake/train/REAL/4411 (8).jpg,0,real,cifake,train
data/raw/cifake/train/REAL/0841 (7).jpg,0,real,cifake,train
data/raw/cifake/train/FAKE/1796 (8).jpg,1,ai_generated,cifake,train
data/raw/cifake/train/FAKE/4974 (5).jpg,1,ai_generated,cifake,train
data/raw/cifake/train/REAL/4645 (7).jpg,0,real,cifake,train
data/raw/cifake/train/FAKE/2649.jpg,1,ai_generated,cifake,train
data/raw/cifake/train/REAL/3194 (3).jpg,0,real,cifake,train
data/raw/cifake/train/FAKE/1791 (7).jpg,1,ai_generated,cifake,train
data/raw/cifake/train/FAKE/4124 (6).jpg,1,ai_generated,cifake,train
data/raw/cifake/train/REAL/1111.jpg,0,real,cifake,train
data/raw/cifake/train/FAKE/2733 (10).jpg,1,ai_generated,cifake,train
data/raw/cifake/train/FAKE/1402.jpg,1,ai_generated,cifake,train
data/raw/cifake/train/REAL/3113 (4).jpg,0,real,cifake,train
data/raw/cifake/train/REAL/3085 (3).jpg,0,real,cifake,train
data/raw/cifake/train/FAKE/4049 (8).jpg,1,ai_generated,cifake,train
data/raw/cifake/train/FAKE/4664 (8).jpg,1,ai_generated,cifake,train
data/raw/cifake/train/FAKE/4992 (4).jpg,1,ai_generated,cifake,train
data/raw/cifake/train/REAL/4224 (10).jpg,0,real,cifake,train
data/raw/cifake/train/FAKE/4881 (4).jpg,1,ai_generated,cifake,train
data/raw/cifake/train/FAKE/2528.jpg,1,ai_generated,cifake,train
data/raw/cifake/train/REAL/1298 (10).jpg,0,real,cifake,train
data/raw/cifake/train/FAKE/3531 (3).jpg,1,ai_generated,cifake,train
data/raw/cifake/train/REAL/2455 (5).jpg,0,real,cifake,train
data/raw/cifake/train/FAKE/3801 (5).jpg,1,ai_generated,cifake,train
data/raw/cifake/train/REAL/4592 (6).jpg,0,real,cifake,train
data/raw/cifake/train/REAL/0957 (10).jpg,0,real,cifake,train
data/raw/cifake/train/FAKE/3897 (6).jpg,1,ai_generated,cifake,train
data/raw/cifake/train/FAKE/5337 (7).jpg,1,ai_generated,cifake,train
data/raw/cifake/train/FAKE/2143.jpg,1,ai_generated,cifake,train
data/raw/cifake/train/FAKE/2980 (2).jpg,1,ai_generated,cifake,train
data/raw/cifake/train/FAKE/1193 (10).jpg,1,ai_generated,cifake,train
data/raw/cifake/train/FAKE/5472.jpg,1,ai_generated,cifake,train
data/raw/cifake/train/FAKE/1559 (9).jpg,1,ai_generated,cifake,train
data/raw/cifake/train/REAL/0084 (3).jpg,0,real,cifake,train
data/raw/cifake/train/FAKE/4678.jpg,1,ai_generated,cifake,train
data/raw/cifake/train/REAL/2011 (6).jpg,0,real,cifake,train
data/raw/cifake/train/FAKE/1268 (10).jpg,1,ai_generated,cifake,train
data/raw/cifake/train/FAKE/1474 (5).jpg,1,ai_generated,cifake,train
data/raw/cifake/train/REAL/1804 (5).jpg,0,real,cifake,train
data/raw/cifake/train/FAKE/3736 (6).jpg,1,ai_generated,cifake,train
data/raw/cifake/train/REAL/3976 (6).jpg,0,real,cifake,train
data/raw/cifake/train/FAKE/1564 (8).jpg,1,ai_generated,cifake,train
data/raw/cifake/train/FAKE/4620 (8).jpg,1,ai_generated,cifake,train
data/raw/cifake/train/REAL/4325 (5).jpg,0,real,cifake,train
data/raw/cifake/train/REAL/0518 (6).jpg,0,real,cifake,train
data/raw/cifake/train/FAKE/4465 (8).jpg,1,ai_generated,cifake,train
data/raw/cifake/train/REAL/2756 (6).jpg,0,real,cifake,train
data/raw/cifake/train/FAKE/2014 (4).jpg,1,ai_generated,cifake,train
data/raw/cifake/train/REAL/0993 (3).jpg,0,real,cifake,train
data/raw/cifake/train/REAL/2151 (6).jpg,0,real,cifake,train
data/raw/cifake/train/REAL/0907 (3).jpg,0,real,cifake,train
data/raw/cifake/train/REAL/3906 (6).jpg,0,real,cifake,train
data/raw/cifake/train/REAL/0104 (8).jpg,0,real,cifake,train
data/raw/cifake/train/FAKE/5102 (9).jpg,1,ai_generated,cifake,train
data/raw/cifake/train/FAKE/1761 (7).jpg,1,ai_generated,cifake,train
data/raw/cifake/train/FAKE/4287 (10).jpg,1,ai_generated,cifake,train
data/raw/cifake/train/FAKE/3495 (5).jpg,1,ai_generated,cifake,train
data/raw/cifake/train/REAL/2868 (6).jpg,0,real,cifake,train
data/raw/cifake/train/FAKE/4880 (10).jpg,1,ai_generated,cifake,train
data/raw/cifake/train/FAKE/5954 (9).jpg,1,ai_generated,cifake,train
data/raw/cifake/train/FAKE/1001 (3).jpg,1,ai_generated,cifake,train
data/raw/cifake/train/FAKE/2307 (8).jpg,1,ai_generated,cifake,train
data/raw/cifake/train/REAL/3600.jpg,0,real,cifake,train
data/raw/cifake/train/REAL/3637.jpg,0,real,cifake,train
data/raw/cifake/train/FAKE/2147 (4).jpg,1,ai_generated,cifake,train
data/raw/cifake/train/REAL/4853.jpg,0,real,cifake,train
data/raw/cifake/train/REAL/2240 (4).jpg,0,real,cifake,train
data/raw/cifake/train/FAKE/1135 (6).jpg,1,ai_generated,cifake,train
data/raw/cifake/train/FAKE/1683 (3).jpg,1,ai_generated,cifake,train
data/raw/cifake/train/REAL/0453 (5).jpg,0,real,cifake,train
data/raw/cifake/train/REAL/3306 (2).jpg,0,real,cifake,train
data/raw/cifake/train/REAL/4427 (4).jpg,0,real,cifake,train
data/raw/cifake/train/FAKE/1934 (5).jpg,1,ai_generated,cifake,train
data/raw/cifake/train/REAL/0116.jpg,0,real,cifake,train
data/raw/cifake/train/FAKE/5554 (4).jpg,1,ai_generated,cifake,train
data/raw/cifake/train/FAKE/1094 (9).jpg,1,ai_generated,cifake,train
data/raw/cifake/train/FAKE/5734 (2).jpg,1,ai_generated,cifake,train
data/raw/cifake/train/FAKE/2679 (7).jpg,1,ai_generated,cifake,train
data/raw/cifake/train/FAKE/2112 (8).jpg,1,ai_generated,cifake,train
data/raw/cifake/train/FAKE/2530.jpg,1,ai_generated,cifake,train
data/raw/cifake/train/FAKE/3395 (5).jpg,1,ai_generated,cifake,train
data/raw/cifake/train/REAL/4955 (7).jpg,0,real,cifake,train
data/raw/cifake/train/REAL/4637 (7).jpg,0,real,cifake,train
data/raw/cifake/train/FAKE/1549 (3).jpg,1,ai_generated,cifake,train
data/raw/cifake/train/REAL/1153 (2).jpg,0,real,cifake,train
data/raw/cifake/train/FAKE/5831 (7).jpg,1,ai_generated,cifake,train
data/raw/cifake/train/REAL/0399.jpg,0,real,cifake,train
data/raw/cifake/train/FAKE/4942 (10).jpg,1,ai_generated,cifake,train
data/raw/cifake/train/FAKE/5150 (4).jpg,1,ai_generated,cifake,train
data/raw/cifake/train/FAKE/2322 (7).jpg,1,ai_generated,cifake,train
data/raw/cifake/train/FAKE/5169 (9).jpg,1,ai_generated,cifake,train
data/raw/cifake/train/REAL/0184 (4).jpg,0,real,cifake,train
data/raw/cifake/train/FAKE/1525 (7).jpg,1,ai_generated,cifake,train
data/raw/cifake/train/FAKE/3467 (9).jpg,1,ai_generated,cifake,train
data/raw/cifake/train/FAKE/1869 (7).jpg,1,ai_generated,cifake,train
data/raw/cifake/train/REAL/4119 (3).jpg,0,real,cifake,train
data/raw/cifake/train/FAKE/5384 (3).jpg,1,ai_generated,cifake,train
data/raw/cifake/train/REAL/1969 (10).jpg,0,real,cifake,train
data/raw/cifake/train/FAKE/5252 (10).jpg,1,ai_generated,cifake,train
data/raw/cifake/train/FAKE/3175.jpg,1,ai_generated,cifake,train
data/raw/cifake/train/REAL/0614 (7).jpg,0,real,cifake,train
data/raw/cifake/train/REAL/2049 (8).jpg,0,real,cifake,train
data/raw/cifake/train/REAL/2565 (4).jpg,0,real,cifake,train
data/raw/cifake/train/FAKE/2807 (2).jpg,1,ai_generated,cifake,train
data/raw/cifake/train/FAKE/2922.jpg,1,ai_generated,cifake,train
data/raw/cifake/train/REAL/4142 (5).jpg,0,real,cifake,train
data/raw/cifake/train/FAKE/1976 (4).jpg,1,ai_generated,cifake,train
data/raw/cifake/train/REAL/4284 (10).jpg,0,real,cifake,train
data/raw/cifake/train/FAKE/5408 (7).jpg,1,ai_generated,cifake,train
data/raw/cifake/train/FAKE/4810.jpg,1,ai_generated,cifake,train
data/raw/cifake/train/FAKE/4229 (7).jpg,1,ai_generated,cifake,train
data/raw/cifake/train/REAL/1493 (8).jpg,0,real,cifake,train
data/raw/cifake/train/REAL/3248 (8).jpg,0,real,cifake,train
data/raw/cifake/train/REAL/2425 (8).jpg,0,real,cifake,train
data/raw/cifake/train/FAKE/1665 (9).jpg,1,ai_generated,cifake,train
data/raw/cifake/train/FAKE/1554 (7).jpg,1,ai_generated,cifake,train
data/raw/cifake/train/REAL/3174 (6).jpg,0,real,cifake,train
data/raw/cifake/train/REAL/0828.jpg,0,real,cifake,train
data/raw/cifake/train/REAL/2862 (7).jpg,0,real,cifake,train
data/raw/cifake/train/REAL/4861 (8).jpg,0,real,cifake,train
data/raw/cifake/train/REAL/1854 (6).jpg,0,real,cifake,train
data/raw/cifake/train/REAL/1871 (3).jpg,0,real,cifake,train
data/raw/cifake/train/FAKE/3296 (4).jpg,1,ai_generated,cifake,train
data/raw/cifake/train/REAL/3394 (2).jpg,0,real,cifake,train
data/raw/cifake/train/REAL/3486 (7).jpg,0,real,cifake,train
data/raw/cifake/train/FAKE/5890 (2).jpg,1,ai_generated,cifake,train
data/raw/cifake/train/REAL/2786 (7).jpg,0,real,cifake,train
data/raw/cifake/train/REAL/1078 (10).jpg,0,real,cifake,train
data/raw/cifake/train/REAL/3246 (3).jpg,0,real,cifake,train
data/raw/cifake/train/FAKE/3893 (8).jpg,1,ai_generated,cifake,train
data/raw/cifake/train/FAKE/4854 (5).jpg,1,ai_generated,cifake,train
data/raw/cifake/train/REAL/3647 (5).jpg,0,real,cifake,train
data/raw/cifake/train/FAKE/5138 (7).jpg,1,ai_generated,cifake,train
data/raw/cifake/train/FAKE/5092 (4).jpg,1,ai_generated,cifake,train
data/raw/cifake/train/FAKE/4698 (9).jpg,1,ai_generated,cifake,train
data/raw/cifake/train/FAKE/2104 (10).jpg,1,ai_generated,cifake,train
data/raw/cifake/train/REAL/2332 (3).jpg,0,real,cifake,train
data/raw/cifake/train/REAL/2964 (8).jpg,0,real,cifake,train
data/raw/cifake/train/REAL/4138 (7).jpg,0,real,cifake,train
data/raw/cifake/train/FAKE/5189 (6).jpg,1,ai_generated,cifake,train
data/raw/cifake/train/FAKE/2469 (2).jpg,1,ai_generated,cifake,train
data/raw/cifake/train/REAL/4078 (2).jpg,0,real,cifake,train
data/raw/cifake/train/REAL/2993 (8).jpg,0,real,cifake,train
data/raw/cifake/train/FAKE/3245.jpg,1,ai_generated,cifake,train
data/raw/cifake/train/FAKE/2895 (4).jpg,1,ai_generated,cifake,train
data/raw/cifake/train/REAL/2369 (3).jpg,0,real,cifake,train
data/raw/cifake/train/REAL/4887 (5).jpg,0,real,cifake,train
data/raw/cifake/train/FAKE/3333 (7).jpg,1,ai_generated,cifake,train
data/raw/cifake/train/REAL/1474 (4).jpg,0,real,cifake,train
data/raw/cifake/train/REAL/3951 (3).jpg,0,real,cifake,train
data/raw/cifake/train/FAKE/2694 (5).jpg,1,ai_generated,cifake,train
data/raw/cifake/train/REAL/2469.jpg,0,real,cifake,train
data/raw/cifake/train/FAKE/3644 (8).jpg,1,ai_generated,cifake,train
data/raw/cifake/train/FAKE/5178 (9).jpg,1,ai_generated,cifake,train
data/raw/cifake/train/FAKE/4485 (5).jpg,1,ai_generated,cifake,train
data/raw/cifake/train/REAL/3287 (8).jpg,0,real,cifake,train
data/raw/cifake/train/FAKE/4966.jpg,1,ai_generated,cifake,train
data/raw/cifake/train/REAL/2269 (8).jpg,0,real,cifake,train
data/raw/cifake/train/FAKE/2915 (6).jpg,1,ai_generated,cifake,train
data/raw/cifake/train/REAL/4896 (6).jpg,0,real,cifake,train
data/raw/cifake/train/REAL/2888 (6).jpg,0,real,cifake,train
data/raw/cifake/train/FAKE/1573 (6).jpg,1,ai_generated,cifake,train
data/raw/cifake/train/FAKE/1617.jpg,1,ai_generated,cifake,train
data/raw/cifake/train/FAKE/5994 (8).jpg,1,ai_generated,cifake,train
data/raw/cifake/train/FAKE/5541 (6).jpg,1,ai_generated,cifake,train
data/raw/cifake/train/FAKE/5948 (3).jpg,1,ai_generated,cifake,train
data/raw/cifake/train/REAL/4298 (6).jpg,0,real,cifake,train
data/raw/cifake/train/FAKE/1661 (5).jpg,1,ai_generated,cifake,train
data/raw/cifake/train/FAKE/2196 (5).jpg,1,ai_generated,cifake,train
data/raw/cifake/train/REAL/2799.jpg,0,real,cifake,train
data/raw/cifake/train/FAKE/2363 (9).jpg,1,ai_generated,cifake,train
data/raw/cifake/train/FAKE/2020 (8).jpg,1,ai_generated,cifake,train
data/raw/cifake/train/FAKE/1846 (7).jpg,1,ai_generated,cifake,train
data/raw/cifake/train/FAKE/4430 (10).jpg,1,ai_generated,cifake,train
data/raw/cifake/train/REAL/4845.jpg,0,real,cifake,train
data/raw/cifake/train/FAKE/2166 (9).jpg,1,ai_generated,cifake,train
data/raw/cifake/train/REAL/3884 (9).jpg,0,real,cifake,train
data/raw/cifake/train/FAKE/4892.jpg,1,ai_generated,cifake,train
data/raw/cifake/train/REAL/4876 (3).jpg,0,real,cifake,train
data/raw/cifake/train/FAKE/3549 (7).jpg,1,ai_generated,cifake,train
data/raw/cifake/train/REAL/2366 (2).jpg,0,real,cifake,train
data/raw/cifake/train/REAL/0588 (3).jpg,0,real,cifake,train
data/raw/cifake/train/REAL/2653 (6).jpg,0,real,cifake,train
data/raw/cifake/train/REAL/4748 (10).jpg,0,real,cifake,train
data/raw/cifake/train/REAL/4681 (8).jpg,0,real,cifake,train
data/raw/cifake/train/REAL/3226 (6).jpg,0,real,cifake,train
data/raw/cifake/train/REAL/1059 (8).jpg,0,real,cifake,train
data/raw/cifake/train/REAL/3938 (7).jpg,0,real,cifake,train
data/raw/cifake/train/FAKE/4656 (8).jpg,1,ai_generated,cifake,train
data/raw/cifake/train/FAKE/2798 (4).jpg,1,ai_generated,cifake,train
data/raw/cifake/train/FAKE/3128 (10).jpg,1,ai_generated,cifake,train
data/raw/cifake/train/REAL/3449 (10).jpg,0,real,cifake,train
data/raw/cifake/train/FAKE/1702 (3).jpg,1,ai_generated,cifake,train
data/raw/cifake/train/REAL/1275 (2).jpg,0,real,cifake,train
data/raw/cifake/train/REAL/4901 (8).jpg,0,real,cifake,train
data/raw/cifake/train/REAL/2775 (6).jpg,0,real,cifake,train
data/raw/cifake/train/REAL/2235 (10).jpg,0,real,cifake,train
data/raw/cifake/train/REAL/3604 (10).jpg,0,real,cifake,train
data/raw/cifake/train/REAL/2366 (4).jpg,0,real,cifake,train
data/raw/cifake/train/REAL/1417.jpg,0,real,cifake,train
data/raw/cifake/train/REAL/2035 (9).jpg,0,real,cifake,train
data/raw/cifake/train/REAL/2222 (5).jpg,0,real,cifake,train
data/raw/cifake/train/REAL/4402 (7).jpg,0,real,cifake,train
data/raw/cifake/train/FAKE/2496 (2).jpg,1,ai_generated,cifake,train
data/raw/cifake/train/REAL/3116 (8).jpg,0,real,cifake,train
data/raw/cifake/train/FAKE/4014 (4).jpg,1,ai_generated,cifake,train
data/raw/cifake/train/FAKE/5895 (2).jpg,1,ai_generated,cifake,train
data/raw/cifake/train/FAKE/2007 (9).jpg,1,ai_generated,cifake,train
data/raw/cifake/train/FAKE/3526 (10).jpg,1,ai_generated,cifake,train
data/raw/cifake/train/FAKE/3975 (7).jpg,1,ai_generated,cifake,train
data/raw/cifake/train/FAKE/2110 (4).jpg,1,ai_generated,cifake,train
data/raw/cifake/train/REAL/0430 (6).jpg,0,real,cifake,train
data/raw/cifake/train/FAKE/5981.jpg,1,ai_generated,cifake,train
data/raw/cifake/train/FAKE/5608.jpg,1,ai_generated,cifake,train
data/raw/cifake/train/REAL/0487 (5).jpg,0,real,cifake,train
data/raw/cifake/train/REAL/3873 (6).jpg,0,real,cifake,train
data/raw/cifake/train/REAL/4572 (8).jpg,0,real,cifake,train
data/raw/cifake/train/REAL/4737 (4).jpg,0,real,cifake,train
data/raw/cifake/train/FAKE/3734 (3).jpg,1,ai_generated,cifake,train
data/raw/cifake/train/FAKE/2372 (4).jpg,1,ai_generated,cifake,train
data/raw/cifake/train/REAL/4276 (5).jpg,0,real,cifake,train
data/raw/cifake/train/REAL/0761 (3).jpg,0,real,cifake,train
data/raw/cifake/train/FAKE/3031 (8).jpg,1,ai_generated,cifake,train
data/raw/cifake/train/REAL/1212 (4).jpg,0,real,cifake,train
data/raw/cifake/train/FAKE/2352 (8).jpg,1,ai_generated,cifake,train
data/raw/cifake/train/FAKE/5591 (7).jpg,1,ai_generated,cifake,train
data/raw/cifake/train/FAKE/4247 (4).jpg,1,ai_generated,cifake,train
data/raw/cifake/train/REAL/0460 (2).jpg,0,real,cifake,train
data/raw/cifake/train/FAKE/3278 (8).jpg,1,ai_generated,cifake,train
data/raw/cifake/train/REAL/4759 (6).jpg,0,real,cifake,train
data/raw/cifake/train/REAL/3722.jpg,0,real,cifake,train
data/raw/cifake/train/FAKE/1360 (4).jpg,1,ai_generated,cifake,train
data/raw/cifake/train/REAL/3802 (5).jpg,0,real,cifake,train
data/raw/cifake/train/FAKE/3903 (7).jpg,1,ai_generated,cifake,train
data/raw/cifake/train/REAL/4344 (6).jpg,0,real,cifake,train
data/raw/cifake/train/FAKE/3337 (8).jpg,1,ai_generated,cifake,train
data/raw/cifake/train/FAKE/3151 (6).jpg,1,ai_generated,cifake,train
data/raw/cifake/train/FAKE/1087 (6).jpg,1,ai_generated,cifake,train
data/raw/cifake/train/FAKE/5493 (4).jpg,1,ai_generated,cifake,train
data/raw/cifake/train/FAKE/2605 (6).jpg,1,ai_generated,cifake,train
data/raw/cifake/train/FAKE/1114 (9).jpg,1,ai_generated,cifake,train
data/raw/cifake/train/FAKE/5316 (3).jpg,1,ai_generated,cifake,train
data/raw/cifake/train/REAL/4280 (10).jpg,0,real,cifake,train
data/raw/cifake/train/REAL/0279 (6).jpg,0,real,cifake,train
data/raw/cifake/train/FAKE/4946 (9).jpg,1,ai_generated,cifake,train
data/raw/cifake/train/FAKE/2319 (4).jpg,1,ai_generated,cifake,train
data/raw/cifake/train/REAL/2663 (7).jpg,0,real,cifake,train
data/raw/cifake/train/REAL/4905 (6).jpg,0,real,cifake,train
data/raw/cifake/train/REAL/0967 (3).jpg,0,real,cifake,train
data/raw/cifake/train/FAKE/1169.jpg,1,ai_generated,cifake,train
data/raw/cifake/train/REAL/0819 (9).jpg,0,real,cifake,train
data/raw/cifake/train/FAKE/2550 (10).jpg,1,ai_generated,cifake,train
data/raw/cifake/train/FAKE/4012 (3).jpg,1,ai_generated,cifake,train
data/raw/cifake/train/REAL/1142 (3).jpg,0,real,cifake,train
data/raw/cifake/train/FAKE/2747 (7).jpg,1,ai_generated,cifake,train
data/raw/cifake/train/FAKE/2601 (4).jpg,1,ai_generated,cifake,train
data/raw/cifake/train/REAL/3887 (10).jpg,0,real,cifake,train
data/raw/cifake/train/REAL/1161 (7).jpg,0,real,cifake,train
data/raw/cifake/train/FAKE/4250 (8).jpg,1,ai_generated,cifake,train
data/raw/cifake/train/REAL/1345 (5).jpg,0,real,cifake,train
data/raw/cifake/train/REAL/0900 (9).jpg,0,real,cifake,train
data/raw/cifake/train/REAL/0390 (8).jpg,0,real,cifake,train
data/raw/cifake/train/FAKE/3692 (2).jpg,1,ai_generated,cifake,train
data/raw/cifake/train/REAL/4443 (3).jpg,0,real,cifake,train
data/raw/cifake/train/REAL/2031 (4).jpg,0,real,cifake,train
data/raw/cifake/train/FAKE/1070 (10).jpg,1,ai_generated,cifake,train
data/raw/cifake/train/REAL/3437 (9).jpg,0,real,cifake,train
data/raw/cifake/train/REAL/0457.jpg,0,real,cifake,train
data/raw/cifake/train/FAKE/2224 (2).jpg,1,ai_generated,cifake,train
data/raw/cifake/train/REAL/0413 (8).jpg,0,real,cifake,train
data/raw/cifake/train/REAL/4861 (6).jpg,0,real,cifake,train
data/raw/cifake/train/REAL/4667 (6).jpg,0,real,cifake,train
data/raw/cifake/train/REAL/0811 (2).jpg,0,real,cifake,train
data/raw/cifake/train/FAKE/5668 (10).jpg,1,ai_generated,cifake,train
data/raw/cifake/train/REAL/1237 (4).jpg,0,real,cifake,train
data/raw/cifake/train/REAL/4433 (8).jpg,0,real,cifake,train
data/raw/cifake/train/REAL/4879.jpg,0,real,cifake,train
data/raw/cifake/train/FAKE/3179 (3).jpg,1,ai_generated,cifake,train
data/raw/cifake/train/REAL/0535 (6).jpg,0,real,cifake,train
data/raw/cifake/train/FAKE/1216 (8).jpg,1,ai_generated,cifake,train
data/raw/cifake/train/REAL/4285 (4).jpg,0,real,cifake,train
data/raw/cifake/train/REAL/1590 (7).jpg,0,real,cifake,train
data/raw/cifake/train/FAKE/1475.jpg,1,ai_generated,cifake,train
data/raw/cifake/train/FAKE/3622 (2).jpg,1,ai_generated,cifake,train
data/raw/cifake/train/REAL/1372 (10).jpg,0,real,cifake,train
data/raw/cifake/train/REAL/0629 (2).jpg,0,real,cifake,train
data/raw/cifake/train/REAL/2093 (4).jpg,0,real,cifake,train
data/raw/cifake/train/REAL/4025 (8).jpg,0,real,cifake,train
data/raw/cifake/train/REAL/2947 (10).jpg,0,real,cifake,train
data/raw/cifake/train/REAL/0684.jpg,0,real,cifake,train
data/raw/cifake/train/FAKE/4473 (4).jpg,1,ai_generated,cifake,train
data/raw/cifake/train/REAL/3799 (2).jpg,0,real,cifake,train
data/raw/cifake/train/FAKE/4355 (8).jpg,1,ai_generated,cifake,train
data/raw/cifake/train/REAL/4508 (10).jpg,0,real,cifake,train
data/raw/cifake/train/FAKE/4878 (9).jpg,1,ai_generated,cifake,train
data/raw/cifake/train/REAL/3502 (7).jpg,0,real,cifake,train
data/raw/cifake/train/FAKE/1811 (10).jpg,1,ai_generated,cifake,train
data/raw/cifake/train/REAL/1521.jpg,0,real,cifake,train
data/raw/cifake/train/FAKE/5100 (9).jpg,1,ai_generated,cifake,train
data/raw/cifake/train/REAL/2036 (10).jpg,0,real,cifake,train
data/raw/cifake/train/REAL/3514.jpg,0,real,cifake,train
data/raw/cifake/train/REAL/1436 (8).jpg,0,real,cifake,train
data/raw/cifake/train/REAL/3270 (4).jpg,0,real,cifake,train
data/raw/cifake/train/FAKE/3145 (8).jpg,1,ai_generated,cifake,train
data/raw/cifake/train/FAKE/2581 (5).jpg,1,ai_generated,cifake,train
data/raw/cifake/train/REAL/3119 (2).jpg,0,real,cifake,train
data/raw/cifake/train/FAKE/5795 (4).jpg,1,ai_generated,cifake,train
data/raw/cifake/train/FAKE/4056.jpg,1,ai_generated,cifake,train
data/raw/cifake/train/FAKE/4272 (9).jpg,1,ai_generated,cifake,train
data/raw/cifake/train/FAKE/1711 (6).jpg,1,ai_generated,cifake,train
data/raw/cifake/train/REAL/1655 (8).jpg,0,real,cifake,train
data/raw/cifake/train/REAL/2392 (4).jpg,0,real,cifake,train
data/raw/cifake/train/REAL/2462 (2).jpg,0,real,cifake,train
data/raw/cifake/train/REAL/0264 (3).jpg,0,real,cifake,train
data/raw/cifake/train/FAKE/3590 (6).jpg,1,ai_generated,cifake,train
data/raw/cifake/train/FAKE/4056 (4).jpg,1,ai_generated,cifake,train
data/raw/cifake/train/FAKE/3353.jpg,1,ai_generated,cifake,train
data/raw/cifake/train/FAKE/3569.jpg,1,ai_generated,cifake,train
data/raw/cifake/train/FAKE/3629 (6).jpg,1,ai_generated,cifake,train
data/raw/cifake/train/REAL/3162.jpg,0,real,cifake,train
data/raw/cifake/train/REAL/1188 (8).jpg,0,real,cifake,train
data/raw/cifake/train/FAKE/3003 (2).jpg,1,ai_generated,cifake,train
data/raw/cifake/train/REAL/3123 (3).jpg,0,real,cifake,train
data/raw/cifake/train/REAL/3574 (5).jpg,0,real,cifake,train
data/raw/cifake/train/REAL/3773 (8).jpg,0,real,cifake,train
data/raw/cifake/train/FAKE/4310 (3).jpg,1,ai_generated,cifake,train
data/raw/cifake/train/REAL/1513 (9).jpg,0,real,cifake,train
data/raw/cifake/train/FAKE/4821 (4).jpg,1,ai_generated,cifake,train
data/raw/cifake/train/FAKE/1948.jpg,1,ai_generated,cifake,train
data/raw/cifake/train/REAL/4021 (9).jpg,0,real,cifake,train
data/raw/cifake/train/FAKE/5536 (3).jpg,1,ai_generated,cifake,train
data/raw/cifake/train/REAL/3487 (7).jpg,0,real,cifake,train
data/raw/cifake/train/REAL/3789 (6).jpg,0,real,cifake,train
data/raw/cifake/train/REAL/0735 (9).jpg,0,real,cifake,train
data/raw/cifake/train/FAKE/2705 (5).jpg,1,ai_generated,cifake,train
data/raw/cifake/train/REAL/3052 (5).jpg,0,real,cifake,train
data/raw/cifake/train/REAL/2052 (4).jpg,0,real,cifake,train
data/raw/cifake/train/REAL/3982 (3).jpg,0,real,cifake,train
data/raw/cifake/train/REAL/3945 (7).jpg,0,real,cifake,train
data/raw/cifake/train/FAKE/2849 (9).jpg,1,ai_generated,cifake,train
data/raw/cifake/train/FAKE/3168 (8).jpg,1,ai_generated,cifake,train
data/raw/cifake/train/FAKE/2639 (5).jpg,1,ai_generated,cifake,train
data/raw/cifake/train/REAL/2857 (6).jpg,0,real,cifake,train
data/raw/cifake/train/FAKE/4036.jpg,1,ai_generated,cifake,train
data/raw/cifake/train/FAKE/3093 (6).jpg,1,ai_generated,cifake,train
data/raw/cifake/train/REAL/4145 (8).jpg,0,real,cifake,train
data/raw/cifake/train/FAKE/5403 (7).jpg,1,ai_generated,cifake,train
data/raw/cifake/train/FAKE/4954 (10).jpg,1,ai_generated,cifake,train
data/raw/cifake/train/FAKE/4693 (3).jpg,1,ai_generated,cifake,train
data/raw/cifake/train/FAKE/3052 (7).jpg,1,ai_generated,cifake,train
data/raw/cifake/train/REAL/4694 (9).jpg,0,real,cifake,train
data/raw/cifake/train/REAL/2665 (10).jpg,0,real,cifake,train
data/raw/cifake/train/REAL/3367 (4).jpg,0,real,cifake,train
data/raw/cifake/train/FAKE/5667 (4).jpg,1,ai_generated,cifake,train
data/raw/cifake/train/FAKE/5145 (9).jpg,1,ai_generated,cifake,train
data/raw/cifake/train/REAL/0230 (10).jpg,0,real,cifake,train
data/raw/cifake/train/FAKE/2419 (9).jpg,1,ai_generated,cifake,train
data/raw/cifake/train/FAKE/1401 (5).jpg,1,ai_generated,cifake,train
data/raw/cifake/train/REAL/1946 (2).jpg,0,real,cifake,train
data/raw/cifake/train/FAKE/3319 (7).jpg,1,ai_generated,cifake,train
data/raw/cifake/train/FAKE/1673 (10).jpg,1,ai_generated,cifake,train
data/raw/cifake/train/REAL/3728 (6).jpg,0,real,cifake,train
data/raw/cifake/train/REAL/0771 (4).jpg,0,real,cifake,train
data/raw/cifake/train/FAKE/3008 (3).jpg,1,ai_generated,cifake,train
data/raw/cifake/train/REAL/1341 (2).jpg,0,real,cifake,train
data/raw/cifake/train/REAL/1869 (8).jpg,0,real,cifake,train
data/raw/cifake/train/FAKE/2484 (10).jpg,1,ai_generated,cifake,train
data/raw/cifake/train/REAL/2736 (2).jpg,0,real,cifake,train
data/raw/cifake/train/FAKE/4976 (10).jpg,1,ai_generated,cifake,train
data/raw/cifake/train/FAKE/3473 (7).jpg,1,ai_generated,cifake,train
data/raw/cifake/train/REAL/0852 (2).jpg,0,real,cifake,train
data/raw/cifake/train/FAKE/3760 (6).jpg,1,ai_generated,cifake,train
data/raw/cifake/train/REAL/2023 (7).jpg,0,real,cifake,train
data/raw/cifake/train/REAL/2331 (6).jpg,0,real,cifake,train
data/raw/cifake/train/REAL/2638 (8).jpg,0,real,cifake,train
data/raw/cifake/train/REAL/1395 (6).jpg,0,real,cifake,train
data/raw/cifake/train/REAL/4933 (3).jpg,0,real,cifake,train
data/raw/cifake/train/FAKE/5448 (10).jpg,1,ai_generated,cifake,train
data/raw/cifake/train/FAKE/1117 (8).jpg,1,ai_generated,cifake,train
data/raw/cifake/train/FAKE/5210 (4).jpg,1,ai_generated,cifake,train
data/raw/cifake/train/REAL/0264 (2).jpg,0,real,cifake,train
data/raw/cifake/train/FAKE/5285 (5).jpg,1,ai_generated,cifake,train
data/raw/cifake/train/REAL/2207 (3).jpg,0,real,cifake,train
data/raw/cifake/train/REAL/1316 (3).jpg,0,real,cifake,train
data/raw/cifake/train/REAL/3226 (2).jpg,0,real,cifake,train
data/raw/cifake/train/REAL/2453 (9).jpg,0,real,cifake,train
data/raw/cifake/train/FAKE/4180 (8).jpg,1,ai_generated,cifake,train
data/raw/cifake/train/REAL/4946 (2).jpg,0,real,cifake,train
data/raw/cifake/train/REAL/0462 (4).jpg,0,real,cifake,train
data/raw/cifake/train/FAKE/2122.jpg,1,ai_generated,cifake,train
data/raw/cifake/train/FAKE/3441 (5).jpg,1,ai_generated,cifake,train
data/raw/cifake/train/FAKE/1328 (7).jpg,1,ai_generated,cifake,train
data/raw/cifake/train/FAKE/5471.jpg,1,ai_generated,cifake,train
data/raw/cifake/train/REAL/3443 (9).jpg,0,real,cifake,train
data/raw/cifake/train/FAKE/4339 (7).jpg,1,ai_generated,cifake,train
data/raw/cifake/train/FAKE/3551 (2).jpg,1,ai_generated,cifake,train
data/raw/cifake/train/REAL/3679 (5).jpg,0,real,cifake,train
data/raw/cifake/train/FAKE/1166 (2).jpg,1,ai_generated,cifake,train
data/raw/cifake/train/REAL/1729 (4).jpg,0,real,cifake,train
data/raw/cifake/train/FAKE/1686 (4).jpg,1,ai_generated,cifake,train
data/raw/cifake/train/REAL/0502 (6).jpg,0,real,cifake,train
data/raw/cifake/train/FAKE/1117 (10).jpg,1,ai_generated,cifake,train
data/raw/cifake/train/REAL/3535 (9).jpg,0,real,cifake,train
data/raw/cifake/train/FAKE/2085 (8).jpg,1,ai_generated,cifake,train
data/raw/cifake/train/FAKE/3225 (6).jpg,1,ai_generated,cifake,train
data/raw/cifake/train/FAKE/3626 (9).jpg,1,ai_generated,cifake,train
data/raw/cifake/train/REAL/3715.jpg,0,real,cifake,train
data/raw/cifake/train/FAKE/4235 (2).jpg,1,ai_generated,cifake,train
data/raw/cifake/train/REAL/1741 (2).jpg,0,real,cifake,train
data/raw/cifake/train/REAL/4497 (3).jpg,0,real,cifake,train
data/raw/cifake/train/FAKE/5658 (9).jpg,1,ai_generated,cifake,train
data/raw/cifake/train/FAKE/2831 (3).jpg,1,ai_generated,cifake,train
data/raw/cifake/train/REAL/1728 (10).jpg,0,real,cifake,train
data/raw/cifake/train/REAL/2044 (7).jpg,0,real,cifake,train
data/raw/cifake/train/REAL/2048.jpg,0,real,cifake,train
data/raw/cifake/train/FAKE/4482 (6).jpg,1,ai_generated,cifake,train
data/raw/cifake/train/FAKE/1557 (6).jpg,1,ai_generated,cifake,train
data/raw/cifake/train/REAL/0283 (10).jpg,0,real,cifake,train
data/raw/cifake/train/REAL/0496 (2).jpg,0,real,cifake,train
data/raw/cifake/train/FAKE/5819 (6).jpg,1,ai_generated,cifake,train
data/raw/cifake/train/REAL/4330 (4).jpg,0,real,cifake,train
data/raw/cifake/train/REAL/2451 (5).jpg,0,real,cifake,train
data/raw/cifake/train/FAKE/5370 (2).jpg,1,ai_generated,cifake,train
data/raw/cifake/train/FAKE/4968 (9).jpg,1,ai_generated,cifake,train
data/raw/cifake/train/FAKE/1416 (7).jpg,1,ai_generated,cifake,train
data/raw/cifake/train/REAL/1282 (2).jpg,0,real,cifake,train
data/raw/cifake/train/REAL/0959 (9).jpg,0,real,cifake,train
data/raw/cifake/train/FAKE/1520 (8).jpg,1,ai_generated,cifake,train
data/raw/cifake/train/FAKE/3327 (5).jpg,1,ai_generated,cifake,train
data/raw/cifake/train/REAL/2162 (6).jpg,0,real,cifake,train
data/raw/cifake/train/REAL/2258 (4).jpg,0,real,cifake,train
data/raw/cifake/train/REAL/0065.jpg,0,real,cifake,train
data/raw/cifake/train/REAL/3792 (8).jpg,0,real,cifake,train
data/raw/cifake/train/REAL/0471 (10).jpg,0,real,cifake,train
data/raw/cifake/train/REAL/3711 (3).jpg,0,real,cifake,train
data/raw/cifake/train/REAL/1840 (7).jpg,0,real,cifake,train
data/raw/cifake/train/REAL/4173 (6).jpg,0,real,cifake,train
data/raw/cifake/train/REAL/2980 (3).jpg,0,real,cifake,train
data/raw/cifake/train/FAKE/2720 (6).jpg,1,ai_generated,cifake,train
data/raw/cifake/train/FAKE/2437.jpg,1,ai_generated,cifake,train
data/raw/cifake/train/REAL/1845 (9).jpg,0,real,cifake,train
data/raw/cifake/train/FAKE/4425 (5).jpg,1,ai_generated,cifake,train
data/raw/cifake/train/FAKE/4831 (5).jpg,1,ai_generated,cifake,train
data/raw/cifake/train/FAKE/1754 (9).jpg,1,ai_generated,cifake,train
data/raw/cifake/train/REAL/0371 (9).jpg,0,real,cifake,train
data/raw/cifake/train/REAL/4580 (8).jpg,0,real,cifake,train
data/raw/cifake/train/FAKE/2906 (6).jpg,1,ai_generated,cifake,train
data/raw/cifake/train/FAKE/5885 (3).jpg,1,ai_generated,cifake,train
data/raw/cifake/train/REAL/3844 (2).jpg,0,real,cifake,train
data/raw/cifake/train/FAKE/4950 (8).jpg,1,ai_generated,cifake,train
data/raw/cifake/train/REAL/1017 (3).jpg,0,real,cifake,train
data/raw/cifake/train/REAL/0747 (4).jpg,0,real,cifake,train
data/raw/cifake/train/FAKE/1979 (2).jpg,1,ai_generated,cifake,train
data/raw/cifake/train/FAKE/1901 (9).jpg,1,ai_generated,cifake,train
data/raw/cifake/train/FAKE/5379 (10).jpg,1,ai_generated,cifake,train
data/raw/cifake/train/REAL/1954 (8).jpg,0,real,cifake,train
data/raw/cifake/train/FAKE/3469 (7).jpg,1,ai_generated,cifake,train
data/raw/cifake/train/REAL/1239 (5).jpg,0,real,cifake,train
data/raw/cifake/train/FAKE/3645 (6).jpg,1,ai_generated,cifake,train
data/raw/cifake/train/REAL/0994 (2).jpg,0,real,cifake,train
data/raw/cifake/train/FAKE/1386 (5).jpg,1,ai_generated,cifake,train
data/raw/cifake/train/REAL/2636 (8).jpg,0,real,cifake,train
data/raw/cifake/train/REAL/0106 (4).jpg,0,real,cifake,train
data/raw/cifake/train/FAKE/2375 (8).jpg,1,ai_generated,cifake,train
data/raw/cifake/train/REAL/4039 (5).jpg,0,real,cifake,train
data/raw/cifake/train/FAKE/1138 (10).jpg,1,ai_generated,cifake,train
data/raw/cifake/train/REAL/0750.jpg,0,real,cifake,train
data/raw/cifake/train/FAKE/5512 (8).jpg,1,ai_generated,cifake,train
data/raw/cifake/train/REAL/0845 (2).jpg,0,real,cifake,train
data/raw/cifake/train/REAL/1349.jpg,0,real,cifake,train
data/raw/cifake/train/REAL/0679.jpg,0,real,cifake,train
data/raw/cifake/train/FAKE/3228 (8).jpg,1,ai_generated,cifake,train
data/raw/cifake/train/REAL/2437 (7).jpg,0,real,cifake,train
data/raw/cifake/train/REAL/3576 (2).jpg,0,real,cifake,train
data/raw/cifake/train/REAL/4484 (9).jpg,0,real,cifake,train
data/raw/cifake/train/REAL/2775 (4).jpg,0,real,cifake,train
data/raw/cifake/train/REAL/4114 (6).jpg,0,real,cifake,train
data/raw/cifake/train/FAKE/3488 (2).jpg,1,ai_generated,cifake,train
data/raw/cifake/train/REAL/0345 (5).jpg,0,real,cifake,train
data/raw/cifake/train/FAKE/5670 (6).jpg,1,ai_generated,cifake,train
data/raw/cifake/train/REAL/4587 (3).jpg,0,real,cifake,train
data/raw/cifake/train/FAKE/3601.jpg,1,ai_generated,cifake,train
data/raw/cifake/train/REAL/1966 (2).jpg,0,real,cifake,train
data/raw/cifake/train/FAKE/1738 (9).jpg,1,ai_generated,cifake,train
data/raw/cifake/train/FAKE/2570 (10).jpg,1,ai_generated,cifake,train
data/raw/cifake/train/FAKE/3241 (9).jpg,1,ai_generated,cifake,train
data/raw/cifake/train/FAKE/5210 (6).jpg,1,ai_generated,cifake,train
data/raw/cifake/train/FAKE/3599 (2).jpg,1,ai_generated,cifake,train
data/raw/cifake/train/REAL/2132 (5).jpg,0,real,cifake,train
data/raw/cifake/train/FAKE/1250 (4).jpg,1,ai_generated,cifake,train
data/raw/cifake/train/FAKE/1148.jpg,1,ai_generated,cifake,train
data/raw/cifake/train/REAL/0717 (4).jpg,0,real,cifake,train
data/raw/cifake/train/FAKE/3526 (2).jpg,1,ai_generated,cifake,train
data/raw/cifake/train/FAKE/1380 (2).jpg,1,ai_generated,cifake,train
data/raw/cifake/train/FAKE/5658 (5).jpg,1,ai_generated,cifake,train
data/raw/cifake/train/REAL/4730 (4).jpg,0,real,cifake,train
data/raw/cifake/train/FAKE/3706 (9).jpg,1,ai_generated,cifake,train
data/raw/cifake/train/FAKE/2666 (7).jpg,1,ai_generated,cifake,train
data/raw/cifake/train/FAKE/4452 (2).jpg,1,ai_generated,cifake,train
data/raw/cifake/train/REAL/4017 (2).jpg,0,real,cifake,train
data/raw/cifake/train/REAL/2234 (9).jpg,0,real,cifake,train
data/raw/cifake/train/FAKE/1060.jpg,1,ai_generated,cifake,train
data/raw/cifake/train/FAKE/2274.jpg,1,ai_generated,cifake,train
data/raw/cifake/train/REAL/1145 (8).jpg,0,real,cifake,train
data/raw/cifake/train/REAL/3766 (10).jpg,0,real,cifake,train
data/raw/cifake/train/FAKE/5226 (4).jpg,1,ai_generated,cifake,train
data/raw/cifake/train/REAL/4828 (8).jpg,0,real,cifake,train
data/raw/cifake/train/REAL/0928 (2).jpg,0,real,cifake,train
data/raw/cifake/train/FAKE/3126 (3).jpg,1,ai_generated,cifake,train
data/raw/cifake/train/REAL/0548 (7).jpg,0,real,cifake,train
data/raw/cifake/train/REAL/1155.jpg,0,real,cifake,train
data/raw/cifake/train/FAKE/1316 (5).jpg,1,ai_generated,cifake,train
data/raw/cifake/train/FAKE/3636 (7).jpg,1,ai_generated,cifake,train
data/raw/cifake/train/FAKE/5517 (6).jpg,1,ai_generated,cifake,train
data/raw/cifake/train/REAL/1576 (10).jpg,0,real,cifake,train
data/raw/cifake/train/REAL/1147 (3).jpg,0,real,cifake,train
data/raw/cifake/train/REAL/0776 (9).jpg,0,real,cifake,train
data/raw/cifake/train/REAL/0055 (9).jpg,0,real,cifake,train
data/raw/cifake/train/REAL/2976 (7).jpg,0,real,cifake,train
data/raw/cifake/train/REAL/3455 (7).jpg,0,real,cifake,train
data/raw/cifake/train/REAL/4370.jpg,0,real,cifake,train
data/raw/cifake/train/REAL/3847 (3).jpg,0,real,cifake,train
data/raw/cifake/train/FAKE/2377 (8).jpg,1,ai_generated,cifake,train
data/raw/cifake/train/REAL/1358 (6).jpg,0,real,cifake,train
data/raw/cifake/train/FAKE/3834 (4).jpg,1,ai_generated,cifake,train
data/raw/cifake/train/FAKE/3306 (4).jpg,1,ai_generated,cifake,train
data/raw/cifake/train/REAL/1808 (7).jpg,0,real,cifake,train
data/raw/cifake/train/REAL/3082 (4).jpg,0,real,cifake,train
data/raw/cifake/train/FAKE/1964 (8).jpg,1,ai_generated,cifake,train
data/raw/cifake/train/FAKE/4254 (4).jpg,1,ai_generated,cifake,train
data/raw/cifake/train/REAL/3463 (5).jpg,0,real,cifake,train
data/raw/cifake/train/REAL/4386 (3).jpg,0,real,cifake,train
data/raw/cifake/train/REAL/1206.jpg,0,real,cifake,train
data/raw/cifake/train/FAKE/5529 (4).jpg,1,ai_generated,cifake,train
data/raw/cifake/train/REAL/3720 (7).jpg,0,real,cifake,train
data/raw/cifake/train/REAL/1014 (7).jpg,0,real,cifake,train
data/raw/cifake/train/REAL/0883 (7).jpg,0,real,cifake,train
data/raw/cifake/train/FAKE/2131 (4).jpg,1,ai_generated,cifake,train
data/raw/cifake/train/REAL/4038.jpg,0,real,cifake,train
data/raw/cifake/train/FAKE/3475 (3).jpg,1,ai_generated,cifake,train
data/raw/cifake/train/FAKE/2241 (8).jpg,1,ai_generated,cifake,train
data/raw/cifake/train/FAKE/5210.jpg,1,ai_generated,cifake,train
data/raw/cifake/train/FAKE/4786 (5).jpg,1,ai_generated,cifake,train
data/raw/cifake/train/FAKE/5467 (6).jpg,1,ai_generated,cifake,train
data/raw/cifake/train/REAL/2720 (9).jpg,0,real,cifake,train
data/raw/cifake/train/REAL/3787 (4).jpg,0,real,cifake,train
data/raw/cifake/train/FAKE/2582 (7).jpg,1,ai_generated,cifake,train
data/raw/cifake/train/REAL/0559 (3).jpg,0,real,cifake,train
data/raw/cifake/train/REAL/1734 (3).jpg,0,real,cifake,train
data/raw/cifake/train/REAL/3320 (3).jpg,0,real,cifake,train
data/raw/cifake/train/FAKE/1956 (9).jpg,1,ai_generated,cifake,train
data/raw/cifake/train/REAL/1686 (9).jpg,0,real,cifake,train
data/raw/cifake/train/REAL/1053 (6).jpg,0,real,cifake,train
data/raw/cifake/train/FAKE/3216 (7).jpg,1,ai_generated,cifake,train
data/raw/cifake/train/REAL/0830 (9).jpg,0,real,cifake,train
data/raw/cifake/train/FAKE/2681 (9).jpg,1,ai_generated,cifake,train
data/raw/cifake/train/FAKE/2663 (2).jpg,1,ai_generated,cifake,train
data/raw/cifake/train/FAKE/2173 (9).jpg,1,ai_generated,cifake,train
data/raw/cifake/train/REAL/1540 (7).jpg,0,real,cifake,train
data/raw/cifake/train/REAL/0277 (5).jpg,0,real,cifake,train
data/raw/cifake/train/REAL/0406.jpg,0,real,cifake,train
data/raw/cifake/train/FAKE/5008 (8).jpg,1,ai_generated,cifake,train
data/raw/cifake/train/FAKE/5739.jpg,1,ai_generated,cifake,train
data/raw/cifake/train/FAKE/1538 (5).jpg,1,ai_generated,cifake,train
data/raw/cifake/train/FAKE/4468 (6).jpg,1,ai_generated,cifake,train
data/raw/cifake/train/REAL/3123.jpg,0,real,cifake,train
data/raw/cifake/train/FAKE/5353 (6).jpg,1,ai_generated,cifake,train
data/raw/cifake/train/REAL/3013 (5).jpg,0,real,cifake,train
data/raw/cifake/train/FAKE/1604.jpg,1,ai_generated,cifake,train
data/raw/cifake/train/REAL/4532 (5).jpg,0,real,cifake,train
data/raw/cifake/train/REAL/1944 (9).jpg,0,real,cifake,train
data/raw/cifake/train/FAKE/1370 (7).jpg,1,ai_generated,cifake,train
data/raw/cifake/train/REAL/4074 (9).jpg,0,real,cifake,train
data/raw/cifake/train/REAL/0752 (6).jpg,0,real,cifake,train
data/raw/cifake/train/FAKE/2170 (6).jpg,1,ai_generated,cifake,train
data/raw/cifake/train/FAKE/2866 (3).jpg,1,ai_generated,cifake,train
data/raw/cifake/train/FAKE/4899 (5).jpg,1,ai_generated,cifake,train
data/raw/cifake/train/FAKE/4548 (2).jpg,1,ai_generated,cifake,train
data/raw/cifake/train/REAL/3857 (6).jpg,0,real,cifake,train
data/raw/cifake/train/REAL/0854.jpg,0,real,cifake,train
data/raw/cifake/train/REAL/1331.jpg,0,real,cifake,train
data/raw/cifake/train/FAKE/3337 (6).jpg,1,ai_generated,cifake,train
data/raw/cifake/train/REAL/0525 (7).jpg,0,real,cifake,train
data/raw/cifake/train/FAKE/4510.jpg,1,ai_generated,cifake,train
data/raw/cifake/train/REAL/4946 (5).jpg,0,real,cifake,train
data/raw/cifake/train/FAKE/1499 (8).jpg,1,ai_generated,cifake,train
data/raw/cifake/train/REAL/3643 (3).jpg,0,real,cifake,train
data/raw/cifake/train/FAKE/1499 (2).jpg,1,ai_generated,cifake,train
data/raw/cifake/train/FAKE/5130 (8).jpg,1,ai_generated,cifake,train
data/raw/cifake/train/FAKE/2543 (8).jpg,1,ai_generated,cifake,train
data/raw/cifake/train/FAKE/2391 (10).jpg,1,ai_generated,cifake,train
data/raw/cifake/train/REAL/0598 (10).jpg,0,real,cifake,train
data/raw/cifake/train/REAL/4192 (5).jpg,0,real,cifake,train
data/raw/cifake/train/FAKE/5947 (9).jpg,1,ai_generated,cifake,train
data/raw/cifake/train/FAKE/2675 (10).jpg,1,ai_generated,cifake,train
data/raw/cifake/train/REAL/4342 (2).jpg,0,real,cifake,train
data/raw/cifake/train/FAKE/3014 (3).jpg,1,ai_generated,cifake,train
data/raw/cifake/train/FAKE/1968 (3).jpg,1,ai_generated,cifake,train
data/raw/cifake/train/FAKE/1620 (9).jpg,1,ai_generated,cifake,train
data/raw/cifake/train/REAL/3777 (8).jpg,0,real,cifake,train
data/raw/cifake/train/FAKE/5660 (2).jpg,1,ai_generated,cifake,train
data/raw/cifake/train/REAL/4662.jpg,0,real,cifake,train
data/raw/cifake/train/REAL/3623 (9).jpg,0,real,cifake,train
data/raw/cifake/train/FAKE/4791 (6).jpg,1,ai_generated,cifake,train
data/raw/cifake/train/REAL/3728.jpg,0,real,cifake,train
data/raw/cifake/train/FAKE/2967.jpg,1,ai_generated,cifake,train
data/raw/cifake/train/FAKE/4116 (3).jpg,1,ai_generated,cifake,train
data/raw/cifake/train/REAL/2200 (7).jpg,0,real,cifake,train
data/raw/cifake/train/FAKE/1482 (9).jpg,1,ai_generated,cifake,train
data/raw/cifake/train/FAKE/1118 (10).jpg,1,ai_generated,cifake,train
data/raw/cifake/train/FAKE/5779 (5).jpg,1,ai_generated,cifake,train
data/raw/cifake/train/REAL/2755.jpg,0,real,cifake,train
data/raw/cifake/train/FAKE/3417 (2).jpg,1,ai_generated,cifake,train
data/raw/cifake/train/REAL/0989 (6).jpg,0,real,cifake,train
data/raw/cifake/train/FAKE/4036 (3).jpg,1,ai_generated,cifake,train
data/raw/cifake/train/FAKE/2091 (8).jpg,1,ai_generated,cifake,train
data/raw/cifake/train/REAL/1530 (8).jpg,0,real,cifake,train
data/raw/cifake/train/FAKE/1903 (8).jpg,1,ai_generated,cifake,train
data/raw/cifake/train/FAKE/4485 (6).jpg,1,ai_generated,cifake,train
data/raw/cifake/train/FAKE/3126 (6).jpg,1,ai_generated,cifake,train
data/raw/cifake/train/FAKE/2269 (4).jpg,1,ai_generated,cifake,train
data/raw/cifake/train/FAKE/2015 (10).jpg,1,ai_generated,cifake,train
data/raw/cifake/train/FAKE/4697.jpg,1,ai_generated,cifake,train
data/raw/cifake/train/FAKE/3198 (7).jpg,1,ai_generated,cifake,train
data/raw/cifake/train/REAL/4927 (9).jpg,0,real,cifake,train
data/raw/cifake/train/FAKE/3565 (6).jpg,1,ai_generated,cifake,train
data/raw/cifake/train/FAKE/4066 (9).jpg,1,ai_generated,cifake,train
data/raw/cifake/train/REAL/1372 (8).jpg,0,real,cifake,train
data/raw/cifake/train/FAKE/5028 (5).jpg,1,ai_generated,cifake,train
data/raw/cifake/train/FAKE/2326 (9).jpg,1,ai_generated,cifake,train
data/raw/cifake/train/FAKE/1567 (3).jpg,1,ai_generated,cifake,train
data/raw/cifake/train/REAL/4138.jpg,0,real,cifake,train
data/raw/cifake/train/FAKE/5021 (2).jpg,1,ai_generated,cifake,train
data/raw/cifake/train/FAKE/1967 (6).jpg,1,ai_generated,cifake,train
data/raw/cifake/train/FAKE/5062 (5).jpg,1,ai_generated,cifake,train
data/raw/cifake/train/REAL/1721 (7).jpg,0,real,cifake,train
data/raw/cifake/train/FAKE/5868 (2).jpg,1,ai_generated,cifake,train
data/raw/cifake/train/FAKE/5033 (7).jpg,1,ai_generated,cifake,train
data/raw/cifake/train/REAL/0531 (7).jpg,0,real,cifake,train
data/raw/cifake/train/FAKE/2538 (10).jpg,1,ai_generated,cifake,train
data/raw/cifake/train/FAKE/2574 (4).jpg,1,ai_generated,cifake,train
data/raw/cifake/train/FAKE/5890.jpg,1,ai_generated,cifake,train
data/raw/cifake/train/FAKE/1155.jpg,1,ai_generated,cifake,train
data/raw/cifake/train/REAL/4089 (10).jpg,0,real,cifake,train
data/raw/cifake/train/REAL/4186 (3).jpg,0,real,cifake,train
data/raw/cifake/train/FAKE/5588 (4).jpg,1,ai_generated,cifake,train
data/raw/cifake/train/FAKE/2392 (5).jpg,1,ai_generated,cifake,train
data/raw/cifake/train/REAL/4831 (8).jpg,0,real,cifake,train
data/raw/cifake/train/REAL/2584 (6).jpg,0,real,cifake,train
data/raw/cifake/train/FAKE/2302 (9).jpg,1,ai_generated,cifake,train
data/raw/cifake/train/REAL/3332 (2).jpg,0,real,cifake,train
data/raw/cifake/train/FAKE/1702 (9).jpg,1,ai_generated,cifake,train
data/raw/cifake/train/FAKE/4458 (6).jpg,1,ai_generated,cifake,train
data/raw/cifake/train/REAL/1992.jpg,0,real,cifake,train
data/raw/cifake/train/REAL/0093 (6).jpg,0,real,cifake,train
data/raw/cifake/train/REAL/3186 (3).jpg,0,real,cifake,train
data/raw/cifake/train/REAL/3175 (8).jpg,0,real,cifake,train
data/raw/cifake/train/FAKE/4642 (2).jpg,1,ai_generated,cifake,train
data/raw/cifake/train/FAKE/3019 (8).jpg,1,ai_generated,cifake,train
data/raw/cifake/train/FAKE/3911.jpg,1,ai_generated,cifake,train
data/raw/cifake/train/FAKE/4243 (10).jpg,1,ai_generated,cifake,train
data/raw/cifake/train/REAL/3052 (8).jpg,0,real,cifake,train
data/raw/cifake/train/FAKE/5429 (5).jpg,1,ai_generated,cifake,train
data/raw/cifake/train/FAKE/4438 (7).jpg,1,ai_generated,cifake,train
data/raw/cifake/train/FAKE/3090 (6).jpg,1,ai_generated,cifake,train
data/raw/cifake/train/REAL/2804 (8).jpg,0,real,cifake,train
data/raw/cifake/train/FAKE/1022 (2).jpg,1,ai_generated,cifake,train
data/raw/cifake/train/REAL/4753 (5).jpg,0,real,cifake,train
data/raw/cifake/train/REAL/1390 (7).jpg,0,real,cifake,train
data/raw/cifake/train/REAL/3671 (4).jpg,0,real,cifake,train
data/raw/cifake/train/FAKE/5505 (10).jpg,1,ai_generated,cifake,train
data/raw/cifake/train/REAL/1497 (6).jpg,0,real,cifake,train
data/raw/cifake/train/REAL/4323 (9).jpg,0,real,cifake,train
data/raw/cifake/train/REAL/1385 (2).jpg,0,real,cifake,train
data/raw/cifake/train/REAL/0718 (9).jpg,0,real,cifake,train
data/raw/cifake/train/FAKE/5215 (8).jpg,1,ai_generated,cifake,train
data/raw/cifake/train/FAKE/4062 (2).jpg,1,ai_generated,cifake,train
data/raw/cifake/train/FAKE/5384 (10).jpg,1,ai_generated,cifake,train
data/raw/cifake/train/FAKE/1559 (4).jpg,1,ai_generated,cifake,train
data/raw/cifake/train/FAKE/2259 (10).jpg,1,ai_generated,cifake,train
data/raw/cifake/train/REAL/3241 (2).jpg,0,real,cifake,train
data/raw/cifake/train/FAKE/5022 (3).jpg,1,ai_generated,cifake,train
data/raw/cifake/train/FAKE/5679 (5).jpg,1,ai_generated,cifake,train
data/raw/cifake/train/REAL/1581 (2).jpg,0,real,cifake,train
data/raw/cifake/train/REAL/2290 (8).jpg,0,real,cifake,train
data/raw/cifake/train/REAL/1948 (2).jpg,0,real,cifake,train
data/raw/cifake/train/REAL/4604 (4).jpg,0,real,cifake,train
data/raw/cifake/train/FAKE/5176 (8).jpg,1,ai_generated,cifake,train
data/raw/cifake/train/REAL/2328 (5).jpg,0,real,cifake,train
data/raw/cifake/train/FAKE/3082 (7).jpg,1,ai_generated,cifake,train
data/raw/cifake/train/REAL/4711 (4).jpg,0,real,cifake,train
data/raw/cifake/train/FAKE/2814 (8).jpg,1,ai_generated,cifake,train
data/raw/cifake/train/FAKE/1227 (9).jpg,1,ai_generated,cifake,train
data/raw/cifake/train/FAKE/1693 (6).jpg,1,ai_generated,cifake,train
data/raw/cifake/train/REAL/2600 (10).jpg,0,real,cifake,train
data/raw/cifake/train/FAKE/2875 (4).jpg,1,ai_generated,cifake,train
data/raw/cifake/train/REAL/2279 (8).jpg,0,real,cifake,train
data/raw/cifake/train/FAKE/4460 (6).jpg,1,ai_generated,cifake,train
data/raw/cifake/train/FAKE/1791 (6).jpg,1,ai_generated,cifake,train
data/raw/cifake/train/REAL/1497 (2).jpg,0,real,cifake,train
data/raw/cifake/train/FAKE/5174.jpg,1,ai_generated,cifake,train
data/raw/cifake/train/FAKE/5575 (3).jpg,1,ai_generated,cifake,train
data/raw/cifake/train/FAKE/2356 (9).jpg,1,ai_generated,cifake,train
data/raw/cifake/train/FAKE/4688 (6).jpg,1,ai_generated,cifake,train
data/raw/cifake/train/REAL/2326 (7).jpg,0,real,cifake,train
data/raw/cifake/train/REAL/4661 (4).jpg,0,real,cifake,train
data/raw/cifake/train/FAKE/3990 (6).jpg,1,ai_generated,cifake,train
data/raw/cifake/train/REAL/0374 (2).jpg,0,real,cifake,train
data/raw/cifake/train/FAKE/2195 (6).jpg,1,ai_generated,cifake,train
data/raw/cifake/train/FAKE/1999 (10).jpg,1,ai_generated,cifake,train
data/raw/cifake/train/FAKE/1382 (3).jpg,1,ai_generated,cifake,train
data/raw/cifake/train/FAKE/3435 (8).jpg,1,ai_generated,cifake,train
data/raw/cifake/train/REAL/1875.jpg,0,real,cifake,train
data/raw/cifake/train/REAL/3138 (5).jpg,0,real,cifake,train
data/raw/cifake/train/FAKE/5992 (9).jpg,1,ai_generated,cifake,train
data/raw/cifake/train/REAL/3259 (2).jpg,0,real,cifake,train
data/raw/cifake/train/FAKE/5716 (10).jpg,1,ai_generated,cifake,train
data/raw/cifake/train/FAKE/1604 (6).jpg,1,ai_generated,cifake,train
data/raw/cifake/train/FAKE/1821 (4).jpg,1,ai_generated,cifake,train
data/raw/cifake/train/REAL/0474 (7).jpg,0,real,cifake,train
data/raw/cifake/train/FAKE/3584 (8).jpg,1,ai_generated,cifake,train
data/raw/cifake/train/REAL/3958 (2).jpg,0,real,cifake,train
data/raw/cifake/train/REAL/2260 (4).jpg,0,real,cifake,train
data/raw/cifake/train/FAKE/5631.jpg,1,ai_generated,cifake,train
data/raw/cifake/train/FAKE/4986.jpg,1,ai_generated,cifake,train
data/raw/cifake/train/REAL/3025 (10).jpg,0,real,cifake,train
data/raw/cifake/train/FAKE/5583 (5).jpg,1,ai_generated,cifake,train
data/raw/cifake/train/REAL/0939 (7).jpg,0,real,cifake,train
data/raw/cifake/train/REAL/4039 (8).jpg,0,real,cifake,train
data/raw/cifake/train/REAL/3720 (4).jpg,0,real,cifake,train
data/raw/cifake/train/REAL/2714 (9).jpg,0,real,cifake,train
data/raw/cifake/train/REAL/0554 (7).jpg,0,real,cifake,train
data/raw/cifake/train/REAL/2549 (6).jpg,0,real,cifake,train
data/raw/cifake/train/REAL/4761 (8).jpg,0,real,cifake,train
data/raw/cifake/train/FAKE/1917 (2).jpg,1,ai_generated,cifake,train
data/raw/cifake/train/REAL/4904 (7).jpg,0,real,cifake,train
data/raw/cifake/train/FAKE/3486 (6).jpg,1,ai_generated,cifake,train
data/raw/cifake/train/FAKE/1180 (4).jpg,1,ai_generated,cifake,train
data/raw/cifake/train/REAL/2120 (10).jpg,0,real,cifake,train
data/raw/cifake/train/FAKE/2549 (8).jpg,1,ai_generated,cifake,train
data/raw/cifake/train/FAKE/5484 (4).jpg,1,ai_generated,cifake,train
data/raw/cifake/train/REAL/4622 (5).jpg,0,real,cifake,train
data/raw/cifake/train/REAL/2959 (6).jpg,0,real,cifake,train
data/raw/cifake/train/FAKE/3658 (9).jpg,1,ai_generated,cifake,train
data/raw/cifake/train/FAKE/5843 (10).jpg,1,ai_generated,cifake,train
data/raw/cifake/train/FAKE/1634 (7).jpg,1,ai_generated,cifake,train
data/raw/cifake/train/REAL/2050 (2).jpg,0,real,cifake,train
data/raw/cifake/train/REAL/4289 (6).jpg,0,real,cifake,train
data/raw/cifake/train/REAL/0473 (7).jpg,0,real,cifake,train
data/raw/cifake/train/REAL/3183 (3).jpg,0,real,cifake,train
data/raw/cifake/train/REAL/0714 (6).jpg,0,real,cifake,train
data/raw/cifake/train/FAKE/5377.jpg,1,ai_generated,cifake,train
data/raw/cifake/train/REAL/1396 (10).jpg,0,real,cifake,train
data/raw/cifake/train/REAL/3584.jpg,0,real,cifake,train
data/raw/cifake/train/REAL/3837 (2).jpg,0,real,cifake,train
data/raw/cifake/train/FAKE/4460 (7).jpg,1,ai_generated,cifake,train
data/raw/cifake/train/FAKE/3539 (4).jpg,1,ai_generated,cifake,train
data/raw/cifake/train/FAKE/2454 (6).jpg,1,ai_generated,cifake,train
data/raw/cifake/train/FAKE/5649 (4).jpg,1,ai_generated,cifake,train
data/raw/cifake/train/REAL/4691 (5).jpg,0,real,cifake,train
data/raw/cifake/train/FAKE/2852 (6).jpg,1,ai_generated,cifake,train
data/raw/cifake/train/REAL/2205 (10).jpg,0,real,cifake,train
data/raw/cifake/train/FAKE/2617 (6).jpg,1,ai_generated,cifake,train
data/raw/cifake/train/REAL/2109 (9).jpg,0,real,cifake,train
data/raw/cifake/train/FAKE/4349 (4).jpg,1,ai_generated,cifake,train
data/raw/cifake/train/REAL/2862 (5).jpg,0,real,cifake,train
data/raw/cifake/train/REAL/2480 (9).jpg,0,real,cifake,train
data/raw/cifake/train/FAKE/3619 (6).jpg,1,ai_generated,cifake,train
data/raw/cifake/train/FAKE/4769 (3).jpg,1,ai_generated,cifake,train
data/raw/cifake/train/FAKE/2613 (10).jpg,1,ai_generated,cifake,train
data/raw/cifake/train/FAKE/5982 (4).jpg,1,ai_generated,cifake,train
data/raw/cifake/train/FAKE/1938 (8).jpg,1,ai_generated,cifake,train
data/raw/cifake/train/REAL/3395 (4).jpg,0,real,cifake,train
data/raw/cifake/train/REAL/4425 (9).jpg,0,real,cifake,train
data/raw/cifake/train/REAL/3836 (6).jpg,0,real,cifake,train
data/raw/cifake/train/REAL/3836 (7).jpg,0,real,cifake,train
data/raw/cifake/train/FAKE/3420 (4).jpg,1,ai_generated,cifake,train
data/raw/cifake/train/REAL/1018 (9).jpg,0,real,cifake,train
data/raw/cifake/train/REAL/3681 (4).jpg,0,real,cifake,train
data/raw/cifake/train/REAL/1031 (2).jpg,0,real,cifake,train
data/raw/cifake/train/REAL/4662 (4).jpg,0,real,cifake,train
data/raw/cifake/train/FAKE/1504 (2).jpg,1,ai_generated,cifake,train
data/raw/cifake/train/REAL/3730.jpg,0,real,cifake,train
data/raw/cifake/train/REAL/4191 (7).jpg,0,real,cifake,train
data/raw/cifake/train/REAL/2557.jpg,0,real,cifake,train
data/raw/cifake/train/FAKE/1630 (9).jpg,1,ai_generated,cifake,train
data/raw/cifake/train/REAL/3459 (9).jpg,0,real,cifake,train
data/raw/cifake/train/FAKE/5590.jpg,1,ai_generated,cifake,train
data/raw/cifake/train/REAL/2576.jpg,0,real,cifake,train
data/raw/cifake/train/REAL/1416 (6).jpg,0,real,cifake,train
data/raw/cifake/train/REAL/1602 (8).jpg,0,real,cifake,train
data/raw/cifake/train/FAKE/3769 (7).jpg,1,ai_generated,cifake,train
data/raw/cifake/train/REAL/4181 (7).jpg,0,real,cifake,train
data/raw/cifake/train/FAKE/5361 (5).jpg,1,ai_generated,cifake,train
data/raw/cifake/train/REAL/1150 (10).jpg,0,real,cifake,train
data/raw/cifake/train/REAL/2613 (9).jpg,0,real,cifake,train
data/raw/cifake/train/FAKE/5534 (4).jpg,1,ai_generated,cifake,train
data/raw/cifake/train/FAKE/4544 (7).jpg,1,ai_generated,cifake,train
data/raw/cifake/train/FAKE/1635 (3).jpg,1,ai_generated,cifake,train
data/raw/cifake/train/REAL/1978 (5).jpg,0,real,cifake,train
data/raw/cifake/train/REAL/2997 (10).jpg,0,real,cifake,train
data/raw/cifake/train/REAL/1114 (4).jpg,0,real,cifake,train
data/raw/cifake/train/FAKE/4865 (6).jpg,1,ai_generated,cifake,train
data/raw/cifake/train/REAL/0400 (8).jpg,0,real,cifake,train
data/raw/cifake/train/REAL/3626 (3).jpg,0,real,cifake,train
data/raw/cifake/train/REAL/2881 (7).jpg,0,real,cifake,train
data/raw/cifake/train/FAKE/4727.jpg,1,ai_generated,cifake,train
data/raw/cifake/train/FAKE/4916 (2).jpg,1,ai_generated,cifake,train
data/raw/cifake/train/FAKE/5101 (3).jpg,1,ai_generated,cifake,train
data/raw/cifake/train/FAKE/3423 (3).jpg,1,ai_generated,cifake,train
data/raw/cifake/train/FAKE/2859 (3).jpg,1,ai_generated,cifake,train
data/raw/cifake/train/FAKE/5648 (10).jpg,1,ai_generated,cifake,train
data/raw/cifake/train/FAKE/2611 (5).jpg,1,ai_generated,cifake,train
data/raw/cifake/train/FAKE/4899 (3).jpg,1,ai_generated,cifake,train
data/raw/cifake/train/REAL/4134.jpg,0,real,cifake,train
data/raw/cifake/train/FAKE/4000 (2).jpg,1,ai_generated,cifake,train
data/raw/cifake/train/REAL/4629 (7).jpg,0,real,cifake,train
data/raw/cifake/train/FAKE/3194 (4).jpg,1,ai_generated,cifake,train
data/raw/cifake/train/REAL/4196 (2).jpg,0,real,cifake,train
data/raw/cifake/train/REAL/4923 (9).jpg,0,real,cifake,train
data/raw/cifake/train/REAL/0759 (7).jpg,0,real,cifake,train
data/raw/cifake/train/REAL/3180 (3).jpg,0,real,cifake,train
data/raw/cifake/train/FAKE/3026 (8).jpg,1,ai_generated,cifake,train
data/raw/cifake/train/REAL/2384 (4).jpg,0,real,cifake,train
data/raw/cifake/train/REAL/2506 (4).jpg,0,real,cifake,train
data/raw/cifake/train/FAKE/1300 (10).jpg,1,ai_generated,cifake,train
data/raw/cifake/train/REAL/2621 (5).jpg,0,real,cifake,train
data/raw/cifake/train/REAL/1294 (5).jpg,0,real,cifake,train
data/raw/cifake/train/REAL/0564 (6).jpg,0,real,cifake,train
data/raw/cifake/train/FAKE/4799 (8).jpg,1,ai_generated,cifake,train
data/raw/cifake/train/REAL/0311 (5).jpg,0,real,cifake,train
data/raw/cifake/train/FAKE/5285 (8).jpg,1,ai_generated,cifake,train
data/raw/cifake/train/FAKE/5393 (9).jpg,1,ai_generated,cifake,train
data/raw/cifake/train/REAL/0024 (8).jpg,0,real,cifake,train
data/raw/cifake/train/REAL/0985 (7).jpg,0,real,cifake,train
data/raw/cifake/train/FAKE/2429 (3).jpg,1,ai_generated,cifake,train
data/raw/cifake/train/REAL/1108 (8).jpg,0,real,cifake,train
data/raw/cifake/train/FAKE/2177 (9).jpg,1,ai_generated,cifake,train
data/raw/cifake/train/REAL/1529 (3).jpg,0,real,cifake,train
data/raw/cifake/train/REAL/3931 (5).jpg,0,real,cifake,train
data/raw/cifake/train/REAL/0476 (5).jpg,0,real,cifake,train
data/raw/cifake/train/REAL/2149 (6).jpg,0,real,cifake,train
data/raw/cifake/train/REAL/2410 (3).jpg,0,real,cifake,train
data/raw/cifake/train/FAKE/2385 (9).jpg,1,ai_generated,cifake,train
data/raw/cifake/train/FAKE/1422 (6).jpg,1,ai_generated,cifake,train
data/raw/cifake/train/FAKE/3847 (9).jpg,1,ai_generated,cifake,train
data/raw/cifake/train/FAKE/3915 (6).jpg,1,ai_generated,cifake,train
data/raw/cifake/train/REAL/3784 (4).jpg,0,real,cifake,train
data/raw/cifake/train/FAKE/3142 (3).jpg,1,ai_generated,cifake,train
data/raw/cifake/train/FAKE/2454 (2).jpg,1,ai_generated,cifake,train
data/raw/cifake/train/FAKE/4364 (8).jpg,1,ai_generated,cifake,train
data/raw/cifake/train/REAL/2135 (3).jpg,0,real,cifake,train
data/raw/cifake/train/FAKE/4309 (10).jpg,1,ai_generated,cifake,train
data/raw/cifake/train/REAL/4380 (7).jpg,0,real,cifake,train
data/raw/cifake/train/REAL/1732 (3).jpg,0,real,cifake,train
data/raw/cifake/train/REAL/0676 (6).jpg,0,real,cifake,train
data/raw/cifake/train/FAKE/4432.jpg,1,ai_generated,cifake,train
data/raw/cifake/train/REAL/0593.jpg,0,real,cifake,train
data/raw/cifake/train/FAKE/5304 (9).jpg,1,ai_generated,cifake,train
data/raw/cifake/train/FAKE/1466.jpg,1,ai_generated,cifake,train
data/raw/cifake/train/REAL/4239 (7).jpg,0,real,cifake,train
data/raw/cifake/train/FAKE/1105 (4).jpg,1,ai_generated,cifake,train
data/raw/cifake/train/FAKE/1726 (6).jpg,1,ai_generated,cifake,train
data/raw/cifake/train/FAKE/1806 (7).jpg,1,ai_generated,cifake,train
data/raw/cifake/train/REAL/4268 (8).jpg,0,real,cifake,train
data/raw/cifake/train/REAL/3481 (4).jpg,0,real,cifake,train
data/raw/cifake/train/REAL/3898 (4).jpg,0,real,cifake,train
data/raw/cifake/train/REAL/3970 (9).jpg,0,real,cifake,train
data/raw/cifake/train/FAKE/2626 (7).jpg,1,ai_generated,cifake,train
data/raw/cifake/train/FAKE/2364 (9).jpg,1,ai_generated,cifake,train
data/raw/cifake/train/REAL/3884 (6).jpg,0,real,cifake,train
data/raw/cifake/train/FAKE/1551 (7).jpg,1,ai_generated,cifake,train
data/raw/cifake/train/REAL/0079 (3).jpg,0,real,cifake,train
data/raw/cifake/train/FAKE/2251 (5).jpg,1,ai_generated,cifake,train
data/raw/cifake/train/REAL/2332 (9).jpg,0,real,cifake,train
data/raw/cifake/train/REAL/2680 (4).jpg,0,real,cifake,train
data/raw/cifake/train/FAKE/3168 (7).jpg,1,ai_generated,cifake,train
data/raw/cifake/train/REAL/2274 (2).jpg,0,real,cifake,train
data/raw/cifake/train/FAKE/4622 (9).jpg,1,ai_generated,cifake,train
data/raw/cifake/train/REAL/1197.jpg,0,real,cifake,train
data/raw/cifake/train/REAL/3874 (10).jpg,0,real,cifake,train
data/raw/cifake/train/REAL/2742.jpg,0,real,cifake,train
data/raw/cifake/train/REAL/3035 (4).jpg,0,real,cifake,train
data/raw/cifake/train/REAL/1523.jpg,0,real,cifake,train
data/raw/cifake/train/REAL/4862 (4).jpg,0,real,cifake,train
data/raw/cifake/train/FAKE/5220.jpg,1,ai_generated,cifake,train
data/raw/cifake/train/REAL/3772 (6).jpg,0,real,cifake,train
data/raw/cifake/train/FAKE/4396 (10).jpg,1,ai_generated,cifake,train
data/raw/cifake/train/FAKE/3189 (9).jpg,1,ai_generated,cifake,train
data/raw/cifake/train/REAL/4541 (10).jpg,0,real,cifake,train
data/raw/cifake/train/REAL/0470 (3).jpg,0,real,cifake,train
data/raw/cifake/train/REAL/0589 (10).jpg,0,real,cifake,train
data/raw/cifake/train/REAL/1859 (3).jpg,0,real,cifake,train
data/raw/cifake/train/FAKE/1459 (10).jpg,1,ai_generated,cifake,train
data/raw/cifake/train/FAKE/4135 (7).jpg,1,ai_generated,cifake,train
data/raw/cifake/train/REAL/2568 (6).jpg,0,real,cifake,train
data/raw/cifake/train/FAKE/4052 (9).jpg,1,ai_generated,cifake,train
data/raw/cifake/train/FAKE/2807 (9).jpg,1,ai_generated,cifake,train
data/raw/cifake/train/REAL/4659 (5).jpg,0,real,cifake,train
data/raw/cifake/train/REAL/3702 (6).jpg,0,real,cifake,train
data/raw/cifake/train/FAKE/4332 (4).jpg,1,ai_generated,cifake,train
data/raw/cifake/train/FAKE/3578 (7).jpg,1,ai_generated,cifake,train
data/raw/cifake/train/REAL/4773 (7).jpg,0,real,cifake,train
data/raw/cifake/train/FAKE/5646 (6).jpg,1,ai_generated,cifake,train
data/raw/cifake/train/REAL/0150 (9).jpg,0,real,cifake,train
data/raw/cifake/train/REAL/3284 (10).jpg,0,real,cifake,train
data/raw/cifake/train/REAL/1881 (6).jpg,0,real,cifake,train
data/raw/cifake/train/REAL/4067 (8).jpg,0,real,cifake,train
data/raw/cifake/train/REAL/4413.jpg,0,real,cifake,train
data/raw/cifake/train/FAKE/5885.jpg,1,ai_generated,cifake,train
data/raw/cifake/train/REAL/0693 (4).jpg,0,real,cifake,train
data/raw/cifake/train/FAKE/4399 (9).jpg,1,ai_generated,cifake,train
data/raw/cifake/train/REAL/1862.jpg,0,real,cifake,train
data/raw/cifake/train/REAL/2118 (4).jpg,0,real,cifake,train
data/raw/cifake/train/FAKE/3266 (3).jpg,1,ai_generated,cifake,train
data/raw/cifake/train/REAL/1462 (2).jpg,0,real,cifake,train
data/raw/cifake/train/FAKE/5012.jpg,1,ai_generated,cifake,train
data/raw/cifake/train/REAL/1602 (9).jpg,0,real,cifake,train
data/raw/cifake/train/REAL/4985 (3).jpg,0,real,cifake,train
data/raw/cifake/train/FAKE/5781 (2).jpg,1,ai_generated,cifake,train
data/raw/cifake/train/REAL/2790 (8).jpg,0,real,cifake,train
data/raw/cifake/train/FAKE/2419 (5).jpg,1,ai_generated,cifake,train
data/raw/cifake/train/REAL/0657 (4).jpg,0,real,cifake,train
data/raw/cifake/train/REAL/0545 (10).jpg,0,real,cifake,train
data/raw/cifake/train/FAKE/5718 (10).jpg,1,ai_generated,cifake,train
data/raw/cifake/train/FAKE/5856 (7).jpg,1,ai_generated,cifake,train
data/raw/cifake/train/FAKE/4630 (9).jpg,1,ai_generated,cifake,train
data/raw/cifake/train/REAL/1414 (3).jpg,0,real,cifake,train
data/raw/cifake/train/REAL/1365 (10).jpg,0,real,cifake,train
data/raw/cifake/train/FAKE/2362 (2).jpg,1,ai_generated,cifake,train
data/raw/cifake/train/REAL/4655 (5).jpg,0,real,cifake,train
data/raw/cifake/train/FAKE/4804 (5).jpg,1,ai_generated,cifake,train
data/raw/cifake/train/FAKE/3791 (2).jpg,1,ai_generated,cifake,train
data/raw/cifake/train/REAL/1347 (8).jpg,0,real,cifake,train
data/raw/cifake/train/FAKE/3986 (5).jpg,1,ai_generated,cifake,train
data/raw/cifake/train/FAKE/3967 (9).jpg,1,ai_generated,cifake,train
data/raw/cifake/train/FAKE/3288 (6).jpg,1,ai_generated,cifake,train
data/raw/cifake/train/REAL/3657 (7).jpg,0,real,cifake,train
data/raw/cifake/train/FAKE/1749 (2).jpg,1,ai_generated,cifake,train
data/raw/cifake/train/FAKE/3702 (9).jpg,1,ai_generated,cifake,train
data/raw/cifake/train/FAKE/2391 (2).jpg,1,ai_generated,cifake,train
data/raw/cifake/train/REAL/2821 (2).jpg,0,real,cifake,train
data/raw/cifake/train/FAKE/1471 (4).jpg,1,ai_generated,cifake,train
data/raw/cifake/train/FAKE/5683 (3).jpg,1,ai_generated,cifake,train
data/raw/cifake/train/REAL/2712 (2).jpg,0,real,cifake,train
data/raw/cifake/train/FAKE/2525.jpg,1,ai_generated,cifake,train
data/raw/cifake/train/REAL/2696 (3).jpg,0,real,cifake,train
data/raw/cifake/train/REAL/3677 (9).jpg,0,real,cifake,train
data/raw/cifake/train/FAKE/1869 (9).jpg,1,ai_generated,cifake,train
data/raw/cifake/train/REAL/4578 (5).jpg,0,real,cifake,train
data/raw/cifake/train/REAL/1728 (5).jpg,0,real,cifake,train
data/raw/cifake/train/REAL/1123.jpg,0,real,cifake,train
data/raw/cifake/train/FAKE/5142 (7).jpg,1,ai_generated,cifake,train
data/raw/cifake/train/FAKE/3300.jpg,1,ai_generated,cifake,train
data/raw/cifake/train/FAKE/4208 (8).jpg,1,ai_generated,cifake,train
data/raw/cifake/train/REAL/2972 (5).jpg,0,real,cifake,train
data/raw/cifake/train/FAKE/5785 (2).jpg,1,ai_generated,cifake,train
data/raw/cifake/train/REAL/0184 (6).jpg,0,real,cifake,train
data/raw/cifake/train/REAL/3694 (10).jpg,0,real,cifake,train
data/raw/cifake/train/FAKE/2203.jpg,1,ai_generated,cifake,train
data/raw/cifake/train/FAKE/4990 (7).jpg,1,ai_generated,cifake,train
data/raw/cifake/train/FAKE/3299 (6).jpg,1,ai_generated,cifake,train
data/raw/cifake/train/REAL/3760 (9).jpg,0,real,cifake,train
data/raw/cifake/train/REAL/3795 (10).jpg,0,real,cifake,train
data/raw/cifake/train/REAL/0207 (6).jpg,0,real,cifake,train
data/raw/cifake/train/REAL/4039 (9).jpg,0,real,cifake,train
data/raw/cifake/train/FAKE/1042 (4).jpg,1,ai_generated,cifake,train
data/raw/cifake/train/FAKE/1076 (5).jpg,1,ai_generated,cifake,train
data/raw/cifake/train/FAKE/5798 (9).jpg,1,ai_generated,cifake,train
data/raw/cifake/train/FAKE/2533 (9).jpg,1,ai_generated,cifake,train
data/raw/cifake/train/FAKE/5998.jpg,1,ai_generated,cifake,train
data/raw/cifake/train/FAKE/4296 (6).jpg,1,ai_generated,cifake,train
data/raw/cifake/train/REAL/1528 (7).jpg,0,real,cifake,train
data/raw/cifake/train/REAL/1582 (4).jpg,0,real,cifake,train
data/raw/cifake/train/FAKE/1256 (10).jpg,1,ai_generated,cifake,train
data/raw/cifake/train/REAL/2861.jpg,0,real,cifake,train
data/raw/cifake/train/FAKE/3463.jpg,1,ai_generated,cifake,train
data/raw/cifake/train/REAL/4034 (9).jpg,0,real,cifake,train
data/raw/cifake/train/FAKE/2817 (9).jpg,1,ai_generated,cifake,train
data/raw/cifake/train/FAKE/4254 (5).jpg,1,ai_generated,cifake,train
data/raw/cifake/train/REAL/4293 (10).jpg,0,real,cifake,train
data/raw/cifake/train/FAKE/3720.jpg,1,ai_generated,cifake,train
data/raw/cifake/train/REAL/1653 (6).jpg,0,real,cifake,train
data/raw/cifake/train/REAL/0347 (10).jpg,0,real,cifake,train
data/raw/cifake/train/REAL/4344 (9).jpg,0,real,cifake,train
data/raw/cifake/train/REAL/2714 (3).jpg,0,real,cifake,train
data/raw/cifake/train/FAKE/2124 (9).jpg,1,ai_generated,cifake,train
data/raw/cifake/train/REAL/4118 (7).jpg,0,real,cifake,train
data/raw/cifake/train/REAL/4227 (9).jpg,0,real,cifake,train
data/raw/cifake/train/REAL/3879 (5).jpg,0,real,cifake,train
data/raw/cifake/train/REAL/3172 (4).jpg,0,real,cifake,train
data/raw/cifake/train/FAKE/5130 (6).jpg,1,ai_generated,cifake,train
data/raw/cifake/train/REAL/0131 (4).jpg,0,real,cifake,train
data/raw/cifake/train/REAL/2921 (10).jpg,0,real,cifake,train
data/raw/cifake/train/FAKE/2061 (5).jpg,1,ai_generated,cifake,train
data/raw/cifake/train/REAL/4169 (2).jpg,0,real,cifake,train
data/raw/cifake/train/REAL/3065 (9).jpg,0,real,cifake,train
data/raw/cifake/train/REAL/3439 (10).jpg,0,real,cifake,train
data/raw/cifake/train/REAL/1693.jpg,0,real,cifake,train
data/raw/cifake/train/FAKE/1473 (6).jpg,1,ai_generated,cifake,train
data/raw/cifake/train/FAKE/5228 (2).jpg,1,ai_generated,cifake,train
data/raw/cifake/train/REAL/2524.jpg,0,real,cifake,train
data/raw/cifake/train/FAKE/3927 (3).jpg,1,ai_generated,cifake,train
data/raw/cifake/train/FAKE/4197 (4).jpg,1,ai_generated,cifake,train
data/raw/cifake/train/FAKE/4341 (6).jpg,1,ai_generated,cifake,train
data/raw/cifake/train/FAKE/1787 (10).jpg,1,ai_generated,cifake,train
data/raw/cifake/train/FAKE/3160 (4).jpg,1,ai_generated,cifake,train
data/raw/cifake/train/REAL/2873 (6).jpg,0,real,cifake,train
data/raw/cifake/train/FAKE/2638 (10).jpg,1,ai_generated,cifake,train
data/raw/cifake/train/REAL/4424 (7).jpg,0,real,cifake,train
data/raw/cifake/train/FAKE/5567 (2).jpg,1,ai_generated,cifake,train
data/raw/cifake/train/REAL/3881 (4).jpg,0,real,cifake,train
data/raw/cifake/train/REAL/1424 (5).jpg,0,real,cifake,train
data/raw/cifake/train/FAKE/4830 (3).jpg,1,ai_generated,cifake,train
data/raw/cifake/train/FAKE/5414 (8).jpg,1,ai_generated,cifake,train
data/raw/cifake/train/FAKE/1726 (4).jpg,1,ai_generated,cifake,train
data/raw/cifake/train/FAKE/3075 (5).jpg,1,ai_generated,cifake,train
data/raw/cifake/train/REAL/2537 (5).jpg,0,real,cifake,train
data/raw/cifake/train/FAKE/1086 (5).jpg,1,ai_generated,cifake,train
data/raw/cifake/train/FAKE/2978 (4).jpg,1,ai_generated,cifake,train
data/raw/cifake/train/REAL/1171 (5).jpg,0,real,cifake,train
data/raw/cifake/train/REAL/2376 (7).jpg,0,real,cifake,train
data/raw/cifake/train/FAKE/2619 (9).jpg,1,ai_generated,cifake,train
data/raw/cifake/train/REAL/4639 (2).jpg,0,real,cifake,train
data/raw/cifake/train/REAL/2416 (8).jpg,0,real,cifake,train
data/raw/cifake/train/REAL/2299 (3).jpg,0,real,cifake,train
data/raw/cifake/train/FAKE/3139 (3).jpg,1,ai_generated,cifake,train
data/raw/cifake/train/FAKE/1740 (6).jpg,1,ai_generated,cifake,train
data/raw/cifake/train/REAL/1848 (7).jpg,0,real,cifake,train
data/raw/cifake/train/REAL/3718 (9).jpg,0,real,cifake,train
data/raw/cifake/train/REAL/1353 (5).jpg,0,real,cifake,train
data/raw/cifake/train/REAL/3933 (2).jpg,0,real,cifake,train
data/raw/cifake/train/FAKE/1171 (9).jpg,1,ai_generated,cifake,train
data/raw/cifake/train/FAKE/4541 (5).jpg,1,ai_generated,cifake,train
data/raw/cifake/train/REAL/1011 (5).jpg,0,real,cifake,train
data/raw/cifake/train/FAKE/5957 (2).jpg,1,ai_generated,cifake,train
data/raw/cifake/train/FAKE/2201 (10).jpg,1,ai_generated,cifake,train
data/raw/cifake/train/FAKE/4495 (2).jpg,1,ai_generated,cifake,train
data/raw/cifake/train/REAL/4325 (2).jpg,0,real,cifake,train
data/raw/cifake/train/FAKE/4976 (4).jpg,1,ai_generated,cifake,train
data/raw/cifake/train/FAKE/3052 (9).jpg,1,ai_generated,cifake,train
data/raw/cifake/train/REAL/2097 (8).jpg,0,real,cifake,train
data/raw/cifake/train/REAL/4253 (6).jpg,0,real,cifake,train
data/raw/cifake/train/REAL/0095 (3).jpg,0,real,cifake,train
data/raw/cifake/train/FAKE/3038 (4).jpg,1,ai_generated,cifake,train
data/raw/cifake/train/REAL/1861 (5).jpg,0,real,cifake,train
data/raw/cifake/train/REAL/1147.jpg,0,real,cifake,train
data/raw/cifake/train/FAKE/1099 (5).jpg,1,ai_generated,cifake,train
data/raw/cifake/train/FAKE/2819 (3).jpg,1,ai_generated,cifake,train
data/raw/cifake/train/REAL/1479 (8).jpg,0,real,cifake,train
data/raw/cifake/train/FAKE/2874 (6).jpg,1,ai_generated,cifake,train
data/raw/cifake/train/REAL/1142 (9).jpg,0,real,cifake,train
data/raw/cifake/train/REAL/2826 (9).jpg,0,real,cifake,train
data/raw/cifake/train/FAKE/1932 (6).jpg,1,ai_generated,cifake,train
data/raw/cifake/train/REAL/4755 (3).jpg,0,real,cifake,train
data/raw/cifake/train/FAKE/4665 (4).jpg,1,ai_generated,cifake,train
data/raw/cifake/train/REAL/2740 (7).jpg,0,real,cifake,train
data/raw/cifake/train/FAKE/5386 (6).jpg,1,ai_generated,cifake,train
data/raw/cifake/train/FAKE/4225 (2).jpg,1,ai_generated,cifake,train
data/raw/cifake/train/REAL/2665 (3).jpg,0,real,cifake,train
data/raw/cifake/train/REAL/1436.jpg,0,real,cifake,train
data/raw/cifake/train/REAL/0317 (9).jpg,0,real,cifake,train
data/raw/cifake/train/REAL/0826 (9).jpg,0,real,cifake,train
data/raw/cifake/train/REAL/3853 (4).jpg,0,real,cifake,train
data/raw/cifake/train/REAL/4208.jpg,0,real,cifake,train
data/raw/cifake/train/REAL/0201 (8).jpg,0,real,cifake,train
data/raw/cifake/train/FAKE/5071.jpg,1,ai_generated,cifake,train
data/raw/cifake/train/FAKE/5251 (4).jpg,1,ai_generated,cifake,train
data/raw/cifake/train/FAKE/4432 (2).jpg,1,ai_generated,cifake,train
data/raw/cifake/train/REAL/0256 (7).jpg,0,real,cifake,train
data/raw/cifake/train/REAL/1091.jpg,0,real,cifake,train
data/raw/cifake/train/FAKE/5074 (2).jpg,1,ai_generated,cifake,train
data/raw/cifake/train/REAL/0839 (9).jpg,0,real,cifake,train
data/raw/cifake/train/FAKE/2622 (9).jpg,1,ai_generated,cifake,train
data/raw/cifake/train/REAL/3804 (7).jpg,0,real,cifake,train
data/raw/cifake/train/REAL/2800 (7).jpg,0,real,cifake,train
data/raw/cifake/train/FAKE/5677 (8).jpg,1,ai_generated,cifake,train
data/raw/cifake/train/FAKE/5022 (4).jpg,1,ai_generated,cifake,train
data/raw/cifake/train/REAL/2768 (3).jpg,0,real,cifake,train
data/raw/cifake/train/FAKE/2751 (8).jpg,1,ai_generated,cifake,train
data/raw/cifake/train/REAL/1315 (8).jpg,0,real,cifake,train
data/raw/cifake/train/FAKE/3873 (5).jpg,1,ai_generated,cifake,train
data/raw/cifake/train/REAL/1358 (2).jpg,0,real,cifake,train
data/raw/cifake/train/FAKE/5801.jpg,1,ai_generated,cifake,train
data/raw/cifake/train/FAKE/5312 (4).jpg,1,ai_generated,cifake,train
data/raw/cifake/train/FAKE/5490 (2).jpg,1,ai_generated,cifake,train
data/raw/cifake/train/FAKE/2323 (2).jpg,1,ai_generated,cifake,train
data/raw/cifake/train/FAKE/4367 (3).jpg,1,ai_generated,cifake,train
data/raw/cifake/train/FAKE/1583 (2).jpg,1,ai_generated,cifake,train
data/raw/cifake/train/REAL/4054 (9).jpg,0,real,cifake,train
data/raw/cifake/train/FAKE/3835 (6).jpg,1,ai_generated,cifake,train
data/raw/cifake/train/FAKE/3818 (10).jpg,1,ai_generated,cifake,train
data/raw/cifake/train/FAKE/4954 (9).jpg,1,ai_generated,cifake,train
data/raw/cifake/train/REAL/4248 (9).jpg,0,real,cifake,train
data/raw/cifake/train/REAL/2721.jpg,0,real,cifake,train
data/raw/cifake/train/REAL/0607 (10).jpg,0,real,cifake,train
data/raw/cifake/train/REAL/4691 (3).jpg,0,real,cifake,train
data/raw/cifake/train/REAL/3079 (9).jpg,0,real,cifake,train
data/raw/cifake/train/FAKE/5133 (7).jpg,1,ai_generated,cifake,train
data/raw/cifake/train/FAKE/3690 (2).jpg,1,ai_generated,cifake,train
data/raw/cifake/train/FAKE/5956 (9).jpg,1,ai_generated,cifake,train
data/raw/cifake/train/REAL/0966 (3).jpg,0,real,cifake,train
data/raw/cifake/train/FAKE/5031 (4).jpg,1,ai_generated,cifake,train
data/raw/cifake/train/FAKE/3142 (5).jpg,1,ai_generated,cifake,train
data/raw/cifake/train/FAKE/5551 (9).jpg,1,ai_generated,cifake,train
data/raw/cifake/train/FAKE/4342 (8).jpg,1,ai_generated,cifake,train
data/raw/cifake/train/FAKE/3803 (10).jpg,1,ai_generated,cifake,train
data/raw/cifake/train/REAL/0429 (5).jpg,0,real,cifake,train
data/raw/cifake/train/FAKE/1394 (6).jpg,1,ai_generated,cifake,train
data/raw/cifake/train/FAKE/1703 (7).jpg,1,ai_generated,cifake,train
data/raw/cifake/train/FAKE/5043 (9).jpg,1,ai_generated,cifake,train
data/raw/cifake/train/FAKE/2490 (7).jpg,1,ai_generated,cifake,train
data/raw/cifake/train/FAKE/4329 (4).jpg,1,ai_generated,cifake,train
data/raw/cifake/train/REAL/4647 (3).jpg,0,real,cifake,train
data/raw/cifake/train/REAL/2392 (8).jpg,0,real,cifake,train
data/raw/cifake/train/REAL/0163 (10).jpg,0,real,cifake,train
data/raw/cifake/train/FAKE/4461 (6).jpg,1,ai_generated,cifake,train
data/raw/cifake/train/FAKE/4852 (9).jpg,1,ai_generated,cifake,train
data/raw/cifake/train/FAKE/1497 (3).jpg,1,ai_generated,cifake,train
data/raw/cifake/train/REAL/0925 (4).jpg,0,real,cifake,train
data/raw/cifake/train/FAKE/4629 (7).jpg,1,ai_generated,cifake,train
data/raw/cifake/train/FAKE/2193 (10).jpg,1,ai_generated,cifake,train
data/raw/cifake/train/REAL/3416 (5).jpg,0,real,cifake,train
data/raw/cifake/train/FAKE/2836 (10).jpg,1,ai_generated,cifake,train
data/raw/cifake/train/REAL/4246 (5).jpg,0,real,cifake,train
data/raw/cifake/train/FAKE/4760 (8).jpg,1,ai_generated,cifake,train
data/raw/cifake/train/REAL/1523 (7).jpg,0,real,cifake,train
data/raw/cifake/train/FAKE/1199 (7).jpg,1,ai_generated,cifake,train
data/raw/cifake/train/FAKE/1842 (6).jpg,1,ai_generated,cifake,train
data/raw/cifake/train/FAKE/3619 (2).jpg,1,ai_generated,cifake,train
data/raw/cifake/train/REAL/1362 (7).jpg,0,real,cifake,train
data/raw/cifake/train/REAL/0474.jpg,0,real,cifake,train
data/raw/cifake/train/FAKE/4743 (8).jpg,1,ai_generated,cifake,train
data/raw/cifake/train/REAL/0664 (3).jpg,0,real,cifake,train
data/raw/cifake/train/FAKE/3868 (6).jpg,1,ai_generated,cifake,train
data/raw/cifake/train/REAL/2982 (7).jpg,0,real,cifake,train
data/raw/cifake/train/FAKE/5543 (6).jpg,1,ai_generated,cifake,train
data/raw/cifake/train/FAKE/2371 (8).jpg,1,ai_generated,cifake,train
data/raw/cifake/train/FAKE/1017 (4).jpg,1,ai_generated,cifake,train
data/raw/cifake/train/FAKE/4434 (8).jpg,1,ai_generated,cifake,train
data/raw/cifake/train/REAL/4094 (4).jpg,0,real,cifake,train
data/raw/cifake/train/REAL/1063 (3).jpg,0,real,cifake,train
data/raw/cifake/train/FAKE/2849 (7).jpg,1,ai_generated,cifake,train
data/raw/cifake/train/FAKE/3659 (8).jpg,1,ai_generated,cifake,train
data/raw/cifake/train/FAKE/3131 (8).jpg,1,ai_generated,cifake,train
data/raw/cifake/train/REAL/2917 (7).jpg,0,real,cifake,train
data/raw/cifake/train/FAKE/2927 (5).jpg,1,ai_generated,cifake,train
data/raw/cifake/train/FAKE/2770 (8).jpg,1,ai_generated,cifake,train
data/raw/cifake/train/REAL/0395 (7).jpg,0,real,cifake,train
data/raw/cifake/train/REAL/3034 (3).jpg,0,real,cifake,train
data/raw/cifake/train/FAKE/2715 (6).jpg,1,ai_generated,cifake,train
data/raw/cifake/train/FAKE/5727 (10).jpg,1,ai_generated,cifake,train
data/raw/cifake/train/REAL/4171 (8).jpg,0,real,cifake,train
data/raw/cifake/train/REAL/4655 (7).jpg,0,real,cifake,train
data/raw/cifake/train/REAL/2084 (2).jpg,0,real,cifake,train
data/raw/cifake/train/FAKE/3463 (4).jpg,1,ai_generated,cifake,train
data/raw/cifake/train/REAL/1268 (4).jpg,0,real,cifake,train
data/raw/cifake/train/REAL/0611 (6).jpg,0,real,cifake,train
data/raw/cifake/train/REAL/0220.jpg,0,real,cifake,train
data/raw/cifake/train/REAL/1284 (8).jpg,0,real,cifake,train
data/raw/cifake/train/REAL/1251.jpg,0,real,cifake,train
data/raw/cifake/train/REAL/0632 (4).jpg,0,real,cifake,train
data/raw/cifake/train/REAL/3221 (2).jpg,0,real,cifake,train
data/raw/cifake/train/REAL/1782 (10).jpg,0,real,cifake,train
data/raw/cifake/train/FAKE/1194 (8).jpg,1,ai_generated,cifake,train
data/raw/cifake/train/FAKE/1133 (7).jpg,1,ai_generated,cifake,train
data/raw/cifake/train/FAKE/5151 (7).jpg,1,ai_generated,cifake,train
data/raw/cifake/train/FAKE/1732 (6).jpg,1,ai_generated,cifake,train
data/raw/cifake/train/FAKE/2396 (8).jpg,1,ai_generated,cifake,train
data/raw/cifake/train/REAL/4936 (5).jpg,0,real,cifake,train
data/raw/cifake/train/FAKE/3914 (4).jpg,1,ai_generated,cifake,train
data/raw/cifake/train/REAL/2464 (2).jpg,0,real,cifake,train
data/raw/cifake/train/FAKE/3073 (3).jpg,1,ai_generated,cifake,train
data/raw/cifake/train/FAKE/3035.jpg,1,ai_generated,cifake,train
data/raw/cifake/train/FAKE/2376.jpg,1,ai_generated,cifake,train
data/raw/cifake/train/FAKE/3509 (2).jpg,1,ai_generated,cifake,train
data/raw/cifake/train/REAL/1954.jpg,0,real,cifake,train
data/raw/cifake/train/FAKE/3674 (8).jpg,1,ai_generated,cifake,train
data/raw/cifake/train/FAKE/3544 (6).jpg,1,ai_generated,cifake,train
data/raw/cifake/train/REAL/0964 (2).jpg,0,real,cifake,train
data/raw/cifake/train/FAKE/1289 (10).jpg,1,ai_generated,cifake,train
data/raw/cifake/train/REAL/4201 (6).jpg,0,real,cifake,train
data/raw/cifake/train/REAL/0227 (5).jpg,0,real,cifake,train
data/raw/cifake/train/REAL/3649 (8).jpg,0,real,cifake,train
data/raw/cifake/train/REAL/4286 (10).jpg,0,real,cifake,train
data/raw/cifake/train/REAL/0228 (8).jpg,0,real,cifake,train
data/raw/cifake/train/REAL/1726 (6).jpg,0,real,cifake,train
data/raw/cifake/train/FAKE/5988 (3).jpg,1,ai_generated,cifake,train
data/raw/cifake/train/REAL/3681 (2).jpg,0,real,cifake,train
data/raw/cifake/train/REAL/2783 (10).jpg,0,real,cifake,train
data/raw/cifake/train/FAKE/4998 (3).jpg,1,ai_generated,cifake,train
data/raw/cifake/train/REAL/1653 (4).jpg,0,real,cifake,train
data/raw/cifake/train/REAL/1558 (4).jpg,0,real,cifake,train
data/raw/cifake/train/FAKE/3332 (4).jpg,1,ai_generated,cifake,train
data/raw/cifake/train/FAKE/3816 (6).jpg,1,ai_generated,cifake,train
data/raw/cifake/train/FAKE/5155 (7).jpg,1,ai_generated,cifake,train
data/raw/cifake/train/REAL/3808 (8).jpg,0,real,cifake,train
data/raw/cifake/train/REAL/4627 (2).jpg,0,real,cifake,train
data/raw/cifake/train/FAKE/2634 (10).jpg,1,ai_generated,cifake,train
data/raw/cifake/train/FAKE/3607 (5).jpg,1,ai_generated,cifake,train
data/raw/cifake/train/FAKE/2417 (2).jpg,1,ai_generated,cifake,train
data/raw/cifake/train/FAKE/1971 (9).jpg,1,ai_generated,cifake,train
data/raw/cifake/train/FAKE/4285 (3).jpg,1,ai_generated,cifake,train
data/raw/cifake/train/FAKE/5878 (4).jpg,1,ai_generated,cifake,train
data/raw/cifake/train/REAL/2393 (3).jpg,0,real,cifake,train
data/raw/cifake/train/REAL/0688 (7).jpg,0,real,cifake,train
data/raw/cifake/train/REAL/4040 (7).jpg,0,real,cifake,train
data/raw/cifake/train/REAL/0039 (2).jpg,0,real,cifake,train
data/raw/cifake/train/FAKE/1314 (6).jpg,1,ai_generated,cifake,train
data/raw/cifake/train/FAKE/1919.jpg,1,ai_generated,cifake,train
data/raw/cifake/train/FAKE/3251 (7).jpg,1,ai_generated,cifake,train
data/raw/cifake/train/REAL/1568.jpg,0,real,cifake,train
data/raw/cifake/train/REAL/3982 (6).jpg,0,real,cifake,train
data/raw/cifake/train/REAL/1760 (4).jpg,0,real,cifake,train
data/raw/cifake/train/REAL/2946 (2).jpg,0,real,cifake,train
data/raw/cifake/train/REAL/2562 (3).jpg,0,real,cifake,train
data/raw/cifake/train/REAL/2920 (3).jpg,0,real,cifake,train
data/raw/cifake/train/FAKE/2256 (9).jpg,1,ai_generated,cifake,train
data/raw/cifake/train/FAKE/2418 (2).jpg,1,ai_generated,cifake,train
data/raw/cifake/train/FAKE/5070 (9).jpg,1,ai_generated,cifake,train
data/raw/cifake/train/REAL/2658 (9).jpg,0,real,cifake,train
data/raw/cifake/train/FAKE/3508 (9).jpg,1,ai_generated,cifake,train
data/raw/cifake/train/REAL/1474 (6).jpg,0,real,cifake,train
data/raw/cifake/train/FAKE/3587 (2).jpg,1,ai_generated,cifake,train
data/raw/cifake/train/FAKE/2432 (3).jpg,1,ai_generated,cifake,train
data/raw/cifake/train/REAL/1480.jpg,0,real,cifake,train
data/raw/cifake/train/REAL/0876 (2).jpg,0,real,cifake,train
data/raw/cifake/train/REAL/0964 (7).jpg,0,real,cifake,train
data/raw/cifake/train/FAKE/3584 (3).jpg,1,ai_generated,cifake,train
data/raw/cifake/train/FAKE/4074 (9).jpg,1,ai_generated,cifake,train
data/raw/cifake/train/REAL/3820 (6).jpg,0,real,cifake,train
data/raw/cifake/train/REAL/4631 (7).jpg,0,real,cifake,train
data/raw/cifake/train/REAL/2470 (10).jpg,0,real,cifake,train
data/raw/cifake/train/FAKE/1790 (4).jpg,1,ai_generated,cifake,train
data/raw/cifake/train/FAKE/5528 (8).jpg,1,ai_generated,cifake,train
data/raw/cifake/train/FAKE/3951 (3).jpg,1,ai_generated,cifake,train
data/raw/cifake/train/REAL/0110 (2).jpg,0,real,cifake,train
data/raw/cifake/train/FAKE/4779 (10).jpg,1,ai_generated,cifake,train
data/raw/cifake/train/FAKE/1734.jpg,1,ai_generated,cifake,train
data/raw/cifake/train/FAKE/5988 (10).jpg,1,ai_generated,cifake,train
data/raw/cifake/train/FAKE/1120 (8).jpg,1,ai_generated,cifake,train
data/raw/cifake/train/REAL/3656 (5).jpg,0,real,cifake,train
data/raw/cifake/train/FAKE/1751 (6).jpg,1,ai_generated,cifake,train
data/raw/cifake/train/FAKE/1378 (8).jpg,1,ai_generated,cifake,train
data/raw/cifake/train/REAL/3836 (9).jpg,0,real,cifake,train
data/raw/cifake/train/FAKE/1670 (7).jpg,1,ai_generated,cifake,train
data/raw/cifake/train/FAKE/2024 (9).jpg,1,ai_generated,cifake,train
data/raw/cifake/train/REAL/4480 (9).jpg,0,real,cifake,train
data/raw/cifake/train/REAL/4706 (6).jpg,0,real,cifake,train
data/raw/cifake/train/FAKE/4164 (8).jpg,1,ai_generated,cifake,train
data/raw/cifake/train/FAKE/2376 (6).jpg,1,ai_generated,cifake,train
data/raw/cifake/train/REAL/4087 (9).jpg,0,real,cifake,train
data/raw/cifake/train/FAKE/3353 (6).jpg,1,ai_generated,cifake,train
data/raw/cifake/train/FAKE/3555 (7).jpg,1,ai_generated,cifake,train
data/raw/cifake/train/FAKE/3538 (5).jpg,1,ai_generated,cifake,train
data/raw/cifake/train/FAKE/3869.jpg,1,ai_generated,cifake,train
data/raw/cifake/train/REAL/4482 (10).jpg,0,real,cifake,train
data/raw/cifake/train/REAL/2037 (2).jpg,0,real,cifake,train
data/raw/cifake/train/REAL/2029 (9).jpg,0,real,cifake,train
data/raw/cifake/train/FAKE/5751 (4).jpg,1,ai_generated,cifake,train
data/raw/cifake/train/REAL/0955 (4).jpg,0,real,cifake,train
data/raw/cifake/train/REAL/3806 (9).jpg,0,real,cifake,train
data/raw/cifake/train/REAL/4028 (3).jpg,0,real,cifake,train
data/raw/cifake/train/FAKE/2800 (9).jpg,1,ai_generated,cifake,train
data/raw/cifake/train/FAKE/4066 (7).jpg,1,ai_generated,cifake,train
data/raw/cifake/train/REAL/4458 (10).jpg,0,real,cifake,train
data/raw/cifake/train/REAL/4888 (7).jpg,0,real,cifake,train
data/raw/cifake/train/REAL/3415 (6).jpg,0,real,cifake,train
data/raw/cifake/train/FAKE/4919 (9).jpg,1,ai_generated,cifake,train
data/raw/cifake/train/REAL/0926 (10).jpg,0,real,cifake,train
data/raw/cifake/train/REAL/1474 (3).jpg,0,real,cifake,train
data/raw/cifake/train/FAKE/1678 (8).jpg,1,ai_generated,cifake,train
data/raw/cifake/train/REAL/3535 (4).jpg,0,real,cifake,train
data/raw/cifake/train/FAKE/2131 (10).jpg,1,ai_generated,cifake,train
data/raw/cifake/train/REAL/0010 (7).jpg,0,real,cifake,train
data/raw/cifake/train/FAKE/3365 (9).jpg,1,ai_generated,cifake,train
data/raw/cifake/train/REAL/0040 (3).jpg,0,real,cifake,train
data/raw/cifake/train/REAL/2341 (10).jpg,0,real,cifake,train
data/raw/cifake/train/REAL/4319 (7).jpg,0,real,cifake,train
data/raw/cifake/train/REAL/0779 (5).jpg,0,real,cifake,train
data/raw/cifake/train/REAL/4102 (3).jpg,0,real,cifake,train
data/raw/cifake/train/FAKE/4628 (4).jpg,1,ai_generated,cifake,train
data/raw/cifake/train/FAKE/3777 (5).jpg,1,ai_generated,cifake,train
data/raw/cifake/train/REAL/1950 (8).jpg,0,real,cifake,train
data/raw/cifake/train/REAL/3886 (3).jpg,0,real,cifake,train
data/raw/cifake/train/FAKE/5537 (5).jpg,1,ai_generated,cifake,train
data/raw/cifake/train/REAL/2382 (2).jpg,0,real,cifake,train
data/raw/cifake/train/FAKE/5197 (8).jpg,1,ai_generated,cifake,train
data/raw/cifake/train/REAL/1661 (2).jpg,0,real,cifake,train
data/raw/cifake/train/REAL/1533 (8).jpg,0,real,cifake,train
data/raw/cifake/train/REAL/1807 (4).jpg,0,real,cifake,train
data/raw/cifake/train/REAL/2247 (5).jpg,0,real,cifake,train
data/raw/cifake/train/REAL/3754 (10).jpg,0,real,cifake,train
data/raw/cifake/train/REAL/0310 (3).jpg,0,real,cifake,train
data/raw/cifake/train/REAL/1504 (8).jpg,0,real,cifake,train
data/raw/cifake/train/REAL/0797 (4).jpg,0,real,cifake,train
data/raw/cifake/train/REAL/0313 (7).jpg,0,real,cifake,train
data/raw/cifake/train/REAL/4663.jpg,0,real,cifake,train
data/raw/cifake/train/FAKE/1262.jpg,1,ai_generated,cifake,train
data/raw/cifake/train/REAL/1852 (7).jpg,0,real,cifake,train
data/raw/cifake/train/REAL/0229.jpg,0,real,cifake,train
data/raw/cifake/train/FAKE/4536 (8).jpg,1,ai_generated,cifake,train
data/raw/cifake/train/REAL/2770 (9).jpg,0,real,cifake,train
data/raw/cifake/train/FAKE/1818 (6).jpg,1,ai_generated,cifake,train
data/raw/cifake/train/REAL/0441.jpg,0,real,cifake,train
data/raw/cifake/train/FAKE/3310 (3).jpg,1,ai_generated,cifake,train
data/raw/cifake/train/REAL/3825 (3).jpg,0,real,cifake,train
data/raw/cifake/train/FAKE/5975 (5).jpg,1,ai_generated,cifake,train
data/raw/cifake/train/REAL/2440 (6).jpg,0,real,cifake,train
data/raw/cifake/train/FAKE/1761 (4).jpg,1,ai_generated,cifake,train
data/raw/cifake/train/REAL/4453 (5).jpg,0,real,cifake,train
data/raw/cifake/train/FAKE/5112 (9).jpg,1,ai_generated,cifake,train
data/raw/cifake/train/REAL/4600 (2).jpg,0,real,cifake,train
data/raw/cifake/train/REAL/3039 (9).jpg,0,real,cifake,train
data/raw/cifake/train/REAL/0714 (4).jpg,0,real,cifake,train
data/raw/cifake/train/FAKE/5157 (9).jpg,1,ai_generated,cifake,train
data/raw/cifake/train/FAKE/2564 (2).jpg,1,ai_generated,cifake,train
data/raw/cifake/train/FAKE/3696 (4).jpg,1,ai_generated,cifake,train
data/raw/cifake/train/REAL/2454 (8).jpg,0,real,cifake,train
data/raw/cifake/train/REAL/4038 (8).jpg,0,real,cifake,train
data/raw/cifake/train/FAKE/3418 (5).jpg,1,ai_generated,cifake,train
data/raw/cifake/train/REAL/1729 (9).jpg,0,real,cifake,train
data/raw/cifake/train/FAKE/4709 (6).jpg,1,ai_generated,cifake,train
data/raw/cifake/train/REAL/4488 (9).jpg,0,real,cifake,train
data/raw/cifake/train/REAL/1615 (10).jpg,0,real,cifake,train
data/raw/cifake/train/REAL/2481 (4).jpg,0,real,cifake,train
data/raw/cifake/train/FAKE/1894.jpg,1,ai_generated,cifake,train
data/raw/cifake/train/REAL/2345 (3).jpg,0,real,cifake,train
data/raw/cifake/train/REAL/2240.jpg,0,real,cifake,train
data/raw/cifake/train/REAL/0031 (4).jpg,0,real,cifake,train
data/raw/cifake/train/REAL/0629 (4).jpg,0,real,cifake,train
data/raw/cifake/train/REAL/1320 (2).jpg,0,real,cifake,train
data/raw/cifake/train/FAKE/3182 (5).jpg,1,ai_generated,cifake,train
data/raw/cifake/train/FAKE/2063 (2).jpg,1,ai_generated,cifake,train
data/raw/cifake/train/FAKE/4967 (9).jpg,1,ai_generated,cifake,train
data/raw/cifake/train/FAKE/1302 (5).jpg,1,ai_generated,cifake,train
data/raw/cifake/train/FAKE/4151 (2).jpg,1,ai_generated,cifake,train
data/raw/cifake/train/FAKE/3497 (6).jpg,1,ai_generated,cifake,train
data/raw/cifake/train/FAKE/3065 (6).jpg,1,ai_generated,cifake,train
data/raw/cifake/train/FAKE/3126 (4).jpg,1,ai_generated,cifake,train
data/raw/cifake/train/FAKE/1437 (9).jpg,1,ai_generated,cifake,train
data/raw/cifake/train/FAKE/1643 (2).jpg,1,ai_generated,cifake,train
data/raw/cifake/train/REAL/0829 (9).jpg,0,real,cifake,train
data/raw/cifake/train/REAL/1671 (7).jpg,0,real,cifake,train
data/raw/cifake/train/FAKE/2690.jpg,1,ai_generated,cifake,train
data/raw/cifake/train/FAKE/2046 (3).jpg,1,ai_generated,cifake,train
data/raw/cifake/train/REAL/0034 (3).jpg,0,real,cifake,train
data/raw/cifake/train/REAL/3262 (9).jpg,0,real,cifake,train
data/raw/cifake/train/FAKE/5083 (3).jpg,1,ai_generated,cifake,train
data/raw/cifake/train/FAKE/5968 (2).jpg,1,ai_generated,cifake,train
data/raw/cifake/train/REAL/0781 (10).jpg,0,real,cifake,train
data/raw/cifake/train/FAKE/4381 (7).jpg,1,ai_generated,cifake,train
data/raw/cifake/train/FAKE/3980 (10).jpg,1,ai_generated,cifake,train
data/raw/cifake/train/FAKE/4101 (4).jpg,1,ai_generated,cifake,train
data/raw/cifake/train/FAKE/3470 (6).jpg,1,ai_generated,cifake,train
data/raw/cifake/train/REAL/4682 (2).jpg,0,real,cifake,train
data/raw/cifake/train/REAL/0425 (10).jpg,0,real,cifake,train
data/raw/cifake/train/FAKE/5776 (5).jpg,1,ai_generated,cifake,train
data/raw/cifake/train/REAL/0242 (9).jpg,0,real,cifake,train
data/raw/cifake/train/REAL/1151 (9).jpg,0,real,cifake,train
data/raw/cifake/train/REAL/0345 (10).jpg,0,real,cifake,train
data/raw/cifake/train/FAKE/3214 (7).jpg,1,ai_generated,cifake,train
data/raw/cifake/train/REAL/0854 (6).jpg,0,real,cifake,train
data/raw/cifake/train/FAKE/1040 (4).jpg,1,ai_generated,cifake,train
data/raw/cifake/train/FAKE/3375.jpg,1,ai_generated,cifake,train
data/raw/cifake/train/FAKE/2008 (2).jpg,1,ai_generated,cifake,train
data/raw/cifake/train/REAL/2413 (4).jpg,0,real,cifake,train
data/raw/cifake/train/REAL/4366 (2).jpg,0,real,cifake,train
data/raw/cifake/train/FAKE/4412 (6).jpg,1,ai_generated,cifake,train
data/raw/cifake/train/REAL/2384 (3).jpg,0,real,cifake,train
data/raw/cifake/train/REAL/1508 (7).jpg,0,real,cifake,train
data/raw/cifake/train/REAL/0725 (9).jpg,0,real,cifake,train
data/raw/cifake/train/FAKE/5762 (9).jpg,1,ai_generated,cifake,train
data/raw/cifake/train/FAKE/4692 (5).jpg,1,ai_generated,cifake,train
data/raw/cifake/train/REAL/3130 (4).jpg,0,real,cifake,train
data/raw/cifake/train/REAL/2353 (9).jpg,0,real,cifake,train
data/raw/cifake/train/FAKE/4145 (6).jpg,1,ai_generated,cifake,train
data/raw/cifake/train/FAKE/3261 (6).jpg,1,ai_generated,cifake,train
data/raw/cifake/train/FAKE/4535.jpg,1,ai_generated,cifake,train
data/raw/cifake/train/REAL/2509 (5).jpg,0,real,cifake,train
data/raw/cifake/train/FAKE/5775 (8).jpg,1,ai_generated,cifake,train
data/raw/cifake/train/FAKE/5074 (8).jpg,1,ai_generated,cifake,train
data/raw/cifake/train/FAKE/5395 (2).jpg,1,ai_generated,cifake,train
data/raw/cifake/train/REAL/1923 (3).jpg,0,real,cifake,train
data/raw/cifake/train/FAKE/5483 (8).jpg,1,ai_generated,cifake,train
data/raw/cifake/train/REAL/2040 (9).jpg,0,real,cifake,train
data/raw/cifake/train/REAL/3680 (2).jpg,0,real,cifake,train
data/raw/cifake/train/REAL/3750 (8).jpg,0,real,cifake,train
data/raw/cifake/train/FAKE/2324.jpg,1,ai_generated,cifake,train
data/raw/cifake/train/FAKE/5771 (3).jpg,1,ai_generated,cifake,train
data/raw/cifake/train/REAL/0627 (2).jpg,0,real,cifake,train
data/raw/cifake/train/REAL/4864 (7).jpg,0,real,cifake,train
data/raw/cifake/train/FAKE/4704 (6).jpg,1,ai_generated,cifake,train
data/raw/cifake/train/REAL/0893 (6).jpg,0,real,cifake,train
data/raw/cifake/train/FAKE/3511 (4).jpg,1,ai_generated,cifake,train
data/raw/cifake/train/REAL/2005 (2).jpg,0,real,cifake,train
data/raw/cifake/train/FAKE/1153 (9).jpg,1,ai_generated,cifake,train
data/raw/cifake/train/REAL/3295 (10).jpg,0,real,cifake,train
data/raw/cifake/train/FAKE/4468 (2).jpg,1,ai_generated,cifake,train
data/raw/cifake/train/FAKE/2006 (7).jpg,1,ai_generated,cifake,train
data/raw/cifake/train/REAL/3901 (6).jpg,0,real,cifake,train
data/raw/cifake/train/FAKE/2040 (7).jpg,1,ai_generated,cifake,train
data/raw/cifake/train/FAKE/1615 (2).jpg,1,ai_generated,cifake,train
data/raw/cifake/train/FAKE/1623 (3).jpg,1,ai_generated,cifake,train
data/raw/cifake/train/REAL/2926 (10).jpg,0,real,cifake,train
data/raw/cifake/train/FAKE/3543 (6).jpg,1,ai_generated,cifake,train
data/raw/cifake/train/REAL/0544 (9).jpg,0,real,cifake,train
data/raw/cifake/train/FAKE/1135 (2).jpg,1,ai_generated,cifake,train
data/raw/cifake/train/REAL/4188 (9).jpg,0,real,cifake,train
data/raw/cifake/train/FAKE/3741 (8).jpg,1,ai_generated,cifake,train
data/raw/cifake/train/REAL/4177 (2).jpg,0,real,cifake,train
data/raw/cifake/train/FAKE/5727 (9).jpg,1,ai_generated,cifake,train
data/raw/cifake/train/FAKE/1007 (8).jpg,1,ai_generated,cifake,train
data/raw/cifake/train/FAKE/2210 (8).jpg,1,ai_generated,cifake,train
data/raw/cifake/train/REAL/2429 (3).jpg,0,real,cifake,train
data/raw/cifake/train/FAKE/1235 (2).jpg,1,ai_generated,cifake,train
data/raw/cifake/train/REAL/4963 (9).jpg,0,real,cifake,train
data/raw/cifake/train/REAL/3775 (2).jpg,0,real,cifake,train
data/raw/cifake/train/FAKE/3508 (10).jpg,1,ai_generated,cifake,train
data/raw/cifake/train/REAL/4673 (10).jpg,0,real,cifake,train
data/raw/cifake/train/FAKE/2840.jpg,1,ai_generated,cifake,train
data/raw/cifake/train/REAL/0267 (10).jpg,0,real,cifake,train
data/raw/cifake/train/REAL/1941 (9).jpg,0,real,cifake,train
data/raw/cifake/train/REAL/4859 (4).jpg,0,real,cifake,train
data/raw/cifake/train/FAKE/4926 (4).jpg,1,ai_generated,cifake,train
data/raw/cifake/train/REAL/3677 (6).jpg,0,real,cifake,train
data/raw/cifake/train/REAL/3641 (6).jpg,0,real,cifake,train
data/raw/cifake/train/FAKE/4577 (2).jpg,1,ai_generated,cifake,train
data/raw/cifake/train/FAKE/3465 (6).jpg,1,ai_generated,cifake,train
data/raw/cifake/train/FAKE/3100 (4).jpg,1,ai_generated,cifake,train
data/raw/cifake/train/REAL/0393 (8).jpg,0,real,cifake,train
data/raw/cifake/train/FAKE/2847 (9).jpg,1,ai_generated,cifake,train
data/raw/cifake/train/FAKE/2195 (5).jpg,1,ai_generated,cifake,train
data/raw/cifake/train/FAKE/2895 (6).jpg,1,ai_generated,cifake,train
data/raw/cifake/train/REAL/4302 (8).jpg,0,real,cifake,train
data/raw/cifake/train/FAKE/5510 (9).jpg,1,ai_generated,cifake,train
data/raw/cifake/train/FAKE/1644 (3).jpg,1,ai_generated,cifake,train
data/raw/cifake/train/REAL/2300 (2).jpg,0,real,cifake,train
data/raw/cifake/train/FAKE/5147.jpg,1,ai_generated,cifake,train
data/raw/cifake/train/REAL/4689 (3).jpg,0,real,cifake,train
data/raw/cifake/train/REAL/0937 (9).jpg,0,real,cifake,train
data/raw/cifake/train/FAKE/4793 (7).jpg,1,ai_generated,cifake,train
data/raw/cifake/train/FAKE/3713 (4).jpg,1,ai_generated,cifake,train
data/raw/cifake/train/FAKE/5421 (5).jpg,1,ai_generated,cifake,train
data/raw/cifake/train/FAKE/5734 (9).jpg,1,ai_generated,cifake,train
data/raw/cifake/train/REAL/4818 (7).jpg,0,real,cifake,train
data/raw/cifake/train/FAKE/4075 (6).jpg,1,ai_generated,cifake,train
data/raw/cifake/train/FAKE/2171 (5).jpg,1,ai_generated,cifake,train
data/raw/cifake/train/FAKE/4247 (7).jpg,1,ai_generated,cifake,train
data/raw/cifake/train/REAL/2487 (3).jpg,0,real,cifake,train
data/raw/cifake/train/FAKE/5277 (8).jpg,1,ai_generated,cifake,train
data/raw/cifake/train/REAL/3976 (3).jpg,0,real,cifake,train
data/raw/cifake/train/REAL/4976 (5).jpg,0,real,cifake,train
data/raw/cifake/train/REAL/2478 (5).jpg,0,real,cifake,train
data/raw/cifake/train/FAKE/5199 (9).jpg,1,ai_generated,cifake,train
data/raw/cifake/train/FAKE/5730 (9).jpg,1,ai_generated,cifake,train
data/raw/cifake/train/FAKE/3133.jpg,1,ai_generated,cifake,train
data/raw/cifake/train/FAKE/3113 (10).jpg,1,ai_generated,cifake,train
data/raw/cifake/train/REAL/1091 (6).jpg,0,real,cifake,train
data/raw/cifake/train/FAKE/1754 (6).jpg,1,ai_generated,cifake,train
data/raw/cifake/train/REAL/1233 (8).jpg,0,real,cifake,train
data/raw/cifake/train/FAKE/3120 (5).jpg,1,ai_generated,cifake,train
data/raw/cifake/train/REAL/4551 (6).jpg,0,real,cifake,train
data/raw/cifake/train/FAKE/2574 (10).jpg,1,ai_generated,cifake,train
data/raw/cifake/train/REAL/3696 (4).jpg,0,real,cifake,train
data/raw/cifake/train/REAL/2437 (5).jpg,0,real,cifake,train
data/raw/cifake/train/REAL/0345.jpg,0,real,cifake,train
data/raw/cifake/train/REAL/2218 (2).jpg,0,real,cifake,train
data/raw/cifake/train/REAL/0310 (9).jpg,0,real,cifake,train
data/raw/cifake/train/FAKE/3644 (10).jpg,1,ai_generated,cifake,train
data/raw/cifake/train/REAL/2151 (4).jpg,0,real,cifake,train
data/raw/cifake/train/FAKE/4820 (10).jpg,1,ai_generated,cifake,train
data/raw/cifake/train/REAL/3278 (8).jpg,0,real,cifake,train
data/raw/cifake/train/REAL/1432 (7).jpg,0,real,cifake,train
data/raw/cifake/train/REAL/4296.jpg,0,real,cifake,train
data/raw/cifake/train/REAL/1258 (8).jpg,0,real,cifake,train
data/raw/cifake/train/REAL/0423 (3).jpg,0,real,cifake,train
data/raw/cifake/train/REAL/1632 (4).jpg,0,real,cifake,train
data/raw/cifake/train/REAL/3338.jpg,0,real,cifake,train
data/raw/cifake/train/REAL/2207 (8).jpg,0,real,cifake,train
data/raw/cifake/train/FAKE/2860 (7).jpg,1,ai_generated,cifake,train
data/raw/cifake/train/FAKE/3469 (4).jpg,1,ai_generated,cifake,train
data/raw/cifake/train/REAL/2789 (8).jpg,0,real,cifake,train
data/raw/cifake/train/FAKE/5533 (4).jpg,1,ai_generated,cifake,train
data/raw/cifake/train/REAL/4348 (5).jpg,0,real,cifake,train
data/raw/cifake/train/FAKE/5866 (5).jpg,1,ai_generated,cifake,train
data/raw/cifake/train/REAL/4427.jpg,0,real,cifake,train
data/raw/cifake/train/REAL/1993 (7).jpg,0,real,cifake,train
data/raw/cifake/train/REAL/3996 (8).jpg,0,real,cifake,train
data/raw/cifake/train/REAL/0672 (3).jpg,0,real,cifake,train
data/raw/cifake/train/FAKE/1021 (9).jpg,1,ai_generated,cifake,train
data/raw/cifake/train/FAKE/4447 (2).jpg,1,ai_generated,cifake,train
data/raw/cifake/train/REAL/0405 (4).jpg,0,real,cifake,train
data/raw/cifake/train/REAL/0947 (6).jpg,0,real,cifake,train
data/raw/cifake/train/REAL/0364 (2).jpg,0,real,cifake,train
data/raw/cifake/train/FAKE/5736 (6).jpg,1,ai_generated,cifake,train
data/raw/cifake/train/FAKE/3699 (4).jpg,1,ai_generated,cifake,train
data/raw/cifake/train/REAL/1295 (6).jpg,0,real,cifake,train
data/raw/cifake/train/REAL/4576 (4).jpg,0,real,cifake,train
data/raw/cifake/train/FAKE/2755 (8).jpg,1,ai_generated,cifake,train
data/raw/cifake/train/REAL/2885 (8).jpg,0,real,cifake,train
data/raw/cifake/train/FAKE/4328 (6).jpg,1,ai_generated,cifake,train
data/raw/cifake/train/REAL/2782.jpg,0,real,cifake,train
data/raw/cifake/train/REAL/4244.jpg,0,real,cifake,train
data/raw/cifake/train/FAKE/1531 (3).jpg,1,ai_generated,cifake,train
data/raw/cifake/train/REAL/3152 (7).jpg,0,real,cifake,train
data/raw/cifake/train/REAL/4207 (9).jpg,0,real,cifake,train
data/raw/cifake/train/FAKE/4458 (2).jpg,1,ai_generated,cifake,train
data/raw/cifake/train/REAL/1094 (9).jpg,0,real,cifake,train
data/raw/cifake/train/REAL/0573.jpg,0,real,cifake,train
data/raw/cifake/train/FAKE/5588 (10).jpg,1,ai_generated,cifake,train
data/raw/cifake/train/FAKE/5429 (10).jpg,1,ai_generated,cifake,train
data/raw/cifake/train/REAL/4871 (5).jpg,0,real,cifake,train
data/raw/cifake/train/REAL/0485 (2).jpg,0,real,cifake,train
data/raw/cifake/train/FAKE/2522.jpg,1,ai_generated,cifake,train
data/raw/cifake/train/FAKE/3064 (4).jpg,1,ai_generated,cifake,train
data/raw/cifake/train/FAKE/2378 (6).jpg,1,ai_generated,cifake,train
data/raw/cifake/train/FAKE/4827 (10).jpg,1,ai_generated,cifake,train
data/raw/cifake/train/FAKE/4523 (10).jpg,1,ai_generated,cifake,train
data/raw/cifake/train/FAKE/4994 (9).jpg,1,ai_generated,cifake,train
data/raw/cifake/train/REAL/1068 (3).jpg,0,real,cifake,train
data/raw/cifake/train/REAL/2111 (6).jpg,0,real,cifake,train
data/raw/cifake/train/REAL/2838 (4).jpg,0,real,cifake,train
data/raw/cifake/train/FAKE/1723 (2).jpg,1,ai_generated,cifake,train
data/raw/cifake/train/FAKE/2662 (3).jpg,1,ai_generated,cifake,train
data/raw/cifake/train/REAL/1789 (9).jpg,0,real,cifake,train
data/raw/cifake/train/FAKE/2558 (6).jpg,1,ai_generated,cifake,train
data/raw/cifake/train/REAL/1633 (10).jpg,0,real,cifake,train
data/raw/cifake/train/REAL/4557 (7).jpg,0,real,cifake,train
data/raw/cifake/train/FAKE/3479 (7).jpg,1,ai_generated,cifake,train
data/raw/cifake/train/FAKE/5732 (5).jpg,1,ai_generated,cifake,train
data/raw/cifake/train/FAKE/4787 (4).jpg,1,ai_generated,cifake,train
data/raw/cifake/train/REAL/0685 (8).jpg,0,real,cifake,train
data/raw/cifake/train/FAKE/3782 (5).jpg,1,ai_generated,cifake,train
data/raw/cifake/train/FAKE/3364 (7).jpg,1,ai_generated,cifake,train
data/raw/cifake/train/FAKE/2963 (3).jpg,1,ai_generated,cifake,train
data/raw/cifake/train/FAKE/3510 (6).jpg,1,ai_generated,cifake,train
data/raw/cifake/train/REAL/2177 (6).jpg,0,real,cifake,train
data/raw/cifake/train/FAKE/2145 (2).jpg,1,ai_generated,cifake,train
data/raw/cifake/train/REAL/0200 (9).jpg,0,real,cifake,train
data/raw/cifake/train/FAKE/5755 (8).jpg,1,ai_generated,cifake,train
data/raw/cifake/train/REAL/1450 (6).jpg,0,real,cifake,train
data/raw/cifake/train/REAL/1887 (5).jpg,0,real,cifake,train
data/raw/cifake/train/REAL/3413 (9).jpg,0,real,cifake,train
data/raw/cifake/train/FAKE/5169 (10).jpg,1,ai_generated,cifake,train
data/raw/cifake/train/REAL/3532.jpg,0,real,cifake,train
data/raw/cifake/train/REAL/0932 (9).jpg,0,real,cifake,train
data/raw/cifake/train/REAL/2892 (2).jpg,0,real,cifake,train
data/raw/cifake/train/FAKE/4617 (9).jpg,1,ai_generated,cifake,train
data/raw/cifake/train/REAL/0298 (5).jpg,0,real,cifake,train
data/raw/cifake/train/REAL/3220 (2).jpg,0,real,cifake,train
data/raw/cifake/train/FAKE/3250 (5).jpg,1,ai_generated,cifake,train
data/raw/cifake/train/FAKE/5540 (6).jpg,1,ai_generated,cifake,train
data/raw/cifake/train/REAL/2394 (2).jpg,0,real,cifake,train
data/raw/cifake/train/REAL/1144 (5).jpg,0,real,cifake,train
data/raw/cifake/train/FAKE/1566 (2).jpg,1,ai_generated,cifake,train
data/raw/cifake/train/REAL/4403 (6).jpg,0,real,cifake,train
data/raw/cifake/train/FAKE/5679 (6).jpg,1,ai_generated,cifake,train
data/raw/cifake/train/REAL/1482 (7).jpg,0,real,cifake,train
data/raw/cifake/train/FAKE/4236.jpg,1,ai_generated,cifake,train
data/raw/cifake/train/FAKE/5464 (8).jpg,1,ai_generated,cifake,train
data/raw/cifake/train/FAKE/1781 (10).jpg,1,ai_generated,cifake,train
data/raw/cifake/train/FAKE/3934 (6).jpg,1,ai_generated,cifake,train
data/raw/cifake/train/FAKE/2455 (3).jpg,1,ai_generated,cifake,train
data/raw/cifake/train/FAKE/5656 (10).jpg,1,ai_generated,cifake,train
data/raw/cifake/train/REAL/4895 (10).jpg,0,real,cifake,train
data/raw/cifake/train/FAKE/2732 (2).jpg,1,ai_generated,cifake,train
data/raw/cifake/train/FAKE/1522 (10).jpg,1,ai_generated,cifake,train
data/raw/cifake/train/REAL/2114 (5).jpg,0,real,cifake,train
data/raw/cifake/train/FAKE/4572 (8).jpg,1,ai_generated,cifake,train
data/raw/cifake/train/FAKE/2507 (4).jpg,1,ai_generated,cifake,train
data/raw/cifake/train/FAKE/4409 (10).jpg,1,ai_generated,cifake,train
data/raw/cifake/train/FAKE/2360 (10).jpg,1,ai_generated,cifake,train
data/raw/cifake/train/REAL/4973 (2).jpg,0,real,cifake,train
data/raw/cifake/train/FAKE/1510 (6).jpg,1,ai_generated,cifake,train
data/raw/cifake/train/FAKE/5204 (6).jpg,1,ai_generated,cifake,train
data/raw/cifake/train/REAL/2094.jpg,0,real,cifake,train
data/raw/cifake/train/FAKE/2758 (2).jpg,1,ai_generated,cifake,train
data/raw/cifake/train/FAKE/3375 (9).jpg,1,ai_generated,cifake,train
data/raw/cifake/train/REAL/0734 (6).jpg,0,real,cifake,train
data/raw/cifake/train/REAL/1704 (4).jpg,0,real,cifake,train
data/raw/cifake/train/REAL/1559 (9).jpg,0,real,cifake,train
data/raw/cifake/train/REAL/4149 (2).jpg,0,real,cifake,train
data/raw/cifake/train/FAKE/1397 (9).jpg,1,ai_generated,cifake,train
data/raw/cifake/train/REAL/2940 (4).jpg,0,real,cifake,train
data/raw/cifake/train/FAKE/5965 (9).jpg,1,ai_generated,cifake,train
data/raw/cifake/train/FAKE/2510 (7).jpg,1,ai_generated,cifake,train
data/raw/cifake/train/FAKE/3009 (5).jpg,1,ai_generated,cifake,train
data/raw/cifake/train/REAL/4005 (10).jpg,0,real,cifake,train
data/raw/cifake/train/REAL/0203 (3).jpg,0,real,cifake,train
data/raw/cifake/train/FAKE/5026.jpg,1,ai_generated,cifake,train
data/raw/cifake/train/REAL/3164 (4).jpg,0,real,cifake,train
data/raw/cifake/train/FAKE/3559 (5).jpg,1,ai_generated,cifake,train
data/raw/cifake/train/REAL/2451 (4).jpg,0,real,cifake,train
data/raw/cifake/train/REAL/3675 (4).jpg,0,real,cifake,train
data/raw/cifake/train/REAL/0568 (7).jpg,0,real,cifake,train
data/raw/cifake/train/REAL/4867 (6).jpg,0,real,cifake,train
data/raw/cifake/train/FAKE/3557 (10).jpg,1,ai_generated,cifake,train
data/raw/cifake/train/FAKE/1467 (7).jpg,1,ai_generated,cifake,train
data/raw/cifake/train/FAKE/3696.jpg,1,ai_generated,cifake,train
data/raw/cifake/train/FAKE/5434 (4).jpg,1,ai_generated,cifake,train
data/raw/cifake/train/REAL/2131 (10).jpg,0,real,cifake,train
data/raw/cifake/train/FAKE/5476 (6).jpg,1,ai_generated,cifake,train
data/raw/cifake/train/REAL/4298 (9).jpg,0,real,cifake,train
data/raw/cifake/train/REAL/2093 (9).jpg,0,real,cifake,train
data/raw/cifake/train/FAKE/3189 (8).jpg,1,ai_generated,cifake,train
data/raw/cifake/train/FAKE/2106 (8).jpg,1,ai_generated,cifake,train
data/raw/cifake/train/FAKE/2232.jpg,1,ai_generated,cifake,train
data/raw/cifake/train/FAKE/2850 (3).jpg,1,ai_generated,cifake,train
data/raw/cifake/train/FAKE/5084 (8).jpg,1,ai_generated,cifake,train
data/raw/cifake/train/REAL/0283 (5).jpg,0,real,cifake,train
data/raw/cifake/train/FAKE/1867 (5).jpg,1,ai_generated,cifake,train
data/raw/cifake/train/FAKE/5496 (3).jpg,1,ai_generated,cifake,train
data/raw/cifake/train/FAKE/2452 (9).jpg,1,ai_generated,cifake,train
data/raw/cifake/train/REAL/1049 (6).jpg,0,real,cifake,train
data/raw/cifake/train/REAL/1362 (6).jpg,0,real,cifake,train
data/raw/cifake/train/REAL/3522 (5).jpg,0,real,cifake,train
data/raw/cifake/train/REAL/0554 (5).jpg,0,real,cifake,train
data/raw/cifake/train/FAKE/3395 (9).jpg,1,ai_generated,cifake,train
data/raw/cifake/train/REAL/4464 (9).jpg,0,real,cifake,train
data/raw/cifake/train/FAKE/4699 (6).jpg,1,ai_generated,cifake,train
data/raw/cifake/train/REAL/0081 (9).jpg,0,real,cifake,train
data/raw/cifake/train/FAKE/2642 (7).jpg,1,ai_generated,cifake,train
data/raw/cifake/train/FAKE/4027 (8).jpg,1,ai_generated,cifake,train
data/raw/cifake/train/FAKE/4103 (7).jpg,1,ai_generated,cifake,train
data/raw/cifake/train/FAKE/3549 (5).jpg,1,ai_generated,cifake,train
data/raw/cifake/train/FAKE/3702 (6).jpg,1,ai_generated,cifake,train
data/raw/cifake/train/FAKE/4537 (10).jpg,1,ai_generated,cifake,train
data/raw/cifake/train/REAL/4719 (3).jpg,0,real,cifake,train
data/raw/cifake/train/REAL/2078 (9).jpg,0,real,cifake,train
data/raw/cifake/train/FAKE/2334 (5).jpg,1,ai_generated,cifake,train
data/raw/cifake/train/REAL/0187 (10).jpg,0,real,cifake,train
data/raw/cifake/train/FAKE/4443.jpg,1,ai_generated,cifake,train
data/raw/cifake/train/REAL/4004 (8).jpg,0,real,cifake,train
data/raw/cifake/train/REAL/2462 (3).jpg,0,real,cifake,train
data/raw/cifake/train/REAL/2171 (6).jpg,0,real,cifake,train
data/raw/cifake/train/FAKE/5161 (6).jpg,1,ai_generated,cifake,train
data/raw/cifake/train/REAL/0025 (5).jpg,0,real,cifake,train
data/raw/cifake/train/FAKE/1990 (9).jpg,1,ai_generated,cifake,train
data/raw/cifake/train/FAKE/1741 (3).jpg,1,ai_generated,cifake,train
data/raw/cifake/train/FAKE/5283.jpg,1,ai_generated,cifake,train
data/raw/cifake/train/REAL/0391 (3).jpg,0,real,cifake,train
data/raw/cifake/train/REAL/1777 (4).jpg,0,real,cifake,train
data/raw/cifake/train/FAKE/2450 (5).jpg,1,ai_generated,cifake,train
data/raw/cifake/train/REAL/2535 (7).jpg,0,real,cifake,train
data/raw/cifake/train/FAKE/5409 (4).jpg,1,ai_generated,cifake,train
data/raw/cifake/train/FAKE/1853 (3).jpg,1,ai_generated,cifake,train
data/raw/cifake/train/REAL/0315 (10).jpg,0,real,cifake,train
data/raw/cifake/train/REAL/2930 (3).jpg,0,real,cifake,train
data/raw/cifake/train/REAL/3246 (5).jpg,0,real,cifake,train
data/raw/cifake/train/FAKE/5117 (2).jpg,1,ai_generated,cifake,train
data/raw/cifake/train/FAKE/1137 (5).jpg,1,ai_generated,cifake,train
data/raw/cifake/train/REAL/0608 (9).jpg,0,real,cifake,train
data/raw/cifake/train/REAL/3064.jpg,0,real,cifake,train
data/raw/cifake/train/FAKE/5810 (8).jpg,1,ai_generated,cifake,train
data/raw/cifake/train/REAL/4942 (2).jpg,0,real,cifake,train
data/raw/cifake/train/REAL/1458 (10).jpg,0,real,cifake,train
data/raw/cifake/train/FAKE/4993 (7).jpg,1,ai_generated,cifake,train
data/raw/cifake/train/FAKE/4319 (10).jpg,1,ai_generated,cifake,train
data/raw/cifake/train/REAL/0575 (5).jpg,0,real,cifake,train
data/raw/cifake/train/FAKE/2326 (5).jpg,1,ai_generated,cifake,train
data/raw/cifake/train/FAKE/5693 (2).jpg,1,ai_generated,cifake,train
data/raw/cifake/train/FAKE/2183 (5).jpg,1,ai_generated,cifake,train
data/raw/cifake/train/FAKE/3090 (10).jpg,1,ai_generated,cifake,train
data/raw/cifake/train/FAKE/3525 (3).jpg,1,ai_generated,cifake,train
data/raw/cifake/train/REAL/1378 (9).jpg,0,real,cifake,train
data/raw/cifake/train/REAL/1065 (10).jpg,0,real,cifake,train
data/raw/cifake/train/REAL/1284 (10).jpg,0,real,cifake,train
data/raw/cifake/train/FAKE/2902 (4).jpg,1,ai_generated,cifake,train
data/raw/cifake/train/REAL/1937 (2).jpg,0,real,cifake,train
data/raw/cifake/train/FAKE/2424 (9).jpg,1,ai_generated,cifake,train
data/raw/cifake/train/REAL/3575 (8).jpg,0,real,cifake,train
data/raw/cifake/train/FAKE/2190 (3).jpg,1,ai_generated,cifake,train
data/raw/cifake/train/FAKE/2879 (3).jpg,1,ai_generated,cifake,train
data/raw/cifake/train/FAKE/1515 (3).jpg,1,ai_generated,cifake,train
data/raw/cifake/train/REAL/3625 (10).jpg,0,real,cifake,train
data/raw/cifake/train/FAKE/3879 (7).jpg,1,ai_generated,cifake,train
data/raw/cifake/train/REAL/2293 (5).jpg,0,real,cifake,train
data/raw/cifake/train/FAKE/3587 (8).jpg,1,ai_generated,cifake,train
data/raw/cifake/train/FAKE/2810 (2).jpg,1,ai_generated,cifake,train
data/raw/cifake/train/FAKE/2036 (8).jpg,1,ai_generated,cifake,train
data/raw/cifake/train/REAL/3762 (10).jpg,0,real,cifake,train
data/raw/cifake/train/REAL/3952 (8).jpg,0,real,cifake,train
data/raw/cifake/train/FAKE/3484 (3).jpg,1,ai_generated,cifake,train
data/raw/cifake/train/FAKE/2054 (4).jpg,1,ai_generated,cifake,train
data/raw/cifake/train/FAKE/1210 (10).jpg,1,ai_generated,cifake,train
data/raw/cifake/train/FAKE/5341.jpg,1,ai_generated,cifake,train
data/raw/cifake/train/FAKE/4340 (5).jpg,1,ai_generated,cifake,train
data/raw/cifake/train/REAL/0351 (5).jpg,0,real,cifake,train
data/raw/cifake/train/FAKE/5346 (6).jpg,1,ai_generated,cifake,train
data/raw/cifake/train/FAKE/3421 (8).jpg,1,ai_generated,cifake,train
data/raw/cifake/train/REAL/3783 (10).jpg,0,real,cifake,train
data/raw/cifake/train/FAKE/2947 (8).jpg,1,ai_generated,cifake,train
data/raw/cifake/train/FAKE/4015 (6).jpg,1,ai_generated,cifake,train
data/raw/cifake/train/REAL/3962 (7).jpg,0,real,cifake,train
data/raw/cifake/train/FAKE/1830 (9).jpg,1,ai_generated,cifake,train
data/raw/cifake/train/FAKE/3593 (10).jpg,1,ai_generated,cifake,train
data/raw/cifake/train/FAKE/4918 (10).jpg,1,ai_generated,cifake,train
data/raw/cifake/train/FAKE/2457 (10).jpg,1,ai_generated,cifake,train
data/raw/cifake/train/REAL/3371 (10).jpg,0,real,cifake,train
data/raw/cifake/train/FAKE/2866 (8).jpg,1,ai_generated,cifake,train
data/raw/cifake/train/REAL/0904 (3).jpg,0,real,cifake,train
data/raw/cifake/train/FAKE/3196 (7).jpg,1,ai_generated,cifake,train
data/raw/cifake/train/FAKE/5605 (4).jpg,1,ai_generated,cifake,train
data/raw/cifake/train/FAKE/1970 (10).jpg,1,ai_generated,cifake,train
data/raw/cifake/train/REAL/3972 (10).jpg,0,real,cifake,train
data/raw/cifake/train/REAL/2252 (3).jpg,0,real,cifake,train
data/raw/cifake/train/FAKE/4339 (4).jpg,1,ai_generated,cifake,train
data/raw/cifake/train/FAKE/2201.jpg,1,ai_generated,cifake,train
data/raw/cifake/train/REAL/4526 (4).jpg,0,real,cifake,train
data/raw/cifake/train/REAL/4585 (6).jpg,0,real,cifake,train
data/raw/cifake/train/FAKE/1547 (3).jpg,1,ai_generated,cifake,train
data/raw/cifake/train/REAL/1170 (6).jpg,0,real,cifake,train
data/raw/cifake/train/FAKE/3696 (7).jpg,1,ai_generated,cifake,train
data/raw/cifake/train/REAL/4676 (5).jpg,0,real,cifake,train
data/raw/cifake/train/REAL/2419 (9).jpg,0,real,cifake,train
data/raw/cifake/train/FAKE/5854 (10).jpg,1,ai_generated,cifake,train
data/raw/cifake/train/REAL/1505 (5).jpg,0,real,cifake,train
data/raw/cifake/train/REAL/4908 (4).jpg,0,real,cifake,train
data/raw/cifake/train/REAL/1760 (3).jpg,0,real,cifake,train
data/raw/cifake/train/FAKE/2814 (3).jpg,1,ai_generated,cifake,train
data/raw/cifake/train/FAKE/5193 (3).jpg,1,ai_generated,cifake,train
data/raw/cifake/train/REAL/2272.jpg,0,real,cifake,train
data/raw/cifake/train/FAKE/1948 (8).jpg,1,ai_generated,cifake,train
data/raw/cifake/train/FAKE/5150 (10).jpg,1,ai_generated,cifake,train
data/raw/cifake/train/FAKE/5793 (8).jpg,1,ai_generated,cifake,train
data/raw/cifake/train/REAL/2578 (8).jpg,0,real,cifake,train
data/raw/cifake/train/FAKE/5247 (5).jpg,1,ai_generated,cifake,train
data/raw/cifake/train/FAKE/5819 (4).jpg,1,ai_generated,cifake,train
data/raw/cifake/train/FAKE/3948 (3).jpg,1,ai_generated,cifake,train
data/raw/cifake/train/FAKE/3929 (3).jpg,1,ai_generated,cifake,train
data/raw/cifake/train/REAL/1103 (9).jpg,0,real,cifake,train
data/raw/cifake/train/FAKE/5103 (2).jpg,1,ai_generated,cifake,train
data/raw/cifake/train/FAKE/5219 (8).jpg,1,ai_generated,cifake,train
data/raw/cifake/train/REAL/2414 (3).jpg,0,real,cifake,train
data/raw/cifake/train/FAKE/2987 (7).jpg,1,ai_generated,cifake,train
data/raw/cifake/train/FAKE/1763 (3).jpg,1,ai_generated,cifake,train
data/raw/cifake/train/REAL/1180 (8).jpg,0,real,cifake,train
data/raw/cifake/train/REAL/2996 (7).jpg,0,real,cifake,train
data/raw/cifake/train/REAL/1874 (2).jpg,0,real,cifake,train
data/raw/cifake/train/REAL/3639 (3).jpg,0,real,cifake,train
data/raw/cifake/train/REAL/4042.jpg,0,real,cifake,train
data/raw/cifake/train/REAL/4337 (5).jpg,0,real,cifake,train
data/raw/cifake/train/FAKE/1113 (2).jpg,1,ai_generated,cifake,train
data/raw/cifake/train/FAKE/1407 (3).jpg,1,ai_generated,cifake,train
data/raw/cifake/train/REAL/1687 (5).jpg,0,real,cifake,train
data/raw/cifake/train/FAKE/1418 (6).jpg,1,ai_generated,cifake,train
data/raw/cifake/train/REAL/1808 (9).jpg,0,real,cifake,train
data/raw/cifake/train/REAL/1062 (2).jpg,0,real,cifake,train
data/raw/cifake/train/FAKE/2371 (9).jpg,1,ai_generated,cifake,train
data/raw/cifake/train/FAKE/4631 (3).jpg,1,ai_generated,cifake,train
data/raw/cifake/train/REAL/4571 (9).jpg,0,real,cifake,train
data/raw/cifake/train/FAKE/2116 (5).jpg,1,ai_generated,cifake,train
data/raw/cifake/train/FAKE/1959 (9).jpg,1,ai_generated,cifake,train
data/raw/cifake/train/REAL/0567 (3).jpg,0,real,cifake,train
data/raw/cifake/train/REAL/2278 (6).jpg,0,real,cifake,train
data/raw/cifake/train/REAL/0024 (7).jpg,0,real,cifake,train
data/raw/cifake/train/REAL/0997 (3).jpg,0,real,cifake,train
data/raw/cifake/train/FAKE/3523 (8).jpg,1,ai_generated,cifake,train
data/raw/cifake/train/FAKE/1563 (7).jpg,1,ai_generated,cifake,train
data/raw/cifake/train/FAKE/4621 (2).jpg,1,ai_generated,cifake,train
data/raw/cifake/train/REAL/2346 (10).jpg,0,real,cifake,train
data/raw/cifake/train/FAKE/1502 (2).jpg,1,ai_generated,cifake,train
data/raw/cifake/train/REAL/4630 (2).jpg,0,real,cifake,train
data/raw/cifake/train/REAL/0479.jpg,0,real,cifake,train
data/raw/cifake/train/FAKE/1429 (2).jpg,1,ai_generated,cifake,train
data/raw/cifake/train/FAKE/5137 (10).jpg,1,ai_generated,cifake,train
data/raw/cifake/train/REAL/2653 (10).jpg,0,real,cifake,train
data/raw/cifake/train/FAKE/1371 (7).jpg,1,ai_generated,cifake,train
data/raw/cifake/train/REAL/2907 (9).jpg,0,real,cifake,train
data/raw/cifake/train/FAKE/4332 (3).jpg,1,ai_generated,cifake,train
data/raw/cifake/train/FAKE/2349 (6).jpg,1,ai_generated,cifake,train
data/raw/cifake/train/REAL/2330 (3).jpg,0,real,cifake,train
data/raw/cifake/train/FAKE/1002 (6).jpg,1,ai_generated,cifake,train
data/raw/cifake/train/FAKE/1619 (4).jpg,1,ai_generated,cifake,train
data/raw/cifake/train/FAKE/3495 (2).jpg,1,ai_generated,cifake,train
data/raw/cifake/train/FAKE/1553.jpg,1,ai_generated,cifake,train
data/raw/cifake/train/FAKE/1482.jpg,1,ai_generated,cifake,train
data/raw/cifake/train/FAKE/3639 (5).jpg,1,ai_generated,cifake,train
data/raw/cifake/train/REAL/2666 (9).jpg,0,real,cifake,train
data/raw/cifake/train/FAKE/2809 (10).jpg,1,ai_generated,cifake,train
data/raw/cifake/train/FAKE/2072 (5).jpg,1,ai_generated,cifake,train
data/raw/cifake/train/REAL/1933 (10).jpg,0,real,cifake,train
data/raw/cifake/train/REAL/2146 (4).jpg,0,real,cifake,train
data/raw/cifake/train/FAKE/5718 (2).jpg,1,ai_generated,cifake,train
data/raw/cifake/train/REAL/0144 (2).jpg,0,real,cifake,train
data/raw/cifake/train/FAKE/2830 (7).jpg,1,ai_generated,cifake,train
data/raw/cifake/train/REAL/2953 (8).jpg,0,real,cifake,train
data/raw/cifake/train/REAL/0838 (7).jpg,0,real,cifake,train
data/raw/cifake/train/REAL/0138 (8).jpg,0,real,cifake,train
data/raw/cifake/train/REAL/0600 (4).jpg,0,real,cifake,train
data/raw/cifake/train/FAKE/5103 (10).jpg,1,ai_generated,cifake,train
data/raw/cifake/train/REAL/0489 (7).jpg,0,real,cifake,train
data/raw/cifake/train/REAL/1212 (8).jpg,0,real,cifake,train
data/raw/cifake/train/FAKE/2407 (8).jpg,1,ai_generated,cifake,train
data/raw/cifake/train/FAKE/4741 (10).jpg,1,ai_generated,cifake,train
data/raw/cifake/train/REAL/0509 (4).jpg,0,real,cifake,train
data/raw/cifake/train/REAL/1435 (2).jpg,0,real,cifake,train
data/raw/cifake/train/REAL/4939 (10).jpg,0,real,cifake,train
data/raw/cifake/train/FAKE/1878 (6).jpg,1,ai_generated,cifake,train
data/raw/cifake/train/FAKE/2166 (2).jpg,1,ai_generated,cifake,train
data/raw/cifake/train/REAL/0085 (9).jpg,0,real,cifake,train
data/raw/cifake/train/REAL/0700 (8).jpg,0,real,cifake,train
data/raw/cifake/train/REAL/4322 (4).jpg,0,real,cifake,train
data/raw/cifake/train/FAKE/2547 (2).jpg,1,ai_generated,cifake,train
data/raw/cifake/train/FAKE/1422 (7).jpg,1,ai_generated,cifake,train
data/raw/cifake/train/FAKE/2937 (5).jpg,1,ai_generated,cifake,train
data/raw/cifake/train/FAKE/3264 (4).jpg,1,ai_generated,cifake,train
data/raw/cifake/train/FAKE/4184 (9).jpg,1,ai_generated,cifake,train
data/raw/cifake/train/REAL/2528 (4).jpg,0,real,cifake,train
data/raw/cifake/train/REAL/2075 (5).jpg,0,real,cifake,train
data/raw/cifake/train/FAKE/2595 (10).jpg,1,ai_generated,cifake,train
data/raw/cifake/train/REAL/4952 (10).jpg,0,real,cifake,train
data/raw/cifake/train/FAKE/3056 (2).jpg,1,ai_generated,cifake,train
data/raw/cifake/train/REAL/3541 (6).jpg,0,real,cifake,train
data/raw/cifake/train/REAL/1036 (4).jpg,0,real,cifake,train
data/raw/cifake/train/FAKE/5001 (4).jpg,1,ai_generated,cifake,train
data/raw/cifake/train/REAL/4380 (9).jpg,0,real,cifake,train
data/raw/cifake/train/REAL/0345 (7).jpg,0,real,cifake,train
data/raw/cifake/train/FAKE/4248 (7).jpg,1,ai_generated,cifake,train
data/raw/cifake/train/FAKE/1476 (7).jpg,1,ai_generated,cifake,train
data/raw/cifake/train/REAL/1065 (5).jpg,0,real,cifake,train
data/raw/cifake/train/REAL/2360 (4).jpg,0,real,cifake,train
data/raw/cifake/train/FAKE/4646 (4).jpg,1,ai_generated,cifake,train
data/raw/cifake/train/REAL/2893 (3).jpg,0,real,cifake,train
data/raw/cifake/train/FAKE/2507.jpg,1,ai_generated,cifake,train
data/raw/cifake/train/FAKE/4468 (3).jpg,1,ai_generated,cifake,train
data/raw/cifake/train/FAKE/2983 (7).jpg,1,ai_generated,cifake,train
data/raw/cifake/train/FAKE/4812 (4).jpg,1,ai_generated,cifake,train
data/raw/cifake/train/REAL/4054 (7).jpg,0,real,cifake,train
data/raw/cifake/train/FAKE/4587 (10).jpg,1,ai_generated,cifake,train
data/raw/cifake/train/REAL/3594 (8).jpg,0,real,cifake,train
data/raw/cifake/train/REAL/1680 (5).jpg,0,real,cifake,train
data/raw/cifake/train/FAKE/2161 (10).jpg,1,ai_generated,cifake,train
data/raw/cifake/train/FAKE/3194 (8).jpg,1,ai_generated,cifake,train
data/raw/cifake/train/FAKE/3161.jpg,1,ai_generated,cifake,train
data/raw/cifake/train/REAL/1836 (9).jpg,0,real,cifake,train
data/raw/cifake/train/FAKE/2736 (4).jpg,1,ai_generated,cifake,train
data/raw/cifake/train/FAKE/2170 (7).jpg,1,ai_generated,cifake,train
data/raw/cifake/train/REAL/1059 (2).jpg,0,real,cifake,train
data/raw/cifake/train/FAKE/1224 (3).jpg,1,ai_generated,cifake,train
data/raw/cifake/train/REAL/2817 (2).jpg,0,real,cifake,train
data/raw/cifake/train/FAKE/5359 (7).jpg,1,ai_generated,cifake,train
data/raw/cifake/train/FAKE/2901 (10).jpg,1,ai_generated,cifake,train
data/raw/cifake/train/REAL/0295 (8).jpg,0,real,cifake,train
data/raw/cifake/train/FAKE/5819 (5).jpg,1,ai_generated,cifake,train
data/raw/cifake/train/FAKE/5009 (7).jpg,1,ai_generated,cifake,train
data/raw/cifake/train/REAL/3149 (4).jpg,0,real,cifake,train
data/raw/cifake/train/FAKE/5501 (2).jpg,1,ai_generated,cifake,train
data/raw/cifake/train/FAKE/2710 (10).jpg,1,ai_generated,cifake,train
data/raw/cifake/train/FAKE/2785 (3).jpg,1,ai_generated,cifake,train
data/raw/cifake/train/FAKE/5977 (9).jpg,1,ai_generated,cifake,train
data/raw/cifake/train/REAL/2181.jpg,0,real,cifake,train
data/raw/cifake/train/REAL/4298 (10).jpg,0,real,cifake,train
data/raw/cifake/train/FAKE/1829 (10).jpg,1,ai_generated,cifake,train
data/raw/cifake/train/FAKE/5013 (4).jpg,1,ai_generated,cifake,train
data/raw/cifake/train/REAL/1226 (5).jpg,0,real,cifake,train
data/raw/cifake/train/FAKE/5947 (5).jpg,1,ai_generated,cifake,train
data/raw/cifake/train/REAL/0803 (6).jpg,0,real,cifake,train
data/raw/cifake/train/FAKE/4240 (4).jpg,1,ai_generated,cifake,train
data/raw/cifake/train/REAL/0869 (2).jpg,0,real,cifake,train
data/raw/cifake/train/REAL/1085 (2).jpg,0,real,cifake,train
data/raw/cifake/train/FAKE/5776 (8).jpg,1,ai_generated,cifake,train
data/raw/cifake/train/FAKE/3645.jpg,1,ai_generated,cifake,train
data/raw/cifake/train/FAKE/1766 (3).jpg,1,ai_generated,cifake,train
data/raw/cifake/train/REAL/3284.jpg,0,real,cifake,train
data/raw/cifake/train/REAL/2554 (2).jpg,0,real,cifake,train
data/raw/cifake/train/FAKE/2039.jpg,1,ai_generated,cifake,train
data/raw/cifake/train/REAL/1552 (7).jpg,0,real,cifake,train
data/raw/cifake/train/REAL/1905 (10).jpg,0,real,cifake,train
data/raw/cifake/train/FAKE/5949 (9).jpg,1,ai_generated,cifake,train
data/raw/cifake/train/REAL/4220.jpg,0,real,cifake,train
data/raw/cifake/train/REAL/1127 (5).jpg,0,real,cifake,train
data/raw/cifake/train/FAKE/2984 (5).jpg,1,ai_generated,cifake,train
data/raw/cifake/train/REAL/2105 (3).jpg,0,real,cifake,train
data/raw/cifake/train/FAKE/5317 (3).jpg,1,ai_generated,cifake,train
data/raw/cifake/train/REAL/1655 (9).jpg,0,real,cifake,train
data/raw/cifake/train/FAKE/3030 (7).jpg,1,ai_generated,cifake,train
data/raw/cifake/train/FAKE/3567 (8).jpg,1,ai_generated,cifake,train
data/raw/cifake/train/FAKE/4946 (4).jpg,1,ai_generated,cifake,train
data/raw/cifake/train/REAL/4851 (9).jpg,0,real,cifake,train
data/raw/cifake/train/REAL/0830 (7).jpg,0,real,cifake,train
data/raw/cifake/train/REAL/2434 (7).jpg,0,real,cifake,train
data/raw/cifake/train/REAL/1920 (3).jpg,0,real,cifake,train
data/raw/cifake/train/FAKE/5890 (6).jpg,1,ai_generated,cifake,train
data/raw/cifake/train/FAKE/3275 (3).jpg,1,ai_generated,cifake,train
data/raw/cifake/train/REAL/1501 (3).jpg,0,real,cifake,train
data/raw/cifake/train/REAL/2329 (4).jpg,0,real,cifake,train
data/raw/cifake/train/FAKE/4061 (7).jpg,1,ai_generated,cifake,train
data/raw/cifake/train/FAKE/1308 (2).jpg,1,ai_generated,cifake,train
data/raw/cifake/train/FAKE/5090 (4).jpg,1,ai_generated,cifake,train
data/raw/cifake/train/REAL/3044 (9).jpg,0,real,cifake,train
data/raw/cifake/train/FAKE/3156 (9).jpg,1,ai_generated,cifake,train
data/raw/cifake/train/REAL/2513 (4).jpg,0,real,cifake,train
data/raw/cifake/train/FAKE/1551 (8).jpg,1,ai_generated,cifake,train
data/raw/cifake/train/FAKE/5227 (5).jpg,1,ai_generated,cifake,train
data/raw/cifake/train/REAL/0251 (2).jpg,0,real,cifake,train
data/raw/cifake/train/FAKE/3239 (8).jpg,1,ai_generated,cifake,train
data/raw/cifake/train/REAL/0407 (7).jpg,0,real,cifake,train
data/raw/cifake/train/FAKE/2231 (9).jpg,1,ai_generated,cifake,train
data/raw/cifake/train/REAL/3037 (10).jpg,0,real,cifake,train
data/raw/cifake/train/FAKE/5247 (6).jpg,1,ai_generated,cifake,train
data/raw/cifake/train/FAKE/4042 (3).jpg,1,ai_generated,cifake,train
data/raw/cifake/train/FAKE/3170 (10).jpg,1,ai_generated,cifake,train
data/raw/cifake/train/REAL/0032 (8).jpg,0,real,cifake,train
data/raw/cifake/train/REAL/3819 (4).jpg,0,real,cifake,train
data/raw/cifake/train/FAKE/2967 (8).jpg,1,ai_generated,cifake,train
data/raw/cifake/train/REAL/1806 (8).jpg,0,real,cifake,train
data/raw/cifake/train/FAKE/4147 (7).jpg,1,ai_generated,cifake,train
data/raw/cifake/train/FAKE/5062 (10).jpg,1,ai_generated,cifake,train
data/raw/cifake/train/FAKE/2442 (10).jpg,1,ai_generated,cifake,train
data/raw/cifake/train/REAL/3980 (3).jpg,0,real,cifake,train
data/raw/cifake/train/REAL/2778 (3).jpg,0,real,cifake,train
data/raw/cifake/train/FAKE/3498 (8).jpg,1,ai_generated,cifake,train
data/raw/cifake/train/REAL/2309 (9).jpg,0,real,cifake,train
data/raw/cifake/train/FAKE/5551.jpg,1,ai_generated,cifake,train
data/raw/cifake/train/REAL/2988 (4).jpg,0,real,cifake,train
data/raw/cifake/train/REAL/4351 (3).jpg,0,real,cifake,train
data/raw/cifake/train/FAKE/4335 (6).jpg,1,ai_generated,cifake,train
data/raw/cifake/train/REAL/1888 (10).jpg,0,real,cifake,train
data/raw/cifake/train/FAKE/3441 (2).jpg,1,ai_generated,cifake,train
data/raw/cifake/train/REAL/3012 (9).jpg,0,real,cifake,train
data/raw/cifake/train/FAKE/5672 (3).jpg,1,ai_generated,cifake,train
data/raw/cifake/train/FAKE/1474 (2).jpg,1,ai_generated,cifake,train
data/raw/cifake/train/FAKE/2711 (10).jpg,1,ai_generated,cifake,train
data/raw/cifake/train/REAL/3035 (7).jpg,0,real,cifake,train
data/raw/cifake/train/REAL/1550 (4).jpg,0,real,cifake,train
data/raw/cifake/train/FAKE/4169 (7).jpg,1,ai_generated,cifake,train
data/raw/cifake/train/FAKE/5504 (4).jpg,1,ai_generated,cifake,train
data/raw/cifake/train/REAL/2912 (2).jpg,0,real,cifake,train
data/raw/cifake/train/REAL/3802 (7).jpg,0,real,cifake,train
data/raw/cifake/train/REAL/4014 (4).jpg,0,real,cifake,train
data/raw/cifake/train/FAKE/4770 (9).jpg,1,ai_generated,cifake,train
data/raw/cifake/train/FAKE/1752 (2).jpg,1,ai_generated,cifake,train
data/raw/cifake/train/FAKE/5936 (3).jpg,1,ai_generated,cifake,train
data/raw/cifake/train/REAL/3607 (2).jpg,0,real,cifake,train
data/raw/cifake/train/FAKE/2768 (8).jpg,1,ai_generated,cifake,train
data/raw/cifake/train/FAKE/4850 (3).jpg,1,ai_generated,cifake,train
data/raw/cifake/train/FAKE/3705 (8).jpg,1,ai_generated,cifake,train
data/raw/cifake/train/FAKE/4044.jpg,1,ai_generated,cifake,train
data/raw/cifake/train/FAKE/4760 (2).jpg,1,ai_generated,cifake,train
data/raw/cifake/train/FAKE/1651 (4).jpg,1,ai_generated,cifake,train
data/raw/cifake/train/FAKE/4365.jpg,1,ai_generated,cifake,train
data/raw/cifake/train/REAL/3605 (8).jpg,0,real,cifake,train
data/raw/cifake/train/REAL/1819 (7).jpg,0,real,cifake,train
data/raw/cifake/train/FAKE/2149 (6).jpg,1,ai_generated,cifake,train
data/raw/cifake/train/REAL/4981 (8).jpg,0,real,cifake,train
data/raw/cifake/train/FAKE/3836.jpg,1,ai_generated,cifake,train
data/raw/cifake/train/REAL/4734 (3).jpg,0,real,cifake,train
data/raw/cifake/train/FAKE/3660 (3).jpg,1,ai_generated,cifake,train
data/raw/cifake/train/REAL/0773 (9).jpg,0,real,cifake,train
data/raw/cifake/train/REAL/0792 (10).jpg,0,real,cifake,train
data/raw/cifake/train/FAKE/1980 (8).jpg,1,ai_generated,cifake,train
data/raw/cifake/train/REAL/1422 (5).jpg,0,real,cifake,train
data/raw/cifake/train/FAKE/5586 (7).jpg,1,ai_generated,cifake,train
data/raw/cifake/train/FAKE/2612 (10).jpg,1,ai_generated,cifake,train
data/raw/cifake/train/REAL/1003 (5).jpg,0,real,cifake,train
data/raw/cifake/train/REAL/2032.jpg,0,real,cifake,train
data/raw/cifake/train/REAL/0282 (7).jpg,0,real,cifake,train
data/raw/cifake/train/FAKE/4180 (4).jpg,1,ai_generated,cifake,train
data/raw/cifake/train/FAKE/5939 (7).jpg,1,ai_generated,cifake,train
data/raw/cifake/train/REAL/2176.jpg,0,real,cifake,train
data/raw/cifake/train/REAL/3294 (3).jpg,0,real,cifake,train
data/raw/cifake/train/FAKE/2700 (4).jpg,1,ai_generated,cifake,train
data/raw/cifake/train/FAKE/4383 (10).jpg,1,ai_generated,cifake,train
data/raw/cifake/train/FAKE/1009 (3).jpg,1,ai_generated,cifake,train
data/raw/cifake/train/REAL/2487 (6).jpg,0,real,cifake,train
data/raw/cifake/train/REAL/0235 (7).jpg,0,real,cifake,train
data/raw/cifake/train/FAKE/3693 (9).jpg,1,ai_generated,cifake,train
data/raw/cifake/train/REAL/1158 (10).jpg,0,real,cifake,train
data/raw/cifake/train/FAKE/3414 (6).jpg,1,ai_generated,cifake,train
data/raw/cifake/train/FAKE/5952 (3).jpg,1,ai_generated,cifake,train
data/raw/cifake/train/REAL/1060 (9).jpg,0,real,cifake,train
data/raw/cifake/train/FAKE/3569 (5).jpg,1,ai_generated,cifake,train
data/raw/cifake/train/REAL/3151 (6).jpg,0,real,cifake,train
data/raw/cifake/train/FAKE/2059 (8).jpg,1,ai_generated,cifake,train
data/raw/cifake/train/REAL/4937 (10).jpg,0,real,cifake,train
data/raw/cifake/train/FAKE/3269 (8).jpg,1,ai_generated,cifake,train
data/raw/cifake/train/REAL/0647 (10).jpg,0,real,cifake,train
data/raw/cifake/train/FAKE/1098 (5).jpg,1,ai_generated,cifake,train
data/raw/cifake/train/FAKE/5677 (6).jpg,1,ai_generated,cifake,train
data/raw/cifake/train/FAKE/5180 (2).jpg,1,ai_generated,cifake,train
data/raw/cifake/train/REAL/4642 (2).jpg,0,real,cifake,train
data/raw/cifake/train/REAL/3321 (10).jpg,0,real,cifake,train
data/raw/cifake/train/FAKE/3439.jpg,1,ai_generated,cifake,train
data/raw/cifake/train/FAKE/4222 (2).jpg,1,ai_generated,cifake,train
data/raw/cifake/train/REAL/3839 (4).jpg,0,real,cifake,train
data/raw/cifake/train/REAL/3066 (10).jpg,0,real,cifake,train
data/raw/cifake/train/REAL/4630 (8).jpg,0,real,cifake,train
data/raw/cifake/train/REAL/1527 (9).jpg,0,real,cifake,train
data/raw/cifake/train/REAL/1177 (5).jpg,0,real,cifake,train
data/raw/cifake/train/FAKE/1038.jpg,1,ai_generated,cifake,train
data/raw/cifake/train/FAKE/5896 (10).jpg,1,ai_generated,cifake,train
data/raw/cifake/train/REAL/4448 (7).jpg,0,real,cifake,train
data/raw/cifake/train/REAL/2808 (6).jpg,0,real,cifake,train
data/raw/cifake/train/FAKE/5498 (3).jpg,1,ai_generated,cifake,train
data/raw/cifake/train/REAL/2518 (6).jpg,0,real,cifake,train
data/raw/cifake/train/REAL/0350 (2).jpg,0,real,cifake,train
data/raw/cifake/train/FAKE/1398 (10).jpg,1,ai_generated,cifake,train
data/raw/cifake/train/REAL/2022 (2).jpg,0,real,cifake,train
data/raw/cifake/train/REAL/2316 (3).jpg,0,real,cifake,train
data/raw/cifake/train/REAL/2364 (9).jpg,0,real,cifake,train
data/raw/cifake/train/REAL/1354 (8).jpg,0,real,cifake,train
data/raw/cifake/train/REAL/3262 (3).jpg,0,real,cifake,train
data/raw/cifake/train/REAL/4823 (9).jpg,0,real,cifake,train
data/raw/cifake/train/REAL/1804 (9).jpg,0,real,cifake,train
data/raw/cifake/train/FAKE/4069 (10).jpg,1,ai_generated,cifake,train
data/raw/cifake/train/FAKE/5088 (7).jpg,1,ai_generated,cifake,train
data/raw/cifake/train/FAKE/5166 (3).jpg,1,ai_generated,cifake,train
data/raw/cifake/train/FAKE/3104 (9).jpg,1,ai_generated,cifake,train
data/raw/cifake/train/REAL/4738 (5).jpg,0,real,cifake,train
data/raw/cifake/train/REAL/0459 (4).jpg,0,real,cifake,train
data/raw/cifake/train/FAKE/4886 (10).jpg,1,ai_generated,cifake,train
data/raw/cifake/train/REAL/0208.jpg,0,real,cifake,train
data/raw/cifake/train/FAKE/4734 (5).jpg,1,ai_generated,cifake,train
data/raw/cifake/train/FAKE/2936 (6).jpg,1,ai_generated,cifake,train
data/raw/cifake/train/FAKE/1492 (9).jpg,1,ai_generated,cifake,train
data/raw/cifake/train/REAL/3331 (8).jpg,0,real,cifake,train
data/raw/cifake/train/REAL/0503.jpg,0,real,cifake,train
data/raw/cifake/train/FAKE/1669 (7).jpg,1,ai_generated,cifake,train
data/raw/cifake/train/FAKE/2269 (6).jpg,1,ai_generated,cifake,train
data/raw/cifake/train/FAKE/2876 (7).jpg,1,ai_generated,cifake,train
data/raw/cifake/train/FAKE/4712 (8).jpg,1,ai_generated,cifake,train
data/raw/cifake/train/FAKE/3598 (2).jpg,1,ai_generated,cifake,train
data/raw/cifake/train/REAL/1741 (10).jpg,0,real,cifake,train
data/raw/cifake/train/REAL/1655 (7).jpg,0,real,cifake,train
data/raw/cifake/train/REAL/1913 (8).jpg,0,real,cifake,train
data/raw/cifake/train/FAKE/2721 (6).jpg,1,ai_generated,cifake,train
data/raw/cifake/train/REAL/2389 (10).jpg,0,real,cifake,train
data/raw/cifake/train/REAL/3972.jpg,0,real,cifake,train
data/raw/cifake/train/REAL/1997 (9).jpg,0,real,cifake,train
data/raw/cifake/train/REAL/1320 (8).jpg,0,real,cifake,train
data/raw/cifake/train/FAKE/4602 (10).jpg,1,ai_generated,cifake,train
data/raw/cifake/train/FAKE/5128 (9).jpg,1,ai_generated,cifake,train
data/raw/cifake/train/REAL/3391 (8).jpg,0,real,cifake,train
data/raw/cifake/train/FAKE/4486 (2).jpg,1,ai_generated,cifake,train
data/raw/cifake/train/FAKE/2984 (8).jpg,1,ai_generated,cifake,train
data/raw/cifake/train/FAKE/2134 (4).jpg,1,ai_generated,cifake,train
data/raw/cifake/train/REAL/0690 (8).jpg,0,real,cifake,train
data/raw/cifake/train/FAKE/2212 (8).jpg,1,ai_generated,cifake,train
data/raw/cifake/train/REAL/0257 (4).jpg,0,real,cifake,train
data/raw/cifake/train/FAKE/2962 (10).jpg,1,ai_generated,cifake,train
data/raw/cifake/train/REAL/1847 (6).jpg,0,real,cifake,train
data/raw/cifake/train/FAKE/4372 (3).jpg,1,ai_generated,cifake,train
data/raw/cifake/train/FAKE/2453 (2).jpg,1,ai_generated,cifake,train
data/raw/cifake/train/FAKE/2945 (9).jpg,1,ai_generated,cifake,train
data/raw/cifake/train/REAL/2972 (2).jpg,0,real,cifake,train
data/raw/cifake/train/FAKE/1960.jpg,1,ai_generated,cifake,train
data/raw/cifake/train/REAL/1601 (6).jpg,0,real,cifake,train
data/raw/cifake/train/REAL/4175 (10).jpg,0,real,cifake,train
data/raw/cifake/train/FAKE/2365.jpg,1,ai_generated,cifake,train
data/raw/cifake/train/REAL/2332 (4).jpg,0,real,cifake,train
data/raw/cifake/train/REAL/2445 (10).jpg,0,real,cifake,train
data/raw/cifake/train/FAKE/1350 (10).jpg,1,ai_generated,cifake,train
data/raw/cifake/train/FAKE/5970 (4).jpg,1,ai_generated,cifake,train
data/raw/cifake/train/REAL/2819 (5).jpg,0,real,cifake,train
data/raw/cifake/train/REAL/4428.jpg,0,real,cifake,train
data/raw/cifake/train/REAL/4529 (9).jpg,0,real,cifake,train
data/raw/cifake/train/FAKE/2089 (5).jpg,1,ai_generated,cifake,train
data/raw/cifake/train/REAL/3541 (7).jpg,0,real,cifake,train
data/raw/cifake/train/FAKE/2379 (3).jpg,1,ai_generated,cifake,train
data/raw/cifake/train/REAL/0532.jpg,0,real,cifake,train
data/raw/cifake/train/REAL/2996 (4).jpg,0,real,cifake,train
data/raw/cifake/train/REAL/3041 (3).jpg,0,real,cifake,train
data/raw/cifake/train/FAKE/3925 (5).jpg,1,ai_generated,cifake,train
data/raw/cifake/train/FAKE/1949 (3).jpg,1,ai_generated,cifake,train
data/raw/cifake/train/REAL/2822 (9).jpg,0,real,cifake,train
data/raw/cifake/train/REAL/0737 (7).jpg,0,real,cifake,train
data/raw/cifake/train/REAL/4625 (10).jpg,0,real,cifake,train
data/raw/cifake/train/REAL/4353 (9).jpg,0,real,cifake,train
data/raw/cifake/train/FAKE/2688.jpg,1,ai_generated,cifake,train
data/raw/cifake/train/FAKE/5562 (6).jpg,1,ai_generated,cifake,train
data/raw/cifake/train/REAL/4302 (3).jpg,0,real,cifake,train
data/raw/cifake/train/REAL/2810 (3).jpg,0,real,cifake,train
data/raw/cifake/train/FAKE/4476 (10).jpg,1,ai_generated,cifake,train
data/raw/cifake/train/FAKE/1622 (3).jpg,1,ai_generated,cifake,train
data/raw/cifake/train/FAKE/2689 (8).jpg,1,ai_generated,cifake,train
data/raw/cifake/train/REAL/3404 (7).jpg,0,real,cifake,train
data/raw/cifake/train/REAL/4360 (3).jpg,0,real,cifake,train
data/raw/cifake/train/REAL/4535 (5).jpg,0,real,cifake,train
data/raw/cifake/train/REAL/4446 (3).jpg,0,real,cifake,train
data/raw/cifake/train/REAL/4367 (7).jpg,0,real,cifake,train
data/raw/cifake/train/FAKE/1309 (9).jpg,1,ai_generated,cifake,train
data/raw/cifake/train/REAL/1415 (2).jpg,0,real,cifake,train
data/raw/cifake/train/FAKE/1271 (2).jpg,1,ai_generated,cifake,train
data/raw/cifake/train/REAL/2613 (8).jpg,0,real,cifake,train
data/raw/cifake/train/FAKE/5973 (8).jpg,1,ai_generated,cifake,train
data/raw/cifake/train/REAL/3806.jpg,0,real,cifake,train
data/raw/cifake/train/FAKE/3882.jpg,1,ai_generated,cifake,train
data/raw/cifake/train/REAL/1353 (7).jpg,0,real,cifake,train
data/raw/cifake/train/FAKE/3514 (6).jpg,1,ai_generated,cifake,train
data/raw/cifake/train/REAL/4289 (2).jpg,0,real,cifake,train
data/raw/cifake/train/REAL/4880 (4).jpg,0,real,cifake,train
data/raw/cifake/train/FAKE/5218 (9).jpg,1,ai_generated,cifake,train
data/raw/cifake/train/REAL/1705.jpg,0,real,cifake,train
data/raw/cifake/train/FAKE/5678 (4).jpg,1,ai_generated,cifake,train
data/raw/cifake/train/FAKE/1674 (9).jpg,1,ai_generated,cifake,train
data/raw/cifake/train/FAKE/3444 (4).jpg,1,ai_generated,cifake,train
data/raw/cifake/train/REAL/4505 (9).jpg,0,real,cifake,train
data/raw/cifake/train/REAL/3046 (10).jpg,0,real,cifake,train
data/raw/cifake/train/FAKE/2279.jpg,1,ai_generated,cifake,train
data/raw/cifake/train/FAKE/1122 (7).jpg,1,ai_generated,cifake,train
data/raw/cifake/train/FAKE/1533 (4).jpg,1,ai_generated,cifake,train
data/raw/cifake/train/REAL/4221 (2).jpg,0,real,cifake,train
data/raw/cifake/train/REAL/0513 (7).jpg,0,real,cifake,train
data/raw/cifake/train/FAKE/4054 (9).jpg,1,ai_generated,cifake,train
data/raw/cifake/train/REAL/3338 (2).jpg,0,real,cifake,train
data/raw/cifake/train/FAKE/3405.jpg,1,ai_generated,cifake,train
data/raw/cifake/train/REAL/3072 (6).jpg,0,real,cifake,train
data/raw/cifake/train/FAKE/5714 (6).jpg,1,ai_generated,cifake,train
data/raw/cifake/train/REAL/0230 (5).jpg,0,real,cifake,train
data/raw/cifake/train/REAL/0607 (6).jpg,0,real,cifake,train
data/raw/cifake/train/FAKE/2391 (8).jpg,1,ai_generated,cifake,train
data/raw/cifake/train/REAL/1263 (5).jpg,0,real,cifake,train
data/raw/cifake/train/REAL/3860 (3).jpg,0,real,cifake,train
data/raw/cifake/train/REAL/1720 (3).jpg,0,real,cifake,train
data/raw/cifake/train/FAKE/2694 (3).jpg,1,ai_generated,cifake,train
data/raw/cifake/train/FAKE/3285 (2).jpg,1,ai_generated,cifake,train
data/raw/cifake/train/REAL/4172 (10).jpg,0,real,cifake,train
data/raw/cifake/train/FAKE/1765 (5).jpg,1,ai_generated,cifake,train
data/raw/cifake/train/REAL/0926.jpg,0,real,cifake,train
data/raw/cifake/train/FAKE/3177 (2).jpg,1,ai_generated,cifake,train
data/raw/cifake/train/FAKE/4049 (9).jpg,1,ai_generated,cifake,train
data/raw/cifake/train/REAL/0080.jpg,0,real,cifake,train
data/raw/cifake/train/FAKE/4659 (4).jpg,1,ai_generated,cifake,train
data/raw/cifake/train/REAL/0420 (2).jpg,0,real,cifake,train
data/raw/cifake/train/REAL/4295 (6).jpg,0,real,cifake,train
data/raw/cifake/train/REAL/0740 (9).jpg,0,real,cifake,train
data/raw/cifake/train/FAKE/4377.jpg,1,ai_generated,cifake,train
data/raw/cifake/train/FAKE/2585 (4).jpg,1,ai_generated,cifake,train
data/raw/cifake/train/FAKE/2416 (2).jpg,1,ai_generated,cifake,train
data/raw/cifake/train/REAL/1706.jpg,0,real,cifake,train
data/raw/cifake/train/REAL/4402 (8).jpg,0,real,cifake,train
data/raw/cifake/train/REAL/3376 (10).jpg,0,real,cifake,train
data/raw/cifake/train/REAL/2955 (2).jpg,0,real,cifake,train
data/raw/cifake/train/REAL/3894.jpg,0,real,cifake,train
data/raw/cifake/train/REAL/3229 (4).jpg,0,real,cifake,train
data/raw/cifake/train/REAL/0783 (4).jpg,0,real,cifake,train
data/raw/cifake/train/FAKE/1554 (3).jpg,1,ai_generated,cifake,train
data/raw/cifake/train/FAKE/3899 (10).jpg,1,ai_generated,cifake,train
data/raw/cifake/train/REAL/4555 (6).jpg,0,real,cifake,train
data/raw/cifake/train/REAL/3755 (2).jpg,0,real,cifake,train
data/raw/cifake/train/FAKE/3369 (4).jpg,1,ai_generated,cifake,train
data/raw/cifake/train/FAKE/3260 (8).jpg,1,ai_generated,cifake,train
data/raw/cifake/train/REAL/0973 (4).jpg,0,real,cifake,train
data/raw/cifake/train/FAKE/1250 (2).jpg,1,ai_generated,cifake,train
data/raw/cifake/train/FAKE/4349 (9).jpg,1,ai_generated,cifake,train
data/raw/cifake/train/FAKE/3684 (4).jpg,1,ai_generated,cifake,train
data/raw/cifake/train/REAL/1080 (4).jpg,0,real,cifake,train
data/raw/cifake/train/FAKE/2599 (5).jpg,1,ai_generated,cifake,train
data/raw/cifake/train/FAKE/3279 (4).jpg,1,ai_generated,cifake,train
data/raw/cifake/train/FAKE/4921 (10).jpg,1,ai_generated,cifake,train
data/raw/cifake/train/FAKE/1950 (9).jpg,1,ai_generated,cifake,train
data/raw/cifake/train/FAKE/4369 (4).jpg,1,ai_generated,cifake,train
data/raw/cifake/train/FAKE/1979 (8).jpg,1,ai_generated,cifake,train
data/raw/cifake/train/REAL/1474 (7).jpg,0,real,cifake,train
data/raw/cifake/train/REAL/0082 (2).jpg,0,real,cifake,train
data/raw/cifake/train/FAKE/2100 (4).jpg,1,ai_generated,cifake,train
data/raw/cifake/train/REAL/4361 (2).jpg,0,real,cifake,train
data/raw/cifake/train/FAKE/3403 (3).jpg,1,ai_generated,cifake,train
data/raw/cifake/train/REAL/4668 (9).jpg,0,real,cifake,train
data/raw/cifake/train/REAL/3053 (6).jpg,0,real,cifake,train
data/raw/cifake/train/FAKE/4043 (5).jpg,1,ai_generated,cifake,train
data/raw/cifake/train/FAKE/3480 (2).jpg,1,ai_generated,cifake,train
data/raw/cifake/train/REAL/1211 (9).jpg,0,real,cifake,train
data/raw/cifake/train/FAKE/3767 (7).jpg,1,ai_generated,cifake,train
data/raw/cifake/train/REAL/2342 (8).jpg,0,real,cifake,train
data/raw/cifake/train/FAKE/4638 (5).jpg,1,ai_generated,cifake,train
data/raw/cifake/train/FAKE/4835 (4).jpg,1,ai_generated,cifake,train
data/raw/cifake/train/REAL/0001 (10).jpg,0,real,cifake,train
data/raw/cifake/train/FAKE/2482 (7).jpg,1,ai_generated,cifake,train
data/raw/cifake/train/REAL/2158 (2).jpg,0,real,cifake,train
data/raw/cifake/train/REAL/1514 (7).jpg,0,real,cifake,train
data/raw/cifake/train/REAL/2595 (7).jpg,0,real,cifake,train
data/raw/cifake/train/REAL/4173 (5).jpg,0,real,cifake,train
data/raw/cifake/train/REAL/2302 (3).jpg,0,real,cifake,train
data/raw/cifake/train/REAL/3760 (10).jpg,0,real,cifake,train
data/raw/cifake/train/FAKE/5129 (3).jpg,1,ai_generated,cifake,train
data/raw/cifake/train/FAKE/1003 (3).jpg,1,ai_generated,cifake,train
data/raw/cifake/train/REAL/1555 (3).jpg,0,real,cifake,train
data/raw/cifake/train/REAL/4753 (9).jpg,0,real,cifake,train
data/raw/cifake/train/FAKE/5513 (6).jpg,1,ai_generated,cifake,train
data/raw/cifake/train/REAL/4907 (7).jpg,0,real,cifake,train
data/raw/cifake/train/FAKE/3291 (4).jpg,1,ai_generated,cifake,train
data/raw/cifake/train/REAL/2327 (2).jpg,0,real,cifake,train
data/raw/cifake/train/REAL/2402 (8).jpg,0,real,cifake,train
data/raw/cifake/train/REAL/0093 (8).jpg,0,real,cifake,train
data/raw/cifake/train/REAL/4511 (9).jpg,0,real,cifake,train
data/raw/cifake/train/FAKE/5534 (9).jpg,1,ai_generated,cifake,train
data/raw/cifake/train/REAL/2951 (8).jpg,0,real,cifake,train
data/raw/cifake/train/FAKE/2542 (5).jpg,1,ai_generated,cifake,train
data/raw/cifake/train/FAKE/4368 (2).jpg,1,ai_generated,cifake,train
data/raw/cifake/train/REAL/3715 (6).jpg,0,real,cifake,train
data/raw/cifake/train/FAKE/1569 (10).jpg,1,ai_generated,cifake,train
data/raw/cifake/train/FAKE/5973.jpg,1,ai_generated,cifake,train
data/raw/cifake/train/REAL/4671 (4).jpg,0,real,cifake,train
data/raw/cifake/train/FAKE/4606 (10).jpg,1,ai_generated,cifake,train
data/raw/cifake/train/REAL/1896 (9).jpg,0,real,cifake,train
data/raw/cifake/train/REAL/0983 (10).jpg,0,real,cifake,train
data/raw/cifake/train/FAKE/2104 (9).jpg,1,ai_generated,cifake,train
data/raw/cifake/train/FAKE/3122 (6).jpg,1,ai_generated,cifake,train
data/raw/cifake/train/FAKE/5815 (6).jpg,1,ai_generated,cifake,train
data/raw/cifake/train/REAL/2305 (8).jpg,0,real,cifake,train
data/raw/cifake/train/FAKE/5066 (5).jpg,1,ai_generated,cifake,train
data/raw/cifake/train/FAKE/1147 (10).jpg,1,ai_generated,cifake,train
data/raw/cifake/train/FAKE/4420 (10).jpg,1,ai_generated,cifake,train
data/raw/cifake/train/FAKE/3739 (2).jpg,1,ai_generated,cifake,train
data/raw/cifake/train/FAKE/5189 (8).jpg,1,ai_generated,cifake,train
data/raw/cifake/train/REAL/2559 (2).jpg,0,real,cifake,train
data/raw/cifake/train/REAL/1553 (6).jpg,0,real,cifake,train
data/raw/cifake/train/FAKE/1909 (4).jpg,1,ai_generated,cifake,train
data/raw/cifake/train/FAKE/2416 (10).jpg,1,ai_generated,cifake,train
data/raw/cifake/train/REAL/2797 (5).jpg,0,real,cifake,train
data/raw/cifake/train/FAKE/2475 (2).jpg,1,ai_generated,cifake,train
data/raw/cifake/train/REAL/3407 (9).jpg,0,real,cifake,train
data/raw/cifake/train/FAKE/2035 (8).jpg,1,ai_generated,cifake,train
data/raw/cifake/train/REAL/3782 (7).jpg,0,real,cifake,train
data/raw/cifake/train/REAL/2047 (2).jpg,0,real,cifake,train
data/raw/cifake/train/FAKE/4441 (7).jpg,1,ai_generated,cifake,train
data/raw/cifake/train/FAKE/4894.jpg,1,ai_generated,cifake,train
data/raw/cifake/train/FAKE/3422 (7).jpg,1,ai_generated,cifake,train
data/raw/cifake/train/REAL/3381 (3).jpg,0,real,cifake,train
data/raw/cifake/train/REAL/0389 (7).jpg,0,real,cifake,train
data/raw/cifake/train/FAKE/3213 (6).jpg,1,ai_generated,cifake,train
data/raw/cifake/train/FAKE/5259.jpg,1,ai_generated,cifake,train
data/raw/cifake/train/REAL/1187 (9).jpg,0,real,cifake,train
data/raw/cifake/train/FAKE/2373 (5).jpg,1,ai_generated,cifake,train
data/raw/cifake/train/REAL/3779 (9).jpg,0,real,cifake,train
data/raw/cifake/train/FAKE/4785 (9).jpg,1,ai_generated,cifake,train
data/raw/cifake/train/FAKE/4926 (2).jpg,1,ai_generated,cifake,train
data/raw/cifake/train/FAKE/1753 (4).jpg,1,ai_generated,cifake,train
data/raw/cifake/train/FAKE/5864 (4).jpg,1,ai_generated,cifake,train
data/raw/cifake/train/FAKE/5020 (10).jpg,1,ai_generated,cifake,train
data/raw/cifake/train/REAL/0118 (7).jpg,0,real,cifake,train
data/raw/cifake/train/REAL/3176 (9).jpg,0,real,cifake,train
data/raw/cifake/train/FAKE/4031 (2).jpg,1,ai_generated,cifake,train
data/raw/cifake/train/REAL/0420 (8).jpg,0,real,cifake,train
data/raw/cifake/train/FAKE/4241 (7).jpg,1,ai_generated,cifake,train
data/raw/cifake/train/FAKE/1571 (9).jpg,1,ai_generated,cifake,train
data/raw/cifake/train/REAL/1302.jpg,0,real,cifake,train
data/raw/cifake/train/REAL/2220 (3).jpg,0,real,cifake,train
data/raw/cifake/train/REAL/0913 (9).jpg,0,real,cifake,train
data/raw/cifake/train/REAL/3098 (9).jpg,0,real,cifake,train
data/raw/cifake/train/FAKE/2263 (7).jpg,1,ai_generated,cifake,train
data/raw/cifake/train/REAL/4889 (5).jpg,0,real,cifake,train
data/raw/cifake/train/REAL/3906 (2).jpg,0,real,cifake,train
data/raw/cifake/train/FAKE/3810 (6).jpg,1,ai_generated,cifake,train
data/raw/cifake/train/REAL/2950 (7).jpg,0,real,cifake,train
data/raw/cifake/train/FAKE/4062 (9).jpg,1,ai_generated,cifake,train
data/raw/cifake/train/FAKE/5865.jpg,1,ai_generated,cifake,train
data/raw/cifake/train/FAKE/4125 (2).jpg,1,ai_generated,cifake,train
data/raw/cifake/train/REAL/3803.jpg,0,real,cifake,train
data/raw/cifake/train/REAL/0079 (5).jpg,0,real,cifake,train
data/raw/cifake/train/REAL/2008 (9).jpg,0,real,cifake,train
data/raw/cifake/train/FAKE/3389 (6).jpg,1,ai_generated,cifake,train
data/raw/cifake/train/REAL/2469 (5).jpg,0,real,cifake,train
data/raw/cifake/train/FAKE/1084 (5).jpg,1,ai_generated,cifake,train
data/raw/cifake/train/FAKE/3971 (3).jpg,1,ai_generated,cifake,train
data/raw/cifake/train/REAL/0265 (5).jpg,0,real,cifake,train
data/raw/cifake/train/REAL/1390 (9).jpg,0,real,cifake,train
data/raw/cifake/train/FAKE/4576 (3).jpg,1,ai_generated,cifake,train
data/raw/cifake/train/REAL/2374 (9).jpg,0,real,cifake,train
data/raw/cifake/train/FAKE/2948 (9).jpg,1,ai_generated,cifake,train
data/raw/cifake/train/FAKE/4187 (2).jpg,1,ai_generated,cifake,train
data/raw/cifake/train/REAL/0641 (2).jpg,0,real,cifake,train
data/raw/cifake/train/REAL/0221 (8).jpg,0,real,cifake,train
data/raw/cifake/train/REAL/2592 (10).jpg,0,real,cifake,train
data/raw/cifake/train/FAKE/4362 (4).jpg,1,ai_generated,cifake,train
data/raw/cifake/train/FAKE/2052 (2).jpg,1,ai_generated,cifake,train
data/raw/cifake/train/REAL/3053 (9).jpg,0,real,cifake,train
data/raw/cifake/train/REAL/2610 (6).jpg,0,real,cifake,train
data/raw/cifake/train/FAKE/2619 (7).jpg,1,ai_generated,cifake,train
data/raw/cifake/train/REAL/1542 (4).jpg,0,real,cifake,train
data/raw/cifake/train/REAL/2878 (5).jpg,0,real,cifake,train
data/raw/cifake/train/FAKE/4974 (9).jpg,1,ai_generated,cifake,train
data/raw/cifake/train/FAKE/1019.jpg,1,ai_generated,cifake,train
data/raw/cifake/train/FAKE/4495.jpg,1,ai_generated,cifake,train
data/raw/cifake/train/REAL/0264 (10).jpg,0,real,cifake,train
data/raw/cifake/train/REAL/3733.jpg,0,real,cifake,train
data/raw/cifake/train/FAKE/3046 (6).jpg,1,ai_generated,cifake,train
data/raw/cifake/train/REAL/1916 (2).jpg,0,real,cifake,train
data/raw/cifake/train/REAL/4951.jpg,0,real,cifake,train
data/raw/cifake/train/FAKE/2289 (2).jpg,1,ai_generated,cifake,train
data/raw/cifake/train/REAL/2910 (4).jpg,0,real,cifake,train
data/raw/cifake/train/REAL/0285 (9).jpg,0,real,cifake,train
data/raw/cifake/train/FAKE/1956 (10).jpg,1,ai_generated,cifake,train
data/raw/cifake/train/REAL/0832 (2).jpg,0,real,cifake,train
data/raw/cifake/train/FAKE/3889 (6).jpg,1,ai_generated,cifake,train
data/raw/cifake/train/REAL/4150 (5).jpg,0,real,cifake,train
data/raw/cifake/train/FAKE/5777 (2).jpg,1,ai_generated,cifake,train
data/raw/cifake/train/FAKE/5411 (8).jpg,1,ai_generated,cifake,train
data/raw/cifake/train/FAKE/1015 (7).jpg,1,ai_generated,cifake,train
data/raw/cifake/train/FAKE/4435 (5).jpg,1,ai_generated,cifake,train
data/raw/cifake/train/FAKE/1020.jpg,1,ai_generated,cifake,train
data/raw/cifake/train/REAL/2894 (8).jpg,0,real,cifake,train
data/raw/cifake/train/FAKE/1728 (8).jpg,1,ai_generated,cifake,train
data/raw/cifake/train/REAL/4297 (9).jpg,0,real,cifake,train
data/raw/cifake/train/REAL/1076 (5).jpg,0,real,cifake,train
data/raw/cifake/train/REAL/2862 (3).jpg,0,real,cifake,train
data/raw/cifake/train/REAL/4283 (8).jpg,0,real,cifake,train
data/raw/cifake/train/FAKE/3084 (9).jpg,1,ai_generated,cifake,train
data/raw/cifake/train/REAL/2291 (8).jpg,0,real,cifake,train
data/raw/cifake/train/FAKE/3073 (8).jpg,1,ai_generated,cifake,train
data/raw/cifake/train/REAL/4121 (7).jpg,0,real,cifake,train
data/raw/cifake/train/REAL/0314 (2).jpg,0,real,cifake,train
data/raw/cifake/train/REAL/4200.jpg,0,real,cifake,train
data/raw/cifake/train/FAKE/5362 (5).jpg,1,ai_generated,cifake,train
data/raw/cifake/train/FAKE/2974 (4).jpg,1,ai_generated,cifake,train
data/raw/cifake/train/REAL/1418 (6).jpg,0,real,cifake,train
data/raw/cifake/train/REAL/3328 (7).jpg,0,real,cifake,train
data/raw/cifake/train/REAL/4828 (5).jpg,0,real,cifake,train
data/raw/cifake/train/REAL/0938.jpg,0,real,cifake,train
data/raw/cifake/train/REAL/0541.jpg,0,real,cifake,train
data/raw/cifake/train/REAL/0214 (6).jpg,0,real,cifake,train
data/raw/cifake/train/FAKE/2270 (3).jpg,1,ai_generated,cifake,train
data/raw/cifake/train/REAL/4550.jpg,0,real,cifake,train
data/raw/cifake/train/FAKE/2214 (5).jpg,1,ai_generated,cifake,train
data/raw/cifake/train/REAL/0378 (10).jpg,0,real,cifake,train
data/raw/cifake/train/FAKE/1912 (10).jpg,1,ai_generated,cifake,train
data/raw/cifake/train/FAKE/1876.jpg,1,ai_generated,cifake,train
data/raw/cifake/train/REAL/4771 (5).jpg,0,real,cifake,train
data/raw/cifake/train/REAL/3442 (10).jpg,0,real,cifake,train
data/raw/cifake/train/FAKE/5362 (10).jpg,1,ai_generated,cifake,train
data/raw/cifake/train/REAL/0053.jpg,0,real,cifake,train
data/raw/cifake/train/REAL/4459 (8).jpg,0,real,cifake,train
data/raw/cifake/train/FAKE/4515 (9).jpg,1,ai_generated,cifake,train
data/raw/cifake/train/FAKE/1517 (3).jpg,1,ai_generated,cifake,train
data/raw/cifake/train/REAL/3519.jpg,0,real,cifake,train
data/raw/cifake/train/REAL/4735 (3).jpg,0,real,cifake,train
data/raw/cifake/train/FAKE/5295 (10).jpg,1,ai_generated,cifake,train
data/raw/cifake/train/REAL/4691 (4).jpg,0,real,cifake,train
data/raw/cifake/train/FAKE/4159 (6).jpg,1,ai_generated,cifake,train
data/raw/cifake/train/REAL/4540.jpg,0,real,cifake,train
data/raw/cifake/train/REAL/1121 (10).jpg,0,real,cifake,train
data/raw/cifake/train/FAKE/5191 (4).jpg,1,ai_generated,cifake,train
data/raw/cifake/train/REAL/1044 (10).jpg,0,real,cifake,train
data/raw/cifake/train/REAL/2904 (5).jpg,0,real,cifake,train
data/raw/cifake/train/FAKE/3893 (9).jpg,1,ai_generated,cifake,train
data/raw/cifake/train/REAL/0677 (4).jpg,0,real,cifake,train
data/raw/cifake/train/REAL/4770 (9).jpg,0,real,cifake,train
data/raw/cifake/train/REAL/3519 (3).jpg,0,real,cifake,train
data/raw/cifake/train/FAKE/5614 (8).jpg,1,ai_generated,cifake,train
data/raw/cifake/train/FAKE/2566 (9).jpg,1,ai_generated,cifake,train
data/raw/cifake/train/FAKE/5937 (7).jpg,1,ai_generated,cifake,train
data/raw/cifake/train/FAKE/5136 (4).jpg,1,ai_generated,cifake,train
data/raw/cifake/train/REAL/3804 (9).jpg,0,real,cifake,train
data/raw/cifake/train/FAKE/2819 (5).jpg,1,ai_generated,cifake,train
data/raw/cifake/train/REAL/0353 (7).jpg,0,real,cifake,train
data/raw/cifake/train/FAKE/3237 (2).jpg,1,ai_generated,cifake,train
data/raw/cifake/train/FAKE/2183.jpg,1,ai_generated,cifake,train
data/raw/cifake/train/FAKE/5574 (2).jpg,1,ai_generated,cifake,train
data/raw/cifake/train/REAL/1297 (7).jpg,0,real,cifake,train
data/raw/cifake/train/FAKE/1295 (9).jpg,1,ai_generated,cifake,train
data/raw/cifake/train/REAL/4228.jpg,0,real,cifake,train
data/raw/cifake/train/REAL/0800 (7).jpg,0,real,cifake,train
data/raw/cifake/train/REAL/2222 (10).jpg,0,real,cifake,train
data/raw/cifake/train/REAL/3321.jpg,0,real,cifake,train
data/raw/cifake/train/FAKE/4781 (10).jpg,1,ai_generated,cifake,train
data/raw/cifake/train/REAL/1200 (10).jpg,0,real,cifake,train
data/raw/cifake/train/REAL/3420.jpg,0,real,cifake,train
data/raw/cifake/train/REAL/2375 (6).jpg,0,real,cifake,train
data/raw/cifake/train/REAL/3923 (7).jpg,0,real,cifake,train
data/raw/cifake/train/REAL/0922 (9).jpg,0,real,cifake,train
data/raw/cifake/train/REAL/3000 (6).jpg,0,real,cifake,train
data/raw/cifake/train/FAKE/5000 (5).jpg,1,ai_generated,cifake,train
data/raw/cifake/train/REAL/0960.jpg,0,real,cifake,train
data/raw/cifake/train/REAL/3117 (3).jpg,0,real,cifake,train
data/raw/cifake/train/REAL/2616 (3).jpg,0,real,cifake,train
data/raw/cifake/train/FAKE/1261 (3).jpg,1,ai_generated,cifake,train
data/raw/cifake/train/FAKE/5727.jpg,1,ai_generated,cifake,train
data/raw/cifake/train/FAKE/2345 (6).jpg,1,ai_generated,cifake,train
data/raw/cifake/train/REAL/4901 (10).jpg,0,real,cifake,train
data/raw/cifake/train/REAL/1837 (6).jpg,0,real,cifake,train
data/raw/cifake/train/REAL/3377 (4).jpg,0,real,cifake,train
data/raw/cifake/train/REAL/4388 (9).jpg,0,real,cifake,train
data/raw/cifake/train/FAKE/2948 (6).jpg,1,ai_generated,cifake,train
data/raw/cifake/train/REAL/1947 (8).jpg,0,real,cifake,train
data/raw/cifake/train/FAKE/2439 (5).jpg,1,ai_generated,cifake,train
data/raw/cifake/train/FAKE/4027 (2).jpg,1,ai_generated,cifake,train
data/raw/cifake/train/FAKE/4681 (8).jpg,1,ai_generated,cifake,train
data/raw/cifake/train/FAKE/1896 (8).jpg,1,ai_generated,cifake,train
data/raw/cifake/train/FAKE/2229 (3).jpg,1,ai_generated,cifake,train
data/raw/cifake/train/FAKE/2141 (2).jpg,1,ai_generated,cifake,train
data/raw/cifake/train/REAL/1210 (10).jpg,0,real,cifake,train
data/raw/cifake/train/REAL/2262 (4).jpg,0,real,cifake,train
data/raw/cifake/train/FAKE/5587.jpg,1,ai_generated,cifake,train
data/raw/cifake/train/REAL/2618 (9).jpg,0,real,cifake,train
data/raw/cifake/train/REAL/1913.jpg,0,real,cifake,train
data/raw/cifake/train/REAL/1483 (6).jpg,0,real,cifake,train
data/raw/cifake/train/FAKE/3630 (4).jpg,1,ai_generated,cifake,train
data/raw/cifake/train/FAKE/2243 (8).jpg,1,ai_generated,cifake,train
data/raw/cifake/train/FAKE/1788 (7).jpg,1,ai_generated,cifake,train
data/raw/cifake/train/REAL/1826 (2).jpg,0,real,cifake,train
data/raw/cifake/train/FAKE/4786 (9).jpg,1,ai_generated,cifake,train
data/raw/cifake/train/FAKE/3331 (9).jpg,1,ai_generated,cifake,train
data/raw/cifake/train/FAKE/2449 (10).jpg,1,ai_generated,cifake,train
data/raw/cifake/train/FAKE/2803 (7).jpg,1,ai_generated,cifake,train
data/raw/cifake/train/FAKE/1474 (9).jpg,1,ai_generated,cifake,train
data/raw/cifake/train/FAKE/1606 (5).jpg,1,ai_generated,cifake,train
data/raw/cifake/train/FAKE/1515 (4).jpg,1,ai_generated,cifake,train
data/raw/cifake/train/FAKE/3686 (10).jpg,1,ai_generated,cifake,train
data/raw/cifake/train/REAL/4111 (8).jpg,0,real,cifake,train
data/raw/cifake/train/FAKE/4727 (3).jpg,1,ai_generated,cifake,train
data/raw/cifake/train/REAL/3354 (6).jpg,0,real,cifake,train
data/raw/cifake/train/FAKE/3959 (3).jpg,1,ai_generated,cifake,train
data/raw/cifake/train/REAL/4748 (3).jpg,0,real,cifake,train
data/raw/cifake/train/FAKE/2286 (3).jpg,1,ai_generated,cifake,train
data/raw/cifake/train/REAL/3629 (10).jpg,0,real,cifake,train
data/raw/cifake/train/FAKE/1224.jpg,1,ai_generated,cifake,train
data/raw/cifake/train/REAL/3349 (3).jpg,0,real,cifake,train
data/raw/cifake/train/REAL/2296 (3).jpg,0,real,cifake,train
data/raw/cifake/train/REAL/1222 (3).jpg,0,real,cifake,train
data/raw/cifake/train/FAKE/5953 (5).jpg,1,ai_generated,cifake,train
data/raw/cifake/train/REAL/1481 (9).jpg,0,real,cifake,train
data/raw/cifake/train/REAL/4734 (5).jpg,0,real,cifake,train
data/raw/cifake/train/REAL/2895 (5).jpg,0,real,cifake,train
data/raw/cifake/train/FAKE/3702 (3).jpg,1,ai_generated,cifake,train
data/raw/cifake/train/FAKE/4109 (7).jpg,1,ai_generated,cifake,train
data/raw/cifake/train/REAL/3656 (4).jpg,0,real,cifake,train
data/raw/cifake/train/FAKE/1369 (4).jpg,1,ai_generated,cifake,train
data/raw/cifake/train/FAKE/3676 (7).jpg,1,ai_generated,cifake,train
data/raw/cifake/train/FAKE/5829 (3).jpg,1,ai_generated,cifake,train
data/raw/cifake/train/REAL/4764.jpg,0,real,cifake,train
data/raw/cifake/train/FAKE/4669 (2).jpg,1,ai_generated,cifake,train
data/raw/cifake/train/REAL/1058 (6).jpg,0,real,cifake,train
data/raw/cifake/train/FAKE/4257 (6).jpg,1,ai_generated,cifake,train
data/raw/cifake/train/FAKE/3987 (8).jpg,1,ai_generated,cifake,train
data/raw/cifake/train/REAL/0921 (10).jpg,0,real,cifake,train
data/raw/cifake/train/REAL/4262 (7).jpg,0,real,cifake,train
data/raw/cifake/train/FAKE/1304 (8).jpg,1,ai_generated,cifake,train
data/raw/cifake/train/FAKE/2443.jpg,1,ai_generated,cifake,train
data/raw/cifake/train/REAL/2910.jpg,0,real,cifake,train
data/raw/cifake/train/FAKE/2301 (4).jpg,1,ai_generated,cifake,train
data/raw/cifake/train/REAL/1885 (6).jpg,0,real,cifake,train
data/raw/cifake/train/FAKE/1272 (5).jpg,1,ai_generated,cifake,train
data/raw/cifake/train/FAKE/1097 (3).jpg,1,ai_generated,cifake,train
data/raw/cifake/train/FAKE/2477 (4).jpg,1,ai_generated,cifake,train
data/raw/cifake/train/FAKE/2503 (6).jpg,1,ai_generated,cifake,train
data/raw/cifake/train/REAL/1791 (7).jpg,0,real,cifake,train
data/raw/cifake/train/FAKE/5502 (8).jpg,1,ai_generated,cifake,train
data/raw/cifake/train/FAKE/4343 (5).jpg,1,ai_generated,cifake,train
data/raw/cifake/train/REAL/2117 (6).jpg,0,real,cifake,train
data/raw/cifake/train/REAL/4776.jpg,0,real,cifake,train
data/raw/cifake/train/REAL/0630 (3).jpg,0,real,cifake,train
data/raw/cifake/train/FAKE/1048 (2).jpg,1,ai_generated,cifake,train
data/raw/cifake/train/FAKE/2748 (9).jpg,1,ai_generated,cifake,train
data/raw/cifake/train/FAKE/3196 (4).jpg,1,ai_generated,cifake,train
data/raw/cifake/train/FAKE/2171.jpg,1,ai_generated,cifake,train
data/raw/cifake/train/REAL/3938 (3).jpg,0,real,cifake,train
data/raw/cifake/train/FAKE/2942 (6).jpg,1,ai_generated,cifake,train
data/raw/cifake/train/REAL/0616 (9).jpg,0,real,cifake,train
data/raw/cifake/train/FAKE/5124 (4).jpg,1,ai_generated,cifake,train
data/raw/cifake/train/FAKE/1738 (10).jpg,1,ai_generated,cifake,train
data/raw/cifake/train/FAKE/5093 (10).jpg,1,ai_generated,cifake,train
data/raw/cifake/train/REAL/4058 (2).jpg,0,real,cifake,train
data/raw/cifake/train/FAKE/3190 (8).jpg,1,ai_generated,cifake,train
data/raw/cifake/train/FAKE/2833.jpg,1,ai_generated,cifake,train
data/raw/cifake/train/FAKE/1819 (4).jpg,1,ai_generated,cifake,train
data/raw/cifake/train/REAL/3357 (10).jpg,0,real,cifake,train
data/raw/cifake/train/REAL/3491.jpg,0,real,cifake,train
data/raw/cifake/train/FAKE/3843.jpg,1,ai_generated,cifake,train
data/raw/cifake/train/FAKE/2026 (7).jpg,1,ai_generated,cifake,train
data/raw/cifake/train/FAKE/1469 (9).jpg,1,ai_generated,cifake,train
data/raw/cifake/train/REAL/3495 (3).jpg,0,real,cifake,train
data/raw/cifake/train/REAL/2239 (3).jpg,0,real,cifake,train
data/raw/cifake/train/REAL/4811 (6).jpg,0,real,cifake,train
data/raw/cifake/train/FAKE/5733 (5).jpg,1,ai_generated,cifake,train
data/raw/cifake/train/REAL/1953 (9).jpg,0,real,cifake,train
data/raw/cifake/train/REAL/0819 (3).jpg,0,real,cifake,train
data/raw/cifake/train/FAKE/5008 (2).jpg,1,ai_generated,cifake,train
data/raw/cifake/train/FAKE/2105 (5).jpg,1,ai_generated,cifake,train
data/raw/cifake/train/FAKE/3794 (6).jpg,1,ai_generated,cifake,train
data/raw/cifake/train/REAL/3256.jpg,0,real,cifake,train
data/raw/cifake/train/REAL/3189 (9).jpg,0,real,cifake,train
data/raw/cifake/train/REAL/1612 (10).jpg,0,real,cifake,train
data/raw/cifake/train/REAL/0572 (8).jpg,0,real,cifake,train
data/raw/cifake/train/FAKE/2619 (8).jpg,1,ai_generated,cifake,train
data/raw/cifake/train/REAL/4912 (5).jpg,0,real,cifake,train
data/raw/cifake/train/FAKE/1364 (7).jpg,1,ai_generated,cifake,train
data/raw/cifake/train/REAL/4731 (4).jpg,0,real,cifake,train
data/raw/cifake/train/REAL/2346 (7).jpg,0,real,cifake,train
data/raw/cifake/train/REAL/2578 (7).jpg,0,real,cifake,train
data/raw/cifake/train/FAKE/5252 (5).jpg,1,ai_generated,cifake,train
data/raw/cifake/train/REAL/4283 (2).jpg,0,real,cifake,train
data/raw/cifake/train/REAL/0330 (9).jpg,0,real,cifake,train
data/raw/cifake/train/FAKE/3758 (7).jpg,1,ai_generated,cifake,train
data/raw/cifake/train/REAL/4804 (7).jpg,0,real,cifake,train
data/raw/cifake/train/FAKE/5030 (8).jpg,1,ai_generated,cifake,train
data/raw/cifake/train/REAL/4016 (6).jpg,0,real,cifake,train
data/raw/cifake/train/REAL/3096 (10).jpg,0,real,cifake,train
data/raw/cifake/train/REAL/0391 (6).jpg,0,real,cifake,train
data/raw/cifake/train/FAKE/5929 (7).jpg,1,ai_generated,cifake,train
data/raw/cifake/train/REAL/3453 (6).jpg,0,real,cifake,train
data/raw/cifake/train/REAL/2057 (4).jpg,0,real,cifake,train
data/raw/cifake/train/FAKE/1701 (6).jpg,1,ai_generated,cifake,train
data/raw/cifake/train/REAL/1358 (4).jpg,0,real,cifake,train
data/raw/cifake/train/FAKE/1338 (6).jpg,1,ai_generated,cifake,train
data/raw/cifake/train/FAKE/2169.jpg,1,ai_generated,cifake,train
data/raw/cifake/train/FAKE/3116 (5).jpg,1,ai_generated,cifake,train
data/raw/cifake/train/FAKE/5053 (8).jpg,1,ai_generated,cifake,train
data/raw/cifake/train/REAL/4699 (3).jpg,0,real,cifake,train
data/raw/cifake/train/FAKE/4718 (2).jpg,1,ai_generated,cifake,train
data/raw/cifake/train/REAL/1558 (10).jpg,0,real,cifake,train
data/raw/cifake/train/FAKE/4092 (2).jpg,1,ai_generated,cifake,train
data/raw/cifake/train/FAKE/2626.jpg,1,ai_generated,cifake,train
data/raw/cifake/train/FAKE/1044 (8).jpg,1,ai_generated,cifake,train
data/raw/cifake/train/REAL/0558.jpg,0,real,cifake,train
data/raw/cifake/train/FAKE/2263 (9).jpg,1,ai_generated,cifake,train
data/raw/cifake/train/REAL/0606 (5).jpg,0,real,cifake,train
data/raw/cifake/train/REAL/3845 (8).jpg,0,real,cifake,train
data/raw/cifake/train/FAKE/1756 (3).jpg,1,ai_generated,cifake,train
data/raw/cifake/train/FAKE/4501 (3).jpg,1,ai_generated,cifake,train
data/raw/cifake/train/REAL/3416.jpg,0,real,cifake,train
data/raw/cifake/train/FAKE/1464 (9).jpg,1,ai_generated,cifake,train
data/raw/cifake/train/REAL/4441 (7).jpg,0,real,cifake,train
data/raw/cifake/train/FAKE/3991 (4).jpg,1,ai_generated,cifake,train
data/raw/cifake/train/REAL/1942 (9).jpg,0,real,cifake,train
data/raw/cifake/train/FAKE/4271 (7).jpg,1,ai_generated,cifake,train
data/raw/cifake/train/FAKE/1553 (9).jpg,1,ai_generated,cifake,train
data/raw/cifake/train/REAL/1619 (10).jpg,0,real,cifake,train
data/raw/cifake/train/FAKE/4699 (4).jpg,1,ai_generated,cifake,train
data/raw/cifake/train/REAL/3619.jpg,0,real,cifake,train
data/raw/cifake/train/FAKE/2652 (8).jpg,1,ai_generated,cifake,train
data/raw/cifake/train/REAL/0578 (2).jpg,0,real,cifake,train
data/raw/cifake/train/FAKE/2293 (8).jpg,1,ai_generated,cifake,train
data/raw/cifake/train/REAL/1111 (9).jpg,0,real,cifake,train
data/raw/cifake/train/FAKE/4543 (2).jpg,1,ai_generated,cifake,train
data/raw/cifake/train/FAKE/3881 (8).jpg,1,ai_generated,cifake,train
data/raw/cifake/train/REAL/0979.jpg,0,real,cifake,train
data/raw/cifake/train/REAL/2536 (6).jpg,0,real,cifake,train
data/raw/cifake/train/REAL/4169 (6).jpg,0,real,cifake,train
data/raw/cifake/train/FAKE/2308 (9).jpg,1,ai_generated,cifake,train
data/raw/cifake/train/REAL/2372 (6).jpg,0,real,cifake,train
data/raw/cifake/train/REAL/2978 (10).jpg,0,real,cifake,train
data/raw/cifake/train/FAKE/1060 (7).jpg,1,ai_generated,cifake,train
data/raw/cifake/train/REAL/2232 (3).jpg,0,real,cifake,train
data/raw/cifake/train/REAL/4816 (2).jpg,0,real,cifake,train
data/raw/cifake/train/REAL/2623 (9).jpg,0,real,cifake,train
data/raw/cifake/train/FAKE/5432.jpg,1,ai_generated,cifake,train
data/raw/cifake/train/FAKE/4459 (6).jpg,1,ai_generated,cifake,train
data/raw/cifake/train/REAL/1806 (7).jpg,0,real,cifake,train
data/raw/cifake/train/FAKE/4884 (9).jpg,1,ai_generated,cifake,train
data/raw/cifake/train/REAL/4808 (5).jpg,0,real,cifake,train
data/raw/cifake/train/FAKE/1733 (4).jpg,1,ai_generated,cifake,train
data/raw/cifake/train/FAKE/1098.jpg,1,ai_generated,cifake,train
data/raw/cifake/train/REAL/2247 (8).jpg,0,real,cifake,train
data/raw/cifake/train/FAKE/3180 (6).jpg,1,ai_generated,cifake,train
data/raw/cifake/train/FAKE/4737 (10).jpg,1,ai_generated,cifake,train
data/raw/cifake/train/FAKE/2589 (10).jpg,1,ai_generated,cifake,train
data/raw/cifake/train/REAL/4088 (10).jpg,0,real,cifake,train
data/raw/cifake/train/REAL/4925 (9).jpg,0,real,cifake,train
data/raw/cifake/train/REAL/4777.jpg,0,real,cifake,train
data/raw/cifake/train/FAKE/5958 (7).jpg,1,ai_generated,cifake,train
data/raw/cifake/train/FAKE/1719 (3).jpg,1,ai_generated,cifake,train
data/raw/cifake/train/REAL/2739 (6).jpg,0,real,cifake,train
data/raw/cifake/train/REAL/3803 (5).jpg,0,real,cifake,train
data/raw/cifake/train/REAL/3099 (6).jpg,0,real,cifake,train
data/raw/cifake/train/FAKE/3244 (8).jpg,1,ai_generated,cifake,train
data/raw/cifake/train/REAL/1271 (4).jpg,0,real,cifake,train
data/raw/cifake/train/REAL/4366 (5).jpg,0,real,cifake,train
data/raw/cifake/train/FAKE/1426 (4).jpg,1,ai_generated,cifake,train
data/raw/cifake/train/FAKE/3186 (3).jpg,1,ai_generated,cifake,train
data/raw/cifake/train/FAKE/5704 (8).jpg,1,ai_generated,cifake,train
data/raw/cifake/train/REAL/4430 (10).jpg,0,real,cifake,train
data/raw/cifake/train/REAL/1292 (10).jpg,0,real,cifake,train
data/raw/cifake/train/FAKE/5007 (4).jpg,1,ai_generated,cifake,train
data/raw/cifake/train/FAKE/2920 (8).jpg,1,ai_generated,cifake,train
data/raw/cifake/train/REAL/0394 (7).jpg,0,real,cifake,train
data/raw/cifake/train/FAKE/3465 (7).jpg,1,ai_generated,cifake,train
data/raw/cifake/train/REAL/3697.jpg,0,real,cifake,train
data/raw/cifake/train/REAL/3757 (4).jpg,0,real,cifake,train
data/raw/cifake/train/REAL/1644 (9).jpg,0,real,cifake,train
data/raw/cifake/train/REAL/4654.jpg,0,real,cifake,train
data/raw/cifake/train/FAKE/3962 (6).jpg,1,ai_generated,cifake,train
data/raw/cifake/train/REAL/1619 (5).jpg,0,real,cifake,train
data/raw/cifake/train/FAKE/3761 (3).jpg,1,ai_generated,cifake,train
data/raw/cifake/train/FAKE/1134 (7).jpg,1,ai_generated,cifake,train
data/raw/cifake/train/REAL/3731 (10).jpg,0,real,cifake,train
data/raw/cifake/train/FAKE/1143 (3).jpg,1,ai_generated,cifake,train
data/raw/cifake/train/FAKE/1030 (8).jpg,1,ai_generated,cifake,train
data/raw/cifake/train/FAKE/3597 (9).jpg,1,ai_generated,cifake,train
data/raw/cifake/train/REAL/4201 (5).jpg,0,real,cifake,train
data/raw/cifake/train/REAL/1715 (9).jpg,0,real,cifake,train
data/raw/cifake/train/REAL/4490 (9).jpg,0,real,cifake,train
data/raw/cifake/train/FAKE/5858 (6).jpg,1,ai_generated,cifake,train
data/raw/cifake/train/FAKE/1300 (3).jpg,1,ai_generated,cifake,train
data/raw/cifake/train/FAKE/3134 (6).jpg,1,ai_generated,cifake,train
data/raw/cifake/train/FAKE/1688 (6).jpg,1,ai_generated,cifake,train
data/raw/cifake/train/FAKE/1007.jpg,1,ai_generated,cifake,train
data/raw/cifake/train/REAL/4793 (7).jpg,0,real,cifake,train
data/raw/cifake/train/FAKE/1521 (6).jpg,1,ai_generated,cifake,train
data/raw/cifake/train/FAKE/2450 (10).jpg,1,ai_generated,cifake,train
data/raw/cifake/train/REAL/4685 (6).jpg,0,real,cifake,train
data/raw/cifake/train/REAL/1495 (3).jpg,0,real,cifake,train
data/raw/cifake/train/REAL/3965 (8).jpg,0,real,cifake,train
data/raw/cifake/train/FAKE/1380 (6).jpg,1,ai_generated,cifake,train
data/raw/cifake/train/FAKE/3789 (7).jpg,1,ai_generated,cifake,train
data/raw/cifake/train/REAL/3612 (7).jpg,0,real,cifake,train
data/raw/cifake/train/REAL/0870 (8).jpg,0,real,cifake,train
data/raw/cifake/train/FAKE/2125 (3).jpg,1,ai_generated,cifake,train
data/raw/cifake/train/FAKE/3321 (6).jpg,1,ai_generated,cifake,train
data/raw/cifake/train/REAL/0012 (10).jpg,0,real,cifake,train
data/raw/cifake/train/FAKE/5751 (8).jpg,1,ai_generated,cifake,train
data/raw/cifake/train/FAKE/1166 (10).jpg,1,ai_generated,cifake,train
data/raw/cifake/train/FAKE/2534 (9).jpg,1,ai_generated,cifake,train
data/raw/cifake/train/REAL/2230.jpg,0,real,cifake,train
data/raw/cifake/train/FAKE/1538 (9).jpg,1,ai_generated,cifake,train
data/raw/cifake/train/FAKE/2315 (3).jpg,1,ai_generated,cifake,train
data/raw/cifake/train/FAKE/5331 (8).jpg,1,ai_generated,cifake,train
data/raw/cifake/train/REAL/0173 (7).jpg,0,real,cifake,train
data/raw/cifake/train/REAL/3525 (2).jpg,0,real,cifake,train
data/raw/cifake/train/REAL/4305 (5).jpg,0,real,cifake,train
data/raw/cifake/train/REAL/1337.jpg,0,real,cifake,train
data/raw/cifake/train/REAL/2710 (10).jpg,0,real,cifake,train
data/raw/cifake/train/FAKE/2677 (2).jpg,1,ai_generated,cifake,train
data/raw/cifake/train/REAL/1531 (7).jpg,0,real,cifake,train
data/raw/cifake/train/FAKE/4592 (6).jpg,1,ai_generated,cifake,train
data/raw/cifake/train/REAL/1912 (2).jpg,0,real,cifake,train
data/raw/cifake/train/REAL/3370 (4).jpg,0,real,cifake,train
data/raw/cifake/train/REAL/1673 (9).jpg,0,real,cifake,train
data/raw/cifake/train/FAKE/1181 (6).jpg,1,ai_generated,cifake,train
data/raw/cifake/train/REAL/0883 (10).jpg,0,real,cifake,train
data/raw/cifake/train/FAKE/2425 (10).jpg,1,ai_generated,cifake,train
data/raw/cifake/train/REAL/3219 (9).jpg,0,real,cifake,train
data/raw/cifake/train/FAKE/5160.jpg,1,ai_generated,cifake,train
data/raw/cifake/train/REAL/4803.jpg,0,real,cifake,train
data/raw/cifake/train/REAL/0402 (8).jpg,0,real,cifake,train
data/raw/cifake/train/REAL/4478 (4).jpg,0,real,cifake,train
data/raw/cifake/train/FAKE/3953 (10).jpg,1,ai_generated,cifake,train
data/raw/cifake/train/REAL/0469.jpg,0,real,cifake,train
data/raw/cifake/train/REAL/4969.jpg,0,real,cifake,train
data/raw/cifake/train/FAKE/1679 (6).jpg,1,ai_generated,cifake,train
data/raw/cifake/train/REAL/4026.jpg,0,real,cifake,train
data/raw/cifake/train/FAKE/5309 (2).jpg,1,ai_generated,cifake,train
data/raw/cifake/train/FAKE/4539 (6).jpg,1,ai_generated,cifake,train
data/raw/cifake/train/REAL/3630 (4).jpg,0,real,cifake,train
data/raw/cifake/train/FAKE/2871 (6).jpg,1,ai_generated,cifake,train
data/raw/cifake/train/FAKE/4624 (9).jpg,1,ai_generated,cifake,train
data/raw/cifake/train/REAL/4477 (4).jpg,0,real,cifake,train
data/raw/cifake/train/REAL/0024 (2).jpg,0,real,cifake,train
data/raw/cifake/train/FAKE/4433 (10).jpg,1,ai_generated,cifake,train
data/raw/cifake/train/FAKE/3652 (3).jpg,1,ai_generated,cifake,train
data/raw/cifake/train/REAL/4816 (4).jpg,0,real,cifake,train
data/raw/cifake/train/REAL/3337 (10).jpg,0,real,cifake,train
data/raw/cifake/train/REAL/2009 (2).jpg,0,real,cifake,train
data/raw/cifake/train/REAL/3575 (4).jpg,0,real,cifake,train
data/raw/cifake/train/REAL/2066.jpg,0,real,cifake,train
data/raw/cifake/train/REAL/2916 (2).jpg,0,real,cifake,train
data/raw/cifake/train/REAL/0997 (7).jpg,0,real,cifake,train
data/raw/cifake/train/FAKE/2970 (7).jpg,1,ai_generated,cifake,train
data/raw/cifake/train/FAKE/2231 (5).jpg,1,ai_generated,cifake,train
data/raw/cifake/train/FAKE/4758 (8).jpg,1,ai_generated,cifake,train
data/raw/cifake/train/FAKE/4555.jpg,1,ai_generated,cifake,train
data/raw/cifake/train/REAL/3425 (2).jpg,0,real,cifake,train
data/raw/cifake/train/FAKE/1253 (6).jpg,1,ai_generated,cifake,train
data/raw/cifake/train/FAKE/4742 (6).jpg,1,ai_generated,cifake,train
data/raw/cifake/train/REAL/1182 (6).jpg,0,real,cifake,train
data/raw/cifake/train/REAL/4910 (9).jpg,0,real,cifake,train
data/raw/cifake/train/REAL/0040.jpg,0,real,cifake,train
data/raw/cifake/train/REAL/4875 (10).jpg,0,real,cifake,train
data/raw/cifake/train/FAKE/1422 (8).jpg,1,ai_generated,cifake,train
data/raw/cifake/train/FAKE/1707 (3).jpg,1,ai_generated,cifake,train
data/raw/cifake/train/FAKE/5794 (2).jpg,1,ai_generated,cifake,train
data/raw/cifake/train/FAKE/4980 (3).jpg,1,ai_generated,cifake,train
data/raw/cifake/train/REAL/2270 (3).jpg,0,real,cifake,train
data/raw/cifake/train/FAKE/3420 (9).jpg,1,ai_generated,cifake,train
data/raw/cifake/train/REAL/4938 (2).jpg,0,real,cifake,train
data/raw/cifake/train/REAL/0567 (6).jpg,0,real,cifake,train
data/raw/cifake/train/REAL/2686.jpg,0,real,cifake,train
data/raw/cifake/train/REAL/2019 (6).jpg,0,real,cifake,train
data/raw/cifake/train/REAL/0673.jpg,0,real,cifake,train
data/raw/cifake/train/REAL/4026 (9).jpg,0,real,cifake,train
data/raw/cifake/train/FAKE/1305 (6).jpg,1,ai_generated,cifake,train
data/raw/cifake/train/REAL/1169 (4).jpg,0,real,cifake,train
data/raw/cifake/train/FAKE/3739 (9).jpg,1,ai_generated,cifake,train
data/raw/cifake/train/FAKE/5822 (5).jpg,1,ai_generated,cifake,train
data/raw/cifake/train/FAKE/5478.jpg,1,ai_generated,cifake,train
data/raw/cifake/train/FAKE/1262 (3).jpg,1,ai_generated,cifake,train
data/raw/cifake/train/REAL/3502 (2).jpg,0,real,cifake,train
data/raw/cifake/train/FAKE/2030 (7).jpg,1,ai_generated,cifake,train
data/raw/cifake/train/FAKE/2944 (9).jpg,1,ai_generated,cifake,train
data/raw/cifake/train/REAL/4570 (2).jpg,0,real,cifake,train
data/raw/cifake/train/FAKE/3292 (3).jpg,1,ai_generated,cifake,train
data/raw/cifake/train/REAL/1930 (7).jpg,0,real,cifake,train
data/raw/cifake/train/REAL/1947 (6).jpg,0,real,cifake,train
data/raw/cifake/train/REAL/2955 (10).jpg,0,real,cifake,train
data/raw/cifake/train/FAKE/1399.jpg,1,ai_generated,cifake,train
data/raw/cifake/train/FAKE/1038 (9).jpg,1,ai_generated,cifake,train
data/raw/cifake/train/FAKE/3270 (8).jpg,1,ai_generated,cifake,train
data/raw/cifake/train/REAL/1073 (10).jpg,0,real,cifake,train
data/raw/cifake/train/FAKE/2820 (9).jpg,1,ai_generated,cifake,train
data/raw/cifake/train/FAKE/1934 (8).jpg,1,ai_generated,cifake,train
data/raw/cifake/train/REAL/2026 (7).jpg,0,real,cifake,train
data/raw/cifake/train/FAKE/3685 (7).jpg,1,ai_generated,cifake,train
data/raw/cifake/train/FAKE/5884 (4).jpg,1,ai_generated,cifake,train
data/raw/cifake/train/FAKE/3008 (4).jpg,1,ai_generated,cifake,train
data/raw/cifake/train/FAKE/1595 (9).jpg,1,ai_generated,cifake,train
data/raw/cifake/train/FAKE/5782 (4).jpg,1,ai_generated,cifake,train
data/raw/cifake/train/REAL/1229 (3).jpg,0,real,cifake,train
data/raw/cifake/train/REAL/0950 (10).jpg,0,real,cifake,train
data/raw/cifake/train/REAL/4833.jpg,0,real,cifake,train
data/raw/cifake/train/REAL/4014 (2).jpg,0,real,cifake,train
data/raw/cifake/train/FAKE/1280 (3).jpg,1,ai_generated,cifake,train
data/raw/cifake/train/REAL/0863 (3).jpg,0,real,cifake,train
data/raw/cifake/train/FAKE/1490 (2).jpg,1,ai_generated,cifake,train
data/raw/cifake/train/FAKE/5158 (9).jpg,1,ai_generated,cifake,train
data/raw/cifake/train/FAKE/5122 (3).jpg,1,ai_generated,cifake,train
data/raw/cifake/train/FAKE/3279 (7).jpg,1,ai_generated,cifake,train
data/raw/cifake/train/FAKE/4206 (4).jpg,1,ai_generated,cifake,train
data/raw/cifake/train/REAL/1869 (7).jpg,0,real,cifake,train
data/raw/cifake/train/REAL/4343 (10).jpg,0,real,cifake,train
data/raw/cifake/train/FAKE/1438 (3).jpg,1,ai_generated,cifake,train
data/raw/cifake/train/REAL/0736 (8).jpg,0,real,cifake,train
data/raw/cifake/train/FAKE/4641 (6).jpg,1,ai_generated,cifake,train
data/raw/cifake/train/FAKE/2140 (2).jpg,1,ai_generated,cifake,train
data/raw/cifake/train/REAL/2064 (9).jpg,0,real,cifake,train
data/raw/cifake/train/REAL/2228 (9).jpg,0,real,cifake,train
data/raw/cifake/train/REAL/2522 (6).jpg,0,real,cifake,train
data/raw/cifake/train/FAKE/1580 (10).jpg,1,ai_generated,cifake,train
data/raw/cifake/train/FAKE/3444 (5).jpg,1,ai_generated,cifake,train
data/raw/cifake/train/FAKE/4316 (8).jpg,1,ai_generated,cifake,train
data/raw/cifake/train/FAKE/1249 (7).jpg,1,ai_generated,cifake,train
data/raw/cifake/train/REAL/4564 (2).jpg,0,real,cifake,train
data/raw/cifake/train/FAKE/1407 (6).jpg,1,ai_generated,cifake,train
data/raw/cifake/train/REAL/4252 (6).jpg,0,real,cifake,train
data/raw/cifake/train/REAL/0491 (10).jpg,0,real,cifake,train
data/raw/cifake/train/FAKE/1169 (7).jpg,1,ai_generated,cifake,train
data/raw/cifake/train/FAKE/5846 (7).jpg,1,ai_generated,cifake,train
data/raw/cifake/train/FAKE/4463 (8).jpg,1,ai_generated,cifake,train
data/raw/cifake/train/FAKE/2131 (8).jpg,1,ai_generated,cifake,train
data/raw/cifake/train/REAL/2050 (3).jpg,0,real,cifake,train
data/raw/cifake/train/REAL/2009 (9).jpg,0,real,cifake,train
data/raw/cifake/train/FAKE/1661 (7).jpg,1,ai_generated,cifake,train
data/raw/cifake/train/REAL/1448 (3).jpg,0,real,cifake,train
data/raw/cifake/train/FAKE/5384 (7).jpg,1,ai_generated,cifake,train
data/raw/cifake/train/REAL/0607 (3).jpg,0,real,cifake,train
data/raw/cifake/train/FAKE/2921 (4).jpg,1,ai_generated,cifake,train
data/raw/cifake/train/FAKE/4775 (7).jpg,1,ai_generated,cifake,train
data/raw/cifake/train/FAKE/5434 (3).jpg,1,ai_generated,cifake,train
data/raw/cifake/train/REAL/0168 (6).jpg,0,real,cifake,train
data/raw/cifake/train/REAL/3854 (9).jpg,0,real,cifake,train
data/raw/cifake/train/FAKE/4321 (5).jpg,1,ai_generated,cifake,train
data/raw/cifake/train/REAL/1567 (3).jpg,0,real,cifake,train
data/raw/cifake/train/FAKE/4194 (9).jpg,1,ai_generated,cifake,train
data/raw/cifake/train/FAKE/5341 (7).jpg,1,ai_generated,cifake,train
data/raw/cifake/train/FAKE/3256 (10).jpg,1,ai_generated,cifake,train
data/raw/cifake/train/REAL/0077 (6).jpg,0,real,cifake,train
data/raw/cifake/train/FAKE/2228 (10).jpg,1,ai_generated,cifake,train
data/raw/cifake/train/REAL/3022 (5).jpg,0,real,cifake,train
data/raw/cifake/train/FAKE/3023 (9).jpg,1,ai_generated,cifake,train
data/raw/cifake/train/FAKE/5997 (4).jpg,1,ai_generated,cifake,train
data/raw/cifake/train/REAL/3966 (2).jpg,0,real,cifake,train
data/raw/cifake/train/REAL/1541.jpg,0,real,cifake,train
data/raw/cifake/train/FAKE/4639 (7).jpg,1,ai_generated,cifake,train
data/raw/cifake/train/FAKE/5434 (2).jpg,1,ai_generated,cifake,train
data/raw/cifake/train/FAKE/5778 (2).jpg,1,ai_generated,cifake,train
data/raw/cifake/train/REAL/4936 (2).jpg,0,real,cifake,train
data/raw/cifake/train/REAL/1983 (3).jpg,0,real,cifake,train
data/raw/cifake/train/REAL/1425 (10).jpg,0,real,cifake,train
data/raw/cifake/train/REAL/3335 (9).jpg,0,real,cifake,train
data/raw/cifake/train/FAKE/2069 (2).jpg,1,ai_generated,cifake,train
data/raw/cifake/train/FAKE/2947 (2).jpg,1,ai_generated,cifake,train
data/raw/cifake/train/FAKE/2359 (6).jpg,1,ai_generated,cifake,train
data/raw/cifake/train/REAL/0520 (10).jpg,0,real,cifake,train
data/raw/cifake/train/REAL/3380 (9).jpg,0,real,cifake,train
data/raw/cifake/train/REAL/0480 (6).jpg,0,real,cifake,train
data/raw/cifake/train/REAL/1395 (9).jpg,0,real,cifake,train
data/raw/cifake/train/REAL/4477 (2).jpg,0,real,cifake,train
data/raw/cifake/train/FAKE/5631 (2).jpg,1,ai_generated,cifake,train
data/raw/cifake/train/FAKE/4787 (8).jpg,1,ai_generated,cifake,train
data/raw/cifake/train/REAL/2194 (4).jpg,0,real,cifake,train
data/raw/cifake/train/FAKE/2786 (10).jpg,1,ai_generated,cifake,train
data/raw/cifake/train/FAKE/1585 (4).jpg,1,ai_generated,cifake,train
data/raw/cifake/train/FAKE/2755.jpg,1,ai_generated,cifake,train
data/raw/cifake/train/FAKE/5185 (8).jpg,1,ai_generated,cifake,train
data/raw/cifake/train/FAKE/2236 (4).jpg,1,ai_generated,cifake,train
data/raw/cifake/train/REAL/3817 (8).jpg,0,real,cifake,train
data/raw/cifake/train/FAKE/5702 (3).jpg,1,ai_generated,cifake,train
data/raw/cifake/train/REAL/1882 (4).jpg,0,real,cifake,train
data/raw/cifake/train/FAKE/4499 (9).jpg,1,ai_generated,cifake,train
data/raw/cifake/train/FAKE/1159 (4).jpg,1,ai_generated,cifake,train
data/raw/cifake/train/REAL/2779 (10).jpg,0,real,cifake,train
data/raw/cifake/train/REAL/1426 (10).jpg,0,real,cifake,train
data/raw/cifake/train/FAKE/4915 (9).jpg,1,ai_generated,cifake,train
data/raw/cifake/train/REAL/0278 (2).jpg,0,real,cifake,train
data/raw/cifake/train/FAKE/1191.jpg,1,ai_generated,cifake,train
data/raw/cifake/train/FAKE/3397 (5).jpg,1,ai_generated,cifake,train
data/raw/cifake/train/REAL/2105 (4).jpg,0,real,cifake,train
data/raw/cifake/train/FAKE/1708 (5).jpg,1,ai_generated,cifake,train
data/raw/cifake/train/REAL/4617 (4).jpg,0,real,cifake,train
data/raw/cifake/train/FAKE/3805 (2).jpg,1,ai_generated,cifake,train
data/raw/cifake/train/FAKE/2000 (5).jpg,1,ai_generated,cifake,train
data/raw/cifake/train/FAKE/1147 (2).jpg,1,ai_generated,cifake,train
data/raw/cifake/train/FAKE/1019 (9).jpg,1,ai_generated,cifake,train
data/raw/cifake/train/REAL/4924 (3).jpg,0,real,cifake,train
data/raw/cifake/train/FAKE/5137 (8).jpg,1,ai_generated,cifake,train
data/raw/cifake/train/REAL/0650 (5).jpg,0,real,cifake,train
data/raw/cifake/train/REAL/1810 (10).jpg,0,real,cifake,train
data/raw/cifake/train/FAKE/3315 (4).jpg,1,ai_generated,cifake,train
data/raw/cifake/train/REAL/4105 (3).jpg,0,real,cifake,train
data/raw/cifake/train/REAL/4502 (4).jpg,0,real,cifake,train
data/raw/cifake/train/REAL/0386 (2).jpg,0,real,cifake,train
data/raw/cifake/train/REAL/3976 (10).jpg,0,real,cifake,train
data/raw/cifake/train/REAL/1683 (2).jpg,0,real,cifake,train
data/raw/cifake/train/REAL/4547 (2).jpg,0,real,cifake,train
data/raw/cifake/train/FAKE/4267 (3).jpg,1,ai_generated,cifake,train
data/raw/cifake/train/FAKE/2672 (6).jpg,1,ai_generated,cifake,train
data/raw/cifake/train/REAL/0780 (7).jpg,0,real,cifake,train
data/raw/cifake/train/FAKE/4872 (8).jpg,1,ai_generated,cifake,train
data/raw/cifake/train/REAL/0629 (10).jpg,0,real,cifake,train
data/raw/cifake/train/REAL/2010 (3).jpg,0,real,cifake,train
data/raw/cifake/train/FAKE/2840 (5).jpg,1,ai_generated,cifake,train
data/raw/cifake/train/FAKE/5200 (10).jpg,1,ai_generated,cifake,train
data/raw/cifake/train/FAKE/2156 (6).jpg,1,ai_generated,cifake,train
data/raw/cifake/train/FAKE/2320 (7).jpg,1,ai_generated,cifake,train
data/raw/cifake/train/REAL/2782 (2).jpg,0,real,cifake,train
data/raw/cifake/train/REAL/4269 (10).jpg,0,real,cifake,train
data/raw/cifake/train/REAL/2324.jpg,0,real,cifake,train
data/raw/cifake/train/REAL/0699.jpg,0,real,cifake,train
data/raw/cifake/train/FAKE/3591 (3).jpg,1,ai_generated,cifake,train
data/raw/cifake/train/REAL/3727 (9).jpg,0,real,cifake,train
data/raw/cifake/train/FAKE/1026 (5).jpg,1,ai_generated,cifake,train
data/raw/cifake/train/FAKE/1807 (4).jpg,1,ai_generated,cifake,train
data/raw/cifake/train/REAL/4532 (10).jpg,0,real,cifake,train
data/raw/cifake/train/REAL/4738 (4).jpg,0,real,cifake,train
data/raw/cifake/train/FAKE/1457 (7).jpg,1,ai_generated,cifake,train
data/raw/cifake/train/REAL/0542 (3).jpg,0,real,cifake,train
data/raw/cifake/train/REAL/2493 (8).jpg,0,real,cifake,train
data/raw/cifake/train/FAKE/1223 (5).jpg,1,ai_generated,cifake,train
data/raw/cifake/train/FAKE/4137 (8).jpg,1,ai_generated,cifake,train
data/raw/cifake/train/REAL/2249 (3).jpg,0,real,cifake,train
data/raw/cifake/train/REAL/3569 (7).jpg,0,real,cifake,train
data/raw/cifake/train/FAKE/2573 (8).jpg,1,ai_generated,cifake,train
data/raw/cifake/train/FAKE/2973.jpg,1,ai_generated,cifake,train
data/raw/cifake/train/REAL/3302.jpg,0,real,cifake,train
data/raw/cifake/train/REAL/1074 (3).jpg,0,real,cifake,train
data/raw/cifake/train/FAKE/3019.jpg,1,ai_generated,cifake,train
data/raw/cifake/train/FAKE/1105 (3).jpg,1,ai_generated,cifake,train
data/raw/cifake/train/REAL/0830 (10).jpg,0,real,cifake,train
data/raw/cifake/train/FAKE/1344 (3).jpg,1,ai_generated,cifake,train
data/raw/cifake/train/FAKE/4084 (10).jpg,1,ai_generated,cifake,train
data/raw/cifake/train/REAL/2326 (2).jpg,0,real,cifake,train
data/raw/cifake/train/FAKE/4065 (8).jpg,1,ai_generated,cifake,train
data/raw/cifake/train/REAL/1788 (6).jpg,0,real,cifake,train
data/raw/cifake/train/FAKE/2785 (8).jpg,1,ai_generated,cifake,train
data/raw/cifake/train/FAKE/2799 (4).jpg,1,ai_generated,cifake,train
data/raw/cifake/train/REAL/3993 (10).jpg,0,real,cifake,train
data/raw/cifake/train/REAL/1049 (4).jpg,0,real,cifake,train
data/raw/cifake/train/FAKE/5503 (9).jpg,1,ai_generated,cifake,train
data/raw/cifake/train/FAKE/4804 (4).jpg,1,ai_generated,cifake,train
data/raw/cifake/train/FAKE/5306 (8).jpg,1,ai_generated,cifake,train
data/raw/cifake/train/FAKE/2589 (3).jpg,1,ai_generated,cifake,train
data/raw/cifake/train/REAL/4918 (7).jpg,0,real,cifake,train
data/raw/cifake/train/FAKE/3309 (10).jpg,1,ai_generated,cifake,train
data/raw/cifake/train/FAKE/2158 (10).jpg,1,ai_generated,cifake,train
data/raw/cifake/train/REAL/1262.jpg,0,real,cifake,train
data/raw/cifake/train/REAL/4153 (10).jpg,0,real,cifake,train
data/raw/cifake/train/FAKE/2827 (9).jpg,1,ai_generated,cifake,train
data/raw/cifake/train/REAL/1366 (4).jpg,0,real,cifake,train
data/raw/cifake/train/REAL/3563 (6).jpg,0,real,cifake,train
data/raw/cifake/train/REAL/1149 (6).jpg,0,real,cifake,train
data/raw/cifake/train/FAKE/2662 (5).jpg,1,ai_generated,cifake,train
data/raw/cifake/train/REAL/0072 (7).jpg,0,real,cifake,train
data/raw/cifake/train/REAL/1371 (10).jpg,0,real,cifake,train
data/raw/cifake/train/FAKE/4933 (8).jpg,1,ai_generated,cifake,train
data/raw/cifake/train/FAKE/5733 (8).jpg,1,ai_generated,cifake,train
data/raw/cifake/train/FAKE/1596.jpg,1,ai_generated,cifake,train
data/raw/cifake/train/FAKE/5524 (2).jpg,1,ai_generated,cifake,train
data/raw/cifake/train/REAL/4411 (2).jpg,0,real,cifake,train
data/raw/cifake/train/REAL/1333 (10).jpg,0,real,cifake,train
data/raw/cifake/train/FAKE/4017 (8).jpg,1,ai_generated,cifake,train
data/raw/cifake/train/REAL/0455 (4).jpg,0,real,cifake,train
data/raw/cifake/train/FAKE/4868 (4).jpg,1,ai_generated,cifake,train
data/raw/cifake/train/REAL/2264 (6).jpg,0,real,cifake,train
data/raw/cifake/train/REAL/4576 (8).jpg,0,real,cifake,train
data/raw/cifake/train/REAL/0119 (8).jpg,0,real,cifake,train
data/raw/cifake/train/REAL/2971.jpg,0,real,cifake,train
data/raw/cifake/train/REAL/0660 (9).jpg,0,real,cifake,train
data/raw/cifake/train/FAKE/4990 (2).jpg,1,ai_generated,cifake,train
data/raw/cifake/train/FAKE/4046.jpg,1,ai_generated,cifake,train
data/raw/cifake/train/REAL/2632 (9).jpg,0,real,cifake,train
data/raw/cifake/train/FAKE/2582 (10).jpg,1,ai_generated,cifake,train
data/raw/cifake/train/REAL/2233 (6).jpg,0,real,cifake,train
data/raw/cifake/train/FAKE/3512 (7).jpg,1,ai_generated,cifake,train
data/raw/cifake/train/FAKE/3652 (4).jpg,1,ai_generated,cifake,train
data/raw/cifake/train/REAL/0715 (3).jpg,0,real,cifake,train
data/raw/cifake/train/REAL/4191 (8).jpg,0,real,cifake,train
data/raw/cifake/train/FAKE/5246 (7).jpg,1,ai_generated,cifake,train
data/raw/cifake/train/FAKE/1662 (5).jpg,1,ai_generated,cifake,train
data/raw/cifake/train/FAKE/4857 (10).jpg,1,ai_generated,cifake,train
data/raw/cifake/train/REAL/0839 (4).jpg,0,real,cifake,train
data/raw/cifake/train/FAKE/4139 (7).jpg,1,ai_generated,cifake,train
data/raw/cifake/train/REAL/3255 (7).jpg,0,real,cifake,train
data/raw/cifake/train/FAKE/5905 (8).jpg,1,ai_generated,cifake,train
data/raw/cifake/train/REAL/2469 (2).jpg,0,real,cifake,train
data/raw/cifake/train/FAKE/1334 (10).jpg,1,ai_generated,cifake,train
data/raw/cifake/train/REAL/0648 (3).jpg,0,real,cifake,train
data/raw/cifake/train/REAL/4213 (9).jpg,0,real,cifake,train
data/raw/cifake/train/FAKE/1476 (2).jpg,1,ai_generated,cifake,train
data/raw/cifake/train/FAKE/2094 (10).jpg,1,ai_generated,cifake,train
data/raw/cifake/train/REAL/1343 (4).jpg,0,real,cifake,train
data/raw/cifake/train/REAL/4563 (8).jpg,0,real,cifake,train
data/raw/cifake/train/FAKE/3498 (5).jpg,1,ai_generated,cifake,train
data/raw/cifake/train/FAKE/1896.jpg,1,ai_generated,cifake,train
data/raw/cifake/train/REAL/0690 (7).jpg,0,real,cifake,train
data/raw/cifake/train/REAL/1520.jpg,0,real,cifake,train
data/raw/cifake/train/FAKE/3438 (6).jpg,1,ai_generated,cifake,train
data/raw/cifake/train/REAL/4986 (5).jpg,0,real,cifake,train
data/raw/cifake/train/FAKE/4370 (9).jpg,1,ai_generated,cifake,train
data/raw/cifake/train/FAKE/1767 (10).jpg,1,ai_generated,cifake,train
data/raw/cifake/train/FAKE/4428 (2).jpg,1,ai_generated,cifake,train
data/raw/cifake/train/REAL/2794 (2).jpg,0,real,cifake,train
data/raw/cifake/train/FAKE/1399 (7).jpg,1,ai_generated,cifake,train
data/raw/cifake/train/FAKE/2453 (8).jpg,1,ai_generated,cifake,train
data/raw/cifake/train/FAKE/3819 (4).jpg,1,ai_generated,cifake,train
data/raw/cifake/train/FAKE/2855.jpg,1,ai_generated,cifake,train
data/raw/cifake/train/FAKE/5123.jpg,1,ai_generated,cifake,train
data/raw/cifake/train/REAL/3908 (6).jpg,0,real,cifake,train
data/raw/cifake/train/FAKE/2892 (3).jpg,1,ai_generated,cifake,train
data/raw/cifake/train/REAL/1454 (6).jpg,0,real,cifake,train
data/raw/cifake/train/FAKE/1671 (7).jpg,1,ai_generated,cifake,train
data/raw/cifake/train/REAL/1467 (7).jpg,0,real,cifake,train
data/raw/cifake/train/FAKE/1699 (5).jpg,1,ai_generated,cifake,train
data/raw/cifake/train/REAL/3410 (5).jpg,0,real,cifake,train
data/raw/cifake/train/REAL/2080 (9).jpg,0,real,cifake,train
data/raw/cifake/train/FAKE/1693 (2).jpg,1,ai_generated,cifake,train
data/raw/cifake/train/FAKE/4618 (4).jpg,1,ai_generated,cifake,train
data/raw/cifake/train/FAKE/3427 (7).jpg,1,ai_generated,cifake,train
data/raw/cifake/train/REAL/0884 (3).jpg,0,real,cifake,train
data/raw/cifake/train/REAL/1725 (8).jpg,0,real,cifake,train
data/raw/cifake/train/FAKE/2396 (3).jpg,1,ai_generated,cifake,train
data/raw/cifake/train/FAKE/5416 (10).jpg,1,ai_generated,cifake,train
data/raw/cifake/train/REAL/4364 (10).jpg,0,real,cifake,train
data/raw/cifake/train/FAKE/4239 (4).jpg,1,ai_generated,cifake,train
data/raw/cifake/train/REAL/1902 (2).jpg,0,real,cifake,train
data/raw/cifake/train/FAKE/2963 (9).jpg,1,ai_generated,cifake,train
data/raw/cifake/train/REAL/4532 (7).jpg,0,real,cifake,train
data/raw/cifake/train/FAKE/3776 (4).jpg,1,ai_generated,cifake,train
data/raw/cifake/train/FAKE/1879 (4).jpg,1,ai_generated,cifake,train
data/raw/cifake/train/FAKE/1025 (7).jpg,1,ai_generated,cifake,train
data/raw/cifake/train/REAL/2054 (9).jpg,0,real,cifake,train
data/raw/cifake/train/FAKE/5152 (5).jpg,1,ai_generated,cifake,train
data/raw/cifake/train/FAKE/5806.jpg,1,ai_generated,cifake,train
data/raw/cifake/train/REAL/2414.jpg,0,real,cifake,train
data/raw/cifake/train/REAL/3530 (3).jpg,0,real,cifake,train
data/raw/cifake/train/REAL/1222 (5).jpg,0,real,cifake,train
data/raw/cifake/train/REAL/3190 (9).jpg,0,real,cifake,train
data/raw/cifake/train/REAL/4056 (5).jpg,0,real,cifake,train
data/raw/cifake/train/FAKE/3083 (8).jpg,1,ai_generated,cifake,train
data/raw/cifake/train/REAL/4886 (6).jpg,0,real,cifake,train
data/raw/cifake/train/FAKE/3478 (10).jpg,1,ai_generated,cifake,train
data/raw/cifake/train/REAL/0117 (3).jpg,0,real,cifake,train
data/raw/cifake/train/REAL/2606 (8).jpg,0,real,cifake,train
data/raw/cifake/train/REAL/4776 (4).jpg,0,real,cifake,train
data/raw/cifake/train/REAL/1086 (6).jpg,0,real,cifake,train
data/raw/cifake/train/REAL/1296 (6).jpg,0,real,cifake,train
data/raw/cifake/train/REAL/2122.jpg,0,real,cifake,train
data/raw/cifake/train/REAL/1209 (10).jpg,0,real,cifake,train
data/raw/cifake/train/REAL/3968.jpg,0,real,cifake,train
data/raw/cifake/train/REAL/0915 (6).jpg,0,real,cifake,train
data/raw/cifake/train/FAKE/2003 (4).jpg,1,ai_generated,cifake,train
data/raw/cifake/train/REAL/2548 (2).jpg,0,real,cifake,train
data/raw/cifake/train/REAL/1877.jpg,0,real,cifake,train
data/raw/cifake/train/REAL/1213 (9).jpg,0,real,cifake,train
data/raw/cifake/train/FAKE/2064 (7).jpg,1,ai_generated,cifake,train
data/raw/cifake/train/FAKE/4952 (2).jpg,1,ai_generated,cifake,train
data/raw/cifake/train/FAKE/5992 (6).jpg,1,ai_generated,cifake,train
data/raw/cifake/train/FAKE/4132 (10).jpg,1,ai_generated,cifake,train
data/raw/cifake/train/REAL/3211 (10).jpg,0,real,cifake,train
data/raw/cifake/train/FAKE/5291 (8).jpg,1,ai_generated,cifake,train
data/raw/cifake/train/FAKE/3825 (6).jpg,1,ai_generated,cifake,train
data/raw/cifake/train/REAL/1672 (7).jpg,0,real,cifake,train
data/raw/cifake/train/FAKE/3994 (2).jpg,1,ai_generated,cifake,train
data/raw/cifake/train/FAKE/3435 (5).jpg,1,ai_generated,cifake,train
data/raw/cifake/train/FAKE/4273 (4).jpg,1,ai_generated,cifake,train
data/raw/cifake/train/FAKE/2477 (2).jpg,1,ai_generated,cifake,train
data/raw/cifake/train/REAL/2815 (5).jpg,0,real,cifake,train
data/raw/cifake/train/REAL/2028 (3).jpg,0,real,cifake,train
data/raw/cifake/train/REAL/4639 (7).jpg,0,real,cifake,train
data/raw/cifake/train/FAKE/3954 (10).jpg,1,ai_generated,cifake,train
data/raw/cifake/train/REAL/0754 (4).jpg,0,real,cifake,train
data/raw/cifake/train/REAL/2551 (9).jpg,0,real,cifake,train
data/raw/cifake/train/REAL/3016 (5).jpg,0,real,cifake,train
data/raw/cifake/train/FAKE/5250 (7).jpg,1,ai_generated,cifake,train
data/raw/cifake/train/FAKE/5722 (4).jpg,1,ai_generated,cifake,train
data/raw/cifake/train/REAL/0476 (3).jpg,0,real,cifake,train
data/raw/cifake/train/REAL/1077 (10).jpg,0,real,cifake,train
data/raw/cifake/train/FAKE/2041.jpg,1,ai_generated,cifake,train
data/raw/cifake/train/REAL/0248 (7).jpg,0,real,cifake,train
data/raw/cifake/train/REAL/2693 (5).jpg,0,real,cifake,train
data/raw/cifake/train/REAL/1760 (7).jpg,0,real,cifake,train
data/raw/cifake/train/FAKE/5194 (7).jpg,1,ai_generated,cifake,train
data/raw/cifake/train/REAL/0505 (9).jpg,0,real,cifake,train
data/raw/cifake/train/REAL/0441 (10).jpg,0,real,cifake,train
data/raw/cifake/train/REAL/2399 (9).jpg,0,real,cifake,train
data/raw/cifake/train/REAL/4984 (5).jpg,0,real,cifake,train
data/raw/cifake/train/REAL/4531 (9).jpg,0,real,cifake,train
data/raw/cifake/train/FAKE/1541.jpg,1,ai_generated,cifake,train
data/raw/cifake/train/REAL/1812 (3).jpg,0,real,cifake,train
data/raw/cifake/train/REAL/3332 (4).jpg,0,real,cifake,train
data/raw/cifake/train/FAKE/2802 (6).jpg,1,ai_generated,cifake,train
data/raw/cifake/train/FAKE/2040 (6).jpg,1,ai_generated,cifake,train
data/raw/cifake/train/REAL/1002 (2).jpg,0,real,cifake,train
data/raw/cifake/train/FAKE/3961 (8).jpg,1,ai_generated,cifake,train
data/raw/cifake/train/REAL/4673 (2).jpg,0,real,cifake,train
data/raw/cifake/train/REAL/4570 (9).jpg,0,real,cifake,train
data/raw/cifake/train/FAKE/4599 (4).jpg,1,ai_generated,cifake,train
data/raw/cifake/train/REAL/3108 (9).jpg,0,real,cifake,train
data/raw/cifake/train/FAKE/4918.jpg,1,ai_generated,cifake,train
data/raw/cifake/train/FAKE/2219 (9).jpg,1,ai_generated,cifake,train
data/raw/cifake/train/REAL/4263 (9).jpg,0,real,cifake,train
data/raw/cifake/train/REAL/1972 (3).jpg,0,real,cifake,train
data/raw/cifake/train/REAL/0157 (9).jpg,0,real,cifake,train
data/raw/cifake/train/REAL/0359 (2).jpg,0,real,cifake,train
data/raw/cifake/train/REAL/3440 (2).jpg,0,real,cifake,train
data/raw/cifake/train/FAKE/3450 (4).jpg,1,ai_generated,cifake,train
data/raw/cifake/train/FAKE/5717 (5).jpg,1,ai_generated,cifake,train
data/raw/cifake/train/REAL/4708 (5).jpg,0,real,cifake,train
data/raw/cifake/train/FAKE/1129.jpg,1,ai_generated,cifake,train
data/raw/cifake/train/REAL/4213 (4).jpg,0,real,cifake,train
data/raw/cifake/train/REAL/0632 (2).jpg,0,real,cifake,train
data/raw/cifake/train/REAL/3640 (9).jpg,0,real,cifake,train
data/raw/cifake/train/FAKE/4585 (10).jpg,1,ai_generated,cifake,train
data/raw/cifake/train/FAKE/3877 (8).jpg,1,ai_generated,cifake,train
data/raw/cifake/train/FAKE/4924 (3).jpg,1,ai_generated,cifake,train
data/raw/cifake/train/REAL/0624 (9).jpg,0,real,cifake,train
data/raw/cifake/train/REAL/0761 (4).jpg,0,real,cifake,train
data/raw/cifake/train/FAKE/5516 (8).jpg,1,ai_generated,cifake,train
data/raw/cifake/train/REAL/3460 (8).jpg,0,real,cifake,train
data/raw/cifake/train/REAL/0371 (2).jpg,0,real,cifake,train
data/raw/cifake/train/FAKE/1126 (8).jpg,1,ai_generated,cifake,train
data/raw/cifake/train/FAKE/4762 (5).jpg,1,ai_generated,cifake,train
data/raw/cifake/train/FAKE/1106 (9).jpg,1,ai_generated,cifake,train
data/raw/cifake/train/FAKE/4829 (9).jpg,1,ai_generated,cifake,train
data/raw/cifake/train/FAKE/4054 (8).jpg,1,ai_generated,cifake,train
data/raw/cifake/train/REAL/2650 (9).jpg,0,real,cifake,train
data/raw/cifake/train/FAKE/2539 (2).jpg,1,ai_generated,cifake,train
data/raw/cifake/train/REAL/0960 (2).jpg,0,real,cifake,train
data/raw/cifake/train/REAL/1697 (5).jpg,0,real,cifake,train
data/raw/cifake/train/FAKE/5626.jpg,1,ai_generated,cifake,train
data/raw/cifake/train/REAL/0621 (7).jpg,0,real,cifake,train
data/raw/cifake/train/REAL/0430 (2).jpg,0,real,cifake,train
data/raw/cifake/train/REAL/2182 (9).jpg,0,real,cifake,train
data/raw/cifake/train/REAL/4974 (8).jpg,0,real,cifake,train
data/raw/cifake/train/REAL/4451 (5).jpg,0,real,cifake,train
data/raw/cifake/train/FAKE/1750.jpg,1,ai_generated,cifake,train
data/raw/cifake/train/REAL/1163 (7).jpg,0,real,cifake,train
data/raw/cifake/train/FAKE/4358 (10).jpg,1,ai_generated,cifake,train
data/raw/cifake/train/REAL/4835.jpg,0,real,cifake,train
data/raw/cifake/train/REAL/1816 (6).jpg,0,real,cifake,train
data/raw/cifake/train/REAL/2864 (9).jpg,0,real,cifake,train
data/raw/cifake/train/REAL/3280 (4).jpg,0,real,cifake,train
data/raw/cifake/train/REAL/2869 (10).jpg,0,real,cifake,train
data/raw/cifake/train/FAKE/1035 (2).jpg,1,ai_generated,cifake,train
data/raw/cifake/train/REAL/3784 (5).jpg,0,real,cifake,train
data/raw/cifake/train/REAL/4670 (4).jpg,0,real,cifake,train
data/raw/cifake/train/FAKE/4397 (7).jpg,1,ai_generated,cifake,train
data/raw/cifake/train/REAL/4903 (8).jpg,0,real,cifake,train
data/raw/cifake/train/FAKE/2163 (7).jpg,1,ai_generated,cifake,train
data/raw/cifake/train/REAL/4249 (10).jpg,0,real,cifake,train
data/raw/cifake/train/FAKE/5503 (10).jpg,1,ai_generated,cifake,train
data/raw/cifake/train/FAKE/1004 (5).jpg,1,ai_generated,cifake,train
data/raw/cifake/train/REAL/3379 (7).jpg,0,real,cifake,train
data/raw/cifake/train/REAL/0818 (2).jpg,0,real,cifake,train
data/raw/cifake/train/REAL/0724 (6).jpg,0,real,cifake,train
data/raw/cifake/train/FAKE/2087 (10).jpg,1,ai_generated,cifake,train
data/raw/cifake/train/REAL/0765 (5).jpg,0,real,cifake,train
data/raw/cifake/train/FAKE/1869 (5).jpg,1,ai_generated,cifake,train
data/raw/cifake/train/FAKE/5129 (6).jpg,1,ai_generated,cifake,train
data/raw/cifake/train/REAL/4291.jpg,0,real,cifake,train
data/raw/cifake/train/REAL/4522 (3).jpg,0,real,cifake,train
data/raw/cifake/train/FAKE/2554 (5).jpg,1,ai_generated,cifake,train
data/raw/cifake/train/REAL/2256.jpg,0,real,cifake,train
data/raw/cifake/train/REAL/2767 (4).jpg,0,real,cifake,train
data/raw/cifake/train/REAL/1023 (5).jpg,0,real,cifake,train
data/raw/cifake/train/REAL/0525 (3).jpg,0,real,cifake,train
data/raw/cifake/train/REAL/4333 (3).jpg,0,real,cifake,train
data/raw/cifake/train/FAKE/2331 (3).jpg,1,ai_generated,cifake,train
data/raw/cifake/train/REAL/3226 (3).jpg,0,real,cifake,train
data/raw/cifake/train/FAKE/3532 (8).jpg,1,ai_generated,cifake,train
data/raw/cifake/train/REAL/3913 (7).jpg,0,real,cifake,train
data/raw/cifake/train/REAL/4277 (6).jpg,0,real,cifake,train
data/raw/cifake/train/REAL/2484 (3).jpg,0,real,cifake,train
data/raw/cifake/train/FAKE/1138.jpg,1,ai_generated,cifake,train
data/raw/cifake/train/REAL/1025 (8).jpg,0,real,cifake,train
data/raw/cifake/train/FAKE/5260 (2).jpg,1,ai_generated,cifake,train
data/raw/cifake/train/FAKE/2761 (2).jpg,1,ai_generated,cifake,train
data/raw/cifake/train/FAKE/1043 (6).jpg,1,ai_generated,cifake,train
data/raw/cifake/train/FAKE/4141 (8).jpg,1,ai_generated,cifake,train
data/raw/cifake/train/FAKE/3430 (8).jpg,1,ai_generated,cifake,train
data/raw/cifake/train/REAL/4198 (9).jpg,0,real,cifake,train
data/raw/cifake/train/FAKE/1346 (8).jpg,1,ai_generated,cifake,train
data/raw/cifake/train/FAKE/1724 (10).jpg,1,ai_generated,cifake,train
data/raw/cifake/train/REAL/2900 (6).jpg,0,real,cifake,train
data/raw/cifake/train/REAL/2959 (3).jpg,0,real,cifake,train
data/raw/cifake/train/FAKE/3529 (6).jpg,1,ai_generated,cifake,train
data/raw/cifake/train/FAKE/5398 (5).jpg,1,ai_generated,cifake,train
data/raw/cifake/train/REAL/0680 (2).jpg,0,real,cifake,train
data/raw/cifake/train/REAL/1740 (3).jpg,0,real,cifake,train
data/raw/cifake/train/REAL/3158 (8).jpg,0,real,cifake,train
data/raw/cifake/train/REAL/3292 (7).jpg,0,real,cifake,train
data/raw/cifake/train/FAKE/4817 (2).jpg,1,ai_generated,cifake,train
data/raw/cifake/train/REAL/1200 (7).jpg,0,real,cifake,train
data/raw/cifake/train/REAL/2318 (8).jpg,0,real,cifake,train
data/raw/cifake/train/FAKE/1915 (6).jpg,1,ai_generated,cifake,train
data/raw/cifake/train/FAKE/1205 (7).jpg,1,ai_generated,cifake,train
data/raw/cifake/train/FAKE/2561 (9).jpg,1,ai_generated,cifake,train
data/raw/cifake/train/REAL/0903 (5).jpg,0,real,cifake,train
data/raw/cifake/train/FAKE/5413 (7).jpg,1,ai_generated,cifake,train
data/raw/cifake/train/REAL/0202 (10).jpg,0,real,cifake,train
data/raw/cifake/train/REAL/3771 (5).jpg,0,real,cifake,train
data/raw/cifake/train/FAKE/2622.jpg,1,ai_generated,cifake,train
data/raw/cifake/train/REAL/3799 (3).jpg,0,real,cifake,train
data/raw/cifake/train/REAL/3953 (8).jpg,0,real,cifake,train
data/raw/cifake/train/REAL/1407 (3).jpg,0,real,cifake,train
data/raw/cifake/train/REAL/4929 (6).jpg,0,real,cifake,train
data/raw/cifake/train/REAL/1225 (6).jpg,0,real,cifake,train
data/raw/cifake/train/REAL/1456 (3).jpg,0,real,cifake,train
data/raw/cifake/train/FAKE/4866 (9).jpg,1,ai_generated,cifake,train
data/raw/cifake/train/FAKE/4200 (7).jpg,1,ai_generated,cifake,train
data/raw/cifake/train/REAL/2925 (10).jpg,0,real,cifake,train
data/raw/cifake/train/FAKE/4225 (3).jpg,1,ai_generated,cifake,train
data/raw/cifake/train/REAL/2870.jpg,0,real,cifake,train
data/raw/cifake/train/FAKE/5169 (8).jpg,1,ai_generated,cifake,train
data/raw/cifake/train/REAL/3085 (9).jpg,0,real,cifake,train
data/raw/cifake/train/REAL/3312 (6).jpg,0,real,cifake,train
data/raw/cifake/train/FAKE/5480 (10).jpg,1,ai_generated,cifake,train
data/raw/cifake/train/REAL/2677 (6).jpg,0,real,cifake,train
data/raw/cifake/train/REAL/3610 (5).jpg,0,real,cifake,train
data/raw/cifake/train/REAL/1415 (7).jpg,0,real,cifake,train
data/raw/cifake/train/REAL/4060 (4).jpg,0,real,cifake,train
data/raw/cifake/train/FAKE/2341 (10).jpg,1,ai_generated,cifake,train
data/raw/cifake/train/FAKE/5662.jpg,1,ai_generated,cifake,train
data/raw/cifake/train/FAKE/4648 (9).jpg,1,ai_generated,cifake,train
data/raw/cifake/train/FAKE/5514 (6).jpg,1,ai_generated,cifake,train
data/raw/cifake/train/REAL/0613 (5).jpg,0,real,cifake,train
data/raw/cifake/train/REAL/0616.jpg,0,real,cifake,train
data/raw/cifake/train/REAL/1138 (6).jpg,0,real,cifake,train
data/raw/cifake/train/REAL/0325 (7).jpg,0,real,cifake,train
data/raw/cifake/train/REAL/1818 (3).jpg,0,real,cifake,train
data/raw/cifake/train/REAL/4558 (5).jpg,0,real,cifake,train
data/raw/cifake/train/FAKE/4883 (4).jpg,1,ai_generated,cifake,train
data/raw/cifake/train/FAKE/2658 (2).jpg,1,ai_generated,cifake,train
data/raw/cifake/train/REAL/2987 (7).jpg,0,real,cifake,train
data/raw/cifake/train/FAKE/5600 (10).jpg,1,ai_generated,cifake,train
data/raw/cifake/train/FAKE/4494 (5).jpg,1,ai_generated,cifake,train
data/raw/cifake/train/FAKE/1431 (9).jpg,1,ai_generated,cifake,train
data/raw/cifake/train/FAKE/4755 (4).jpg,1,ai_generated,cifake,train
data/raw/cifake/train/FAKE/5724 (4).jpg,1,ai_generated,cifake,train
data/raw/cifake/train/FAKE/5348 (5).jpg,1,ai_generated,cifake,train
data/raw/cifake/train/FAKE/4192 (7).jpg,1,ai_generated,cifake,train
data/raw/cifake/train/FAKE/1674 (7).jpg,1,ai_generated,cifake,train
data/raw/cifake/train/FAKE/4874 (8).jpg,1,ai_generated,cifake,train
data/raw/cifake/train/FAKE/4194 (3).jpg,1,ai_generated,cifake,train
data/raw/cifake/train/FAKE/3179 (7).jpg,1,ai_generated,cifake,train
data/raw/cifake/train/FAKE/4232 (7).jpg,1,ai_generated,cifake,train
data/raw/cifake/train/FAKE/5330 (9).jpg,1,ai_generated,cifake,train
data/raw/cifake/train/REAL/1242 (7).jpg,0,real,cifake,train
data/raw/cifake/train/FAKE/4131 (3).jpg,1,ai_generated,cifake,train
data/raw/cifake/train/REAL/3234 (10).jpg,0,real,cifake,train
data/raw/cifake/train/REAL/2554.jpg,0,real,cifake,train
data/raw/cifake/train/REAL/0860 (3).jpg,0,real,cifake,train
data/raw/cifake/train/FAKE/5401 (3).jpg,1,ai_generated,cifake,train
data/raw/cifake/train/REAL/1512 (7).jpg,0,real,cifake,train
data/raw/cifake/train/FAKE/1466 (7).jpg,1,ai_generated,cifake,train
data/raw/cifake/train/REAL/0460 (4).jpg,0,real,cifake,train
data/raw/cifake/train/FAKE/4107 (9).jpg,1,ai_generated,cifake,train
data/raw/cifake/train/REAL/1936 (8).jpg,0,real,cifake,train
data/raw/cifake/train/FAKE/3712 (2).jpg,1,ai_generated,cifake,train
data/raw/cifake/train/REAL/1852 (3).jpg,0,real,cifake,train
data/raw/cifake/train/REAL/1991 (9).jpg,0,real,cifake,train
data/raw/cifake/train/REAL/4844 (6).jpg,0,real,cifake,train
data/raw/cifake/train/FAKE/1545 (8).jpg,1,ai_generated,cifake,train
data/raw/cifake/train/REAL/4074.jpg,0,real,cifake,train
data/raw/cifake/train/FAKE/5083 (2).jpg,1,ai_generated,cifake,train
data/raw/cifake/train/FAKE/5968 (5).jpg,1,ai_generated,cifake,train
data/raw/cifake/train/FAKE/1722 (8).jpg,1,ai_generated,cifake,train
data/raw/cifake/train/FAKE/1209.jpg,1,ai_generated,cifake,train
data/raw/cifake/train/REAL/4137 (6).jpg,0,real,cifake,train
data/raw/cifake/train/FAKE/4434 (4).jpg,1,ai_generated,cifake,train
data/raw/cifake/train/REAL/0822 (5).jpg,0,real,cifake,train
data/raw/cifake/train/REAL/0488 (5).jpg,0,real,cifake,train
data/raw/cifake/train/REAL/2478 (4).jpg,0,real,cifake,train
data/raw/cifake/train/REAL/2969 (10).jpg,0,real,cifake,train
data/raw/cifake/train/FAKE/3552 (7).jpg,1,ai_generated,cifake,train
data/raw/cifake/train/REAL/1391 (2).jpg,0,real,cifake,train
data/raw/cifake/train/REAL/0734.jpg,0,real,cifake,train
data/raw/cifake/train/REAL/0382 (8).jpg,0,real,cifake,train
data/raw/cifake/train/REAL/0818 (9).jpg,0,real,cifake,train
data/raw/cifake/train/FAKE/4810 (10).jpg,1,ai_generated,cifake,train
data/raw/cifake/train/REAL/4188 (4).jpg,0,real,cifake,train
data/raw/cifake/train/REAL/3627 (4).jpg,0,real,cifake,train
data/raw/cifake/train/FAKE/4727 (7).jpg,1,ai_generated,cifake,train
data/raw/cifake/train/FAKE/2444.jpg,1,ai_generated,cifake,train
data/raw/cifake/train/FAKE/2809 (3).jpg,1,ai_generated,cifake,train
data/raw/cifake/train/FAKE/2675 (9).jpg,1,ai_generated,cifake,train
data/raw/cifake/train/FAKE/3367 (2).jpg,1,ai_generated,cifake,train
data/raw/cifake/train/FAKE/3491 (3).jpg,1,ai_generated,cifake,train
data/raw/cifake/train/FAKE/1069 (10).jpg,1,ai_generated,cifake,train
data/raw/cifake/train/FAKE/2917 (3).jpg,1,ai_generated,cifake,train
data/raw/cifake/train/FAKE/3257 (7).jpg,1,ai_generated,cifake,train
data/raw/cifake/train/FAKE/1333 (2).jpg,1,ai_generated,cifake,train
data/raw/cifake/train/FAKE/4339 (5).jpg,1,ai_generated,cifake,train
data/raw/cifake/train/REAL/2903 (10).jpg,0,real,cifake,train
data/raw/cifake/train/REAL/1492 (5).jpg,0,real,cifake,train
data/raw/cifake/train/REAL/3291 (6).jpg,0,real,cifake,train
data/raw/cifake/train/FAKE/5865 (9).jpg,1,ai_generated,cifake,train
data/raw/cifake/train/FAKE/4190 (8).jpg,1,ai_generated,cifake,train
data/raw/cifake/train/FAKE/2967 (3).jpg,1,ai_generated,cifake,train
data/raw/cifake/train/REAL/2395 (6).jpg,0,real,cifake,train
data/raw/cifake/train/FAKE/4941 (9).jpg,1,ai_generated,cifake,train
data/raw/cifake/train/REAL/1132 (8).jpg,0,real,cifake,train
data/raw/cifake/train/FAKE/2988.jpg,1,ai_generated,cifake,train
data/raw/cifake/train/REAL/2088 (3).jpg,0,real,cifake,train
data/raw/cifake/train/REAL/3986 (3).jpg,0,real,cifake,train
data/raw/cifake/train/FAKE/3877 (10).jpg,1,ai_generated,cifake,train
data/raw/cifake/train/FAKE/3949 (9).jpg,1,ai_generated,cifake,train
data/raw/cifake/train/FAKE/3241 (4).jpg,1,ai_generated,cifake,train
data/raw/cifake/train/FAKE/4077 (10).jpg,1,ai_generated,cifake,train
data/raw/cifake/train/REAL/0836 (2).jpg,0,real,cifake,train
data/raw/cifake/train/FAKE/2072 (4).jpg,1,ai_generated,cifake,train
data/raw/cifake/train/FAKE/2135 (10).jpg,1,ai_generated,cifake,train
data/raw/cifake/train/REAL/2172 (8).jpg,0,real,cifake,train
data/raw/cifake/train/REAL/3154 (4).jpg,0,real,cifake,train
data/raw/cifake/train/REAL/3534 (6).jpg,0,real,cifake,train
data/raw/cifake/train/REAL/0586 (6).jpg,0,real,cifake,train
data/raw/cifake/train/FAKE/2241 (9).jpg,1,ai_generated,cifake,train
data/raw/cifake/train/REAL/1406 (9).jpg,0,real,cifake,train
data/raw/cifake/train/FAKE/5327 (10).jpg,1,ai_generated,cifake,train
data/raw/cifake/train/REAL/3888 (8).jpg,0,real,cifake,train
data/raw/cifake/train/REAL/3045 (8).jpg,0,real,cifake,train
data/raw/cifake/train/REAL/3675 (6).jpg,0,real,cifake,train
data/raw/cifake/train/REAL/0452 (3).jpg,0,real,cifake,train
data/raw/cifake/train/FAKE/2247 (10).jpg,1,ai_generated,cifake,train
data/raw/cifake/train/FAKE/5894 (10).jpg,1,ai_generated,cifake,train
data/raw/cifake/train/REAL/1890 (4).jpg,0,real,cifake,train
data/raw/cifake/train/FAKE/2620 (9).jpg,1,ai_generated,cifake,train
data/raw/cifake/train/REAL/4739.jpg,0,real,cifake,train
data/raw/cifake/train/REAL/2122 (10).jpg,0,real,cifake,train
data/raw/cifake/train/FAKE/5549 (8).jpg,1,ai_generated,cifake,train
data/raw/cifake/train/FAKE/4163 (7).jpg,1,ai_generated,cifake,train
data/raw/cifake/train/REAL/0905.jpg,0,real,cifake,train
data/raw/cifake/train/REAL/3379 (5).jpg,0,real,cifake,train
data/raw/cifake/train/REAL/0467 (2).jpg,0,real,cifake,train
data/raw/cifake/train/FAKE/3147 (5).jpg,1,ai_generated,cifake,train
data/raw/cifake/train/FAKE/5539.jpg,1,ai_generated,cifake,train
data/raw/cifake/train/FAKE/1924 (6).jpg,1,ai_generated,cifake,train
data/raw/cifake/train/REAL/1341.jpg,0,real,cifake,train
data/raw/cifake/train/REAL/4364 (4).jpg,0,real,cifake,train
data/raw/cifake/train/FAKE/3453 (9).jpg,1,ai_generated,cifake,train
data/raw/cifake/train/REAL/2699 (5).jpg,0,real,cifake,train
data/raw/cifake/train/FAKE/4262 (3).jpg,1,ai_generated,cifake,train
data/raw/cifake/train/FAKE/4543 (10).jpg,1,ai_generated,cifake,train
data/raw/cifake/train/REAL/2761 (6).jpg,0,real,cifake,train
data/raw/cifake/train/FAKE/1195 (5).jpg,1,ai_generated,cifake,train
data/raw/cifake/train/REAL/4820 (4).jpg,0,real,cifake,train
data/raw/cifake/train/FAKE/2652 (7).jpg,1,ai_generated,cifake,train
data/raw/cifake/train/FAKE/1711 (2).jpg,1,ai_generated,cifake,train
data/raw/cifake/train/FAKE/2496 (6).jpg,1,ai_generated,cifake,train
data/raw/cifake/train/REAL/1004 (4).jpg,0,real,cifake,train
data/raw/cifake/train/FAKE/1200 (10).jpg,1,ai_generated,cifake,train
data/raw/cifake/train/REAL/2703 (9).jpg,0,real,cifake,train
data/raw/cifake/train/REAL/2932 (10).jpg,0,real,cifake,train
data/raw/cifake/train/REAL/0847 (10).jpg,0,real,cifake,train
data/raw/cifake/train/REAL/2477 (8).jpg,0,real,cifake,train
data/raw/cifake/train/REAL/3013 (3).jpg,0,real,cifake,train
data/raw/cifake/train/REAL/4748 (6).jpg,0,real,cifake,train
data/raw/cifake/train/REAL/1634 (7).jpg,0,real,cifake,train
data/raw/cifake/train/FAKE/2246 (2).jpg,1,ai_generated,cifake,train
data/raw/cifake/train/FAKE/2705 (7).jpg,1,ai_generated,cifake,train
data/raw/cifake/train/FAKE/4087 (7).jpg,1,ai_generated,cifake,train
data/raw/cifake/train/REAL/3354.jpg,0,real,cifake,train
data/raw/cifake/train/REAL/4475 (10).jpg,0,real,cifake,train
data/raw/cifake/train/FAKE/1562 (8).jpg,1,ai_generated,cifake,train
data/raw/cifake/train/FAKE/3468 (4).jpg,1,ai_generated,cifake,train
data/raw/cifake/train/FAKE/2810 (7).jpg,1,ai_generated,cifake,train
data/raw/cifake/train/FAKE/4542 (5).jpg,1,ai_generated,cifake,train
data/raw/cifake/train/FAKE/3645 (5).jpg,1,ai_generated,cifake,train
data/raw/cifake/train/REAL/1744 (10).jpg,0,real,cifake,train
data/raw/cifake/train/FAKE/2817 (8).jpg,1,ai_generated,cifake,train
data/raw/cifake/train/REAL/0459 (3).jpg,0,real,cifake,train
data/raw/cifake/train/FAKE/5352 (7).jpg,1,ai_generated,cifake,train
data/raw/cifake/train/FAKE/1485 (8).jpg,1,ai_generated,cifake,train
data/raw/cifake/train/REAL/2496 (4).jpg,0,real,cifake,train
data/raw/cifake/train/FAKE/1800 (2).jpg,1,ai_generated,cifake,train
data/raw/cifake/train/FAKE/5358 (4).jpg,1,ai_generated,cifake,train
data/raw/cifake/train/FAKE/1559 (5).jpg,1,ai_generated,cifake,train
data/raw/cifake/train/FAKE/2314 (10).jpg,1,ai_generated,cifake,train
data/raw/cifake/train/REAL/2358.jpg,0,real,cifake,train
data/raw/cifake/train/FAKE/2036 (4).jpg,1,ai_generated,cifake,train
data/raw/cifake/train/FAKE/5522 (9).jpg,1,ai_generated,cifake,train
data/raw/cifake/train/REAL/1523 (4).jpg,0,real,cifake,train
data/raw/cifake/train/FAKE/1448 (7).jpg,1,ai_generated,cifake,train
data/raw/cifake/train/REAL/1090 (6).jpg,0,real,cifake,train
data/raw/cifake/train/REAL/0219 (10).jpg,0,real,cifake,train
data/raw/cifake/train/REAL/4023.jpg,0,real,cifake,train
data/raw/cifake/train/REAL/2844 (2).jpg,0,real,cifake,train
data/raw/cifake/train/REAL/3231 (7).jpg,0,real,cifake,train
data/raw/cifake/train/REAL/3755 (4).jpg,0,real,cifake,train
data/raw/cifake/train/REAL/4510 (2).jpg,0,real,cifake,train
data/raw/cifake/train/FAKE/4297 (3).jpg,1,ai_generated,cifake,train
data/raw/cifake/train/FAKE/2059 (7).jpg,1,ai_generated,cifake,train
data/raw/cifake/train/REAL/2443 (7).jpg,0,real,cifake,train
data/raw/cifake/train/FAKE/3202 (6).jpg,1,ai_generated,cifake,train
data/raw/cifake/train/REAL/1043 (6).jpg,0,real,cifake,train
data/raw/cifake/train/FAKE/1635 (7).jpg,1,ai_generated,cifake,train
data/raw/cifake/train/FAKE/4018 (5).jpg,1,ai_generated,cifake,train
data/raw/cifake/train/FAKE/1137 (4).jpg,1,ai_generated,cifake,train
data/raw/cifake/train/REAL/0003 (5).jpg,0,real,cifake,train
data/raw/cifake/train/REAL/0128 (6).jpg,0,real,cifake,train
data/raw/cifake/train/REAL/4905 (8).jpg,0,real,cifake,train
data/raw/cifake/train/FAKE/3077.jpg,1,ai_generated,cifake,train
data/raw/cifake/train/FAKE/1402 (3).jpg,1,ai_generated,cifake,train
data/raw/cifake/train/FAKE/1990 (6).jpg,1,ai_generated,cifake,train
data/raw/cifake/train/FAKE/5019.jpg,1,ai_generated,cifake,train
data/raw/cifake/train/REAL/2932 (5).jpg,0,real,cifake,train
data/raw/cifake/train/FAKE/2239 (9).jpg,1,ai_generated,cifake,train
data/raw/cifake/train/REAL/4287 (10).jpg,0,real,cifake,train
data/raw/cifake/train/FAKE/4004 (8).jpg,1,ai_generated,cifake,train
data/raw/cifake/train/REAL/2828 (8).jpg,0,real,cifake,train
data/raw/cifake/train/REAL/4454 (9).jpg,0,real,cifake,train
data/raw/cifake/train/REAL/3783 (4).jpg,0,real,cifake,train
data/raw/cifake/train/REAL/3459 (4).jpg,0,real,cifake,train
data/raw/cifake/train/FAKE/1833 (6).jpg,1,ai_generated,cifake,train
data/raw/cifake/train/REAL/2610 (7).jpg,0,real,cifake,train
data/raw/cifake/train/REAL/2938 (6).jpg,0,real,cifake,train
data/raw/cifake/train/REAL/0596 (7).jpg,0,real,cifake,train
data/raw/cifake/train/FAKE/4115 (10).jpg,1,ai_generated,cifake,train
data/raw/cifake/train/REAL/4205 (2).jpg,0,real,cifake,train
data/raw/cifake/train/FAKE/5297 (5).jpg,1,ai_generated,cifake,train
data/raw/cifake/train/REAL/2916 (4).jpg,0,real,cifake,train
data/raw/cifake/train/REAL/4404 (10).jpg,0,real,cifake,train
data/raw/cifake/train/FAKE/2034 (8).jpg,1,ai_generated,cifake,train
data/raw/cifake/train/FAKE/2592.jpg,1,ai_generated,cifake,train
data/raw/cifake/train/FAKE/3921 (5).jpg,1,ai_generated,cifake,train
data/raw/cifake/train/REAL/4627 (10).jpg,0,real,cifake,train
data/raw/cifake/train/FAKE/4810 (3).jpg,1,ai_generated,cifake,train
data/raw/cifake/train/FAKE/2234.jpg,1,ai_generated,cifake,train
data/raw/cifake/train/FAKE/5876 (4).jpg,1,ai_generated,cifake,train
data/raw/cifake/train/REAL/4319.jpg,0,real,cifake,train
data/raw/cifake/train/FAKE/5106 (9).jpg,1,ai_generated,cifake,train
data/raw/cifake/train/REAL/1611 (4).jpg,0,real,cifake,train
data/raw/cifake/train/REAL/3100 (9).jpg,0,real,cifake,train
data/raw/cifake/train/REAL/0131 (9).jpg,0,real,cifake,train
data/raw/cifake/train/FAKE/4997 (7).jpg,1,ai_generated,cifake,train
data/raw/cifake/train/REAL/3751 (3).jpg,0,real,cifake,train
data/raw/cifake/train/FAKE/5053 (7).jpg,1,ai_generated,cifake,train
data/raw/cifake/train/REAL/1812 (7).jpg,0,real,cifake,train
data/raw/cifake/train/REAL/3051 (10).jpg,0,real,cifake,train
data/raw/cifake/train/REAL/3450 (8).jpg,0,real,cifake,train
data/raw/cifake/train/REAL/2453.jpg,0,real,cifake,train
data/raw/cifake/train/FAKE/5598.jpg,1,ai_generated,cifake,train
data/raw/cifake/train/FAKE/1201 (10).jpg,1,ai_generated,cifake,train
data/raw/cifake/train/REAL/0186.jpg,0,real,cifake,train
data/raw/cifake/train/FAKE/2306 (9).jpg,1,ai_generated,cifake,train
data/raw/cifake/train/REAL/4303 (9).jpg,0,real,cifake,train
data/raw/cifake/train/FAKE/3170 (6).jpg,1,ai_generated,cifake,train
data/raw/cifake/train/FAKE/1430 (10).jpg,1,ai_generated,cifake,train
data/raw/cifake/train/FAKE/2915 (2).jpg,1,ai_generated,cifake,train
data/raw/cifake/train/FAKE/1245 (6).jpg,1,ai_generated,cifake,train
data/raw/cifake/train/FAKE/2050 (2).jpg,1,ai_generated,cifake,train
data/raw/cifake/train/FAKE/1748 (2).jpg,1,ai_generated,cifake,train
data/raw/cifake/train/FAKE/5658 (2).jpg,1,ai_generated,cifake,train
data/raw/cifake/train/FAKE/5347 (4).jpg,1,ai_generated,cifake,train
data/raw/cifake/train/FAKE/4539 (7).jpg,1,ai_generated,cifake,train
data/raw/cifake/train/FAKE/2885 (5).jpg,1,ai_generated,cifake,train
data/raw/cifake/train/FAKE/4360 (2).jpg,1,ai_generated,cifake,train
data/raw/cifake/train/REAL/4434 (2).jpg,0,real,cifake,train
data/raw/cifake/train/REAL/1131 (4).jpg,0,real,cifake,train
data/raw/cifake/train/REAL/4235.jpg,0,real,cifake,train
data/raw/cifake/train/FAKE/4442 (5).jpg,1,ai_generated,cifake,train
data/raw/cifake/train/REAL/1661 (7).jpg,0,real,cifake,train
data/raw/cifake/train/FAKE/1235.jpg,1,ai_generated,cifake,train
data/raw/cifake/train/FAKE/1466 (6).jpg,1,ai_generated,cifake,train
data/raw/cifake/train/FAKE/1794 (4).jpg,1,ai_generated,cifake,train
data/raw/cifake/train/FAKE/3949 (2).jpg,1,ai_generated,cifake,train
data/raw/cifake/train/REAL/2363 (5).jpg,0,real,cifake,train
data/raw/cifake/train/FAKE/1621 (10).jpg,1,ai_generated,cifake,train
data/raw/cifake/train/REAL/3014 (2).jpg,0,real,cifake,train
data/raw/cifake/train/REAL/0803 (7).jpg,0,real,cifake,train
data/raw/cifake/train/REAL/4750 (6).jpg,0,real,cifake,train
data/raw/cifake/train/FAKE/1723 (8).jpg,1,ai_generated,cifake,train
data/raw/cifake/train/FAKE/4565 (9).jpg,1,ai_generated,cifake,train
data/raw/cifake/train/REAL/2064 (10).jpg,0,real,cifake,train
data/raw/cifake/train/REAL/2863 (5).jpg,0,real,cifake,train
data/raw/cifake/train/REAL/2828 (5).jpg,0,real,cifake,train
data/raw/cifake/train/FAKE/2658 (5).jpg,1,ai_generated,cifake,train
data/raw/cifake/train/FAKE/2809 (5).jpg,1,ai_generated,cifake,train
data/raw/cifake/train/FAKE/5444 (10).jpg,1,ai_generated,cifake,train
data/raw/cifake/train/FAKE/5716 (6).jpg,1,ai_generated,cifake,train
data/raw/cifake/train/FAKE/1102 (7).jpg,1,ai_generated,cifake,train
data/raw/cifake/train/REAL/0986 (6).jpg,0,real,cifake,train
data/raw/cifake/train/REAL/0068 (6).jpg,0,real,cifake,train
data/raw/cifake/train/REAL/2199.jpg,0,real,cifake,train
data/raw/cifake/train/REAL/4097 (9).jpg,0,real,cifake,train
data/raw/cifake/train/FAKE/1032 (6).jpg,1,ai_generated,cifake,train
data/raw/cifake/train/REAL/3637 (4).jpg,0,real,cifake,train
data/raw/cifake/train/REAL/3652 (8).jpg,0,real,cifake,train
data/raw/cifake/train/FAKE/3123.jpg,1,ai_generated,cifake,train
data/raw/cifake/train/REAL/4290 (4).jpg,0,real,cifake,train
data/raw/cifake/train/FAKE/4279 (9).jpg,1,ai_generated,cifake,train
data/raw/cifake/train/FAKE/4799 (10).jpg,1,ai_generated,cifake,train
data/raw/cifake/train/FAKE/3595 (7).jpg,1,ai_generated,cifake,train
data/raw/cifake/train/REAL/1781 (4).jpg,0,real,cifake,train
data/raw/cifake/train/REAL/2756 (5).jpg,0,real,cifake,train
data/raw/cifake/train/FAKE/5513 (10).jpg,1,ai_generated,cifake,train
data/raw/cifake/train/REAL/0698 (8).jpg,0,real,cifake,train
data/raw/cifake/train/FAKE/4035 (9).jpg,1,ai_generated,cifake,train
data/raw/cifake/train/REAL/3198 (9).jpg,0,real,cifake,train
data/raw/cifake/train/FAKE/4344 (2).jpg,1,ai_generated,cifake,train
data/raw/cifake/train/REAL/1480 (6).jpg,0,real,cifake,train
data/raw/cifake/train/REAL/2654 (8).jpg,0,real,cifake,train
data/raw/cifake/train/REAL/3858 (4).jpg,0,real,cifake,train
data/raw/cifake/train/FAKE/3039 (10).jpg,1,ai_generated,cifake,train
data/raw/cifake/train/FAKE/3374 (10).jpg,1,ai_generated,cifake,train
data/raw/cifake/train/FAKE/5306 (3).jpg,1,ai_generated,cifake,train
data/raw/cifake/train/FAKE/2258 (5).jpg,1,ai_generated,cifake,train
data/raw/cifake/train/REAL/1052 (9).jpg,0,real,cifake,train
data/raw/cifake/train/FAKE/4825 (7).jpg,1,ai_generated,cifake,train
data/raw/cifake/train/REAL/1438.jpg,0,real,cifake,train
data/raw/cifake/train/REAL/0741 (5).jpg,0,real,cifake,train
data/raw/cifake/train/REAL/3581 (2).jpg,0,real,cifake,train
data/raw/cifake/train/FAKE/2664.jpg,1,ai_generated,cifake,train
data/raw/cifake/train/REAL/2071 (5).jpg,0,real,cifake,train
data/raw/cifake/train/REAL/2315 (10).jpg,0,real,cifake,train
data/raw/cifake/train/REAL/1575 (6).jpg,0,real,cifake,train
data/raw/cifake/train/FAKE/5377 (7).jpg,1,ai_generated,cifake,train
data/raw/cifake/train/REAL/2316 (6).jpg,0,real,cifake,train
data/raw/cifake/train/REAL/2582.jpg,0,real,cifake,train
data/raw/cifake/train/FAKE/2785 (6).jpg,1,ai_generated,cifake,train
data/raw/cifake/train/REAL/4996 (7).jpg,0,real,cifake,train
data/raw/cifake/train/FAKE/5431 (5).jpg,1,ai_generated,cifake,train
data/raw/cifake/train/REAL/3670 (4).jpg,0,real,cifake,train
data/raw/cifake/train/FAKE/1333 (10).jpg,1,ai_generated,cifake,train
data/raw/cifake/train/REAL/0952 (10).jpg,0,real,cifake,train
data/raw/cifake/train/REAL/0835 (5).jpg,0,real,cifake,train
data/raw/cifake/train/REAL/3804 (8).jpg,0,real,cifake,train
data/raw/cifake/train/FAKE/1374 (5).jpg,1,ai_generated,cifake,train
data/raw/cifake/train/REAL/1783 (7).jpg,0,real,cifake,train
data/raw/cifake/train/FAKE/1635 (4).jpg,1,ai_generated,cifake,train
data/raw/cifake/train/REAL/3161 (9).jpg,0,real,cifake,train
data/raw/cifake/train/REAL/4663 (6).jpg,0,real,cifake,train
data/raw/cifake/train/FAKE/3711 (7).jpg,1,ai_generated,cifake,train
data/raw/cifake/train/REAL/2007 (4).jpg,0,real,cifake,train
data/raw/cifake/train/REAL/1005 (4).jpg,0,real,cifake,train
data/raw/cifake/train/REAL/2346 (6).jpg,0,real,cifake,train
data/raw/cifake/train/REAL/0794 (3).jpg,0,real,cifake,train
data/raw/cifake/train/FAKE/1135 (8).jpg,1,ai_generated,cifake,train
data/raw/cifake/train/REAL/2320 (7).jpg,0,real,cifake,train
data/raw/cifake/train/REAL/0922.jpg,0,real,cifake,train
data/raw/cifake/train/FAKE/4038 (7).jpg,1,ai_generated,cifake,train
data/raw/cifake/train/FAKE/3448 (7).jpg,1,ai_generated,cifake,train
data/raw/cifake/train/REAL/2825 (8).jpg,0,real,cifake,train
data/raw/cifake/train/REAL/4823.jpg,0,real,cifake,train
data/raw/cifake/train/FAKE/4045 (9).jpg,1,ai_generated,cifake,train
data/raw/cifake/train/REAL/3012 (10).jpg,0,real,cifake,train
data/raw/cifake/train/REAL/1914 (2).jpg,0,real,cifake,train
data/raw/cifake/train/FAKE/2510.jpg,1,ai_generated,cifake,train
data/raw/cifake/train/REAL/1658 (6).jpg,0,real,cifake,train
data/raw/cifake/train/REAL/2101 (5).jpg,0,real,cifake,train
data/raw/cifake/train/REAL/4194 (7).jpg,0,real,cifake,train
data/raw/cifake/train/FAKE/2468 (4).jpg,1,ai_generated,cifake,train
data/raw/cifake/train/REAL/1011 (9).jpg,0,real,cifake,train
data/raw/cifake/train/FAKE/1304 (7).jpg,1,ai_generated,cifake,train
data/raw/cifake/train/REAL/0280 (2).jpg,0,real,cifake,train
data/raw/cifake/train/REAL/1116 (10).jpg,0,real,cifake,train
data/raw/cifake/train/REAL/4508 (9).jpg,0,real,cifake,train
data/raw/cifake/train/REAL/0874 (5).jpg,0,real,cifake,train
data/raw/cifake/train/REAL/3507.jpg,0,real,cifake,train
data/raw/cifake/train/REAL/3529 (6).jpg,0,real,cifake,train
data/raw/cifake/train/FAKE/2631 (8).jpg,1,ai_generated,cifake,train
data/raw/cifake/train/REAL/1687 (9).jpg,0,real,cifake,train
data/raw/cifake/train/FAKE/2178 (5).jpg,1,ai_generated,cifake,train
data/raw/cifake/train/FAKE/4210 (7).jpg,1,ai_generated,cifake,train
data/raw/cifake/train/FAKE/1134 (3).jpg,1,ai_generated,cifake,train
data/raw/cifake/train/REAL/1735 (3).jpg,0,real,cifake,train
data/raw/cifake/train/REAL/4455 (6).jpg,0,real,cifake,train
data/raw/cifake/train/REAL/3323 (6).jpg,0,real,cifake,train
data/raw/cifake/train/REAL/0450 (2).jpg,0,real,cifake,train
data/raw/cifake/train/REAL/0131 (7).jpg,0,real,cifake,train
data/raw/cifake/train/REAL/1705 (3).jpg,0,real,cifake,train
data/raw/cifake/train/FAKE/5311 (9).jpg,1,ai_generated,cifake,train
data/raw/cifake/train/FAKE/1220 (4).jpg,1,ai_generated,cifake,train
data/raw/cifake/train/REAL/3013 (8).jpg,0,real,cifake,train
data/raw/cifake/train/REAL/2805 (9).jpg,0,real,cifake,train
data/raw/cifake/train/FAKE/3365 (8).jpg,1,ai_generated,cifake,train
data/raw/cifake/train/REAL/4867 (10).jpg,0,real,cifake,train
data/raw/cifake/train/FAKE/3528 (8).jpg,1,ai_generated,cifake,train
data/raw/cifake/train/FAKE/3689.jpg,1,ai_generated,cifake,train
data/raw/cifake/train/REAL/1420 (5).jpg,0,real,cifake,train
data/raw/cifake/train/FAKE/3131 (5).jpg,1,ai_generated,cifake,train
data/raw/cifake/train/FAKE/1757 (2).jpg,1,ai_generated,cifake,train
data/raw/cifake/train/FAKE/5400 (8).jpg,1,ai_generated,cifake,train
data/raw/cifake/train/FAKE/2859 (7).jpg,1,ai_generated,cifake,train
data/raw/cifake/train/REAL/3345 (7).jpg,0,real,cifake,train
data/raw/cifake/train/REAL/4968 (7).jpg,0,real,cifake,train
data/raw/cifake/train/FAKE/2745.jpg,1,ai_generated,cifake,train
data/raw/cifake/train/FAKE/3458 (7).jpg,1,ai_generated,cifake,train
data/raw/cifake/train/REAL/0834 (4).jpg,0,real,cifake,train
data/raw/cifake/train/REAL/4630 (9).jpg,0,real,cifake,train
data/raw/cifake/train/FAKE/1118 (5).jpg,1,ai_generated,cifake,train
data/raw/cifake/train/FAKE/2940 (8).jpg,1,ai_generated,cifake,train
data/raw/cifake/train/REAL/3745 (10).jpg,0,real,cifake,train
data/raw/cifake/train/FAKE/4479 (9).jpg,1,ai_generated,cifake,train
data/raw/cifake/train/REAL/2584 (4).jpg,0,real,cifake,train
data/raw/cifake/train/FAKE/4768 (7).jpg,1,ai_generated,cifake,train
data/raw/cifake/train/REAL/3283 (10).jpg,0,real,cifake,train
data/raw/cifake/train/FAKE/2030 (9).jpg,1,ai_generated,cifake,train
data/raw/cifake/train/REAL/3697 (3).jpg,0,real,cifake,train
data/raw/cifake/train/FAKE/3017 (8).jpg,1,ai_generated,cifake,train
data/raw/cifake/train/REAL/2854.jpg,0,real,cifake,train
data/raw/cifake/train/FAKE/4030 (3).jpg,1,ai_generated,cifake,train
data/raw/cifake/train/FAKE/1563 (4).jpg,1,ai_generated,cifake,train
data/raw/cifake/train/FAKE/5648.jpg,1,ai_generated,cifake,train
data/raw/cifake/train/REAL/0149 (9).jpg,0,real,cifake,train
data/raw/cifake/train/FAKE/3833 (5).jpg,1,ai_generated,cifake,train
data/raw/cifake/train/FAKE/1968 (5).jpg,1,ai_generated,cifake,train
data/raw/cifake/train/FAKE/4195 (6).jpg,1,ai_generated,cifake,train
data/raw/cifake/train/REAL/0016.jpg,0,real,cifake,train
data/raw/cifake/train/REAL/4729 (2).jpg,0,real,cifake,train
data/raw/cifake/train/FAKE/4479.jpg,1,ai_generated,cifake,train
data/raw/cifake/train/REAL/1592 (7).jpg,0,real,cifake,train
data/raw/cifake/train/FAKE/1192 (2).jpg,1,ai_generated,cifake,train
data/raw/cifake/train/REAL/3689 (6).jpg,0,real,cifake,train
data/raw/cifake/train/FAKE/5167 (7).jpg,1,ai_generated,cifake,train
data/raw/cifake/train/FAKE/3323 (8).jpg,1,ai_generated,cifake,train
data/raw/cifake/train/REAL/3764.jpg,0,real,cifake,train
data/raw/cifake/train/FAKE/4942.jpg,1,ai_generated,cifake,train
data/raw/cifake/train/FAKE/4899 (7).jpg,1,ai_generated,cifake,train
data/raw/cifake/train/FAKE/3606 (3).jpg,1,ai_generated,cifake,train
data/raw/cifake/train/REAL/4899.jpg,0,real,cifake,train
data/raw/cifake/train/FAKE/1865.jpg,1,ai_generated,cifake,train
data/raw/cifake/train/REAL/2125 (4).jpg,0,real,cifake,train
data/raw/cifake/train/REAL/3164 (9).jpg,0,real,cifake,train
data/raw/cifake/train/REAL/3718 (6).jpg,0,real,cifake,train
data/raw/cifake/train/FAKE/1555 (9).jpg,1,ai_generated,cifake,train
data/raw/cifake/train/REAL/1954 (4).jpg,0,real,cifake,train
data/raw/cifake/train/FAKE/1753 (10).jpg,1,ai_generated,cifake,train
data/raw/cifake/train/REAL/1497 (4).jpg,0,real,cifake,train
data/raw/cifake/train/FAKE/5655 (10).jpg,1,ai_generated,cifake,train
data/raw/cifake/train/FAKE/1085.jpg,1,ai_generated,cifake,train
data/raw/cifake/train/FAKE/1758 (9).jpg,1,ai_generated,cifake,train
data/raw/cifake/train/REAL/4231 (6).jpg,0,real,cifake,train
data/raw/cifake/train/REAL/1869.jpg,0,real,cifake,train
data/raw/cifake/train/FAKE/1908 (3).jpg,1,ai_generated,cifake,train
data/raw/cifake/train/REAL/4313 (5).jpg,0,real,cifake,train
data/raw/cifake/train/REAL/2151 (8).jpg,0,real,cifake,train
data/raw/cifake/train/REAL/2194 (9).jpg,0,real,cifake,train
data/raw/cifake/train/FAKE/4816 (4).jpg,1,ai_generated,cifake,train
data/raw/cifake/train/REAL/4088 (6).jpg,0,real,cifake,train
data/raw/cifake/train/FAKE/3726.jpg,1,ai_generated,cifake,train
data/raw/cifake/train/FAKE/1450 (7).jpg,1,ai_generated,cifake,train
data/raw/cifake/train/FAKE/1620 (7).jpg,1,ai_generated,cifake,train
data/raw/cifake/train/REAL/0000 (8).jpg,0,real,cifake,train
data/raw/cifake/train/FAKE/2246 (8).jpg,1,ai_generated,cifake,train
data/raw/cifake/train/REAL/4578 (8).jpg,0,real,cifake,train
data/raw/cifake/train/REAL/2155 (7).jpg,0,real,cifake,train
data/raw/cifake/train/REAL/1643 (6).jpg,0,real,cifake,train
data/raw/cifake/train/FAKE/2686 (9).jpg,1,ai_generated,cifake,train
data/raw/cifake/train/REAL/2870 (3).jpg,0,real,cifake,train
data/raw/cifake/train/FAKE/2624 (3).jpg,1,ai_generated,cifake,train
data/raw/cifake/train/FAKE/4805.jpg,1,ai_generated,cifake,train
data/raw/cifake/train/REAL/1577 (5).jpg,0,real,cifake,train
data/raw/cifake/train/REAL/0551.jpg,0,real,cifake,train
data/raw/cifake/train/FAKE/1511 (9).jpg,1,ai_generated,cifake,train
data/raw/cifake/train/FAKE/4011 (2).jpg,1,ai_generated,cifake,train
data/raw/cifake/train/FAKE/4391 (5).jpg,1,ai_generated,cifake,train
data/raw/cifake/train/REAL/2776 (4).jpg,0,real,cifake,train
data/raw/cifake/train/REAL/1059 (6).jpg,0,real,cifake,train
data/raw/cifake/train/FAKE/2490 (8).jpg,1,ai_generated,cifake,train
data/raw/cifake/train/REAL/0311 (2).jpg,0,real,cifake,train
data/raw/cifake/train/REAL/1907 (4).jpg,0,real,cifake,train
data/raw/cifake/train/FAKE/3178 (9).jpg,1,ai_generated,cifake,train
data/raw/cifake/train/REAL/1799 (2).jpg,0,real,cifake,train
data/raw/cifake/train/FAKE/3848 (10).jpg,1,ai_generated,cifake,train
data/raw/cifake/train/REAL/0356 (6).jpg,0,real,cifake,train
data/raw/cifake/train/FAKE/3259.jpg,1,ai_generated,cifake,train
data/raw/cifake/train/FAKE/3842 (5).jpg,1,ai_generated,cifake,train
data/raw/cifake/train/REAL/4540 (10).jpg,0,real,cifake,train
data/raw/cifake/train/REAL/4045 (5).jpg,0,real,cifake,train
data/raw/cifake/train/REAL/1270 (7).jpg,0,real,cifake,train
data/raw/cifake/train/REAL/1673 (2).jpg,0,real,cifake,train
data/raw/cifake/train/REAL/2359 (3).jpg,0,real,cifake,train
data/raw/cifake/train/FAKE/3536 (7).jpg,1,ai_generated,cifake,train
data/raw/cifake/train/REAL/2764 (8).jpg,0,real,cifake,train
data/raw/cifake/train/FAKE/4913 (4).jpg,1,ai_generated,cifake,train
data/raw/cifake/train/FAKE/1842 (2).jpg,1,ai_generated,cifake,train
data/raw/cifake/train/FAKE/1033 (4).jpg,1,ai_generated,cifake,train
data/raw/cifake/train/FAKE/3944 (10).jpg,1,ai_generated,cifake,train
data/raw/cifake/train/FAKE/4619 (5).jpg,1,ai_generated,cifake,train
data/raw/cifake/train/REAL/4774.jpg,0,real,cifake,train
data/raw/cifake/train/REAL/1497 (10).jpg,0,real,cifake,train
data/raw/cifake/train/FAKE/2234 (9).jpg,1,ai_generated,cifake,train
data/raw/cifake/train/FAKE/3012 (8).jpg,1,ai_generated,cifake,train
data/raw/cifake/train/REAL/1897 (3).jpg,0,real,cifake,train
data/raw/cifake/train/FAKE/5735 (4).jpg,1,ai_generated,cifake,train
data/raw/cifake/train/FAKE/3850 (7).jpg,1,ai_generated,cifake,train
data/raw/cifake/train/REAL/0563 (4).jpg,0,real,cifake,train
data/raw/cifake/train/FAKE/3868 (5).jpg,1,ai_generated,cifake,train
data/raw/cifake/train/REAL/4675 (7).jpg,0,real,cifake,train
data/raw/cifake/train/FAKE/4088 (5).jpg,1,ai_generated,cifake,train
data/raw/cifake/train/FAKE/3388 (6).jpg,1,ai_generated,cifake,train
data/raw/cifake/train/FAKE/4866 (2).jpg,1,ai_generated,cifake,train
data/raw/cifake/train/FAKE/5932 (8).jpg,1,ai_generated,cifake,train
data/raw/cifake/train/FAKE/2188 (6).jpg,1,ai_generated,cifake,train
data/raw/cifake/train/FAKE/4678 (6).jpg,1,ai_generated,cifake,train
data/raw/cifake/train/REAL/1421.jpg,0,real,cifake,train
data/raw/cifake/train/REAL/3739 (7).jpg,0,real,cifake,train
data/raw/cifake/train/REAL/1249 (7).jpg,0,real,cifake,train
data/raw/cifake/train/REAL/3362 (10).jpg,0,real,cifake,train
data/raw/cifake/train/FAKE/1933 (2).jpg,1,ai_generated,cifake,train
data/raw/cifake/train/FAKE/5301 (9).jpg,1,ai_generated,cifake,train
data/raw/cifake/train/REAL/0676 (9).jpg,0,real,cifake,train
data/raw/cifake/train/FAKE/5060 (9).jpg,1,ai_generated,cifake,train
data/raw/cifake/train/REAL/1263 (2).jpg,0,real,cifake,train
data/raw/cifake/train/FAKE/2261 (4).jpg,1,ai_generated,cifake,train
data/raw/cifake/train/FAKE/4018 (6).jpg,1,ai_generated,cifake,train
data/raw/cifake/train/REAL/2704 (2).jpg,0,real,cifake,train
data/raw/cifake/train/FAKE/4655 (4).jpg,1,ai_generated,cifake,train
data/raw/cifake/train/REAL/1268 (6).jpg,0,real,cifake,train
data/raw/cifake/train/FAKE/2413 (8).jpg,1,ai_generated,cifake,train
data/raw/cifake/train/REAL/3955 (10).jpg,0,real,cifake,train
data/raw/cifake/train/FAKE/1614 (2).jpg,1,ai_generated,cifake,train
data/raw/cifake/train/REAL/1640 (8).jpg,0,real,cifake,train
data/raw/cifake/train/FAKE/4208 (7).jpg,1,ai_generated,cifake,train
data/raw/cifake/train/REAL/4183 (5).jpg,0,real,cifake,train
data/raw/cifake/train/REAL/4412 (2).jpg,0,real,cifake,train
data/raw/cifake/train/FAKE/4827 (8).jpg,1,ai_generated,cifake,train
data/raw/cifake/train/FAKE/5061 (9).jpg,1,ai_generated,cifake,train
data/raw/cifake/train/REAL/2809 (8).jpg,0,real,cifake,train
data/raw/cifake/train/REAL/1730 (2).jpg,0,real,cifake,train
data/raw/cifake/train/REAL/1670 (4).jpg,0,real,cifake,train
data/raw/cifake/train/REAL/2614 (7).jpg,0,real,cifake,train
data/raw/cifake/train/FAKE/3969 (10).jpg,1,ai_generated,cifake,train
data/raw/cifake/train/REAL/4885 (7).jpg,0,real,cifake,train
data/raw/cifake/train/REAL/0227 (3).jpg,0,real,cifake,train
data/raw/cifake/train/REAL/4610 (10).jpg,0,real,cifake,train
data/raw/cifake/train/REAL/0791 (10).jpg,0,real,cifake,train
data/raw/cifake/train/FAKE/4739 (9).jpg,1,ai_generated,cifake,train
data/raw/cifake/train/REAL/3469 (2).jpg,0,real,cifake,train
data/raw/cifake/train/REAL/2845 (8).jpg,0,real,cifake,train
data/raw/cifake/train/FAKE/3381 (6).jpg,1,ai_generated,cifake,train
data/raw/cifake/train/FAKE/4648 (4).jpg,1,ai_generated,cifake,train
data/raw/cifake/train/REAL/0492 (8).jpg,0,real,cifake,train
data/raw/cifake/train/FAKE/2373 (6).jpg,1,ai_generated,cifake,train
data/raw/cifake/train/REAL/2614 (6).jpg,0,real,cifake,train
data/raw/cifake/train/FAKE/3362 (7).jpg,1,ai_generated,cifake,train
data/raw/cifake/train/REAL/0330 (6).jpg,0,real,cifake,train
data/raw/cifake/train/FAKE/1687 (3).jpg,1,ai_generated,cifake,train
data/raw/cifake/train/REAL/2014 (3).jpg,0,real,cifake,train
data/raw/cifake/train/REAL/4942.jpg,0,real,cifake,train
data/raw/cifake/train/REAL/4262 (2).jpg,0,real,cifake,train
data/raw/cifake/train/FAKE/3832 (6).jpg,1,ai_generated,cifake,train
data/raw/cifake/train/FAKE/4188 (3).jpg,1,ai_generated,cifake,train
data/raw/cifake/train/FAKE/3622 (8).jpg,1,ai_generated,cifake,train
data/raw/cifake/train/REAL/4540 (9).jpg,0,real,cifake,train
data/raw/cifake/train/REAL/1944 (5).jpg,0,real,cifake,train
data/raw/cifake/train/FAKE/4196 (2).jpg,1,ai_generated,cifake,train
data/raw/cifake/train/FAKE/3955 (8).jpg,1,ai_generated,cifake,train
data/raw/cifake/train/REAL/3772 (3).jpg,0,real,cifake,train
data/raw/cifake/train/REAL/0787.jpg,0,real,cifake,train
data/raw/cifake/train/FAKE/4919 (10).jpg,1,ai_generated,cifake,train
data/raw/cifake/train/FAKE/2016 (3).jpg,1,ai_generated,cifake,train
data/raw/cifake/train/REAL/4307 (4).jpg,0,real,cifake,train
data/raw/cifake/train/FAKE/4510 (2).jpg,1,ai_generated,cifake,train
data/raw/cifake/train/REAL/2872 (10).jpg,0,real,cifake,train
data/raw/cifake/train/FAKE/2770 (7).jpg,1,ai_generated,cifake,train
data/raw/cifake/train/FAKE/2037 (2).jpg,1,ai_generated,cifake,train
data/raw/cifake/train/FAKE/1349 (5).jpg,1,ai_generated,cifake,train
data/raw/cifake/train/REAL/0792 (3).jpg,0,real,cifake,train
data/raw/cifake/train/FAKE/1505 (8).jpg,1,ai_generated,cifake,train
data/raw/cifake/train/FAKE/2809 (7).jpg,1,ai_generated,cifake,train
data/raw/cifake/train/FAKE/1686 (5).jpg,1,ai_generated,cifake,train
data/raw/cifake/train/FAKE/5253 (7).jpg,1,ai_generated,cifake,train
data/raw/cifake/train/FAKE/4104 (3).jpg,1,ai_generated,cifake,train
data/raw/cifake/train/REAL/4134 (4).jpg,0,real,cifake,train
data/raw/cifake/train/FAKE/5623 (3).jpg,1,ai_generated,cifake,train
data/raw/cifake/train/FAKE/2127 (5).jpg,1,ai_generated,cifake,train
data/raw/cifake/train/FAKE/3645 (10).jpg,1,ai_generated,cifake,train
data/raw/cifake/train/FAKE/1824 (6).jpg,1,ai_generated,cifake,train
data/raw/cifake/train/REAL/1749.jpg,0,real,cifake,train
data/raw/cifake/train/REAL/4062 (7).jpg,0,real,cifake,train
data/raw/cifake/train/FAKE/1679 (9).jpg,1,ai_generated,cifake,train
data/raw/cifake/train/FAKE/3767 (5).jpg,1,ai_generated,cifake,train
data/raw/cifake/train/FAKE/3068 (8).jpg,1,ai_generated,cifake,train
data/raw/cifake/train/FAKE/5615 (7).jpg,1,ai_generated,cifake,train
data/raw/cifake/train/FAKE/2809 (8).jpg,1,ai_generated,cifake,train
data/raw/cifake/train/REAL/4333 (9).jpg,0,real,cifake,train
data/raw/cifake/train/REAL/2038 (6).jpg,0,real,cifake,train
data/raw/cifake/train/REAL/3665 (3).jpg,0,real,cifake,train
data/raw/cifake/train/REAL/1036 (5).jpg,0,real,cifake,train
data/raw/cifake/train/REAL/1741 (5).jpg,0,real,cifake,train
data/raw/cifake/train/REAL/0195 (7).jpg,0,real,cifake,train
data/raw/cifake/train/FAKE/2935.jpg,1,ai_generated,cifake,train
data/raw/cifake/train/REAL/1494 (7).jpg,0,real,cifake,train
data/raw/cifake/train/REAL/1188 (3).jpg,0,real,cifake,train
data/raw/cifake/train/FAKE/1184.jpg,1,ai_generated,cifake,train
data/raw/cifake/train/FAKE/1657 (9).jpg,1,ai_generated,cifake,train
data/raw/cifake/train/FAKE/2276 (8).jpg,1,ai_generated,cifake,train
data/raw/cifake/train/FAKE/1227 (5).jpg,1,ai_generated,cifake,train
data/raw/cifake/train/REAL/4648 (4).jpg,0,real,cifake,train
data/raw/cifake/train/FAKE/2225 (5).jpg,1,ai_generated,cifake,train
data/raw/cifake/train/FAKE/1342 (4).jpg,1,ai_generated,cifake,train
data/raw/cifake/train/REAL/1452 (8).jpg,0,real,cifake,train
data/raw/cifake/train/FAKE/1286 (2).jpg,1,ai_generated,cifake,train
data/raw/cifake/train/FAKE/2679 (2).jpg,1,ai_generated,cifake,train
data/raw/cifake/train/REAL/4990 (9).jpg,0,real,cifake,train
data/raw/cifake/train/FAKE/1389.jpg,1,ai_generated,cifake,train
data/raw/cifake/train/REAL/3173 (4).jpg,0,real,cifake,train
data/raw/cifake/train/REAL/4822 (2).jpg,0,real,cifake,train
data/raw/cifake/train/REAL/2198.jpg,0,real,cifake,train
data/raw/cifake/train/REAL/4569 (4).jpg,0,real,cifake,train
data/raw/cifake/train/FAKE/4286 (8).jpg,1,ai_generated,cifake,train
data/raw/cifake/train/REAL/4475 (4).jpg,0,real,cifake,train
data/raw/cifake/train/REAL/1226 (9).jpg,0,real,cifake,train
data/raw/cifake/train/REAL/0900 (2).jpg,0,real,cifake,train
data/raw/cifake/train/FAKE/1122 (6).jpg,1,ai_generated,cifake,train
data/raw/cifake/train/REAL/2965 (9).jpg,0,real,cifake,train
data/raw/cifake/train/FAKE/1906 (3).jpg,1,ai_generated,cifake,train
data/raw/cifake/train/FAKE/4014 (3).jpg,1,ai_generated,cifake,train
data/raw/cifake/train/FAKE/1138 (7).jpg,1,ai_generated,cifake,train
data/raw/cifake/train/REAL/3469 (3).jpg,0,real,cifake,train
data/raw/cifake/train/FAKE/4693 (6).jpg,1,ai_generated,cifake,train
data/raw/cifake/train/FAKE/3485 (9).jpg,1,ai_generated,cifake,train
data/raw/cifake/train/FAKE/5130 (3).jpg,1,ai_generated,cifake,train
data/raw/cifake/train/REAL/0852 (9).jpg,0,real,cifake,train
data/raw/cifake/train/FAKE/1987 (5).jpg,1,ai_generated,cifake,train
data/raw/cifake/train/REAL/2183 (7).jpg,0,real,cifake,train
data/raw/cifake/train/FAKE/2683 (5).jpg,1,ai_generated,cifake,train
data/raw/cifake/train/REAL/1876 (9).jpg,0,real,cifake,train
data/raw/cifake/train/REAL/2105 (7).jpg,0,real,cifake,train
data/raw/cifake/train/FAKE/4094 (10).jpg,1,ai_generated,cifake,train
data/raw/cifake/train/REAL/4605.jpg,0,real,cifake,train
data/raw/cifake/train/FAKE/4556 (3).jpg,1,ai_generated,cifake,train
data/raw/cifake/train/REAL/0379 (2).jpg,0,real,cifake,train
data/raw/cifake/train/REAL/4713 (3).jpg,0,real,cifake,train
data/raw/cifake/train/REAL/1903 (3).jpg,0,real,cifake,train
data/raw/cifake/train/FAKE/2586.jpg,1,ai_generated,cifake,train
data/raw/cifake/train/FAKE/1913 (9).jpg,1,ai_generated,cifake,train
data/raw/cifake/train/FAKE/2213 (4).jpg,1,ai_generated,cifake,train
data/raw/cifake/train/FAKE/3530 (2).jpg,1,ai_generated,cifake,train
data/raw/cifake/train/FAKE/3054 (6).jpg,1,ai_generated,cifake,train
data/raw/cifake/train/FAKE/5542 (9).jpg,1,ai_generated,cifake,train
data/raw/cifake/train/FAKE/3762 (6).jpg,1,ai_generated,cifake,train
data/raw/cifake/train/REAL/3784 (7).jpg,0,real,cifake,train
data/raw/cifake/train/REAL/1231 (4).jpg,0,real,cifake,train
data/raw/cifake/train/REAL/4702 (2).jpg,0,real,cifake,train
data/raw/cifake/train/REAL/1386 (6).jpg,0,real,cifake,train
data/raw/cifake/train/REAL/0225.jpg,0,real,cifake,train
data/raw/cifake/train/REAL/0410.jpg,0,real,cifake,train
data/raw/cifake/train/FAKE/5539 (7).jpg,1,ai_generated,cifake,train
data/raw/cifake/train/REAL/2247 (4).jpg,0,real,cifake,train
data/raw/cifake/train/FAKE/3398 (4).jpg,1,ai_generated,cifake,train
data/raw/cifake/train/FAKE/1901.jpg,1,ai_generated,cifake,train
data/raw/cifake/train/FAKE/3205 (4).jpg,1,ai_generated,cifake,train
data/raw/cifake/train/FAKE/1490 (9).jpg,1,ai_generated,cifake,train
data/raw/cifake/train/FAKE/3635 (5).jpg,1,ai_generated,cifake,train
data/raw/cifake/train/FAKE/1712 (6).jpg,1,ai_generated,cifake,train
data/raw/cifake/train/FAKE/3310 (9).jpg,1,ai_generated,cifake,train
data/raw/cifake/train/FAKE/3457 (8).jpg,1,ai_generated,cifake,train
data/raw/cifake/train/FAKE/1379.jpg,1,ai_generated,cifake,train
data/raw/cifake/train/FAKE/1038 (8).jpg,1,ai_generated,cifake,train
data/raw/cifake/train/REAL/3734 (3).jpg,0,real,cifake,train
data/raw/cifake/train/FAKE/5722 (2).jpg,1,ai_generated,cifake,train
data/raw/cifake/train/REAL/4426 (3).jpg,0,real,cifake,train
data/raw/cifake/train/REAL/4790 (4).jpg,0,real,cifake,train
data/raw/cifake/train/REAL/3332 (3).jpg,0,real,cifake,train
data/raw/cifake/train/REAL/3147 (7).jpg,0,real,cifake,train
data/raw/cifake/train/FAKE/4658.jpg,1,ai_generated,cifake,train
data/raw/cifake/train/FAKE/4700 (7).jpg,1,ai_generated,cifake,train
data/raw/cifake/train/FAKE/1736 (9).jpg,1,ai_generated,cifake,train
data/raw/cifake/train/REAL/3679 (4).jpg,0,real,cifake,train
data/raw/cifake/train/REAL/0237 (3).jpg,0,real,cifake,train
data/raw/cifake/train/FAKE/2452.jpg,1,ai_generated,cifake,train
data/raw/cifake/train/FAKE/4530.jpg,1,ai_generated,cifake,train
data/raw/cifake/train/REAL/2744 (2).jpg,0,real,cifake,train
data/raw/cifake/train/REAL/0184 (2).jpg,0,real,cifake,train
data/raw/cifake/train/REAL/2446 (8).jpg,0,real,cifake,train
data/raw/cifake/train/FAKE/1807 (10).jpg,1,ai_generated,cifake,train
data/raw/cifake/train/FAKE/1464 (10).jpg,1,ai_generated,cifake,train
data/raw/cifake/train/FAKE/2787 (4).jpg,1,ai_generated,cifake,train
data/raw/cifake/train/FAKE/5901 (10).jpg,1,ai_generated,cifake,train
data/raw/cifake/train/FAKE/5996 (10).jpg,1,ai_generated,cifake,train
data/raw/cifake/train/REAL/3290 (8).jpg,0,real,cifake,train
data/raw/cifake/train/REAL/1818 (6).jpg,0,real,cifake,train
data/raw/cifake/train/REAL/4912 (7).jpg,0,real,cifake,train
data/raw/cifake/train/FAKE/5485 (5).jpg,1,ai_generated,cifake,train
data/raw/cifake/train/FAKE/1932 (5).jpg,1,ai_generated,cifake,train
data/raw/cifake/train/REAL/3893 (6).jpg,0,real,cifake,train
data/raw/cifake/train/FAKE/4752 (6).jpg,1,ai_generated,cifake,train
data/raw/cifake/train/FAKE/2473 (9).jpg,1,ai_generated,cifake,train
data/raw/cifake/train/REAL/3892 (2).jpg,0,real,cifake,train
data/raw/cifake/train/FAKE/2493 (7).jpg,1,ai_generated,cifake,train
data/raw/cifake/train/FAKE/2915 (4).jpg,1,ai_generated,cifake,train
data/raw/cifake/train/REAL/1432 (5).jpg,0,real,cifake,train
data/raw/cifake/train/FAKE/1412 (4).jpg,1,ai_generated,cifake,train
data/raw/cifake/train/FAKE/1948 (4).jpg,1,ai_generated,cifake,train
data/raw/cifake/train/FAKE/3475.jpg,1,ai_generated,cifake,train
data/raw/cifake/train/FAKE/2824 (4).jpg,1,ai_generated,cifake,train
data/raw/cifake/train/FAKE/2437 (5).jpg,1,ai_generated,cifake,train
data/raw/cifake/train/FAKE/1021 (8).jpg,1,ai_generated,cifake,train
data/raw/cifake/train/FAKE/2882 (6).jpg,1,ai_generated,cifake,train
data/raw/cifake/train/FAKE/2533 (5).jpg,1,ai_generated,cifake,train
data/raw/cifake/train/REAL/0223.jpg,0,real,cifake,train
data/raw/cifake/train/FAKE/3873.jpg,1,ai_generated,cifake,train
data/raw/cifake/train/FAKE/3082 (6).jpg,1,ai_generated,cifake,train
data/raw/cifake/train/REAL/2267 (2).jpg,0,real,cifake,train
data/raw/cifake/train/FAKE/1866 (2).jpg,1,ai_generated,cifake,train
data/raw/cifake/train/FAKE/3784 (10).jpg,1,ai_generated,cifake,train
data/raw/cifake/train/FAKE/2103 (5).jpg,1,ai_generated,cifake,train
data/raw/cifake/train/FAKE/2391 (7).jpg,1,ai_generated,cifake,train
data/raw/cifake/train/FAKE/4289 (5).jpg,1,ai_generated,cifake,train
data/raw/cifake/train/REAL/4008.jpg,0,real,cifake,train
data/raw/cifake/train/FAKE/1225 (6).jpg,1,ai_generated,cifake,train
data/raw/cifake/train/FAKE/1610 (3).jpg,1,ai_generated,cifake,train
data/raw/cifake/train/FAKE/4623 (2).jpg,1,ai_generated,cifake,train
data/raw/cifake/train/REAL/1476 (7).jpg,0,real,cifake,train
data/raw/cifake/train/FAKE/5100 (8).jpg,1,ai_generated,cifake,train
data/raw/cifake/train/REAL/0109 (2).jpg,0,real,cifake,train
data/raw/cifake/train/FAKE/2855 (9).jpg,1,ai_generated,cifake,train
data/raw/cifake/train/REAL/2025.jpg,0,real,cifake,train
data/raw/cifake/train/REAL/2627 (3).jpg,0,real,cifake,train
data/raw/cifake/train/REAL/0117 (8).jpg,0,real,cifake,train
data/raw/cifake/train/REAL/0628 (2).jpg,0,real,cifake,train
data/raw/cifake/train/FAKE/1160 (4).jpg,1,ai_generated,cifake,train
data/raw/cifake/train/FAKE/2172.jpg,1,ai_generated,cifake,train
data/raw/cifake/train/REAL/2861 (10).jpg,0,real,cifake,train
data/raw/cifake/train/REAL/2062 (6).jpg,0,real,cifake,train
data/raw/cifake/train/REAL/0792 (4).jpg,0,real,cifake,train
data/raw/cifake/train/FAKE/3232 (8).jpg,1,ai_generated,cifake,train
data/raw/cifake/train/REAL/3687 (4).jpg,0,real,cifake,train
data/raw/cifake/train/FAKE/1933.jpg,1,ai_generated,cifake,train
data/raw/cifake/train/FAKE/1144 (6).jpg,1,ai_generated,cifake,train
data/raw/cifake/train/REAL/0627 (4).jpg,0,real,cifake,train
data/raw/cifake/train/REAL/1815 (5).jpg,0,real,cifake,train
data/raw/cifake/train/REAL/1458.jpg,0,real,cifake,train
data/raw/cifake/train/FAKE/3706 (7).jpg,1,ai_generated,cifake,train
data/raw/cifake/train/FAKE/3038 (8).jpg,1,ai_generated,cifake,train
data/raw/cifake/train/REAL/0992 (4).jpg,0,real,cifake,train
data/raw/cifake/train/FAKE/4413 (2).jpg,1,ai_generated,cifake,train
data/raw/cifake/train/REAL/1073 (2).jpg,0,real,cifake,train
data/raw/cifake/train/FAKE/1952 (8).jpg,1,ai_generated,cifake,train
data/raw/cifake/train/REAL/2902 (2).jpg,0,real,cifake,train
data/raw/cifake/train/FAKE/1214 (5).jpg,1,ai_generated,cifake,train
data/raw/cifake/train/FAKE/3175 (6).jpg,1,ai_generated,cifake,train
data/raw/cifake/train/FAKE/1037 (6).jpg,1,ai_generated,cifake,train
data/raw/cifake/train/FAKE/2330 (10).jpg,1,ai_generated,cifake,train
data/raw/cifake/train/REAL/0571 (4).jpg,0,real,cifake,train
data/raw/cifake/train/FAKE/1156 (6).jpg,1,ai_generated,cifake,train
data/raw/cifake/train/FAKE/3653 (9).jpg,1,ai_generated,cifake,train
data/raw/cifake/train/REAL/3510 (6).jpg,0,real,cifake,train
data/raw/cifake/train/FAKE/1333 (7).jpg,1,ai_generated,cifake,train
data/raw/cifake/train/REAL/4853 (5).jpg,0,real,cifake,train
data/raw/cifake/train/FAKE/2000 (7).jpg,1,ai_generated,cifake,train
data/raw/cifake/train/REAL/1144 (9).jpg,0,real,cifake,train
data/raw/cifake/train/FAKE/3451 (6).jpg,1,ai_generated,cifake,train
data/raw/cifake/train/REAL/3445 (10).jpg,0,real,cifake,train
data/raw/cifake/train/FAKE/4214 (10).jpg,1,ai_generated,cifake,train
data/raw/cifake/train/FAKE/1614 (7).jpg,1,ai_generated,cifake,train
data/raw/cifake/train/FAKE/2456 (6).jpg,1,ai_generated,cifake,train
data/raw/cifake/train/REAL/0197 (5).jpg,0,real,cifake,train
data/raw/cifake/train/REAL/3797 (3).jpg,0,real,cifake,train
data/raw/cifake/train/FAKE/5682 (6).jpg,1,ai_generated,cifake,train
data/raw/cifake/train/REAL/1730 (3).jpg,0,real,cifake,train
data/raw/cifake/train/REAL/2944 (9).jpg,0,real,cifake,train
data/raw/cifake/train/REAL/3672.jpg,0,real,cifake,train
data/raw/cifake/train/FAKE/2833 (7).jpg,1,ai_generated,cifake,train
data/raw/cifake/train/FAKE/5875 (4).jpg,1,ai_generated,cifake,train
data/raw/cifake/train/REAL/0168 (2).jpg,0,real,cifake,train
data/raw/cifake/train/FAKE/5783 (10).jpg,1,ai_generated,cifake,train
data/raw/cifake/train/REAL/1298 (2).jpg,0,real,cifake,train
data/raw/cifake/train/FAKE/3262 (2).jpg,1,ai_generated,cifake,train
data/raw/cifake/train/FAKE/3910 (7).jpg,1,ai_generated,cifake,train
data/raw/cifake/train/FAKE/1978 (8).jpg,1,ai_generated,cifake,train
data/raw/cifake/train/REAL/1437 (6).jpg,0,real,cifake,train
data/raw/cifake/train/REAL/0136 (8).jpg,0,real,cifake,train
data/raw/cifake/train/REAL/1709 (2).jpg,0,real,cifake,train
data/raw/cifake/train/FAKE/3870 (7).jpg,1,ai_generated,cifake,train
data/raw/cifake/train/REAL/0533 (8).jpg,0,real,cifake,train
data/raw/cifake/train/REAL/4881 (5).jpg,0,real,cifake,train
data/raw/cifake/train/REAL/1215 (9).jpg,0,real,cifake,train
data/raw/cifake/train/REAL/1165 (3).jpg,0,real,cifake,train
data/raw/cifake/train/FAKE/3657 (10).jpg,1,ai_generated,cifake,train
data/raw/cifake/train/REAL/3845 (7).jpg,0,real,cifake,train
data/raw/cifake/train/REAL/4679 (6).jpg,0,real,cifake,train
data/raw/cifake/train/FAKE/3298 (10).jpg,1,ai_generated,cifake,train
data/raw/cifake/train/REAL/1397 (3).jpg,0,real,cifake,train
data/raw/cifake/train/REAL/2789 (3).jpg,0,real,cifake,train
data/raw/cifake/train/REAL/0328 (4).jpg,0,real,cifake,train
data/raw/cifake/train/FAKE/5226 (6).jpg,1,ai_generated,cifake,train
data/raw/cifake/train/FAKE/4492 (2).jpg,1,ai_generated,cifake,train
data/raw/cifake/train/FAKE/1063 (8).jpg,1,ai_generated,cifake,train
data/raw/cifake/train/FAKE/5861 (4).jpg,1,ai_generated,cifake,train
data/raw/cifake/train/REAL/1827 (5).jpg,0,real,cifake,train
data/raw/cifake/train/REAL/1950 (4).jpg,0,real,cifake,train
data/raw/cifake/train/REAL/0318 (7).jpg,0,real,cifake,train
data/raw/cifake/train/FAKE/3737 (7).jpg,1,ai_generated,cifake,train
data/raw/cifake/train/FAKE/1570 (9).jpg,1,ai_generated,cifake,train
data/raw/cifake/train/FAKE/5729 (7).jpg,1,ai_generated,cifake,train
data/raw/cifake/train/REAL/3805 (3).jpg,0,real,cifake,train
data/raw/cifake/train/REAL/4340 (3).jpg,0,real,cifake,train
data/raw/cifake/train/REAL/0264 (5).jpg,0,real,cifake,train
data/raw/cifake/train/FAKE/3748 (2).jpg,1,ai_generated,cifake,train
data/raw/cifake/train/FAKE/4673 (10).jpg,1,ai_generated,cifake,train
data/raw/cifake/train/FAKE/3557 (3).jpg,1,ai_generated,cifake,train
data/raw/cifake/train/FAKE/3829 (5).jpg,1,ai_generated,cifake,train
data/raw/cifake/train/FAKE/3597 (4).jpg,1,ai_generated,cifake,train
data/raw/cifake/train/REAL/1556 (10).jpg,0,real,cifake,train
data/raw/cifake/train/REAL/1024 (7).jpg,0,real,cifake,train
data/raw/cifake/train/FAKE/1653 (6).jpg,1,ai_generated,cifake,train
data/raw/cifake/train/REAL/2295 (7).jpg,0,real,cifake,train
data/raw/cifake/train/FAKE/1880 (6).jpg,1,ai_generated,cifake,train
data/raw/cifake/train/REAL/1985 (8).jpg,0,real,cifake,train
data/raw/cifake/train/REAL/0221 (2).jpg,0,real,cifake,train
data/raw/cifake/train/FAKE/2703 (9).jpg,1,ai_generated,cifake,train
data/raw/cifake/train/REAL/2474 (5).jpg,0,real,cifake,train
data/raw/cifake/train/FAKE/3582 (8).jpg,1,ai_generated,cifake,train
data/raw/cifake/train/REAL/4183 (6).jpg,0,real,cifake,train
data/raw/cifake/train/REAL/1387.jpg,0,real,cifake,train
data/raw/cifake/train/FAKE/5405 (6).jpg,1,ai_generated,cifake,train
data/raw/cifake/train/FAKE/2449 (8).jpg,1,ai_generated,cifake,train
data/raw/cifake/train/FAKE/1710 (6).jpg,1,ai_generated,cifake,train
data/raw/cifake/train/REAL/1247 (5).jpg,0,real,cifake,train
data/raw/cifake/train/REAL/4633 (4).jpg,0,real,cifake,train
data/raw/cifake/train/REAL/4899 (4).jpg,0,real,cifake,train
data/raw/cifake/train/REAL/4342 (8).jpg,0,real,cifake,train
data/raw/cifake/train/FAKE/4903 (8).jpg,1,ai_generated,cifake,train
data/raw/cifake/train/FAKE/2552 (10).jpg,1,ai_generated,cifake,train
data/raw/cifake/train/REAL/4810 (6).jpg,0,real,cifake,train
data/raw/cifake/train/REAL/3440 (9).jpg,0,real,cifake,train
data/raw/cifake/train/REAL/4620 (9).jpg,0,real,cifake,train
data/raw/cifake/train/FAKE/3389 (4).jpg,1,ai_generated,cifake,train
data/raw/cifake/train/FAKE/3226 (10).jpg,1,ai_generated,cifake,train
data/raw/cifake/train/FAKE/2406 (3).jpg,1,ai_generated,cifake,train
data/raw/cifake/train/FAKE/4273 (10).jpg,1,ai_generated,cifake,train
data/raw/cifake/train/FAKE/4447 (8).jpg,1,ai_generated,cifake,train
data/raw/cifake/train/REAL/1569 (2).jpg,0,real,cifake,train
data/raw/cifake/train/REAL/2631 (6).jpg,0,real,cifake,train
data/raw/cifake/train/FAKE/5929 (3).jpg,1,ai_generated,cifake,train
data/raw/cifake/train/FAKE/1772 (6).jpg,1,ai_generated,cifake,train
data/raw/cifake/train/FAKE/5153 (4).jpg,1,ai_generated,cifake,train
data/raw/cifake/train/FAKE/3536 (8).jpg,1,ai_generated,cifake,train
data/raw/cifake/train/REAL/3934.jpg,0,real,cifake,train
data/raw/cifake/train/FAKE/2356 (10).jpg,1,ai_generated,cifake,train
data/raw/cifake/train/FAKE/2600.jpg,1,ai_generated,cifake,train
data/raw/cifake/train/FAKE/5417 (5).jpg,1,ai_generated,cifake,train
data/raw/cifake/train/REAL/2567 (10).jpg,0,real,cifake,train
data/raw/cifake/train/REAL/3015 (6).jpg,0,real,cifake,train
data/raw/cifake/train/FAKE/1250.jpg,1,ai_generated,cifake,train
data/raw/cifake/train/REAL/0864 (10).jpg,0,real,cifake,train
data/raw/cifake/train/FAKE/4126 (9).jpg,1,ai_generated,cifake,train
data/raw/cifake/train/FAKE/5448 (8).jpg,1,ai_generated,cifake,train
data/raw/cifake/train/FAKE/5563.jpg,1,ai_generated,cifake,train
data/raw/cifake/train/FAKE/1398 (5).jpg,1,ai_generated,cifake,train
data/raw/cifake/train/FAKE/3523.jpg,1,ai_generated,cifake,train
data/raw/cifake/train/REAL/2870 (7).jpg,0,real,cifake,train
data/raw/cifake/train/FAKE/1936 (10).jpg,1,ai_generated,cifake,train
data/raw/cifake/train/REAL/3381 (8).jpg,0,real,cifake,train
data/raw/cifake/train/FAKE/5955 (7).jpg,1,ai_generated,cifake,train
data/raw/cifake/train/REAL/0087 (7).jpg,0,real,cifake,train
data/raw/cifake/train/REAL/2158 (9).jpg,0,real,cifake,train
data/raw/cifake/train/FAKE/5141 (2).jpg,1,ai_generated,cifake,train
data/raw/cifake/train/FAKE/2932 (4).jpg,1,ai_generated,cifake,train
data/raw/cifake/train/REAL/3879 (8).jpg,0,real,cifake,train
data/raw/cifake/train/REAL/4662 (10).jpg,0,real,cifake,train
data/raw/cifake/train/REAL/1520 (4).jpg,0,real,cifake,train
data/raw/cifake/train/REAL/2272 (10).jpg,0,real,cifake,train
data/raw/cifake/train/FAKE/3217 (6).jpg,1,ai_generated,cifake,train
data/raw/cifake/train/REAL/3242 (3).jpg,0,real,cifake,train
data/raw/cifake/train/FAKE/3135 (3).jpg,1,ai_generated,cifake,train
data/raw/cifake/train/FAKE/1806 (8).jpg,1,ai_generated,cifake,train
data/raw/cifake/train/FAKE/1433 (7).jpg,1,ai_generated,cifake,train
data/raw/cifake/train/FAKE/1437 (6).jpg,1,ai_generated,cifake,train
data/raw/cifake/train/REAL/4623 (4).jpg,0,real,cifake,train
data/raw/cifake/train/REAL/2761 (3).jpg,0,real,cifake,train
data/raw/cifake/train/FAKE/3152 (7).jpg,1,ai_generated,cifake,train
data/raw/cifake/train/REAL/1171.jpg,0,real,cifake,train
data/raw/cifake/train/FAKE/5172 (2).jpg,1,ai_generated,cifake,train
data/raw/cifake/train/FAKE/4840 (5).jpg,1,ai_generated,cifake,train
data/raw/cifake/train/REAL/1887 (8).jpg,0,real,cifake,train
data/raw/cifake/train/FAKE/3969 (7).jpg,1,ai_generated,cifake,train
data/raw/cifake/train/REAL/3066 (2).jpg,0,real,cifake,train
data/raw/cifake/train/REAL/1561.jpg,0,real,cifake,train
data/raw/cifake/train/FAKE/5318 (5).jpg,1,ai_generated,cifake,train
data/raw/cifake/train/FAKE/4970 (6).jpg,1,ai_generated,cifake,train
data/raw/cifake/train/REAL/1371 (7).jpg,0,real,cifake,train
data/raw/cifake/train/REAL/4680 (7).jpg,0,real,cifake,train
data/raw/cifake/train/FAKE/3227 (5).jpg,1,ai_generated,cifake,train
data/raw/cifake/train/REAL/0569 (4).jpg,0,real,cifake,train
data/raw/cifake/train/FAKE/2653 (7).jpg,1,ai_generated,cifake,train
data/raw/cifake/train/REAL/1846.jpg,0,real,cifake,train
data/raw/cifake/train/REAL/3167 (9).jpg,0,real,cifake,train
data/raw/cifake/train/FAKE/3347 (2).jpg,1,ai_generated,cifake,train
data/raw/cifake/train/REAL/4706 (5).jpg,0,real,cifake,train
data/raw/cifake/train/REAL/4617 (7).jpg,0,real,cifake,train
data/raw/cifake/train/REAL/1201 (3).jpg,0,real,cifake,train
data/raw/cifake/train/REAL/0171 (3).jpg,0,real,cifake,train
data/raw/cifake/train/FAKE/4469 (7).jpg,1,ai_generated,cifake,train
data/raw/cifake/train/REAL/0556 (4).jpg,0,real,cifake,train
data/raw/cifake/train/REAL/4831 (9).jpg,0,real,cifake,train
data/raw/cifake/train/FAKE/2459 (2).jpg,1,ai_generated,cifake,train
data/raw/cifake/train/REAL/2825.jpg,0,real,cifake,train
data/raw/cifake/train/FAKE/5621.jpg,1,ai_generated,cifake,train
data/raw/cifake/train/REAL/0022 (2).jpg,0,real,cifake,train
data/raw/cifake/train/FAKE/5332 (5).jpg,1,ai_generated,cifake,train
data/raw/cifake/train/REAL/3454 (9).jpg,0,real,cifake,train
data/raw/cifake/train/REAL/3404 (2).jpg,0,real,cifake,train
data/raw/cifake/train/FAKE/1936 (7).jpg,1,ai_generated,cifake,train
data/raw/cifake/train/REAL/2839 (4).jpg,0,real,cifake,train
data/raw/cifake/train/FAKE/3570 (10).jpg,1,ai_generated,cifake,train
data/raw/cifake/train/FAKE/2875 (5).jpg,1,ai_generated,cifake,train
data/raw/cifake/train/FAKE/2457 (8).jpg,1,ai_generated,cifake,train
data/raw/cifake/train/REAL/4587 (7).jpg,0,real,cifake,train
data/raw/cifake/train/REAL/2277 (4).jpg,0,real,cifake,train
data/raw/cifake/train/FAKE/4724 (5).jpg,1,ai_generated,cifake,train
data/raw/cifake/train/REAL/4348 (9).jpg,0,real,cifake,train
data/raw/cifake/train/FAKE/3361 (3).jpg,1,ai_generated,cifake,train
data/raw/cifake/train/REAL/3993 (2).jpg,0,real,cifake,train
data/raw/cifake/train/FAKE/1228 (6).jpg,1,ai_generated,cifake,train
data/raw/cifake/train/REAL/3809.jpg,0,real,cifake,train
data/raw/cifake/train/REAL/4324 (3).jpg,0,real,cifake,train
data/raw/cifake/train/REAL/2578 (3).jpg,0,real,cifake,train
data/raw/cifake/train/REAL/3376 (4).jpg,0,real,cifake,train
data/raw/cifake/train/REAL/1080 (9).jpg,0,real,cifake,train
data/raw/cifake/train/REAL/4107 (3).jpg,0,real,cifake,train
data/raw/cifake/train/REAL/3238 (7).jpg,0,real,cifake,train
data/raw/cifake/train/REAL/4342 (9).jpg,0,real,cifake,train
data/raw/cifake/train/REAL/2418 (6).jpg,0,real,cifake,train
data/raw/cifake/train/FAKE/1865 (8).jpg,1,ai_generated,cifake,train
data/raw/cifake/train/REAL/2265 (6).jpg,0,real,cifake,train
data/raw/cifake/train/REAL/2847 (10).jpg,0,real,cifake,train
data/raw/cifake/train/REAL/2625 (9).jpg,0,real,cifake,train
data/raw/cifake/train/FAKE/2984.jpg,1,ai_generated,cifake,train
data/raw/cifake/train/FAKE/4610 (2).jpg,1,ai_generated,cifake,train
data/raw/cifake/train/FAKE/2883 (5).jpg,1,ai_generated,cifake,train
data/raw/cifake/train/REAL/4656 (8).jpg,0,real,cifake,train
data/raw/cifake/train/REAL/1663 (7).jpg,0,real,cifake,train
data/raw/cifake/train/REAL/2486.jpg,0,real,cifake,train
data/raw/cifake/train/FAKE/3265 (10).jpg,1,ai_generated,cifake,train
data/raw/cifake/train/FAKE/2159 (4).jpg,1,ai_generated,cifake,train
data/raw/cifake/train/FAKE/2598 (7).jpg,1,ai_generated,cifake,train
data/raw/cifake/train/FAKE/1046 (10).jpg,1,ai_generated,cifake,train
data/raw/cifake/train/REAL/2876 (6).jpg,0,real,cifake,train
data/raw/cifake/train/FAKE/4699 (10).jpg,1,ai_generated,cifake,train
data/raw/cifake/train/REAL/3648 (9).jpg,0,real,cifake,train
data/raw/cifake/train/FAKE/1739.jpg,1,ai_generated,cifake,train
data/raw/cifake/train/REAL/3221 (4).jpg,0,real,cifake,train
data/raw/cifake/train/REAL/1818 (8).jpg,0,real,cifake,train
data/raw/cifake/train/FAKE/5625 (9).jpg,1,ai_generated,cifake,train
data/raw/cifake/train/FAKE/1126 (6).jpg,1,ai_generated,cifake,train
data/raw/cifake/train/FAKE/1445 (9).jpg,1,ai_generated,cifake,train
data/raw/cifake/train/REAL/1106.jpg,0,real,cifake,train
data/raw/cifake/train/FAKE/2186.jpg,1,ai_generated,cifake,train
data/raw/cifake/train/FAKE/3956 (2).jpg,1,ai_generated,cifake,train
data/raw/cifake/train/REAL/0445 (8).jpg,0,real,cifake,train
data/raw/cifake/train/REAL/3247 (10).jpg,0,real,cifake,train
data/raw/cifake/train/REAL/1960 (5).jpg,0,real,cifake,train
data/raw/cifake/train/REAL/0210 (9).jpg,0,real,cifake,train
data/raw/cifake/train/FAKE/5673 (2).jpg,1,ai_generated,cifake,train
data/raw/cifake/train/REAL/0086 (4).jpg,0,real,cifake,train
data/raw/cifake/train/REAL/2473 (4).jpg,0,real,cifake,train
data/raw/cifake/train/REAL/3255 (3).jpg,0,real,cifake,train
data/raw/cifake/train/REAL/1473 (2).jpg,0,real,cifake,train
data/raw/cifake/train/REAL/4714.jpg,0,real,cifake,train
data/raw/cifake/train/FAKE/1947.jpg,1,ai_generated,cifake,train
data/raw/cifake/train/REAL/1226 (10).jpg,0,real,cifake,train
data/raw/cifake/train/FAKE/5140.jpg,1,ai_generated,cifake,train
data/raw/cifake/train/FAKE/4876 (10).jpg,1,ai_generated,cifake,train
data/raw/cifake/train/FAKE/3182 (10).jpg,1,ai_generated,cifake,train
data/raw/cifake/train/FAKE/4785 (10).jpg,1,ai_generated,cifake,train
data/raw/cifake/train/REAL/2238 (9).jpg,0,real,cifake,train
data/raw/cifake/train/REAL/3355 (9).jpg,0,real,cifake,train
data/raw/cifake/train/REAL/4728 (5).jpg,0,real,cifake,train
data/raw/cifake/train/FAKE/1759.jpg,1,ai_generated,cifake,train
data/raw/cifake/train/REAL/4746 (5).jpg,0,real,cifake,train
data/raw/cifake/train/REAL/1777 (3).jpg,0,real,cifake,train
data/raw/cifake/train/FAKE/5134 (9).jpg,1,ai_generated,cifake,train
data/raw/cifake/train/REAL/3832 (5).jpg,0,real,cifake,train
data/raw/cifake/train/REAL/0781.jpg,0,real,cifake,train
data/raw/cifake/train/FAKE/3318 (10).jpg,1,ai_generated,cifake,train
data/raw/cifake/train/FAKE/5722 (3).jpg,1,ai_generated,cifake,train
data/raw/cifake/train/REAL/2228 (4).jpg,0,real,cifake,train
data/raw/cifake/train/REAL/4242 (6).jpg,0,real,cifake,train
data/raw/cifake/train/REAL/2293 (7).jpg,0,real,cifake,train
data/raw/cifake/train/REAL/3709 (4).jpg,0,real,cifake,train
data/raw/cifake/train/REAL/3743 (3).jpg,0,real,cifake,train
data/raw/cifake/train/FAKE/5739 (6).jpg,1,ai_generated,cifake,train
data/raw/cifake/train/FAKE/2705.jpg,1,ai_generated,cifake,train
data/raw/cifake/train/REAL/0678 (6).jpg,0,real,cifake,train
data/raw/cifake/train/FAKE/3626 (8).jpg,1,ai_generated,cifake,train
data/raw/cifake/train/FAKE/5966 (9).jpg,1,ai_generated,cifake,train
data/raw/cifake/train/REAL/1024 (3).jpg,0,real,cifake,train
data/raw/cifake/train/FAKE/2853 (4).jpg,1,ai_generated,cifake,train
data/raw/cifake/train/REAL/4268 (5).jpg,0,real,cifake,train
data/raw/cifake/train/REAL/1841 (3).jpg,0,real,cifake,train
data/raw/cifake/train/FAKE/2940 (6).jpg,1,ai_generated,cifake,train
data/raw/cifake/train/FAKE/5497 (10).jpg,1,ai_generated,cifake,train
data/raw/cifake/train/FAKE/3429 (7).jpg,1,ai_generated,cifake,train
data/raw/cifake/train/FAKE/5283 (10).jpg,1,ai_generated,cifake,train
data/raw/cifake/train/REAL/4492 (9).jpg,0,real,cifake,train
data/raw/cifake/train/REAL/1396 (2).jpg,0,real,cifake,train
data/raw/cifake/train/FAKE/2344 (4).jpg,1,ai_generated,cifake,train
data/raw/cifake/train/REAL/1618 (7).jpg,0,real,cifake,train
data/raw/cifake/train/REAL/2946 (9).jpg,0,real,cifake,train
data/raw/cifake/train/FAKE/2284 (4).jpg,1,ai_generated,cifake,train
data/raw/cifake/train/REAL/2652 (7).jpg,0,real,cifake,train
data/raw/cifake/train/FAKE/5612 (8).jpg,1,ai_generated,cifake,train
data/raw/cifake/train/FAKE/5504 (9).jpg,1,ai_generated,cifake,train
data/raw/cifake/train/FAKE/5196 (9).jpg,1,ai_generated,cifake,train
data/raw/cifake/train/REAL/3741 (7).jpg,0,real,cifake,train
data/raw/cifake/train/REAL/1112 (2).jpg,0,real,cifake,train
data/raw/cifake/train/REAL/3099 (2).jpg,0,real,cifake,train
data/raw/cifake/train/FAKE/4610 (3).jpg,1,ai_generated,cifake,train
data/raw/cifake/train/REAL/4930 (6).jpg,0,real,cifake,train
data/raw/cifake/train/REAL/2880 (9).jpg,0,real,cifake,train
data/raw/cifake/train/FAKE/4082 (8).jpg,1,ai_generated,cifake,train
data/raw/cifake/train/FAKE/2100 (5).jpg,1,ai_generated,cifake,train
data/raw/cifake/train/REAL/4292.jpg,0,real,cifake,train
data/raw/cifake/train/FAKE/2035 (9).jpg,1,ai_generated,cifake,train
data/raw/cifake/train/FAKE/5681 (10).jpg,1,ai_generated,cifake,train
data/raw/cifake/train/FAKE/4040 (3).jpg,1,ai_generated,cifake,train
data/raw/cifake/train/REAL/2625.jpg,0,real,cifake,train
data/raw/cifake/train/FAKE/2803.jpg,1,ai_generated,cifake,train
data/raw/cifake/train/FAKE/3049 (4).jpg,1,ai_generated,cifake,train
data/raw/cifake/train/FAKE/5836 (7).jpg,1,ai_generated,cifake,train
data/raw/cifake/train/REAL/0164 (2).jpg,0,real,cifake,train
data/raw/cifake/train/FAKE/5486 (4).jpg,1,ai_generated,cifake,train
data/raw/cifake/train/FAKE/2406 (4).jpg,1,ai_generated,cifake,train
data/raw/cifake/train/REAL/1669 (3).jpg,0,real,cifake,train
data/raw/cifake/train/REAL/1745 (3).jpg,0,real,cifake,train
data/raw/cifake/train/FAKE/3113 (4).jpg,1,ai_generated,cifake,train
data/raw/cifake/train/FAKE/3101 (8).jpg,1,ai_generated,cifake,train
data/raw/cifake/train/REAL/1746 (4).jpg,0,real,cifake,train
data/raw/cifake/train/REAL/3849 (3).jpg,0,real,cifake,train
data/raw/cifake/train/REAL/3149 (2).jpg,0,real,cifake,train
data/raw/cifake/train/REAL/4899 (6).jpg,0,real,cifake,train
data/raw/cifake/train/REAL/3844 (3).jpg,0,real,cifake,train
data/raw/cifake/train/REAL/4539 (10).jpg,0,real,cifake,train
data/raw/cifake/train/REAL/3119 (10).jpg,0,real,cifake,train
data/raw/cifake/train/REAL/3892 (7).jpg,0,real,cifake,train
data/raw/cifake/train/FAKE/2184 (5).jpg,1,ai_generated,cifake,train
data/raw/cifake/train/REAL/3043.jpg,0,real,cifake,train
data/raw/cifake/train/REAL/4975.jpg,0,real,cifake,train
data/raw/cifake/train/REAL/3183 (2).jpg,0,real,cifake,train
data/raw/cifake/train/REAL/2231 (8).jpg,0,real,cifake,train
data/raw/cifake/train/FAKE/4831 (8).jpg,1,ai_generated,cifake,train
data/raw/cifake/train/REAL/2236 (10).jpg,0,real,cifake,train
data/raw/cifake/train/FAKE/3753 (6).jpg,1,ai_generated,cifake,train
data/raw/cifake/train/REAL/1796 (8).jpg,0,real,cifake,train
data/raw/cifake/train/FAKE/1984 (7).jpg,1,ai_generated,cifake,train
data/raw/cifake/train/REAL/1134 (3).jpg,0,real,cifake,train
data/raw/cifake/train/REAL/3830 (4).jpg,0,real,cifake,train
data/raw/cifake/train/REAL/2611 (10).jpg,0,real,cifake,train
data/raw/cifake/train/REAL/2593 (10).jpg,0,real,cifake,train
data/raw/cifake/train/FAKE/2284 (8).jpg,1,ai_generated,cifake,train
data/raw/cifake/train/FAKE/5958 (3).jpg,1,ai_generated,cifake,train
data/raw/cifake/train/REAL/4963 (4).jpg,0,real,cifake,train
data/raw/cifake/train/REAL/4260 (4).jpg,0,real,cifake,train
data/raw/cifake/train/FAKE/2301.jpg,1,ai_generated,cifake,train
data/raw/cifake/train/FAKE/4705 (3).jpg,1,ai_generated,cifake,train
data/raw/cifake/train/FAKE/3583 (6).jpg,1,ai_generated,cifake,train
data/raw/cifake/train/FAKE/4525.jpg,1,ai_generated,cifake,train
data/raw/cifake/train/FAKE/3964 (9).jpg,1,ai_generated,cifake,train
data/raw/cifake/train/FAKE/1288.jpg,1,ai_generated,cifake,train
data/raw/cifake/train/FAKE/4099.jpg,1,ai_generated,cifake,train
data/raw/cifake/train/FAKE/4004 (9).jpg,1,ai_generated,cifake,train
data/raw/cifake/train/REAL/3862.jpg,0,real,cifake,train
data/raw/cifake/train/FAKE/4907 (2).jpg,1,ai_generated,cifake,train
data/raw/cifake/train/REAL/3974 (5).jpg,0,real,cifake,train
data/raw/cifake/train/FAKE/3333 (8).jpg,1,ai_generated,cifake,train
data/raw/cifake/train/FAKE/3306 (5).jpg,1,ai_generated,cifake,train
data/raw/cifake/train/FAKE/4689 (10).jpg,1,ai_generated,cifake,train
data/raw/cifake/train/FAKE/1770 (9).jpg,1,ai_generated,cifake,train
data/raw/cifake/train/REAL/1860.jpg,0,real,cifake,train
data/raw/cifake/train/REAL/2952 (7).jpg,0,real,cifake,train
data/raw/cifake/train/REAL/1247 (3).jpg,0,real,cifake,train
data/raw/cifake/train/FAKE/2822 (4).jpg,1,ai_generated,cifake,train
data/raw/cifake/train/REAL/3848 (3).jpg,0,real,cifake,train
data/raw/cifake/train/FAKE/4095 (7).jpg,1,ai_generated,cifake,train
data/raw/cifake/train/FAKE/1536 (6).jpg,1,ai_generated,cifake,train
data/raw/cifake/train/REAL/2327 (9).jpg,0,real,cifake,train
data/raw/cifake/train/REAL/4677 (5).jpg,0,real,cifake,train
data/raw/cifake/train/FAKE/1655 (6).jpg,1,ai_generated,cifake,train
data/raw/cifake/train/FAKE/5853 (8).jpg,1,ai_generated,cifake,train
data/raw/cifake/train/REAL/0012 (6).jpg,0,real,cifake,train
data/raw/cifake/train/FAKE/1864 (2).jpg,1,ai_generated,cifake,train
data/raw/cifake/train/REAL/0515 (3).jpg,0,real,cifake,train
data/raw/cifake/train/REAL/1924 (9).jpg,0,real,cifake,train
data/raw/cifake/train/REAL/0723 (5).jpg,0,real,cifake,train
data/raw/cifake/train/REAL/4047 (9).jpg,0,real,cifake,train
data/raw/cifake/train/FAKE/2685 (8).jpg,1,ai_generated,cifake,train
data/raw/cifake/train/FAKE/4232.jpg,1,ai_generated,cifake,train
data/raw/cifake/train/FAKE/2587 (8).jpg,1,ai_generated,cifake,train
data/raw/cifake/train/FAKE/1673.jpg,1,ai_generated,cifake,train
data/raw/cifake/train/FAKE/2379 (8).jpg,1,ai_generated,cifake,train
data/raw/cifake/train/FAKE/5124 (10).jpg,1,ai_generated,cifake,train
data/raw/cifake/train/FAKE/5905 (6).jpg,1,ai_generated,cifake,train
data/raw/cifake/train/FAKE/5989 (7).jpg,1,ai_generated,cifake,train
data/raw/cifake/train/FAKE/1068 (6).jpg,1,ai_generated,cifake,train
data/raw/cifake/train/REAL/0749 (5).jpg,0,real,cifake,train
data/raw/cifake/train/FAKE/2532 (5).jpg,1,ai_generated,cifake,train
data/raw/cifake/train/REAL/1627 (7).jpg,0,real,cifake,train
data/raw/cifake/train/REAL/4031.jpg,0,real,cifake,train
data/raw/cifake/train/REAL/4795 (10).jpg,0,real,cifake,train
data/raw/cifake/train/FAKE/3238 (7).jpg,1,ai_generated,cifake,train
data/raw/cifake/train/REAL/3415 (7).jpg,0,real,cifake,train
data/raw/cifake/train/REAL/0044 (9).jpg,0,real,cifake,train
data/raw/cifake/train/REAL/2344 (10).jpg,0,real,cifake,train
data/raw/cifake/train/FAKE/5313.jpg,1,ai_generated,cifake,train
data/raw/cifake/train/FAKE/4340.jpg,1,ai_generated,cifake,train
data/raw/cifake/train/FAKE/1477 (6).jpg,1,ai_generated,cifake,train
data/raw/cifake/train/FAKE/3156 (6).jpg,1,ai_generated,cifake,train
data/raw/cifake/train/REAL/2263 (3).jpg,0,real,cifake,train
data/raw/cifake/train/FAKE/1182 (8).jpg,1,ai_generated,cifake,train
data/raw/cifake/train/FAKE/2167 (6).jpg,1,ai_generated,cifake,train
data/raw/cifake/train/REAL/0438 (3).jpg,0,real,cifake,train
data/raw/cifake/train/FAKE/1048 (5).jpg,1,ai_generated,cifake,train
data/raw/cifake/train/REAL/0520 (2).jpg,0,real,cifake,train
data/raw/cifake/train/FAKE/5303 (9).jpg,1,ai_generated,cifake,train
data/raw/cifake/train/FAKE/1447 (8).jpg,1,ai_generated,cifake,train
data/raw/cifake/train/FAKE/3116 (9).jpg,1,ai_generated,cifake,train
data/raw/cifake/train/REAL/3704 (5).jpg,0,real,cifake,train
data/raw/cifake/train/REAL/1606 (4).jpg,0,real,cifake,train
data/raw/cifake/train/FAKE/4361 (3).jpg,1,ai_generated,cifake,train
data/raw/cifake/train/FAKE/1880 (7).jpg,1,ai_generated,cifake,train
data/raw/cifake/train/REAL/1626 (10).jpg,0,real,cifake,train
data/raw/cifake/train/REAL/4770 (2).jpg,0,real,cifake,train
data/raw/cifake/train/FAKE/3002 (9).jpg,1,ai_generated,cifake,train
data/raw/cifake/train/FAKE/1400 (5).jpg,1,ai_generated,cifake,train
data/raw/cifake/train/FAKE/1028 (10).jpg,1,ai_generated,cifake,train
data/raw/cifake/train/FAKE/3406 (4).jpg,1,ai_generated,cifake,train
data/raw/cifake/train/FAKE/3188 (5).jpg,1,ai_generated,cifake,train
data/raw/cifake/train/FAKE/2682 (8).jpg,1,ai_generated,cifake,train
data/raw/cifake/train/REAL/2410.jpg,0,real,cifake,train
data/raw/cifake/train/FAKE/2458 (3).jpg,1,ai_generated,cifake,train
data/raw/cifake/train/FAKE/1266 (10).jpg,1,ai_generated,cifake,train
data/raw/cifake/train/FAKE/5675 (5).jpg,1,ai_generated,cifake,train
data/raw/cifake/train/REAL/2859 (6).jpg,0,real,cifake,train
data/raw/cifake/train/FAKE/3466.jpg,1,ai_generated,cifake,train
data/raw/cifake/train/REAL/1682.jpg,0,real,cifake,train
data/raw/cifake/train/FAKE/4151 (8).jpg,1,ai_generated,cifake,train
data/raw/cifake/train/FAKE/1719.jpg,1,ai_generated,cifake,train
data/raw/cifake/train/FAKE/3849 (6).jpg,1,ai_generated,cifake,train
data/raw/cifake/train/REAL/3477 (8).jpg,0,real,cifake,train
data/raw/cifake/train/REAL/0584 (7).jpg,0,real,cifake,train
data/raw/cifake/train/FAKE/1362 (7).jpg,1,ai_generated,cifake,train
data/raw/cifake/train/FAKE/4431 (7).jpg,1,ai_generated,cifake,train
data/raw/cifake/train/FAKE/5653 (2).jpg,1,ai_generated,cifake,train
data/raw/cifake/train/FAKE/3960 (5).jpg,1,ai_generated,cifake,train
data/raw/cifake/train/FAKE/2708 (10).jpg,1,ai_generated,cifake,train
data/raw/cifake/train/REAL/1639 (2).jpg,0,real,cifake,train
data/raw/cifake/train/FAKE/3041 (10).jpg,1,ai_generated,cifake,train
data/raw/cifake/train/REAL/0772.jpg,0,real,cifake,train
data/raw/cifake/train/REAL/0436 (8).jpg,0,real,cifake,train
data/raw/cifake/train/FAKE/4176 (5).jpg,1,ai_generated,cifake,train
data/raw/cifake/train/FAKE/3104 (4).jpg,1,ai_generated,cifake,train
data/raw/cifake/train/FAKE/2790 (8).jpg,1,ai_generated,cifake,train
data/raw/cifake/train/REAL/1712 (6).jpg,0,real,cifake,train
data/raw/cifake/train/FAKE/4711 (8).jpg,1,ai_generated,cifake,train
data/raw/cifake/train/FAKE/1712 (2).jpg,1,ai_generated,cifake,train
data/raw/cifake/train/REAL/2165 (4).jpg,0,real,cifake,train
data/raw/cifake/train/FAKE/1714 (8).jpg,1,ai_generated,cifake,train
data/raw/cifake/train/FAKE/5020.jpg,1,ai_generated,cifake,train
data/raw/cifake/train/REAL/4353 (10).jpg,0,real,cifake,train
data/raw/cifake/train/REAL/0885 (10).jpg,0,real,cifake,train
data/raw/cifake/train/REAL/4012 (2).jpg,0,real,cifake,train
data/raw/cifake/train/FAKE/5653.jpg,1,ai_generated,cifake,train
data/raw/cifake/train/REAL/3249 (8).jpg,0,real,cifake,train
data/raw/cifake/train/FAKE/2057 (6).jpg,1,ai_generated,cifake,train
data/raw/cifake/train/FAKE/4753 (9).jpg,1,ai_generated,cifake,train
data/raw/cifake/train/REAL/0060 (5).jpg,0,real,cifake,train
data/raw/cifake/train/FAKE/5495 (10).jpg,1,ai_generated,cifake,train
data/raw/cifake/train/REAL/3280 (6).jpg,0,real,cifake,train
data/raw/cifake/train/REAL/0862 (4).jpg,0,real,cifake,train
data/raw/cifake/train/REAL/1842 (7).jpg,0,real,cifake,train
data/raw/cifake/train/REAL/2200 (6).jpg,0,real,cifake,train
data/raw/cifake/train/REAL/2007 (8).jpg,0,real,cifake,train
data/raw/cifake/train/FAKE/2212 (4).jpg,1,ai_generated,cifake,train
data/raw/cifake/train/FAKE/4554 (6).jpg,1,ai_generated,cifake,train
data/raw/cifake/train/REAL/1823 (3).jpg,0,real,cifake,train
data/raw/cifake/train/REAL/3246.jpg,0,real,cifake,train
data/raw/cifake/train/FAKE/5269.jpg,1,ai_generated,cifake,train
data/raw/cifake/train/FAKE/2995 (3).jpg,1,ai_generated,cifake,train
data/raw/cifake/train/FAKE/4435 (4).jpg,1,ai_generated,cifake,train
data/raw/cifake/train/REAL/0613 (6).jpg,0,real,cifake,train
data/raw/cifake/train/FAKE/2638 (4).jpg,1,ai_generated,cifake,train
data/raw/cifake/train/FAKE/2481 (10).jpg,1,ai_generated,cifake,train
data/raw/cifake/train/REAL/4524 (5).jpg,0,real,cifake,train
data/raw/cifake/train/FAKE/5303 (6).jpg,1,ai_generated,cifake,train
data/raw/cifake/train/FAKE/5392 (2).jpg,1,ai_generated,cifake,train
data/raw/cifake/train/FAKE/5606.jpg,1,ai_generated,cifake,train
data/raw/cifake/train/REAL/1204 (5).jpg,0,real,cifake,train
data/raw/cifake/train/REAL/1800 (7).jpg,0,real,cifake,train
data/raw/cifake/train/FAKE/4010 (3).jpg,1,ai_generated,cifake,train
data/raw/cifake/train/FAKE/2640 (10).jpg,1,ai_generated,cifake,train
data/raw/cifake/train/FAKE/2358 (8).jpg,1,ai_generated,cifake,train
data/raw/cifake/train/FAKE/5004 (5).jpg,1,ai_generated,cifake,train
data/raw/cifake/train/REAL/3280 (10).jpg,0,real,cifake,train
data/raw/cifake/train/REAL/1868 (4).jpg,0,real,cifake,train
data/raw/cifake/train/FAKE/2960 (3).jpg,1,ai_generated,cifake,train
data/raw/cifake/train/REAL/2785 (9).jpg,0,real,cifake,train
data/raw/cifake/train/FAKE/3522.jpg,1,ai_generated,cifake,train
data/raw/cifake/train/REAL/2465 (4).jpg,0,real,cifake,train
data/raw/cifake/train/REAL/1317 (6).jpg,0,real,cifake,train
data/raw/cifake/train/FAKE/1764 (5).jpg,1,ai_generated,cifake,train
data/raw/cifake/train/FAKE/5749 (10).jpg,1,ai_generated,cifake,train
data/raw/cifake/train/REAL/0459 (8).jpg,0,real,cifake,train
data/raw/cifake/train/FAKE/5564 (9).jpg,1,ai_generated,cifake,train
data/raw/cifake/train/REAL/0931.jpg,0,real,cifake,train
data/raw/cifake/train/REAL/2714 (6).jpg,0,real,cifake,train
data/raw/cifake/train/FAKE/3029 (8).jpg,1,ai_generated,cifake,train
data/raw/cifake/train/REAL/2155 (2).jpg,0,real,cifake,train
data/raw/cifake/train/REAL/2402 (7).jpg,0,real,cifake,train
data/raw/cifake/train/REAL/2178 (3).jpg,0,real,cifake,train
data/raw/cifake/train/REAL/0253 (9).jpg,0,real,cifake,train
data/raw/cifake/train/FAKE/4263 (4).jpg,1,ai_generated,cifake,train
data/raw/cifake/train/FAKE/3560 (5).jpg,1,ai_generated,cifake,train
data/raw/cifake/train/FAKE/1763.jpg,1,ai_generated,cifake,train
data/raw/cifake/train/FAKE/1702.jpg,1,ai_generated,cifake,train
data/raw/cifake/train/FAKE/3239 (9).jpg,1,ai_generated,cifake,train
data/raw/cifake/train/REAL/2098.jpg,0,real,cifake,train
data/raw/cifake/train/REAL/1019 (5).jpg,0,real,cifake,train
data/raw/cifake/train/FAKE/4772 (7).jpg,1,ai_generated,cifake,train
data/raw/cifake/train/FAKE/1312 (5).jpg,1,ai_generated,cifake,train
data/raw/cifake/train/REAL/1244 (5).jpg,0,real,cifake,train
data/raw/cifake/train/REAL/2029 (10).jpg,0,real,cifake,train
data/raw/cifake/train/REAL/4781.jpg,0,real,cifake,train
data/raw/cifake/train/FAKE/3994 (3).jpg,1,ai_generated,cifake,train
data/raw/cifake/train/REAL/1507 (7).jpg,0,real,cifake,train
data/raw/cifake/train/REAL/2336 (7).jpg,0,real,cifake,train
data/raw/cifake/train/FAKE/2876 (9).jpg,1,ai_generated,cifake,train
data/raw/cifake/train/REAL/1391 (4).jpg,0,real,cifake,train
data/raw/cifake/train/REAL/1643 (9).jpg,0,real,cifake,train
data/raw/cifake/train/FAKE/2818 (5).jpg,1,ai_generated,cifake,train
data/raw/cifake/train/REAL/2823 (10).jpg,0,real,cifake,train
data/raw/cifake/train/FAKE/4248 (2).jpg,1,ai_generated,cifake,train
data/raw/cifake/train/FAKE/5153 (5).jpg,1,ai_generated,cifake,train
data/raw/cifake/train/REAL/1418.jpg,0,real,cifake,train
data/raw/cifake/train/REAL/2890.jpg,0,real,cifake,train
data/raw/cifake/train/FAKE/1207 (6).jpg,1,ai_generated,cifake,train
data/raw/cifake/train/REAL/4274 (5).jpg,0,real,cifake,train
data/raw/cifake/train/FAKE/2933 (9).jpg,1,ai_generated,cifake,train
data/raw/cifake/train/REAL/2540 (3).jpg,0,real,cifake,train
data/raw/cifake/train/FAKE/3186 (9).jpg,1,ai_generated,cifake,train
data/raw/cifake/train/FAKE/2133 (10).jpg,1,ai_generated,cifake,train
data/raw/cifake/train/FAKE/3044 (6).jpg,1,ai_generated,cifake,train
data/raw/cifake/train/FAKE/5724 (2).jpg,1,ai_generated,cifake,train
data/raw/cifake/train/FAKE/3458.jpg,1,ai_generated,cifake,train
data/raw/cifake/train/REAL/2280 (10).jpg,0,real,cifake,train
data/raw/cifake/train/FAKE/5798 (2).jpg,1,ai_generated,cifake,train
data/raw/cifake/train/REAL/2967.jpg,0,real,cifake,train
data/raw/cifake/train/REAL/3956.jpg,0,real,cifake,train
data/raw/cifake/train/REAL/2508 (9).jpg,0,real,cifake,train
data/raw/cifake/train/FAKE/2724 (2).jpg,1,ai_generated,cifake,train
data/raw/cifake/train/FAKE/2122 (8).jpg,1,ai_generated,cifake,train
data/raw/cifake/train/REAL/4243 (10).jpg,0,real,cifake,train
data/raw/cifake/train/FAKE/5430 (6).jpg,1,ai_generated,cifake,train
data/raw/cifake/train/REAL/3570 (5).jpg,0,real,cifake,train
data/raw/cifake/train/FAKE/3510 (10).jpg,1,ai_generated,cifake,train
data/raw/cifake/train/REAL/0056 (8).jpg,0,real,cifake,train
data/raw/cifake/train/REAL/0125 (3).jpg,0,real,cifake,train
data/raw/cifake/train/REAL/0530 (2).jpg,0,real,cifake,train
data/raw/cifake/train/FAKE/4770 (6).jpg,1,ai_generated,cifake,train
data/raw/cifake/train/REAL/2669 (9).jpg,0,real,cifake,train
data/raw/cifake/train/REAL/2268 (10).jpg,0,real,cifake,train
data/raw/cifake/train/FAKE/5067 (4).jpg,1,ai_generated,cifake,train
data/raw/cifake/train/FAKE/3817 (7).jpg,1,ai_generated,cifake,train
data/raw/cifake/train/FAKE/4327.jpg,1,ai_generated,cifake,train
data/raw/cifake/train/REAL/0034 (6).jpg,0,real,cifake,train
data/raw/cifake/train/FAKE/5777 (6).jpg,1,ai_generated,cifake,train
data/raw/cifake/train/FAKE/2967 (10).jpg,1,ai_generated,cifake,train
data/raw/cifake/train/REAL/3932 (5).jpg,0,real,cifake,train
data/raw/cifake/train/REAL/1608 (3).jpg,0,real,cifake,train
data/raw/cifake/train/REAL/4334 (3).jpg,0,real,cifake,train
data/raw/cifake/train/REAL/3516 (2).jpg,0,real,cifake,train
data/raw/cifake/train/FAKE/1962 (8).jpg,1,ai_generated,cifake,train
data/raw/cifake/train/REAL/2248 (9).jpg,0,real,cifake,train
data/raw/cifake/train/REAL/1718.jpg,0,real,cifake,train
data/raw/cifake/train/FAKE/4077 (3).jpg,1,ai_generated,cifake,train
data/raw/cifake/train/REAL/4232 (4).jpg,0,real,cifake,train
data/raw/cifake/train/REAL/3272 (5).jpg,0,real,cifake,train
data/raw/cifake/train/FAKE/5926 (6).jpg,1,ai_generated,cifake,train
data/raw/cifake/train/REAL/1806 (4).jpg,0,real,cifake,train
data/raw/cifake/train/FAKE/1396 (4).jpg,1,ai_generated,cifake,train
data/raw/cifake/train/REAL/4187 (9).jpg,0,real,cifake,train
data/raw/cifake/train/FAKE/2386 (7).jpg,1,ai_generated,cifake,train
data/raw/cifake/train/REAL/2522 (7).jpg,0,real,cifake,train
data/raw/cifake/train/FAKE/5400.jpg,1,ai_generated,cifake,train
data/raw/cifake/train/REAL/0966.jpg,0,real,cifake,train
data/raw/cifake/train/FAKE/5939 (2).jpg,1,ai_generated,cifake,train
data/raw/cifake/train/FAKE/2753 (6).jpg,1,ai_generated,cifake,train
data/raw/cifake/train/FAKE/2053 (9).jpg,1,ai_generated,cifake,train
data/raw/cifake/train/REAL/2557 (3).jpg,0,real,cifake,train
data/raw/cifake/train/FAKE/3142.jpg,1,ai_generated,cifake,train
data/raw/cifake/train/REAL/4713 (6).jpg,0,real,cifake,train
data/raw/cifake/train/FAKE/1412 (6).jpg,1,ai_generated,cifake,train
data/raw/cifake/train/REAL/3898 (5).jpg,0,real,cifake,train
data/raw/cifake/train/REAL/3346.jpg,0,real,cifake,train
data/raw/cifake/train/FAKE/4691 (9).jpg,1,ai_generated,cifake,train
data/raw/cifake/train/FAKE/3856 (10).jpg,1,ai_generated,cifake,train
data/raw/cifake/train/REAL/3263 (8).jpg,0,real,cifake,train
data/raw/cifake/train/REAL/3910 (10).jpg,0,real,cifake,train
data/raw/cifake/train/FAKE/5342 (10).jpg,1,ai_generated,cifake,train
data/raw/cifake/train/FAKE/5307 (10).jpg,1,ai_generated,cifake,train
data/raw/cifake/train/REAL/4292 (2).jpg,0,real,cifake,train
data/raw/cifake/train/FAKE/1985 (8).jpg,1,ai_generated,cifake,train
data/raw/cifake/train/FAKE/2282 (8).jpg,1,ai_generated,cifake,train
data/raw/cifake/train/REAL/4575 (5).jpg,0,real,cifake,train
data/raw/cifake/train/REAL/3829.jpg,0,real,cifake,train
data/raw/cifake/train/FAKE/2625 (9).jpg,1,ai_generated,cifake,train
data/raw/cifake/train/REAL/0848 (4).jpg,0,real,cifake,train
data/raw/cifake/train/REAL/3601 (6).jpg,0,real,cifake,train
data/raw/cifake/train/FAKE/3780 (6).jpg,1,ai_generated,cifake,train
data/raw/cifake/train/REAL/3949 (2).jpg,0,real,cifake,train
data/raw/cifake/train/REAL/4905 (4).jpg,0,real,cifake,train
data/raw/cifake/train/REAL/0404.jpg,0,real,cifake,train
data/raw/cifake/train/FAKE/2298.jpg,1,ai_generated,cifake,train
data/raw/cifake/train/REAL/2139 (7).jpg,0,real,cifake,train
data/raw/cifake/train/REAL/0649 (7).jpg,0,real,cifake,train
data/raw/cifake/train/REAL/1949 (9).jpg,0,real,cifake,train
data/raw/cifake/train/REAL/4635 (8).jpg,0,real,cifake,train
data/raw/cifake/train/REAL/0500 (10).jpg,0,real,cifake,train
data/raw/cifake/train/FAKE/5953 (2).jpg,1,ai_generated,cifake,train
data/raw/cifake/train/REAL/4211 (6).jpg,0,real,cifake,train
data/raw/cifake/train/FAKE/3860 (7).jpg,1,ai_generated,cifake,train
data/raw/cifake/train/REAL/4075 (3).jpg,0,real,cifake,train
data/raw/cifake/train/FAKE/4447 (9).jpg,1,ai_generated,cifake,train
data/raw/cifake/train/FAKE/3936 (5).jpg,1,ai_generated,cifake,train
data/raw/cifake/train/FAKE/2973 (4).jpg,1,ai_generated,cifake,train
data/raw/cifake/train/FAKE/3489 (2).jpg,1,ai_generated,cifake,train
data/raw/cifake/train/REAL/1479 (2).jpg,0,real,cifake,train
data/raw/cifake/train/FAKE/2627 (10).jpg,1,ai_generated,cifake,train
data/raw/cifake/train/REAL/3148 (9).jpg,0,real,cifake,train
data/raw/cifake/train/FAKE/1173 (3).jpg,1,ai_generated,cifake,train
data/raw/cifake/train/REAL/0281.jpg,0,real,cifake,train
data/raw/cifake/train/REAL/1405 (4).jpg,0,real,cifake,train
data/raw/cifake/train/REAL/4502 (5).jpg,0,real,cifake,train
data/raw/cifake/train/REAL/2313 (2).jpg,0,real,cifake,train
data/raw/cifake/train/FAKE/5565 (4).jpg,1,ai_generated,cifake,train
data/raw/cifake/train/FAKE/2410 (2).jpg,1,ai_generated,cifake,train
data/raw/cifake/train/REAL/2440 (7).jpg,0,real,cifake,train
data/raw/cifake/train/FAKE/1918 (2).jpg,1,ai_generated,cifake,train
data/raw/cifake/train/FAKE/5016 (5).jpg,1,ai_generated,cifake,train
data/raw/cifake/train/FAKE/4709.jpg,1,ai_generated,cifake,train
data/raw/cifake/train/FAKE/1268 (8).jpg,1,ai_generated,cifake,train
data/raw/cifake/train/FAKE/3433 (2).jpg,1,ai_generated,cifake,train
data/raw/cifake/train/REAL/1322.jpg,0,real,cifake,train
data/raw/cifake/train/REAL/2869.jpg,0,real,cifake,train
data/raw/cifake/train/FAKE/2756 (9).jpg,1,ai_generated,cifake,train
data/raw/cifake/train/REAL/0620 (4).jpg,0,real,cifake,train
data/raw/cifake/train/REAL/4609 (7).jpg,0,real,cifake,train
data/raw/cifake/train/FAKE/5962 (7).jpg,1,ai_generated,cifake,train
data/raw/cifake/train/REAL/4367 (5).jpg,0,real,cifake,train
data/raw/cifake/train/FAKE/1681 (8).jpg,1,ai_generated,cifake,train
data/raw/cifake/train/FAKE/3531 (5).jpg,1,ai_generated,cifake,train
data/raw/cifake/train/REAL/3137 (8).jpg,0,real,cifake,train
data/raw/cifake/train/REAL/3609 (10).jpg,0,real,cifake,train
data/raw/cifake/train/FAKE/2837.jpg,1,ai_generated,cifake,train
data/raw/cifake/train/REAL/0662 (10).jpg,0,real,cifake,train
data/raw/cifake/train/REAL/4044 (8).jpg,0,real,cifake,train
data/raw/cifake/train/REAL/3262 (2).jpg,0,real,cifake,train
data/raw/cifake/train/REAL/0800 (3).jpg,0,real,cifake,train
data/raw/cifake/train/FAKE/3004 (6).jpg,1,ai_generated,cifake,train
data/raw/cifake/train/FAKE/2090 (4).jpg,1,ai_generated,cifake,train
data/raw/cifake/train/REAL/2937 (7).jpg,0,real,cifake,train
data/raw/cifake/train/REAL/0847 (8).jpg,0,real,cifake,train
data/raw/cifake/train/REAL/2275 (2).jpg,0,real,cifake,train
data/raw/cifake/train/FAKE/5007 (7).jpg,1,ai_generated,cifake,train
data/raw/cifake/train/REAL/4859 (5).jpg,0,real,cifake,train
data/raw/cifake/train/REAL/2760 (4).jpg,0,real,cifake,train
data/raw/cifake/train/REAL/1202.jpg,0,real,cifake,train
data/raw/cifake/train/REAL/4848 (2).jpg,0,real,cifake,train
data/raw/cifake/train/REAL/2344 (2).jpg,0,real,cifake,train
data/raw/cifake/train/FAKE/2522 (4).jpg,1,ai_generated,cifake,train
data/raw/cifake/train/FAKE/4126 (2).jpg,1,ai_generated,cifake,train
data/raw/cifake/train/REAL/3334 (3).jpg,0,real,cifake,train
data/raw/cifake/train/REAL/4273 (8).jpg,0,real,cifake,train
data/raw/cifake/train/FAKE/4520 (3).jpg,1,ai_generated,cifake,train
data/raw/cifake/train/FAKE/1998 (6).jpg,1,ai_generated,cifake,train
data/raw/cifake/train/FAKE/2524 (4).jpg,1,ai_generated,cifake,train
data/raw/cifake/train/REAL/3617 (7).jpg,0,real,cifake,train
data/raw/cifake/train/REAL/2604 (4).jpg,0,real,cifake,train
data/raw/cifake/train/REAL/2619 (10).jpg,0,real,cifake,train
data/raw/cifake/train/FAKE/2192 (6).jpg,1,ai_generated,cifake,train
data/raw/cifake/train/FAKE/2850 (8).jpg,1,ai_generated,cifake,train
data/raw/cifake/train/FAKE/5584 (7).jpg,1,ai_generated,cifake,train
data/raw/cifake/train/REAL/1206 (10).jpg,0,real,cifake,train
data/raw/cifake/train/REAL/2235.jpg,0,real,cifake,train
data/raw/cifake/train/REAL/0963 (10).jpg,0,real,cifake,train
data/raw/cifake/train/FAKE/2310 (2).jpg,1,ai_generated,cifake,train
data/raw/cifake/train/FAKE/4090.jpg,1,ai_generated,cifake,train
data/raw/cifake/train/FAKE/1067 (2).jpg,1,ai_generated,cifake,train
data/raw/cifake/train/REAL/2573 (9).jpg,0,real,cifake,train
data/raw/cifake/train/REAL/2949 (3).jpg,0,real,cifake,train
data/raw/cifake/train/REAL/1081 (5).jpg,0,real,cifake,train
data/raw/cifake/train/FAKE/2640 (6).jpg,1,ai_generated,cifake,train
data/raw/cifake/train/FAKE/4672 (2).jpg,1,ai_generated,cifake,train
data/raw/cifake/train/REAL/1322 (5).jpg,0,real,cifake,train
data/raw/cifake/train/FAKE/3835 (7).jpg,1,ai_generated,cifake,train
data/raw/cifake/train/REAL/1703 (9).jpg,0,real,cifake,train
data/raw/cifake/train/FAKE/3796 (6).jpg,1,ai_generated,cifake,train
data/raw/cifake/train/FAKE/5165 (5).jpg,1,ai_generated,cifake,train
data/raw/cifake/train/REAL/1262 (4).jpg,0,real,cifake,train
data/raw/cifake/train/FAKE/1509 (5).jpg,1,ai_generated,cifake,train
data/raw/cifake/train/FAKE/3879.jpg,1,ai_generated,cifake,train
data/raw/cifake/train/FAKE/1372 (4).jpg,1,ai_generated,cifake,train
data/raw/cifake/train/FAKE/4126 (5).jpg,1,ai_generated,cifake,train
data/raw/cifake/train/REAL/3543 (3).jpg,0,real,cifake,train
data/raw/cifake/train/REAL/2324 (9).jpg,0,real,cifake,train
data/raw/cifake/train/FAKE/4147 (10).jpg,1,ai_generated,cifake,train
data/raw/cifake/train/REAL/3151 (7).jpg,0,real,cifake,train
data/raw/cifake/train/FAKE/2839 (2).jpg,1,ai_generated,cifake,train
data/raw/cifake/train/REAL/0383 (6).jpg,0,real,cifake,train
data/raw/cifake/train/REAL/4077 (4).jpg,0,real,cifake,train
data/raw/cifake/train/REAL/4124 (7).jpg,0,real,cifake,train
data/raw/cifake/train/REAL/4798 (7).jpg,0,real,cifake,train
data/raw/cifake/train/FAKE/5584 (5).jpg,1,ai_generated,cifake,train
data/raw/cifake/train/REAL/3028.jpg,0,real,cifake,train
data/raw/cifake/train/FAKE/4997 (5).jpg,1,ai_generated,cifake,train
data/raw/cifake/train/FAKE/1306 (2).jpg,1,ai_generated,cifake,train
data/raw/cifake/train/REAL/1772 (7).jpg,0,real,cifake,train
data/raw/cifake/train/FAKE/3984 (4).jpg,1,ai_generated,cifake,train
data/raw/cifake/train/REAL/1487.jpg,0,real,cifake,train
data/raw/cifake/train/REAL/3554 (7).jpg,0,real,cifake,train
data/raw/cifake/train/FAKE/2833 (3).jpg,1,ai_generated,cifake,train
data/raw/cifake/train/REAL/1536 (7).jpg,0,real,cifake,train
data/raw/cifake/train/REAL/2446 (2).jpg,0,real,cifake,train
data/raw/cifake/train/FAKE/5499 (2).jpg,1,ai_generated,cifake,train
data/raw/cifake/train/FAKE/3885 (10).jpg,1,ai_generated,cifake,train
data/raw/cifake/train/FAKE/5635 (4).jpg,1,ai_generated,cifake,train
data/raw/cifake/train/FAKE/3375 (5).jpg,1,ai_generated,cifake,train
data/raw/cifake/train/FAKE/2246.jpg,1,ai_generated,cifake,train
data/raw/cifake/train/REAL/2035 (3).jpg,0,real,cifake,train
data/raw/cifake/train/REAL/4892 (9).jpg,0,real,cifake,train
data/raw/cifake/train/FAKE/1769 (7).jpg,1,ai_generated,cifake,train
data/raw/cifake/train/REAL/4682 (5).jpg,0,real,cifake,train
data/raw/cifake/train/FAKE/4584.jpg,1,ai_generated,cifake,train
data/raw/cifake/train/FAKE/4928 (9).jpg,1,ai_generated,cifake,train
data/raw/cifake/train/REAL/2311 (7).jpg,0,real,cifake,train
data/raw/cifake/train/FAKE/2461 (6).jpg,1,ai_generated,cifake,train
data/raw/cifake/train/REAL/1045 (7).jpg,0,real,cifake,train
data/raw/cifake/train/FAKE/4536 (7).jpg,1,ai_generated,cifake,train
data/raw/cifake/train/FAKE/2699 (7).jpg,1,ai_generated,cifake,train
data/raw/cifake/train/FAKE/2382 (3).jpg,1,ai_generated,cifake,train
data/raw/cifake/train/REAL/4311 (9).jpg,0,real,cifake,train
data/raw/cifake/train/REAL/3699 (2).jpg,0,real,cifake,train
data/raw/cifake/train/REAL/0074 (8).jpg,0,real,cifake,train
data/raw/cifake/train/REAL/4955 (9).jpg,0,real,cifake,train
data/raw/cifake/train/REAL/2608 (10).jpg,0,real,cifake,train
data/raw/cifake/train/REAL/2889 (2).jpg,0,real,cifake,train
data/raw/cifake/train/REAL/2448 (7).jpg,0,real,cifake,train
data/raw/cifake/train/FAKE/1024 (5).jpg,1,ai_generated,cifake,train
data/raw/cifake/train/FAKE/2851 (5).jpg,1,ai_generated,cifake,train
data/raw/cifake/train/REAL/4517 (2).jpg,0,real,cifake,train
data/raw/cifake/train/FAKE/4391 (2).jpg,1,ai_generated,cifake,train
data/raw/cifake/train/FAKE/2047.jpg,1,ai_generated,cifake,train
data/raw/cifake/train/FAKE/1024 (2).jpg,1,ai_generated,cifake,train
data/raw/cifake/train/FAKE/3450.jpg,1,ai_generated,cifake,train
data/raw/cifake/train/REAL/3782 (6).jpg,0,real,cifake,train
data/raw/cifake/train/FAKE/5509 (5).jpg,1,ai_generated,cifake,train
data/raw/cifake/train/REAL/3684 (4).jpg,0,real,cifake,train
data/raw/cifake/train/REAL/1022 (2).jpg,0,real,cifake,train
data/raw/cifake/train/REAL/2594 (3).jpg,0,real,cifake,train
data/raw/cifake/train/FAKE/1899 (9).jpg,1,ai_generated,cifake,train
data/raw/cifake/train/FAKE/4051 (9).jpg,1,ai_generated,cifake,train
data/raw/cifake/train/FAKE/2067 (7).jpg,1,ai_generated,cifake,train
data/raw/cifake/train/REAL/4270 (10).jpg,0,real,cifake,train
data/raw/cifake/train/REAL/3647 (10).jpg,0,real,cifake,train
data/raw/cifake/train/REAL/3789 (2).jpg,0,real,cifake,train
data/raw/cifake/train/FAKE/2576 (3).jpg,1,ai_generated,cifake,train
data/raw/cifake/train/FAKE/4238 (5).jpg,1,ai_generated,cifake,train
data/raw/cifake/train/REAL/3152 (5).jpg,0,real,cifake,train
data/raw/cifake/train/REAL/1060 (10).jpg,0,real,cifake,train
data/raw/cifake/train/FAKE/4292 (9).jpg,1,ai_generated,cifake,train
data/raw/cifake/train/REAL/0554 (3).jpg,0,real,cifake,train
data/raw/cifake/train/FAKE/4451 (8).jpg,1,ai_generated,cifake,train
data/raw/cifake/train/FAKE/5489 (4).jpg,1,ai_generated,cifake,train
data/raw/cifake/train/REAL/1431.jpg,0,real,cifake,train
data/raw/cifake/train/FAKE/2724 (3).jpg,1,ai_generated,cifake,train
data/raw/cifake/train/REAL/4279 (4).jpg,0,real,cifake,train
data/raw/cifake/train/REAL/3095 (8).jpg,0,real,cifake,train
data/raw/cifake/train/FAKE/4418 (3).jpg,1,ai_generated,cifake,train
data/raw/cifake/train/FAKE/4526 (7).jpg,1,ai_generated,cifake,train
data/raw/cifake/train/REAL/4220 (3).jpg,0,real,cifake,train
data/raw/cifake/train/FAKE/1602 (3).jpg,1,ai_generated,cifake,train
data/raw/cifake/train/REAL/2758 (10).jpg,0,real,cifake,train
data/raw/cifake/train/FAKE/3287.jpg,1,ai_generated,cifake,train
data/raw/cifake/train/REAL/3524 (4).jpg,0,real,cifake,train
data/raw/cifake/train/FAKE/5324.jpg,1,ai_generated,cifake,train
data/raw/cifake/train/REAL/2106 (6).jpg,0,real,cifake,train
data/raw/cifake/train/REAL/0952 (2).jpg,0,real,cifake,train
data/raw/cifake/train/FAKE/1855 (5).jpg,1,ai_generated,cifake,train
data/raw/cifake/train/REAL/4867 (4).jpg,0,real,cifake,train
data/raw/cifake/train/FAKE/3482 (6).jpg,1,ai_generated,cifake,train
data/raw/cifake/train/FAKE/5731 (6).jpg,1,ai_generated,cifake,train
data/raw/cifake/train/REAL/3106 (8).jpg,0,real,cifake,train
data/raw/cifake/train/FAKE/2328 (10).jpg,1,ai_generated,cifake,train
data/raw/cifake/train/REAL/4414 (8).jpg,0,real,cifake,train
data/raw/cifake/train/REAL/4201 (8).jpg,0,real,cifake,train
data/raw/cifake/train/REAL/2637 (5).jpg,0,real,cifake,train
data/raw/cifake/train/REAL/4489 (3).jpg,0,real,cifake,train
data/raw/cifake/train/FAKE/3893 (10).jpg,1,ai_generated,cifake,train
data/raw/cifake/train/REAL/3450 (6).jpg,0,real,cifake,train
data/raw/cifake/train/FAKE/2526 (3).jpg,1,ai_generated,cifake,train
data/raw/cifake/train/REAL/2719 (3).jpg,0,real,cifake,train
data/raw/cifake/train/REAL/1038 (7).jpg,0,real,cifake,train
data/raw/cifake/train/FAKE/3246 (3).jpg,1,ai_generated,cifake,train
data/raw/cifake/train/REAL/1366 (2).jpg,0,real,cifake,train
data/raw/cifake/train/FAKE/3614 (5).jpg,1,ai_generated,cifake,train
data/raw/cifake/train/FAKE/3242 (5).jpg,1,ai_generated,cifake,train
data/raw/cifake/train/FAKE/1421 (7).jpg,1,ai_generated,cifake,train
data/raw/cifake/train/FAKE/5983 (10).jpg,1,ai_generated,cifake,train
data/raw/cifake/train/FAKE/1003 (10).jpg,1,ai_generated,cifake,train
data/raw/cifake/train/FAKE/5051 (3).jpg,1,ai_generated,cifake,train
data/raw/cifake/train/REAL/1228 (9).jpg,0,real,cifake,train
data/raw/cifake/train/FAKE/1576 (7).jpg,1,ai_generated,cifake,train
data/raw/cifake/train/REAL/4589 (5).jpg,0,real,cifake,train
data/raw/cifake/train/FAKE/3602 (4).jpg,1,ai_generated,cifake,train
data/raw/cifake/train/REAL/4797 (8).jpg,0,real,cifake,train
data/raw/cifake/train/FAKE/4073 (7).jpg,1,ai_generated,cifake,train
data/raw/cifake/train/FAKE/5853 (4).jpg,1,ai_generated,cifake,train
data/raw/cifake/train/FAKE/3631 (5).jpg,1,ai_generated,cifake,train
data/raw/cifake/train/REAL/1983 (7).jpg,0,real,cifake,train
data/raw/cifake/train/FAKE/2594 (5).jpg,1,ai_generated,cifake,train
data/raw/cifake/train/REAL/1478 (3).jpg,0,real,cifake,train
data/raw/cifake/train/REAL/4385 (7).jpg,0,real,cifake,train
data/raw/cifake/train/REAL/3368 (8).jpg,0,real,cifake,train
data/raw/cifake/train/FAKE/4846 (4).jpg,1,ai_generated,cifake,train
data/raw/cifake/train/FAKE/2786 (4).jpg,1,ai_generated,cifake,train
data/raw/cifake/train/REAL/0524 (3).jpg,0,real,cifake,train
data/raw/cifake/train/FAKE/3997 (10).jpg,1,ai_generated,cifake,train
data/raw/cifake/train/FAKE/5575 (7).jpg,1,ai_generated,cifake,train
data/raw/cifake/train/FAKE/2716 (6).jpg,1,ai_generated,cifake,train
data/raw/cifake/train/FAKE/3022 (2).jpg,1,ai_generated,cifake,train
data/raw/cifake/train/REAL/2317 (3).jpg,0,real,cifake,train
data/raw/cifake/train/FAKE/1754 (3).jpg,1,ai_generated,cifake,train
data/raw/cifake/train/REAL/4883 (10).jpg,0,real,cifake,train
data/raw/cifake/train/REAL/1059 (9).jpg,0,real,cifake,train
data/raw/cifake/train/REAL/3381 (6).jpg,0,real,cifake,train
data/raw/cifake/train/REAL/4953.jpg,0,real,cifake,train
data/raw/cifake/train/FAKE/1092 (8).jpg,1,ai_generated,cifake,train
data/raw/cifake/train/FAKE/1187 (6).jpg,1,ai_generated,cifake,train
data/raw/cifake/train/FAKE/5637.jpg,1,ai_generated,cifake,train
data/raw/cifake/train/REAL/4040 (2).jpg,0,real,cifake,train
data/raw/cifake/train/FAKE/5451 (7).jpg,1,ai_generated,cifake,train
data/raw/cifake/train/REAL/3394 (7).jpg,0,real,cifake,train
data/raw/cifake/train/REAL/3938 (4).jpg,0,real,cifake,train
data/raw/cifake/train/REAL/0673 (3).jpg,0,real,cifake,train
data/raw/cifake/train/REAL/3058 (2).jpg,0,real,cifake,train
data/raw/cifake/train/REAL/1247 (2).jpg,0,real,cifake,train
data/raw/cifake/train/REAL/3376 (7).jpg,0,real,cifake,train
data/raw/cifake/train/REAL/3807.jpg,0,real,cifake,train
data/raw/cifake/train/FAKE/2045 (2).jpg,1,ai_generated,cifake,train
data/raw/cifake/train/REAL/3488 (7).jpg,0,real,cifake,train
data/raw/cifake/train/REAL/0479 (6).jpg,0,real,cifake,train
data/raw/cifake/train/FAKE/4443 (8).jpg,1,ai_generated,cifake,train
data/raw/cifake/train/FAKE/5474 (4).jpg,1,ai_generated,cifake,train
data/raw/cifake/train/REAL/1569 (7).jpg,0,real,cifake,train
data/raw/cifake/train/FAKE/3748 (5).jpg,1,ai_generated,cifake,train
data/raw/cifake/train/REAL/1421 (5).jpg,0,real,cifake,train
data/raw/cifake/train/REAL/1161 (8).jpg,0,real,cifake,train
data/raw/cifake/train/REAL/3820 (7).jpg,0,real,cifake,train
data/raw/cifake/train/FAKE/5487 (6).jpg,1,ai_generated,cifake,train
data/raw/cifake/train/REAL/4769 (9).jpg,0,real,cifake,train
data/raw/cifake/train/FAKE/1382 (7).jpg,1,ai_generated,cifake,train
data/raw/cifake/train/FAKE/4307 (4).jpg,1,ai_generated,cifake,train
data/raw/cifake/train/FAKE/5048 (7).jpg,1,ai_generated,cifake,train
data/raw/cifake/train/REAL/2934 (5).jpg,0,real,cifake,train
data/raw/cifake/train/FAKE/4755 (6).jpg,1,ai_generated,cifake,train
data/raw/cifake/train/REAL/1484.jpg,0,real,cifake,train
data/raw/cifake/train/FAKE/1657 (8).jpg,1,ai_generated,cifake,train
data/raw/cifake/train/FAKE/2477 (5).jpg,1,ai_generated,cifake,train
data/raw/cifake/train/FAKE/1524 (2).jpg,1,ai_generated,cifake,train
data/raw/cifake/train/REAL/1049 (2).jpg,0,real,cifake,train
data/raw/cifake/train/FAKE/2452 (3).jpg,1,ai_generated,cifake,train
data/raw/cifake/train/FAKE/4029 (2).jpg,1,ai_generated,cifake,train
data/raw/cifake/train/FAKE/4068.jpg,1,ai_generated,cifake,train
data/raw/cifake/train/REAL/4569.jpg,0,real,cifake,train
data/raw/cifake/train/REAL/4284 (2).jpg,0,real,cifake,train
data/raw/cifake/train/FAKE/2313 (7).jpg,1,ai_generated,cifake,train
data/raw/cifake/train/FAKE/2402 (8).jpg,1,ai_generated,cifake,train
data/raw/cifake/train/REAL/1241.jpg,0,real,cifake,train
data/raw/cifake/train/REAL/3184 (5).jpg,0,real,cifake,train
data/raw/cifake/train/FAKE/4851 (4).jpg,1,ai_generated,cifake,train
data/raw/cifake/train/REAL/0800 (2).jpg,0,real,cifake,train
data/raw/cifake/train/REAL/2848 (4).jpg,0,real,cifake,train
data/raw/cifake/train/FAKE/2297 (6).jpg,1,ai_generated,cifake,train
data/raw/cifake/train/REAL/2674 (4).jpg,0,real,cifake,train
data/raw/cifake/train/FAKE/4456 (6).jpg,1,ai_generated,cifake,train
data/raw/cifake/train/FAKE/1404 (6).jpg,1,ai_generated,cifake,train
data/raw/cifake/train/REAL/1580 (6).jpg,0,real,cifake,train
data/raw/cifake/train/REAL/4363 (5).jpg,0,real,cifake,train
data/raw/cifake/train/FAKE/3557 (8).jpg,1,ai_generated,cifake,train
data/raw/cifake/train/FAKE/4861 (9).jpg,1,ai_generated,cifake,train
data/raw/cifake/train/REAL/2786.jpg,0,real,cifake,train
data/raw/cifake/train/REAL/3885 (3).jpg,0,real,cifake,train
data/raw/cifake/train/REAL/0399 (3).jpg,0,real,cifake,train
data/raw/cifake/train/REAL/0658 (10).jpg,0,real,cifake,train
data/raw/cifake/train/REAL/2299 (4).jpg,0,real,cifake,train
data/raw/cifake/train/REAL/3779 (7).jpg,0,real,cifake,train
data/raw/cifake/train/REAL/2190 (10).jpg,0,real,cifake,train
data/raw/cifake/train/FAKE/3389 (10).jpg,1,ai_generated,cifake,train
data/raw/cifake/train/FAKE/5199 (6).jpg,1,ai_generated,cifake,train
data/raw/cifake/train/REAL/1338 (10).jpg,0,real,cifake,train
data/raw/cifake/train/FAKE/4032.jpg,1,ai_generated,cifake,train
data/raw/cifake/train/FAKE/4223 (2).jpg,1,ai_generated,cifake,train
data/raw/cifake/train/REAL/2267 (4).jpg,0,real,cifake,train
data/raw/cifake/train/FAKE/5192 (5).jpg,1,ai_generated,cifake,train
data/raw/cifake/train/REAL/4124 (4).jpg,0,real,cifake,train
data/raw/cifake/train/REAL/4874.jpg,0,real,cifake,train
data/raw/cifake/train/REAL/0360 (4).jpg,0,real,cifake,train
data/raw/cifake/train/REAL/4984 (2).jpg,0,real,cifake,train
data/raw/cifake/train/REAL/3582 (7).jpg,0,real,cifake,train
data/raw/cifake/train/FAKE/5816 (5).jpg,1,ai_generated,cifake,train
data/raw/cifake/train/FAKE/5159 (8).jpg,1,ai_generated,cifake,train
data/raw/cifake/train/FAKE/1333 (4).jpg,1,ai_generated,cifake,train
data/raw/cifake/train/FAKE/3567 (2).jpg,1,ai_generated,cifake,train
data/raw/cifake/train/FAKE/5478 (8).jpg,1,ai_generated,cifake,train
data/raw/cifake/train/FAKE/5826 (4).jpg,1,ai_generated,cifake,train
data/raw/cifake/train/REAL/3810 (3).jpg,0,real,cifake,train
data/raw/cifake/train/FAKE/5674 (6).jpg,1,ai_generated,cifake,train
data/raw/cifake/train/FAKE/4338 (8).jpg,1,ai_generated,cifake,train
data/raw/cifake/train/FAKE/4171 (8).jpg,1,ai_generated,cifake,train
data/raw/cifake/train/REAL/3341 (4).jpg,0,real,cifake,train
data/raw/cifake/train/FAKE/3116 (8).jpg,1,ai_generated,cifake,train
data/raw/cifake/train/REAL/4370 (7).jpg,0,real,cifake,train
data/raw/cifake/train/FAKE/4849 (4).jpg,1,ai_generated,cifake,train
data/raw/cifake/train/REAL/1193 (7).jpg,0,real,cifake,train
data/raw/cifake/train/FAKE/1215 (2).jpg,1,ai_generated,cifake,train
data/raw/cifake/train/REAL/3034 (2).jpg,0,real,cifake,train
data/raw/cifake/train/REAL/4029 (9).jpg,0,real,cifake,train
data/raw/cifake/train/FAKE/5410 (5).jpg,1,ai_generated,cifake,train
data/raw/cifake/train/FAKE/2920 (9).jpg,1,ai_generated,cifake,train
data/raw/cifake/train/REAL/3698 (10).jpg,0,real,cifake,train
data/raw/cifake/train/REAL/2127 (5).jpg,0,real,cifake,train
data/raw/cifake/train/REAL/4065 (7).jpg,0,real,cifake,train
data/raw/cifake/train/FAKE/4264 (10).jpg,1,ai_generated,cifake,train
data/raw/cifake/train/REAL/4802 (7).jpg,0,real,cifake,train
data/raw/cifake/train/FAKE/2545 (2).jpg,1,ai_generated,cifake,train
data/raw/cifake/train/REAL/0907 (4).jpg,0,real,cifake,train
data/raw/cifake/train/REAL/2682 (2).jpg,0,real,cifake,train
data/raw/cifake/train/FAKE/1276 (9).jpg,1,ai_generated,cifake,train
data/raw/cifake/train/FAKE/3925 (9).jpg,1,ai_generated,cifake,train
data/raw/cifake/train/REAL/0822 (2).jpg,0,real,cifake,train
data/raw/cifake/train/FAKE/3153 (2).jpg,1,ai_generated,cifake,train
data/raw/cifake/train/REAL/1522 (8).jpg,0,real,cifake,train
data/raw/cifake/train/REAL/3014 (4).jpg,0,real,cifake,train
data/raw/cifake/train/REAL/2089 (3).jpg,0,real,cifake,train
data/raw/cifake/train/REAL/2731 (8).jpg,0,real,cifake,train
data/raw/cifake/train/REAL/3039 (8).jpg,0,real,cifake,train
data/raw/cifake/train/REAL/0854 (10).jpg,0,real,cifake,train
data/raw/cifake/train/REAL/3298 (8).jpg,0,real,cifake,train
data/raw/cifake/train/FAKE/1311 (9).jpg,1,ai_generated,cifake,train
data/raw/cifake/train/REAL/1049 (7).jpg,0,real,cifake,train
data/raw/cifake/train/FAKE/5575 (6).jpg,1,ai_generated,cifake,train
data/raw/cifake/train/REAL/2443 (5).jpg,0,real,cifake,train
data/raw/cifake/train/FAKE/4457 (7).jpg,1,ai_generated,cifake,train
data/raw/cifake/train/FAKE/1453 (5).jpg,1,ai_generated,cifake,train
data/raw/cifake/train/FAKE/5509 (10).jpg,1,ai_generated,cifake,train
data/raw/cifake/train/FAKE/2846 (2).jpg,1,ai_generated,cifake,train
data/raw/cifake/train/REAL/4150 (2).jpg,0,real,cifake,train
data/raw/cifake/train/REAL/0449 (8).jpg,0,real,cifake,train
data/raw/cifake/train/FAKE/5630 (4).jpg,1,ai_generated,cifake,train
data/raw/cifake/train/REAL/1040 (9).jpg,0,real,cifake,train
data/raw/cifake/train/REAL/0384 (10).jpg,0,real,cifake,train
data/raw/cifake/train/REAL/3277 (10).jpg,0,real,cifake,train
data/raw/cifake/train/FAKE/2071.jpg,1,ai_generated,cifake,train
data/raw/cifake/train/FAKE/3071 (9).jpg,1,ai_generated,cifake,train
data/raw/cifake/train/REAL/4546 (6).jpg,0,real,cifake,train
data/raw/cifake/train/REAL/4176.jpg,0,real,cifake,train
data/raw/cifake/train/REAL/0488 (2).jpg,0,real,cifake,train
data/raw/cifake/train/REAL/0182 (5).jpg,0,real,cifake,train
data/raw/cifake/train/REAL/2466 (2).jpg,0,real,cifake,train
data/raw/cifake/train/REAL/0002 (5).jpg,0,real,cifake,train
data/raw/cifake/train/REAL/2188.jpg,0,real,cifake,train
data/raw/cifake/train/REAL/2003 (6).jpg,0,real,cifake,train
data/raw/cifake/train/FAKE/5826 (2).jpg,1,ai_generated,cifake,train
data/raw/cifake/train/REAL/3987 (7).jpg,0,real,cifake,train
data/raw/cifake/train/FAKE/5516.jpg,1,ai_generated,cifake,train
data/raw/cifake/train/REAL/2944.jpg,0,real,cifake,train
data/raw/cifake/train/REAL/0607 (8).jpg,0,real,cifake,train
data/raw/cifake/train/FAKE/5775 (2).jpg,1,ai_generated,cifake,train
data/raw/cifake/train/FAKE/1528 (4).jpg,1,ai_generated,cifake,train
data/raw/cifake/train/FAKE/2314 (3).jpg,1,ai_generated,cifake,train
data/raw/cifake/train/REAL/0548 (10).jpg,0,real,cifake,train
data/raw/cifake/train/FAKE/4765 (9).jpg,1,ai_generated,cifake,train
data/raw/cifake/train/REAL/4543.jpg,0,real,cifake,train
data/raw/cifake/train/FAKE/3286 (4).jpg,1,ai_generated,cifake,train
data/raw/cifake/train/REAL/3411 (4).jpg,0,real,cifake,train
data/raw/cifake/train/FAKE/4677 (4).jpg,1,ai_generated,cifake,train
data/raw/cifake/train/REAL/0160 (8).jpg,0,real,cifake,train
data/raw/cifake/train/REAL/1524 (10).jpg,0,real,cifake,train
data/raw/cifake/train/REAL/2274 (3).jpg,0,real,cifake,train
data/raw/cifake/train/FAKE/3895 (3).jpg,1,ai_generated,cifake,train
data/raw/cifake/train/FAKE/3750 (2).jpg,1,ai_generated,cifake,train
data/raw/cifake/train/FAKE/1645 (5).jpg,1,ai_generated,cifake,train
data/raw/cifake/train/FAKE/5746 (9).jpg,1,ai_generated,cifake,train
data/raw/cifake/train/REAL/2309 (8).jpg,0,real,cifake,train
data/raw/cifake/train/REAL/3227 (5).jpg,0,real,cifake,train
data/raw/cifake/train/FAKE/1519 (5).jpg,1,ai_generated,cifake,train
data/raw/cifake/train/FAKE/1935.jpg,1,ai_generated,cifake,train
data/raw/cifake/train/REAL/0600 (7).jpg,0,real,cifake,train
data/raw/cifake/train/FAKE/1771 (4).jpg,1,ai_generated,cifake,train
data/raw/cifake/train/FAKE/3429 (3).jpg,1,ai_generated,cifake,train
data/raw/cifake/train/FAKE/3090 (4).jpg,1,ai_generated,cifake,train
data/raw/cifake/train/REAL/2504 (4).jpg,0,real,cifake,train
data/raw/cifake/train/FAKE/3043 (3).jpg,1,ai_generated,cifake,train
data/raw/cifake/train/FAKE/4666 (8).jpg,1,ai_generated,cifake,train
data/raw/cifake/train/FAKE/1130 (3).jpg,1,ai_generated,cifake,train
data/raw/cifake/train/REAL/3873 (4).jpg,0,real,cifake,train
data/raw/cifake/train/FAKE/5046 (6).jpg,1,ai_generated,cifake,train
data/raw/cifake/train/REAL/1295 (4).jpg,0,real,cifake,train
data/raw/cifake/train/REAL/2066 (4).jpg,0,real,cifake,train
data/raw/cifake/train/REAL/1984.jpg,0,real,cifake,train
data/raw/cifake/train/FAKE/3644 (6).jpg,1,ai_generated,cifake,train
data/raw/cifake/train/FAKE/2839 (3).jpg,1,ai_generated,cifake,train
data/raw/cifake/train/REAL/3770 (5).jpg,0,real,cifake,train
data/raw/cifake/train/REAL/1570 (2).jpg,0,real,cifake,train
data/raw/cifake/train/REAL/0394 (5).jpg,0,real,cifake,train
data/raw/cifake/train/FAKE/5392 (5).jpg,1,ai_generated,cifake,train
data/raw/cifake/train/REAL/3043 (9).jpg,0,real,cifake,train
data/raw/cifake/train/REAL/0580 (4).jpg,0,real,cifake,train
data/raw/cifake/train/REAL/1066 (10).jpg,0,real,cifake,train
data/raw/cifake/train/REAL/2007 (10).jpg,0,real,cifake,train
data/raw/cifake/train/FAKE/1832 (3).jpg,1,ai_generated,cifake,train
data/raw/cifake/train/FAKE/4478 (7).jpg,1,ai_generated,cifake,train
data/raw/cifake/train/FAKE/2027 (7).jpg,1,ai_generated,cifake,train
data/raw/cifake/train/FAKE/5094 (5).jpg,1,ai_generated,cifake,train
data/raw/cifake/train/REAL/4426 (4).jpg,0,real,cifake,train
data/raw/cifake/train/REAL/3169 (4).jpg,0,real,cifake,train
data/raw/cifake/train/FAKE/4372 (5).jpg,1,ai_generated,cifake,train
data/raw/cifake/train/REAL/0610 (6).jpg,0,real,cifake,train
data/raw/cifake/train/FAKE/3212 (7).jpg,1,ai_generated,cifake,train
data/raw/cifake/train/FAKE/1884.jpg,1,ai_generated,cifake,train
data/raw/cifake/train/REAL/2430 (7).jpg,0,real,cifake,train
data/raw/cifake/train/REAL/2800 (8).jpg,0,real,cifake,train
data/raw/cifake/train/FAKE/5818 (4).jpg,1,ai_generated,cifake,train
data/raw/cifake/train/FAKE/5883 (2).jpg,1,ai_generated,cifake,train
data/raw/cifake/train/FAKE/2661 (4).jpg,1,ai_generated,cifake,train
data/raw/cifake/train/FAKE/2224 (4).jpg,1,ai_generated,cifake,train
data/raw/cifake/train/FAKE/1864 (7).jpg,1,ai_generated,cifake,train
data/raw/cifake/train/REAL/0291 (2).jpg,0,real,cifake,train
data/raw/cifake/train/FAKE/5944 (2).jpg,1,ai_generated,cifake,train
data/raw/cifake/train/FAKE/3650 (6).jpg,1,ai_generated,cifake,train
data/raw/cifake/train/FAKE/1875 (10).jpg,1,ai_generated,cifake,train
data/raw/cifake/train/REAL/0715 (4).jpg,0,real,cifake,train
data/raw/cifake/train/REAL/2680 (10).jpg,0,real,cifake,train
data/raw/cifake/train/FAKE/1747 (2).jpg,1,ai_generated,cifake,train
data/raw/cifake/train/FAKE/3805 (4).jpg,1,ai_generated,cifake,train
data/raw/cifake/train/REAL/3936 (3).jpg,0,real,cifake,train
data/raw/cifake/train/REAL/3591 (6).jpg,0,real,cifake,train
data/raw/cifake/train/REAL/2305 (2).jpg,0,real,cifake,train
data/raw/cifake/train/FAKE/4833 (5).jpg,1,ai_generated,cifake,train
data/raw/cifake/train/REAL/0572 (4).jpg,0,real,cifake,train
data/raw/cifake/train/REAL/2264 (4).jpg,0,real,cifake,train
data/raw/cifake/train/FAKE/3572 (7).jpg,1,ai_generated,cifake,train
data/raw/cifake/train/FAKE/1219.jpg,1,ai_generated,cifake,train
data/raw/cifake/train/FAKE/4814 (8).jpg,1,ai_generated,cifake,train
data/raw/cifake/train/REAL/4924 (5).jpg,0,real,cifake,train
data/raw/cifake/train/REAL/3899 (9).jpg,0,real,cifake,train
data/raw/cifake/train/REAL/1009 (9).jpg,0,real,cifake,train
data/raw/cifake/train/REAL/4500 (8).jpg,0,real,cifake,train
data/raw/cifake/train/FAKE/3968 (3).jpg,1,ai_generated,cifake,train
data/raw/cifake/train/FAKE/4058 (6).jpg,1,ai_generated,cifake,train
data/raw/cifake/train/FAKE/1642 (3).jpg,1,ai_generated,cifake,train
data/raw/cifake/train/REAL/3084 (3).jpg,0,real,cifake,train
data/raw/cifake/train/REAL/1074 (6).jpg,0,real,cifake,train
data/raw/cifake/train/FAKE/4009 (9).jpg,1,ai_generated,cifake,train
data/raw/cifake/train/FAKE/2968 (5).jpg,1,ai_generated,cifake,train
data/raw/cifake/train/FAKE/4830 (8).jpg,1,ai_generated,cifake,train
data/raw/cifake/train/REAL/2791 (8).jpg,0,real,cifake,train
data/raw/cifake/train/REAL/3152 (8).jpg,0,real,cifake,train
data/raw/cifake/train/REAL/1881 (7).jpg,0,real,cifake,train
data/raw/cifake/train/FAKE/1771 (2).jpg,1,ai_generated,cifake,train
data/raw/cifake/train/REAL/4362 (4).jpg,0,real,cifake,train
data/raw/cifake/train/FAKE/5078 (5).jpg,1,ai_generated,cifake,train
data/raw/cifake/train/REAL/4840 (7).jpg,0,real,cifake,train
data/raw/cifake/train/FAKE/4712.jpg,1,ai_generated,cifake,train
data/raw/cifake/train/REAL/1275 (9).jpg,0,real,cifake,train
data/raw/cifake/train/FAKE/4477 (2).jpg,1,ai_generated,cifake,train
data/raw/cifake/train/REAL/2865 (8).jpg,0,real,cifake,train
data/raw/cifake/train/REAL/2193.jpg,0,real,cifake,train
data/raw/cifake/train/REAL/0097 (9).jpg,0,real,cifake,train
data/raw/cifake/train/FAKE/3102 (3).jpg,1,ai_generated,cifake,train
data/raw/cifake/train/REAL/3645 (5).jpg,0,real,cifake,train
data/raw/cifake/train/REAL/3165 (7).jpg,0,real,cifake,train
data/raw/cifake/train/FAKE/4023 (5).jpg,1,ai_generated,cifake,train
data/raw/cifake/train/REAL/0375 (5).jpg,0,real,cifake,train
data/raw/cifake/train/REAL/1100 (7).jpg,0,real,cifake,train
data/raw/cifake/train/REAL/1515 (4).jpg,0,real,cifake,train
data/raw/cifake/train/FAKE/4023 (7).jpg,1,ai_generated,cifake,train
data/raw/cifake/train/FAKE/5055 (7).jpg,1,ai_generated,cifake,train
data/raw/cifake/train/REAL/1002 (5).jpg,0,real,cifake,train
data/raw/cifake/train/FAKE/2918 (4).jpg,1,ai_generated,cifake,train
data/raw/cifake/train/FAKE/2899 (9).jpg,1,ai_generated,cifake,train
data/raw/cifake/train/FAKE/1132 (4).jpg,1,ai_generated,cifake,train
data/raw/cifake/train/REAL/0037.jpg,0,real,cifake,train
data/raw/cifake/train/FAKE/3609 (7).jpg,1,ai_generated,cifake,train
data/raw/cifake/train/REAL/1650 (5).jpg,0,real,cifake,train
data/raw/cifake/train/REAL/4070 (10).jpg,0,real,cifake,train
data/raw/cifake/train/FAKE/2554 (2).jpg,1,ai_generated,cifake,train
data/raw/cifake/train/REAL/2341 (2).jpg,0,real,cifake,train
data/raw/cifake/train/FAKE/3201 (4).jpg,1,ai_generated,cifake,train
data/raw/cifake/train/REAL/1801 (10).jpg,0,real,cifake,train
data/raw/cifake/train/REAL/1855 (4).jpg,0,real,cifake,train
data/raw/cifake/train/FAKE/1316 (10).jpg,1,ai_generated,cifake,train
data/raw/cifake/train/FAKE/2819 (4).jpg,1,ai_generated,cifake,train
data/raw/cifake/train/REAL/1428 (9).jpg,0,real,cifake,train
data/raw/cifake/train/REAL/2879 (10).jpg,0,real,cifake,train
data/raw/cifake/train/FAKE/3332 (8).jpg,1,ai_generated,cifake,train
data/raw/cifake/train/FAKE/4380 (10).jpg,1,ai_generated,cifake,train
data/raw/cifake/train/REAL/3140 (9).jpg,0,real,cifake,train
data/raw/cifake/train/FAKE/3755 (10).jpg,1,ai_generated,cifake,train
data/raw/cifake/train/FAKE/5199.jpg,1,ai_generated,cifake,train
data/raw/cifake/train/FAKE/3749 (5).jpg,1,ai_generated,cifake,train
data/raw/cifake/train/FAKE/5692 (3).jpg,1,ai_generated,cifake,train
data/raw/cifake/train/REAL/2792 (10).jpg,0,real,cifake,train
data/raw/cifake/train/REAL/4035 (6).jpg,0,real,cifake,train
data/raw/cifake/train/REAL/3740 (3).jpg,0,real,cifake,train
data/raw/cifake/train/REAL/0776 (2).jpg,0,real,cifake,train
data/raw/cifake/train/FAKE/3752 (5).jpg,1,ai_generated,cifake,train
data/raw/cifake/train/FAKE/3629 (5).jpg,1,ai_generated,cifake,train
data/raw/cifake/train/REAL/4769.jpg,0,real,cifake,train
data/raw/cifake/train/FAKE/3178.jpg,1,ai_generated,cifake,train
data/raw/cifake/train/FAKE/4932 (7).jpg,1,ai_generated,cifake,train
data/raw/cifake/train/REAL/0495 (5).jpg,0,real,cifake,train
data/raw/cifake/train/FAKE/1948 (2).jpg,1,ai_generated,cifake,train
data/raw/cifake/train/REAL/1267 (5).jpg,0,real,cifake,train
data/raw/cifake/train/REAL/2155 (4).jpg,0,real,cifake,train
data/raw/cifake/train/REAL/1566 (9).jpg,0,real,cifake,train
data/raw/cifake/train/REAL/0512 (4).jpg,0,real,cifake,train
data/raw/cifake/train/REAL/4670 (7).jpg,0,real,cifake,train
data/raw/cifake/train/FAKE/3478 (9).jpg,1,ai_generated,cifake,train
data/raw/cifake/train/REAL/0794 (9).jpg,0,real,cifake,train
data/raw/cifake/train/FAKE/3018 (2).jpg,1,ai_generated,cifake,train
data/raw/cifake/train/REAL/2923 (4).jpg,0,real,cifake,train
data/raw/cifake/train/REAL/3514 (5).jpg,0,real,cifake,train
data/raw/cifake/train/REAL/0510 (7).jpg,0,real,cifake,train
data/raw/cifake/train/REAL/2147 (3).jpg,0,real,cifake,train
data/raw/cifake/train/FAKE/3422 (4).jpg,1,ai_generated,cifake,train
data/raw/cifake/train/REAL/0607 (4).jpg,0,real,cifake,train
data/raw/cifake/train/FAKE/1294 (9).jpg,1,ai_generated,cifake,train
data/raw/cifake/train/REAL/0405 (10).jpg,0,real,cifake,train
data/raw/cifake/train/FAKE/5371 (10).jpg,1,ai_generated,cifake,train
data/raw/cifake/train/REAL/2693 (8).jpg,0,real,cifake,train
data/raw/cifake/train/FAKE/5076 (4).jpg,1,ai_generated,cifake,train
data/raw/cifake/train/FAKE/1431 (8).jpg,1,ai_generated,cifake,train
data/raw/cifake/train/REAL/0683.jpg,0,real,cifake,train
data/raw/cifake/train/FAKE/1423 (6).jpg,1,ai_generated,cifake,train
data/raw/cifake/train/FAKE/2599 (2).jpg,1,ai_generated,cifake,train
data/raw/cifake/train/FAKE/1098 (6).jpg,1,ai_generated,cifake,train
data/raw/cifake/train/REAL/2570 (7).jpg,0,real,cifake,train
data/raw/cifake/train/FAKE/1206 (8).jpg,1,ai_generated,cifake,train
data/raw/cifake/train/FAKE/5478 (9).jpg,1,ai_generated,cifake,train
data/raw/cifake/train/FAKE/2160 (5).jpg,1,ai_generated,cifake,train
data/raw/cifake/train/REAL/4573 (6).jpg,0,real,cifake,train
data/raw/cifake/train/FAKE/3380 (5).jpg,1,ai_generated,cifake,train
data/raw/cifake/train/FAKE/1792 (2).jpg,1,ai_generated,cifake,train
data/raw/cifake/train/FAKE/1615 (9).jpg,1,ai_generated,cifake,train
data/raw/cifake/train/FAKE/5749 (6).jpg,1,ai_generated,cifake,train
data/raw/cifake/train/REAL/2878 (3).jpg,0,real,cifake,train
data/raw/cifake/train/REAL/1945 (2).jpg,0,real,cifake,train
data/raw/cifake/train/REAL/1079.jpg,0,real,cifake,train
data/raw/cifake/train/FAKE/4132 (8).jpg,1,ai_generated,cifake,train
data/raw/cifake/train/FAKE/2589 (9).jpg,1,ai_generated,cifake,train
data/raw/cifake/train/FAKE/4842 (9).jpg,1,ai_generated,cifake,train
data/raw/cifake/train/FAKE/5781 (7).jpg,1,ai_generated,cifake,train
data/raw/cifake/train/FAKE/2672 (7).jpg,1,ai_generated,cifake,train
data/raw/cifake/train/FAKE/4683 (2).jpg,1,ai_generated,cifake,train
data/raw/cifake/train/FAKE/3194 (5).jpg,1,ai_generated,cifake,train
data/raw/cifake/train/FAKE/3207 (2).jpg,1,ai_generated,cifake,train
data/raw/cifake/train/FAKE/4225 (7).jpg,1,ai_generated,cifake,train
data/raw/cifake/train/FAKE/3049 (3).jpg,1,ai_generated,cifake,train
data/raw/cifake/train/FAKE/4310 (7).jpg,1,ai_generated,cifake,train
data/raw/cifake/train/FAKE/1629 (4).jpg,1,ai_generated,cifake,train
data/raw/cifake/train/REAL/0299.jpg,0,real,cifake,train
data/raw/cifake/train/FAKE/5392 (7).jpg,1,ai_generated,cifake,train
data/raw/cifake/train/REAL/4920 (10).jpg,0,real,cifake,train
data/raw/cifake/train/REAL/2637 (8).jpg,0,real,cifake,train
data/raw/cifake/train/REAL/0422 (2).jpg,0,real,cifake,train
data/raw/cifake/train/REAL/2892 (5).jpg,0,real,cifake,train
data/raw/cifake/train/REAL/4915.jpg,0,real,cifake,train
data/raw/cifake/train/FAKE/1208 (2).jpg,1,ai_generated,cifake,train
data/raw/cifake/train/FAKE/2102.jpg,1,ai_generated,cifake,train
data/raw/cifake/train/FAKE/1404 (3).jpg,1,ai_generated,cifake,train
data/raw/cifake/train/FAKE/4675 (4).jpg,1,ai_generated,cifake,train
data/raw/cifake/train/REAL/4010 (4).jpg,0,real,cifake,train
data/raw/cifake/train/FAKE/3062.jpg,1,ai_generated,cifake,train
data/raw/cifake/train/REAL/2160 (8).jpg,0,real,cifake,train
data/raw/cifake/train/REAL/2051 (9).jpg,0,real,cifake,train
data/raw/cifake/train/REAL/0288 (3).jpg,0,real,cifake,train
data/raw/cifake/train/REAL/0591.jpg,0,real,cifake,train
data/raw/cifake/train/REAL/0804 (3).jpg,0,real,cifake,train
data/raw/cifake/train/FAKE/5815 (3).jpg,1,ai_generated,cifake,train
data/raw/cifake/train/REAL/4942 (8).jpg,0,real,cifake,train
data/raw/cifake/train/FAKE/2204 (4).jpg,1,ai_generated,cifake,train
data/raw/cifake/train/REAL/0302 (2).jpg,0,real,cifake,train
data/raw/cifake/train/FAKE/4983.jpg,1,ai_generated,cifake,train
data/raw/cifake/train/REAL/2321 (8).jpg,0,real,cifake,train
data/raw/cifake/train/REAL/2858 (8).jpg,0,real,cifake,train
data/raw/cifake/train/REAL/3024 (3).jpg,0,real,cifake,train
data/raw/cifake/train/REAL/1747 (6).jpg,0,real,cifake,train
data/raw/cifake/train/FAKE/3766 (2).jpg,1,ai_generated,cifake,train
data/raw/cifake/train/REAL/2309 (6).jpg,0,real,cifake,train
data/raw/cifake/train/REAL/0127 (4).jpg,0,real,cifake,train
data/raw/cifake/train/REAL/1319 (8).jpg,0,real,cifake,train
data/raw/cifake/train/REAL/2006 (5).jpg,0,real,cifake,train
data/raw/cifake/train/FAKE/5881 (2).jpg,1,ai_generated,cifake,train
data/raw/cifake/train/FAKE/3680 (5).jpg,1,ai_generated,cifake,train
data/raw/cifake/train/FAKE/2465 (7).jpg,1,ai_generated,cifake,train
data/raw/cifake/train/REAL/4071 (2).jpg,0,real,cifake,train
data/raw/cifake/train/REAL/1724.jpg,0,real,cifake,train
data/raw/cifake/train/FAKE/3719 (10).jpg,1,ai_generated,cifake,train
data/raw/cifake/train/REAL/4091.jpg,0,real,cifake,train
data/raw/cifake/train/REAL/0905 (3).jpg,0,real,cifake,train
data/raw/cifake/train/FAKE/4024 (10).jpg,1,ai_generated,cifake,train
data/raw/cifake/train/FAKE/2199 (10).jpg,1,ai_generated,cifake,train
data/raw/cifake/train/FAKE/2191 (4).jpg,1,ai_generated,cifake,train
data/raw/cifake/train/FAKE/1789 (3).jpg,1,ai_generated,cifake,train
data/raw/cifake/train/REAL/0538 (5).jpg,0,real,cifake,train
data/raw/cifake/train/REAL/0376 (7).jpg,0,real,cifake,train
data/raw/cifake/train/REAL/2488 (2).jpg,0,real,cifake,train
data/raw/cifake/train/REAL/3870.jpg,0,real,cifake,train
data/raw/cifake/train/REAL/1789.jpg,0,real,cifake,train
data/raw/cifake/train/FAKE/3379 (3).jpg,1,ai_generated,cifake,train
data/raw/cifake/train/REAL/2139 (6).jpg,0,real,cifake,train
data/raw/cifake/train/REAL/2705 (7).jpg,0,real,cifake,train
data/raw/cifake/train/REAL/2479.jpg,0,real,cifake,train
data/raw/cifake/train/FAKE/3003.jpg,1,ai_generated,cifake,train
data/raw/cifake/train/REAL/3109 (9).jpg,0,real,cifake,train
data/raw/cifake/train/REAL/4565 (7).jpg,0,real,cifake,train
data/raw/cifake/train/REAL/0419 (10).jpg,0,real,cifake,train
data/raw/cifake/train/REAL/2558.jpg,0,real,cifake,train
data/raw/cifake/train/REAL/4464 (5).jpg,0,real,cifake,train
data/raw/cifake/train/REAL/4651 (5).jpg,0,real,cifake,train
data/raw/cifake/train/REAL/4275 (9).jpg,0,real,cifake,train
data/raw/cifake/train/REAL/2827 (3).jpg,0,real,cifake,train
data/raw/cifake/train/FAKE/2035 (2).jpg,1,ai_generated,cifake,train
data/raw/cifake/train/FAKE/2847 (2).jpg,1,ai_generated,cifake,train
data/raw/cifake/train/REAL/1196.jpg,0,real,cifake,train
data/raw/cifake/train/FAKE/2085 (2).jpg,1,ai_generated,cifake,train
data/raw/cifake/train/REAL/2797 (8).jpg,0,real,cifake,train
data/raw/cifake/train/REAL/2161 (10).jpg,0,real,cifake,train
data/raw/cifake/train/REAL/0731 (6).jpg,0,real,cifake,train
data/raw/cifake/train/FAKE/3689 (9).jpg,1,ai_generated,cifake,train
data/raw/cifake/train/REAL/1634 (3).jpg,0,real,cifake,train
data/raw/cifake/train/FAKE/2342 (3).jpg,1,ai_generated,cifake,train
data/raw/cifake/train/FAKE/2045 (7).jpg,1,ai_generated,cifake,train
data/raw/cifake/train/FAKE/2853.jpg,1,ai_generated,cifake,train
data/raw/cifake/train/FAKE/2724 (4).jpg,1,ai_generated,cifake,train
data/raw/cifake/train/REAL/2571 (10).jpg,0,real,cifake,train
data/raw/cifake/train/REAL/0691 (6).jpg,0,real,cifake,train
data/raw/cifake/train/FAKE/2176.jpg,1,ai_generated,cifake,train
data/raw/cifake/train/REAL/1414 (9).jpg,0,real,cifake,train
data/raw/cifake/train/REAL/0746 (2).jpg,0,real,cifake,train
data/raw/cifake/train/FAKE/3861 (2).jpg,1,ai_generated,cifake,train
data/raw/cifake/train/REAL/3993 (6).jpg,0,real,cifake,train
data/raw/cifake/train/FAKE/2091 (6).jpg,1,ai_generated,cifake,train
data/raw/cifake/train/REAL/3434 (8).jpg,0,real,cifake,train
data/raw/cifake/train/REAL/0318 (6).jpg,0,real,cifake,train
data/raw/cifake/train/FAKE/1293 (4).jpg,1,ai_generated,cifake,train
data/raw/cifake/train/FAKE/2638 (5).jpg,1,ai_generated,cifake,train
data/raw/cifake/train/FAKE/2170 (8).jpg,1,ai_generated,cifake,train
data/raw/cifake/train/REAL/1044 (8).jpg,0,real,cifake,train
data/raw/cifake/train/REAL/3195 (2).jpg,0,real,cifake,train
data/raw/cifake/train/REAL/1186 (10).jpg,0,real,cifake,train
data/raw/cifake/train/REAL/1307 (9).jpg,0,real,cifake,train
data/raw/cifake/train/REAL/3153.jpg,0,real,cifake,train
data/raw/cifake/train/REAL/0946 (2).jpg,0,real,cifake,train
data/raw/cifake/train/FAKE/1068 (9).jpg,1,ai_generated,cifake,train
data/raw/cifake/train/FAKE/5774 (5).jpg,1,ai_generated,cifake,train
data/raw/cifake/train/REAL/1230 (2).jpg,0,real,cifake,train
data/raw/cifake/train/FAKE/2005 (3).jpg,1,ai_generated,cifake,train
data/raw/cifake/train/FAKE/1593 (9).jpg,1,ai_generated,cifake,train
data/raw/cifake/train/FAKE/2942 (4).jpg,1,ai_generated,cifake,train
data/raw/cifake/train/REAL/4481 (9).jpg,0,real,cifake,train
data/raw/cifake/train/FAKE/1127 (5).jpg,1,ai_generated,cifake,train
data/raw/cifake/train/REAL/4710 (6).jpg,0,real,cifake,train
data/raw/cifake/train/FAKE/2264 (2).jpg,1,ai_generated,cifake,train
data/raw/cifake/train/FAKE/2374 (9).jpg,1,ai_generated,cifake,train
data/raw/cifake/train/REAL/3907 (3).jpg,0,real,cifake,train
data/raw/cifake/train/REAL/4740 (3).jpg,0,real,cifake,train
data/raw/cifake/train/REAL/4688 (8).jpg,0,real,cifake,train
data/raw/cifake/train/FAKE/5344 (4).jpg,1,ai_generated,cifake,train
data/raw/cifake/train/REAL/4234 (10).jpg,0,real,cifake,train
data/raw/cifake/train/REAL/3415 (10).jpg,0,real,cifake,train
data/raw/cifake/train/FAKE/4349 (2).jpg,1,ai_generated,cifake,train
data/raw/cifake/train/REAL/3751 (8).jpg,0,real,cifake,train
data/raw/cifake/train/REAL/3487 (9).jpg,0,real,cifake,train
data/raw/cifake/train/REAL/4730 (3).jpg,0,real,cifake,train
data/raw/cifake/train/REAL/0088.jpg,0,real,cifake,train
data/raw/cifake/train/REAL/2203 (6).jpg,0,real,cifake,train
data/raw/cifake/train/REAL/3916.jpg,0,real,cifake,train
data/raw/cifake/train/REAL/4899 (10).jpg,0,real,cifake,train
data/raw/cifake/train/FAKE/5016 (3).jpg,1,ai_generated,cifake,train
data/raw/cifake/train/REAL/4261 (2).jpg,0,real,cifake,train
data/raw/cifake/train/FAKE/2842 (9).jpg,1,ai_generated,cifake,train
data/raw/cifake/train/FAKE/1536.jpg,1,ai_generated,cifake,train
data/raw/cifake/train/REAL/4611 (4).jpg,0,real,cifake,train
data/raw/cifake/train/FAKE/2549 (7).jpg,1,ai_generated,cifake,train
data/raw/cifake/train/FAKE/1972 (9).jpg,1,ai_generated,cifake,train
data/raw/cifake/train/FAKE/5977 (7).jpg,1,ai_generated,cifake,train
data/raw/cifake/train/REAL/3273 (8).jpg,0,real,cifake,train
data/raw/cifake/train/REAL/1566.jpg,0,real,cifake,train
data/raw/cifake/train/REAL/3435 (4).jpg,0,real,cifake,train
data/raw/cifake/train/FAKE/4553.jpg,1,ai_generated,cifake,train
data/raw/cifake/train/REAL/0677.jpg,0,real,cifake,train
data/raw/cifake/train/FAKE/4274 (3).jpg,1,ai_generated,cifake,train
data/raw/cifake/train/REAL/0798 (3).jpg,0,real,cifake,train
data/raw/cifake/train/REAL/4230 (9).jpg,0,real,cifake,train
data/raw/cifake/train/FAKE/3013 (6).jpg,1,ai_generated,cifake,train
data/raw/cifake/train/REAL/2544 (9).jpg,0,real,cifake,train
data/raw/cifake/train/REAL/1926.jpg,0,real,cifake,train
data/raw/cifake/train/REAL/1006 (2).jpg,0,real,cifake,train
data/raw/cifake/train/REAL/1163.jpg,0,real,cifake,train
data/raw/cifake/train/FAKE/3178 (8).jpg,1,ai_generated,cifake,train
data/raw/cifake/train/FAKE/4027 (10).jpg,1,ai_generated,cifake,train
data/raw/cifake/train/FAKE/3231 (10).jpg,1,ai_generated,cifake,train
data/raw/cifake/train/REAL/4817 (7).jpg,0,real,cifake,train
data/raw/cifake/train/REAL/0405 (2).jpg,0,real,cifake,train
data/raw/cifake/train/FAKE/1633 (9).jpg,1,ai_generated,cifake,train
data/raw/cifake/train/REAL/4896.jpg,0,real,cifake,train
data/raw/cifake/train/REAL/4350 (6).jpg,0,real,cifake,train
data/raw/cifake/train/REAL/2928 (4).jpg,0,real,cifake,train
data/raw/cifake/train/REAL/1069 (9).jpg,0,real,cifake,train
data/raw/cifake/train/REAL/4623.jpg,0,real,cifake,train
data/raw/cifake/train/REAL/3150 (8).jpg,0,real,cifake,train
data/raw/cifake/train/REAL/4859 (8).jpg,0,real,cifake,train
data/raw/cifake/train/REAL/0665.jpg,0,real,cifake,train
data/raw/cifake/train/FAKE/4218 (4).jpg,1,ai_generated,cifake,train
data/raw/cifake/train/REAL/1897.jpg,0,real,cifake,train
data/raw/cifake/train/FAKE/2260 (10).jpg,1,ai_generated,cifake,train
data/raw/cifake/train/REAL/0087 (3).jpg,0,real,cifake,train
data/raw/cifake/train/FAKE/5338 (8).jpg,1,ai_generated,cifake,train
data/raw/cifake/train/REAL/3452 (2).jpg,0,real,cifake,train
data/raw/cifake/train/REAL/4948 (2).jpg,0,real,cifake,train
data/raw/cifake/train/REAL/0290 (2).jpg,0,real,cifake,train
data/raw/cifake/train/FAKE/4377 (6).jpg,1,ai_generated,cifake,train
data/raw/cifake/train/FAKE/1393 (10).jpg,1,ai_generated,cifake,train
data/raw/cifake/train/FAKE/3844 (5).jpg,1,ai_generated,cifake,train
data/raw/cifake/train/REAL/0446.jpg,0,real,cifake,train
data/raw/cifake/train/FAKE/3566 (9).jpg,1,ai_generated,cifake,train
data/raw/cifake/train/REAL/1827 (2).jpg,0,real,cifake,train
data/raw/cifake/train/REAL/3387 (8).jpg,0,real,cifake,train
data/raw/cifake/train/FAKE/4449 (3).jpg,1,ai_generated,cifake,train
data/raw/cifake/train/FAKE/3315 (3).jpg,1,ai_generated,cifake,train
data/raw/cifake/train/FAKE/3517 (10).jpg,1,ai_generated,cifake,train
data/raw/cifake/train/FAKE/1728 (2).jpg,1,ai_generated,cifake,train
data/raw/cifake/train/REAL/0582 (9).jpg,0,real,cifake,train
data/raw/cifake/train/FAKE/4404 (6).jpg,1,ai_generated,cifake,train
data/raw/cifake/train/REAL/1014.jpg,0,real,cifake,train
data/raw/cifake/train/REAL/0401 (7).jpg,0,real,cifake,train
data/raw/cifake/train/REAL/4502 (10).jpg,0,real,cifake,train
data/raw/cifake/train/REAL/4314 (10).jpg,0,real,cifake,train
data/raw/cifake/train/REAL/0940 (8).jpg,0,real,cifake,train
data/raw/cifake/train/FAKE/3932 (2).jpg,1,ai_generated,cifake,train
data/raw/cifake/train/REAL/3242 (8).jpg,0,real,cifake,train
data/raw/cifake/train/FAKE/4895 (6).jpg,1,ai_generated,cifake,train
data/raw/cifake/train/FAKE/4250 (9).jpg,1,ai_generated,cifake,train
data/raw/cifake/train/REAL/4852 (7).jpg,0,real,cifake,train
data/raw/cifake/train/FAKE/5426 (9).jpg,1,ai_generated,cifake,train
data/raw/cifake/train/FAKE/1597 (9).jpg,1,ai_generated,cifake,train
data/raw/cifake/train/REAL/4842 (9).jpg,0,real,cifake,train
data/raw/cifake/train/FAKE/4057 (2).jpg,1,ai_generated,cifake,train
data/raw/cifake/train/FAKE/2998 (2).jpg,1,ai_generated,cifake,train
data/raw/cifake/train/FAKE/5811 (7).jpg,1,ai_generated,cifake,train
data/raw/cifake/train/FAKE/4689 (2).jpg,1,ai_generated,cifake,train
data/raw/cifake/train/REAL/1418 (8).jpg,0,real,cifake,train
data/raw/cifake/train/REAL/1522 (9).jpg,0,real,cifake,train
data/raw/cifake/train/REAL/0486 (9).jpg,0,real,cifake,train
data/raw/cifake/train/REAL/0953 (9).jpg,0,real,cifake,train
data/raw/cifake/train/FAKE/1500 (2).jpg,1,ai_generated,cifake,train
data/raw/cifake/train/REAL/3267 (5).jpg,0,real,cifake,train
data/raw/cifake/train/REAL/3273 (7).jpg,0,real,cifake,train
data/raw/cifake/train/FAKE/2206 (2).jpg,1,ai_generated,cifake,train
data/raw/cifake/train/FAKE/1967 (8).jpg,1,ai_generated,cifake,train
data/raw/cifake/train/FAKE/4525 (3).jpg,1,ai_generated,cifake,train
data/raw/cifake/train/FAKE/3714 (7).jpg,1,ai_generated,cifake,train
data/raw/cifake/train/REAL/3925 (7).jpg,0,real,cifake,train
data/raw/cifake/train/FAKE/4326 (3).jpg,1,ai_generated,cifake,train
data/raw/cifake/train/REAL/2165 (10).jpg,0,real,cifake,train
data/raw/cifake/train/FAKE/1280 (10).jpg,1,ai_generated,cifake,train
data/raw/cifake/train/FAKE/3408 (5).jpg,1,ai_generated,cifake,train
data/raw/cifake/train/REAL/4551 (4).jpg,0,real,cifake,train
data/raw/cifake/train/FAKE/1097 (4).jpg,1,ai_generated,cifake,train
data/raw/cifake/train/FAKE/4779 (5).jpg,1,ai_generated,cifake,train
data/raw/cifake/train/FAKE/4822 (3).jpg,1,ai_generated,cifake,train
data/raw/cifake/train/REAL/3775 (4).jpg,0,real,cifake,train
data/raw/cifake/train/FAKE/3034 (2).jpg,1,ai_generated,cifake,train
data/raw/cifake/train/REAL/4328 (6).jpg,0,real,cifake,train
data/raw/cifake/train/FAKE/3985 (9).jpg,1,ai_generated,cifake,train
data/raw/cifake/train/FAKE/4130 (7).jpg,1,ai_generated,cifake,train
data/raw/cifake/train/FAKE/1681.jpg,1,ai_generated,cifake,train
data/raw/cifake/train/FAKE/2008 (6).jpg,1,ai_generated,cifake,train
data/raw/cifake/train/REAL/4831 (3).jpg,0,real,cifake,train
data/raw/cifake/train/REAL/0218 (4).jpg,0,real,cifake,train
data/raw/cifake/train/REAL/2138 (10).jpg,0,real,cifake,train
data/raw/cifake/train/FAKE/4168 (8).jpg,1,ai_generated,cifake,train
data/raw/cifake/train/FAKE/4067 (2).jpg,1,ai_generated,cifake,train
data/raw/cifake/train/FAKE/2646 (10).jpg,1,ai_generated,cifake,train
data/raw/cifake/train/FAKE/3143 (2).jpg,1,ai_generated,cifake,train
data/raw/cifake/train/REAL/0365 (5).jpg,0,real,cifake,train
data/raw/cifake/train/REAL/2352 (6).jpg,0,real,cifake,train
data/raw/cifake/train/REAL/0043 (8).jpg,0,real,cifake,train
data/raw/cifake/train/FAKE/2897.jpg,1,ai_generated,cifake,train
data/raw/cifake/train/REAL/2842 (9).jpg,0,real,cifake,train
data/raw/cifake/train/FAKE/4235 (3).jpg,1,ai_generated,cifake,train
data/raw/cifake/train/REAL/2206 (6).jpg,0,real,cifake,train
data/raw/cifake/train/REAL/3310 (7).jpg,0,real,cifake,train
data/raw/cifake/train/REAL/2070 (9).jpg,0,real,cifake,train
data/raw/cifake/train/FAKE/5043 (5).jpg,1,ai_generated,cifake,train
data/raw/cifake/train/FAKE/2415 (7).jpg,1,ai_generated,cifake,train
data/raw/cifake/train/FAKE/3729 (2).jpg,1,ai_generated,cifake,train
data/raw/cifake/train/FAKE/5505 (9).jpg,1,ai_generated,cifake,train
data/raw/cifake/train/REAL/2017.jpg,0,real,cifake,train
data/raw/cifake/train/FAKE/5172 (9).jpg,1,ai_generated,cifake,train
data/raw/cifake/train/REAL/4617 (10).jpg,0,real,cifake,train
data/raw/cifake/train/FAKE/4518 (5).jpg,1,ai_generated,cifake,train
data/raw/cifake/train/FAKE/2113 (2).jpg,1,ai_generated,cifake,train
data/raw/cifake/train/REAL/3364 (5).jpg,0,real,cifake,train
data/raw/cifake/train/FAKE/4849 (2).jpg,1,ai_generated,cifake,train
data/raw/cifake/train/FAKE/5600 (4).jpg,1,ai_generated,cifake,train
data/raw/cifake/train/REAL/2068 (2).jpg,0,real,cifake,train
data/raw/cifake/train/FAKE/1837 (8).jpg,1,ai_generated,cifake,train
data/raw/cifake/train/FAKE/5477 (6).jpg,1,ai_generated,cifake,train
data/raw/cifake/train/REAL/0266 (3).jpg,0,real,cifake,train
data/raw/cifake/train/FAKE/4246 (8).jpg,1,ai_generated,cifake,train
data/raw/cifake/train/REAL/4380 (6).jpg,0,real,cifake,train
data/raw/cifake/train/FAKE/1064 (2).jpg,1,ai_generated,cifake,train
data/raw/cifake/train/FAKE/2368 (9).jpg,1,ai_generated,cifake,train
data/raw/cifake/train/REAL/0629 (7).jpg,0,real,cifake,train
data/raw/cifake/train/REAL/4036 (7).jpg,0,real,cifake,train
data/raw/cifake/train/REAL/1194 (9).jpg,0,real,cifake,train
data/raw/cifake/train/REAL/3098.jpg,0,real,cifake,train
data/raw/cifake/train/REAL/3972 (2).jpg,0,real,cifake,train
data/raw/cifake/train/REAL/1154.jpg,0,real,cifake,train
data/raw/cifake/train/REAL/2429 (4).jpg,0,real,cifake,train
data/raw/cifake/train/REAL/0409 (4).jpg,0,real,cifake,train
data/raw/cifake/train/FAKE/3671 (2).jpg,1,ai_generated,cifake,train
data/raw/cifake/train/REAL/3050 (6).jpg,0,real,cifake,train
data/raw/cifake/train/FAKE/3678 (6).jpg,1,ai_generated,cifake,train
data/raw/cifake/train/REAL/2249 (8).jpg,0,real,cifake,train
data/raw/cifake/train/FAKE/2570.jpg,1,ai_generated,cifake,train
data/raw/cifake/train/FAKE/4751 (9).jpg,1,ai_generated,cifake,train
data/raw/cifake/train/FAKE/5547 (7).jpg,1,ai_generated,cifake,train
data/raw/cifake/train/REAL/1045 (6).jpg,0,real,cifake,train
data/raw/cifake/train/REAL/4268.jpg,0,real,cifake,train
data/raw/cifake/train/REAL/0721 (6).jpg,0,real,cifake,train
data/raw/cifake/train/REAL/4970 (3).jpg,0,real,cifake,train
data/raw/cifake/train/REAL/3362 (2).jpg,0,real,cifake,train
data/raw/cifake/train/FAKE/3176 (6).jpg,1,ai_generated,cifake,train
data/raw/cifake/train/REAL/2043 (9).jpg,0,real,cifake,train
data/raw/cifake/train/REAL/1584 (8).jpg,0,real,cifake,train
data/raw/cifake/train/FAKE/2271 (7).jpg,1,ai_generated,cifake,train
data/raw/cifake/train/FAKE/1003 (6).jpg,1,ai_generated,cifake,train
data/raw/cifake/train/FAKE/1494 (2).jpg,1,ai_generated,cifake,train
data/raw/cifake/train/FAKE/1072 (6).jpg,1,ai_generated,cifake,train
data/raw/cifake/train/FAKE/5693 (9).jpg,1,ai_generated,cifake,train
data/raw/cifake/train/FAKE/2578 (8).jpg,1,ai_generated,cifake,train
data/raw/cifake/train/REAL/3166 (9).jpg,0,real,cifake,train
data/raw/cifake/train/REAL/1988 (4).jpg,0,real,cifake,train
data/raw/cifake/train/REAL/1945 (9).jpg,0,real,cifake,train
data/raw/cifake/train/FAKE/2587 (6).jpg,1,ai_generated,cifake,train
data/raw/cifake/train/FAKE/5066 (4).jpg,1,ai_generated,cifake,train
data/raw/cifake/train/FAKE/5249 (8).jpg,1,ai_generated,cifake,train
data/raw/cifake/train/REAL/1828 (7).jpg,0,real,cifake,train
data/raw/cifake/train/FAKE/1767 (7).jpg,1,ai_generated,cifake,train
data/raw/cifake/train/FAKE/5450 (4).jpg,1,ai_generated,cifake,train
data/raw/cifake/train/REAL/3963 (3).jpg,0,real,cifake,train
data/raw/cifake/train/REAL/2536 (4).jpg,0,real,cifake,train
data/raw/cifake/train/FAKE/2170 (5).jpg,1,ai_generated,cifake,train
data/raw/cifake/train/REAL/3966 (7).jpg,0,real,cifake,train
data/raw/cifake/train/REAL/4822.jpg,0,real,cifake,train
data/raw/cifake/train/REAL/3933 (9).jpg,0,real,cifake,train
data/raw/cifake/train/REAL/3531 (10).jpg,0,real,cifake,train
data/raw/cifake/train/FAKE/3162 (10).jpg,1,ai_generated,cifake,train
data/raw/cifake/train/FAKE/2304 (7).jpg,1,ai_generated,cifake,train
data/raw/cifake/train/FAKE/4835 (7).jpg,1,ai_generated,cifake,train
data/raw/cifake/train/FAKE/3454 (5).jpg,1,ai_generated,cifake,train
data/raw/cifake/train/REAL/3191 (3).jpg,0,real,cifake,train
data/raw/cifake/train/FAKE/2869 (6).jpg,1,ai_generated,cifake,train
