image_path,label,class_name,source,split
data/raw/e5_sid_flux/images/row-01894_full_synthetic_027595.jpg,1,ai_generated,sid_set_train_flux_e5,train
data/raw/e5_sid_flux/images/row-90762_full_synthetic_041202.jpg,1,ai_generated,sid_set_train_flux_e5,train
data/raw/e5_sid_flux/images/row-47581_full_synthetic_060281.jpg,1,ai_generated,sid_set_train_flux_e5,train
data/raw/e5_sid_flux/images/row-182005_full_synthetic_004824.jpg,1,ai_generated,sid_set_train_flux_e5,train
data/raw/e5_sid_flux/images/row-38610_full_synthetic_031948.jpg,1,ai_generated,sid_set_train_flux_e5,train
data/raw/e5_sid_flux/images/row-173326_full_synthetic_014056.jpg,1,ai_generated,sid_set_train_flux_e5,train
data/raw/e5_sid_flux/images/row-179937_full_synthetic_011578.jpg,1,ai_generated,sid_set_train_flux_e5,train
data/raw/e5_sid_flux/images/row-94267_full_synthetic_023863.jpg,1,ai_generated,sid_set_train_flux_e5,train
data/raw/e5_sid_flux/images/row-17982_full_synthetic_046063.jpg,1,ai_generated,sid_set_train_flux_e5,train
data/raw/e5_sid_flux/images/row-07078_full_synthetic_053555.jpg,1,ai_generated,sid_set_train_flux_e5,train
data/raw/e5_sid_flux/images/row-106393_full_synthetic_052406.jpg,1,ai_generated,sid_set_train_flux_e5,train
data/raw/e5_sid_flux/images/row-143341_full_synthetic_052071.jpg,1,ai_generated,sid_set_train_flux_e5,train
data/raw/e5_sid_flux/images/row-11987_full_synthetic_026789.jpg,1,ai_generated,sid_set_train_flux_e5,train
data/raw/e5_sid_flux/images/row-122991_full_synthetic_038049.jpg,1,ai_generated,sid_set_train_flux_e5,train
data/raw/e5_sid_flux/images/row-62764_full_synthetic_063432.jpg,1,ai_generated,sid_set_train_flux_e5,train
data/raw/e5_sid_flux/images/row-58654_full_synthetic_060522.jpg,1,ai_generated,sid_set_train_flux_e5,train
data/raw/e5_sid_flux/images/row-67747_full_synthetic_008222.jpg,1,ai_generated,sid_set_train_flux_e5,train
data/raw/e5_sid_flux/images/row-40992_full_synthetic_041712.jpg,1,ai_generated,sid_set_train_flux_e5,train
data/raw/e5_sid_flux/images/row-06854_full_synthetic_025251.jpg,1,ai_generated,sid_set_train_flux_e5,train
data/raw/e5_sid_flux/images/row-152864_full_synthetic_021124.jpg,1,ai_generated,sid_set_train_flux_e5,train
data/raw/e5_sid_flux/images/row-162991_full_synthetic_038638.jpg,1,ai_generated,sid_set_train_flux_e5,train
data/raw/e5_sid_flux/images/row-41114_full_synthetic_048563.jpg,1,ai_generated,sid_set_train_flux_e5,train
data/raw/e5_sid_flux/images/row-135129_full_synthetic_053680.jpg,1,ai_generated,sid_set_train_flux_e5,train
data/raw/e5_sid_flux/images/row-141546_full_synthetic_027615.jpg,1,ai_generated,sid_set_train_flux_e5,train
data/raw/e5_sid_flux/images/row-176276_full_synthetic_040635.jpg,1,ai_generated,sid_set_train_flux_e5,train
data/raw/e5_sid_flux/images/row-163365_full_synthetic_031246.jpg,1,ai_generated,sid_set_train_flux_e5,train
data/raw/e5_sid_flux/images/row-67706_full_synthetic_003255.jpg,1,ai_generated,sid_set_train_flux_e5,train
data/raw/e5_sid_flux/images/row-57916_full_synthetic_062922.jpg,1,ai_generated,sid_set_train_flux_e5,train
data/raw/e5_sid_flux/images/row-130846_full_synthetic_010401.jpg,1,ai_generated,sid_set_train_flux_e5,train
data/raw/e5_sid_flux/images/row-31566_full_synthetic_024897.jpg,1,ai_generated,sid_set_train_flux_e5,train
data/raw/e5_sid_flux/images/row-127273_full_synthetic_021750.jpg,1,ai_generated,sid_set_train_flux_e5,train
data/raw/e5_sid_flux/images/row-143350_full_synthetic_027962.jpg,1,ai_generated,sid_set_train_flux_e5,train
data/raw/e5_sid_flux/images/row-143362_full_synthetic_052754.jpg,1,ai_generated,sid_set_train_flux_e5,train
data/raw/e5_sid_flux/images/row-27958_full_synthetic_015576.jpg,1,ai_generated,sid_set_train_flux_e5,train
data/raw/e5_sid_flux/images/row-117967_full_synthetic_024097.jpg,1,ai_generated,sid_set_train_flux_e5,train
data/raw/e5_sid_flux/images/row-140049_full_synthetic_029380.jpg,1,ai_generated,sid_set_train_flux_e5,train
data/raw/e5_sid_flux/images/row-61040_full_synthetic_052677.jpg,1,ai_generated,sid_set_train_flux_e5,train
data/raw/e5_sid_flux/images/row-107990_full_synthetic_059223.jpg,1,ai_generated,sid_set_train_flux_e5,train
data/raw/e5_sid_flux/images/row-19914_full_synthetic_031451.jpg,1,ai_generated,sid_set_train_flux_e5,train
data/raw/e5_sid_flux/images/row-125511_full_synthetic_036006.jpg,1,ai_generated,sid_set_train_flux_e5,train
data/raw/e5_sid_flux/images/row-124039_full_synthetic_046481.jpg,1,ai_generated,sid_set_train_flux_e5,train
data/raw/e5_sid_flux/images/row-141538_full_synthetic_023816.jpg,1,ai_generated,sid_set_train_flux_e5,train
data/raw/e5_sid_flux/images/row-120874_full_synthetic_011105.jpg,1,ai_generated,sid_set_train_flux_e5,train
data/raw/e5_sid_flux/images/row-130810_full_synthetic_010702.jpg,1,ai_generated,sid_set_train_flux_e5,train
data/raw/e5_sid_flux/images/row-21353_full_synthetic_027746.jpg,1,ai_generated,sid_set_train_flux_e5,train
data/raw/e5_sid_flux/images/row-143314_full_synthetic_027105.jpg,1,ai_generated,sid_set_train_flux_e5,train
data/raw/e5_sid_flux/images/row-51847_full_synthetic_049275.jpg,1,ai_generated,sid_set_train_flux_e5,train
data/raw/e5_sid_flux/images/row-90723_full_synthetic_028582.jpg,1,ai_generated,sid_set_train_flux_e5,train
data/raw/e5_sid_flux/images/row-80089_full_synthetic_039631.jpg,1,ai_generated,sid_set_train_flux_e5,train
data/raw/e5_sid_flux/images/row-11993_full_synthetic_058717.jpg,1,ai_generated,sid_set_train_flux_e5,train
data/raw/e5_sid_flux/images/row-84778_full_synthetic_029578.jpg,1,ai_generated,sid_set_train_flux_e5,train
data/raw/e5_sid_flux/images/row-181276_full_synthetic_055569.jpg,1,ai_generated,sid_set_train_flux_e5,train
data/raw/e5_sid_flux/images/row-125512_full_synthetic_033229.jpg,1,ai_generated,sid_set_train_flux_e5,train
data/raw/e5_sid_flux/images/row-200338_full_synthetic_033318.jpg,1,ai_generated,sid_set_train_flux_e5,train
data/raw/e5_sid_flux/images/row-152877_full_synthetic_023019.jpg,1,ai_generated,sid_set_train_flux_e5,train
data/raw/e5_sid_flux/images/row-206738_full_synthetic_034339.jpg,1,ai_generated,sid_set_train_flux_e5,train
data/raw/e5_sid_flux/images/row-140054_full_synthetic_028914.jpg,1,ai_generated,sid_set_train_flux_e5,train
data/raw/e5_sid_flux/images/row-85393_full_synthetic_003340.jpg,1,ai_generated,sid_set_train_flux_e5,train
data/raw/e5_sid_flux/images/row-19985_full_synthetic_039050.jpg,1,ai_generated,sid_set_train_flux_e5,train
data/raw/e5_sid_flux/images/row-76867_full_synthetic_039936.jpg,1,ai_generated,sid_set_train_flux_e5,train
data/raw/e5_sid_flux/images/row-208777_full_synthetic_042506.jpg,1,ai_generated,sid_set_train_flux_e5,train
data/raw/e5_sid_flux/images/row-03514_full_synthetic_041542.jpg,1,ai_generated,sid_set_train_flux_e5,train
data/raw/e5_sid_flux/images/row-139455_full_synthetic_018148.jpg,1,ai_generated,sid_set_train_flux_e5,train
data/raw/e5_sid_flux/images/row-183055_full_synthetic_032741.jpg,1,ai_generated,sid_set_train_flux_e5,train
data/raw/e5_sid_flux/images/row-165486_full_synthetic_060840.jpg,1,ai_generated,sid_set_train_flux_e5,train
data/raw/e5_sid_flux/images/row-28748_full_synthetic_025421.jpg,1,ai_generated,sid_set_train_flux_e5,train
data/raw/e5_sid_flux/images/row-179908_full_synthetic_008830.jpg,1,ai_generated,sid_set_train_flux_e5,train
data/raw/e5_sid_flux/images/row-162958_full_synthetic_069682.jpg,1,ai_generated,sid_set_train_flux_e5,train
data/raw/e5_sid_flux/images/row-181231_full_synthetic_065800.jpg,1,ai_generated,sid_set_train_flux_e5,train
data/raw/e5_sid_flux/images/row-147674_full_synthetic_040772.jpg,1,ai_generated,sid_set_train_flux_e5,train
data/raw/e5_sid_flux/images/row-169006_full_synthetic_030308.jpg,1,ai_generated,sid_set_train_flux_e5,train
data/raw/e5_sid_flux/images/row-185686_full_synthetic_046190.jpg,1,ai_generated,sid_set_train_flux_e5,train
data/raw/e5_sid_flux/images/row-17947_full_synthetic_026565.jpg,1,ai_generated,sid_set_train_flux_e5,train
data/raw/e5_sid_flux/images/row-116168_full_synthetic_016501.jpg,1,ai_generated,sid_set_train_flux_e5,train
data/raw/e5_sid_flux/images/row-111558_full_synthetic_063709.jpg,1,ai_generated,sid_set_train_flux_e5,train
data/raw/e5_sid_flux/images/row-116151_full_synthetic_042518.jpg,1,ai_generated,sid_set_train_flux_e5,train
data/raw/e5_sid_flux/images/row-155687_full_synthetic_062243.jpg,1,ai_generated,sid_set_train_flux_e5,train
data/raw/e5_sid_flux/images/row-47621_full_synthetic_006248.jpg,1,ai_generated,sid_set_train_flux_e5,train
data/raw/e5_sid_flux/images/row-40994_full_synthetic_019628.jpg,1,ai_generated,sid_set_train_flux_e5,train
data/raw/e5_sid_flux/images/row-61477_full_synthetic_005256.jpg,1,ai_generated,sid_set_train_flux_e5,train
data/raw/e5_sid_flux/images/row-39019_full_synthetic_041776.jpg,1,ai_generated,sid_set_train_flux_e5,train
data/raw/e5_sid_flux/images/row-175649_full_synthetic_001285.jpg,1,ai_generated,sid_set_train_flux_e5,train
data/raw/e5_sid_flux/images/row-152871_full_synthetic_000068.jpg,1,ai_generated,sid_set_train_flux_e5,train
data/raw/e5_sid_flux/images/row-206735_full_synthetic_033493.jpg,1,ai_generated,sid_set_train_flux_e5,train
data/raw/e5_sid_flux/images/row-31519_full_synthetic_000109.jpg,1,ai_generated,sid_set_train_flux_e5,train
data/raw/e5_sid_flux/images/row-195636_full_synthetic_053888.jpg,1,ai_generated,sid_set_train_flux_e5,train
data/raw/e5_sid_flux/images/row-191232_full_synthetic_025889.jpg,1,ai_generated,sid_set_train_flux_e5,train
data/raw/e5_sid_flux/images/row-03413_full_synthetic_029749.jpg,1,ai_generated,sid_set_train_flux_e5,train
data/raw/e5_sid_flux/images/row-175635_full_synthetic_066794.jpg,1,ai_generated,sid_set_train_flux_e5,train
data/raw/e5_sid_flux/images/row-06857_full_synthetic_031578.jpg,1,ai_generated,sid_set_train_flux_e5,train
data/raw/e5_sid_flux/images/row-160062_full_synthetic_005380.jpg,1,ai_generated,sid_set_train_flux_e5,train
data/raw/e5_sid_flux/images/row-115498_full_synthetic_042796.jpg,1,ai_generated,sid_set_train_flux_e5,train
data/raw/e5_sid_flux/images/row-185939_full_synthetic_001089.jpg,1,ai_generated,sid_set_train_flux_e5,train
data/raw/e5_sid_flux/images/row-208771_full_synthetic_028538.jpg,1,ai_generated,sid_set_train_flux_e5,train
data/raw/e5_sid_flux/images/row-90703_full_synthetic_052496.jpg,1,ai_generated,sid_set_train_flux_e5,train
data/raw/e5_sid_flux/images/row-46531_full_synthetic_047846.jpg,1,ai_generated,sid_set_train_flux_e5,train
data/raw/e5_sid_flux/images/row-109923_full_synthetic_043444.jpg,1,ai_generated,sid_set_train_flux_e5,train
data/raw/e5_sid_flux/images/row-61453_full_synthetic_029733.jpg,1,ai_generated,sid_set_train_flux_e5,train
data/raw/e5_sid_flux/images/row-80010_full_synthetic_059022.jpg,1,ai_generated,sid_set_train_flux_e5,train
data/raw/e5_sid_flux/images/row-61078_full_synthetic_050211.jpg,1,ai_generated,sid_set_train_flux_e5,train
data/raw/e5_sid_flux/images/row-106385_full_synthetic_028625.jpg,1,ai_generated,sid_set_train_flux_e5,train
data/raw/e5_sid_flux/images/row-140356_full_synthetic_007089.jpg,1,ai_generated,sid_set_train_flux_e5,train
data/raw/e5_sid_flux/images/row-57936_full_synthetic_025885.jpg,1,ai_generated,sid_set_train_flux_e5,train
data/raw/e5_sid_flux/images/row-76864_full_synthetic_064630.jpg,1,ai_generated,sid_set_train_flux_e5,train
data/raw/e5_sid_flux/images/row-147693_full_synthetic_041006.jpg,1,ai_generated,sid_set_train_flux_e5,train
data/raw/e5_sid_flux/images/row-198975_full_synthetic_031299.jpg,1,ai_generated,sid_set_train_flux_e5,train
data/raw/e5_sid_flux/images/row-39026_full_synthetic_018792.jpg,1,ai_generated,sid_set_train_flux_e5,train
data/raw/e5_sid_flux/images/row-156454_full_synthetic_024997.jpg,1,ai_generated,sid_set_train_flux_e5,train
data/raw/e5_sid_flux/images/row-77531_full_synthetic_067309.jpg,1,ai_generated,sid_set_train_flux_e5,train
data/raw/e5_sid_flux/images/row-201023_full_synthetic_005138.jpg,1,ai_generated,sid_set_train_flux_e5,train
data/raw/e5_sid_flux/images/row-181260_full_synthetic_018767.jpg,1,ai_generated,sid_set_train_flux_e5,train
data/raw/e5_sid_flux/images/row-27966_full_synthetic_056877.jpg,1,ai_generated,sid_set_train_flux_e5,train
data/raw/e5_sid_flux/images/row-06808_full_synthetic_017702.jpg,1,ai_generated,sid_set_train_flux_e5,train
data/raw/e5_sid_flux/images/row-19962_full_synthetic_008964.jpg,1,ai_generated,sid_set_train_flux_e5,train
data/raw/e5_sid_flux/images/row-19991_full_synthetic_033610.jpg,1,ai_generated,sid_set_train_flux_e5,train
data/raw/e5_sid_flux/images/row-61024_full_synthetic_016803.jpg,1,ai_generated,sid_set_train_flux_e5,train
data/raw/e5_sid_flux/images/row-41143_full_synthetic_056527.jpg,1,ai_generated,sid_set_train_flux_e5,train
data/raw/e5_sid_flux/images/row-151565_full_synthetic_066810.jpg,1,ai_generated,sid_set_train_flux_e5,train
data/raw/e5_sid_flux/images/row-41162_full_synthetic_033703.jpg,1,ai_generated,sid_set_train_flux_e5,train
data/raw/e5_sid_flux/images/row-40927_full_synthetic_015178.jpg,1,ai_generated,sid_set_train_flux_e5,train
data/raw/e5_sid_flux/images/row-125334_full_synthetic_008542.jpg,1,ai_generated,sid_set_train_flux_e5,train
data/raw/e5_sid_flux/images/row-160046_full_synthetic_005277.jpg,1,ai_generated,sid_set_train_flux_e5,train
data/raw/e5_sid_flux/images/row-80044_full_synthetic_053477.jpg,1,ai_generated,sid_set_train_flux_e5,train
data/raw/e5_sid_flux/images/row-65735_full_synthetic_003189.jpg,1,ai_generated,sid_set_train_flux_e5,train
data/raw/e5_sid_flux/images/row-179995_full_synthetic_024484.jpg,1,ai_generated,sid_set_train_flux_e5,train
data/raw/e5_sid_flux/images/row-183068_full_synthetic_056251.jpg,1,ai_generated,sid_set_train_flux_e5,train
data/raw/e5_sid_flux/images/row-125300_full_synthetic_037429.jpg,1,ai_generated,sid_set_train_flux_e5,train
data/raw/e5_sid_flux/images/row-151519_full_synthetic_042498.jpg,1,ai_generated,sid_set_train_flux_e5,train
data/raw/e5_sid_flux/images/row-140004_full_synthetic_012966.jpg,1,ai_generated,sid_set_train_flux_e5,train
data/raw/e5_sid_flux/images/row-94265_full_synthetic_006286.jpg,1,ai_generated,sid_set_train_flux_e5,train
data/raw/e5_sid_flux/images/row-139495_full_synthetic_017799.jpg,1,ai_generated,sid_set_train_flux_e5,train
data/raw/e5_sid_flux/images/row-58192_full_synthetic_013890.jpg,1,ai_generated,sid_set_train_flux_e5,train
data/raw/e5_sid_flux/images/row-77512_full_synthetic_048782.jpg,1,ai_generated,sid_set_train_flux_e5,train
data/raw/e5_sid_flux/images/row-141531_full_synthetic_035993.jpg,1,ai_generated,sid_set_train_flux_e5,train
data/raw/e5_sid_flux/images/row-39007_full_synthetic_022837.jpg,1,ai_generated,sid_set_train_flux_e5,train
data/raw/e5_sid_flux/images/row-201093_full_synthetic_023864.jpg,1,ai_generated,sid_set_train_flux_e5,train
data/raw/e5_sid_flux/images/row-143399_full_synthetic_033548.jpg,1,ai_generated,sid_set_train_flux_e5,train
data/raw/e5_sid_flux/images/row-180761_full_synthetic_049189.jpg,1,ai_generated,sid_set_train_flux_e5,train
data/raw/e5_sid_flux/images/row-85404_full_synthetic_031882.jpg,1,ai_generated,sid_set_train_flux_e5,train
data/raw/e5_sid_flux/images/row-185923_full_synthetic_017771.jpg,1,ai_generated,sid_set_train_flux_e5,train
data/raw/e5_sid_flux/images/row-94271_full_synthetic_068235.jpg,1,ai_generated,sid_set_train_flux_e5,train
data/raw/e5_sid_flux/images/row-169036_full_synthetic_013544.jpg,1,ai_generated,sid_set_train_flux_e5,train
data/raw/e5_sid_flux/images/row-136377_full_synthetic_059863.jpg,1,ai_generated,sid_set_train_flux_e5,train
data/raw/e5_sid_flux/images/row-27320_full_synthetic_047865.jpg,1,ai_generated,sid_set_train_flux_e5,train
data/raw/e5_sid_flux/images/row-141979_full_synthetic_020455.jpg,1,ai_generated,sid_set_train_flux_e5,train
data/raw/e5_sid_flux/images/row-148242_full_synthetic_032363.jpg,1,ai_generated,sid_set_train_flux_e5,train
data/raw/e5_sid_flux/images/row-27911_full_synthetic_067737.jpg,1,ai_generated,sid_set_train_flux_e5,train
data/raw/e5_sid_flux/images/row-130868_full_synthetic_011164.jpg,1,ai_generated,sid_set_train_flux_e5,train
data/raw/e5_sid_flux/images/row-83881_full_synthetic_023261.jpg,1,ai_generated,sid_set_train_flux_e5,train
data/raw/e5_sid_flux/images/row-141598_full_synthetic_047912.jpg,1,ai_generated,sid_set_train_flux_e5,train
data/raw/e5_sid_flux/images/row-27347_full_synthetic_063683.jpg,1,ai_generated,sid_set_train_flux_e5,train
data/raw/e5_sid_flux/images/row-90784_full_synthetic_031467.jpg,1,ai_generated,sid_set_train_flux_e5,train
data/raw/e5_sid_flux/images/row-27338_full_synthetic_036003.jpg,1,ai_generated,sid_set_train_flux_e5,train
data/raw/e5_sid_flux/images/row-141947_full_synthetic_061851.jpg,1,ai_generated,sid_set_train_flux_e5,train
data/raw/e5_sid_flux/images/row-169021_full_synthetic_019533.jpg,1,ai_generated,sid_set_train_flux_e5,train
data/raw/e5_sid_flux/images/row-44489_full_synthetic_008377.jpg,1,ai_generated,sid_set_train_flux_e5,train
data/raw/e5_sid_flux/images/row-111219_full_synthetic_042692.jpg,1,ai_generated,sid_set_train_flux_e5,train
data/raw/e5_sid_flux/images/row-61038_full_synthetic_010442.jpg,1,ai_generated,sid_set_train_flux_e5,train
data/raw/e5_sid_flux/images/row-95596_full_synthetic_047336.jpg,1,ai_generated,sid_set_train_flux_e5,train
data/raw/e5_sid_flux/images/row-77528_full_synthetic_027664.jpg,1,ai_generated,sid_set_train_flux_e5,train
data/raw/e5_sid_flux/images/row-01631_full_synthetic_000846.jpg,1,ai_generated,sid_set_train_flux_e5,train
data/raw/e5_sid_flux/images/row-47615_full_synthetic_055452.jpg,1,ai_generated,sid_set_train_flux_e5,train
data/raw/e5_sid_flux/images/row-111241_full_synthetic_038112.jpg,1,ai_generated,sid_set_train_flux_e5,train
data/raw/e5_sid_flux/images/row-67736_full_synthetic_053065.jpg,1,ai_generated,sid_set_train_flux_e5,train
data/raw/e5_sid_flux/images/row-09960_full_synthetic_015934.jpg,1,ai_generated,sid_set_train_flux_e5,train
data/raw/e5_sid_flux/images/row-164659_full_synthetic_025936.jpg,1,ai_generated,sid_set_train_flux_e5,train
data/raw/e5_sid_flux/images/row-19934_full_synthetic_041442.jpg,1,ai_generated,sid_set_train_flux_e5,train
data/raw/e5_sid_flux/images/row-39035_full_synthetic_016147.jpg,1,ai_generated,sid_set_train_flux_e5,train
data/raw/e5_sid_flux/images/row-106327_full_synthetic_055820.jpg,1,ai_generated,sid_set_train_flux_e5,train
data/raw/e5_sid_flux/images/row-208401_full_synthetic_037492.jpg,1,ai_generated,sid_set_train_flux_e5,train
data/raw/e5_sid_flux/images/row-176298_full_synthetic_049177.jpg,1,ai_generated,sid_set_train_flux_e5,train
data/raw/e5_sid_flux/images/row-126701_full_synthetic_017375.jpg,1,ai_generated,sid_set_train_flux_e5,train
data/raw/e5_sid_flux/images/row-111252_full_synthetic_064493.jpg,1,ai_generated,sid_set_train_flux_e5,train
data/raw/e5_sid_flux/images/row-155632_full_synthetic_063079.jpg,1,ai_generated,sid_set_train_flux_e5,train
data/raw/e5_sid_flux/images/row-125504_full_synthetic_021255.jpg,1,ai_generated,sid_set_train_flux_e5,train
data/raw/e5_sid_flux/images/row-57912_full_synthetic_019474.jpg,1,ai_generated,sid_set_train_flux_e5,train
data/raw/e5_sid_flux/images/row-139880_full_synthetic_066697.jpg,1,ai_generated,sid_set_train_flux_e5,train
data/raw/e5_sid_flux/images/row-77549_full_synthetic_015944.jpg,1,ai_generated,sid_set_train_flux_e5,train
data/raw/e5_sid_flux/images/row-159663_full_synthetic_059399.jpg,1,ai_generated,sid_set_train_flux_e5,train
data/raw/e5_sid_flux/images/row-100297_full_synthetic_004768.jpg,1,ai_generated,sid_set_train_flux_e5,train
data/raw/e5_sid_flux/images/row-76882_full_synthetic_005530.jpg,1,ai_generated,sid_set_train_flux_e5,train
data/raw/e5_sid_flux/images/row-202814_full_synthetic_061842.jpg,1,ai_generated,sid_set_train_flux_e5,train
data/raw/e5_sid_flux/images/row-175618_full_synthetic_004578.jpg,1,ai_generated,sid_set_train_flux_e5,train
data/raw/e5_sid_flux/images/row-163370_full_synthetic_029692.jpg,1,ai_generated,sid_set_train_flux_e5,train
data/raw/e5_sid_flux/images/row-17932_full_synthetic_029270.jpg,1,ai_generated,sid_set_train_flux_e5,train
data/raw/e5_sid_flux/images/row-11972_full_synthetic_068789.jpg,1,ai_generated,sid_set_train_flux_e5,train
data/raw/e5_sid_flux/images/row-190852_full_synthetic_001893.jpg,1,ai_generated,sid_set_train_flux_e5,train
data/raw/e5_sid_flux/images/row-58186_full_synthetic_015407.jpg,1,ai_generated,sid_set_train_flux_e5,train
data/raw/e5_sid_flux/images/row-158396_full_synthetic_060626.jpg,1,ai_generated,sid_set_train_flux_e5,train
data/raw/e5_sid_flux/images/row-122988_full_synthetic_061806.jpg,1,ai_generated,sid_set_train_flux_e5,train
data/raw/e5_sid_flux/images/row-100210_full_synthetic_065446.jpg,1,ai_generated,sid_set_train_flux_e5,train
data/raw/e5_sid_flux/images/row-51817_full_synthetic_002804.jpg,1,ai_generated,sid_set_train_flux_e5,train
data/raw/e5_sid_flux/images/row-75418_full_synthetic_006229.jpg,1,ai_generated,sid_set_train_flux_e5,train
data/raw/e5_sid_flux/images/row-179991_full_synthetic_057768.jpg,1,ai_generated,sid_set_train_flux_e5,train
data/raw/e5_sid_flux/images/row-95300_full_synthetic_014076.jpg,1,ai_generated,sid_set_train_flux_e5,train
data/raw/e5_sid_flux/images/row-55838_full_synthetic_061391.jpg,1,ai_generated,sid_set_train_flux_e5,train
data/raw/e5_sid_flux/images/row-19933_full_synthetic_035923.jpg,1,ai_generated,sid_set_train_flux_e5,train
data/raw/e5_sid_flux/images/row-162921_full_synthetic_047691.jpg,1,ai_generated,sid_set_train_flux_e5,train
data/raw/e5_sid_flux/images/row-19917_full_synthetic_037012.jpg,1,ai_generated,sid_set_train_flux_e5,train
data/raw/e5_sid_flux/images/row-78040_full_synthetic_012077.jpg,1,ai_generated,sid_set_train_flux_e5,train
data/raw/e5_sid_flux/images/row-195626_full_synthetic_025701.jpg,1,ai_generated,sid_set_train_flux_e5,train
data/raw/e5_sid_flux/images/row-03456_full_synthetic_050989.jpg,1,ai_generated,sid_set_train_flux_e5,train
data/raw/e5_sid_flux/images/row-03480_full_synthetic_050417.jpg,1,ai_generated,sid_set_train_flux_e5,train
data/raw/e5_sid_flux/images/row-38667_full_synthetic_064942.jpg,1,ai_generated,sid_set_train_flux_e5,train
data/raw/e5_sid_flux/images/row-155645_full_synthetic_035839.jpg,1,ai_generated,sid_set_train_flux_e5,train
data/raw/e5_sid_flux/images/row-11988_full_synthetic_018495.jpg,1,ai_generated,sid_set_train_flux_e5,train
data/raw/e5_sid_flux/images/row-03404_full_synthetic_051507.jpg,1,ai_generated,sid_set_train_flux_e5,train
data/raw/e5_sid_flux/images/row-94219_full_synthetic_032395.jpg,1,ai_generated,sid_set_train_flux_e5,train
data/raw/e5_sid_flux/images/row-185603_full_synthetic_043084.jpg,1,ai_generated,sid_set_train_flux_e5,train
data/raw/e5_sid_flux/images/row-201087_full_synthetic_064865.jpg,1,ai_generated,sid_set_train_flux_e5,train
data/raw/e5_sid_flux/images/row-125539_full_synthetic_066866.jpg,1,ai_generated,sid_set_train_flux_e5,train
data/raw/e5_sid_flux/images/row-112836_full_synthetic_063001.jpg,1,ai_generated,sid_set_train_flux_e5,train
data/raw/e5_sid_flux/images/row-36174_full_synthetic_021967.jpg,1,ai_generated,sid_set_train_flux_e5,train
data/raw/e5_sid_flux/images/row-61022_full_synthetic_020133.jpg,1,ai_generated,sid_set_train_flux_e5,train
data/raw/e5_sid_flux/images/row-143320_full_synthetic_000940.jpg,1,ai_generated,sid_set_train_flux_e5,train
data/raw/e5_sid_flux/images/row-111228_full_synthetic_031361.jpg,1,ai_generated,sid_set_train_flux_e5,train
data/raw/e5_sid_flux/images/row-111570_full_synthetic_014466.jpg,1,ai_generated,sid_set_train_flux_e5,train
data/raw/e5_sid_flux/images/row-107942_full_synthetic_004364.jpg,1,ai_generated,sid_set_train_flux_e5,train
data/raw/e5_sid_flux/images/row-125365_full_synthetic_069543.jpg,1,ai_generated,sid_set_train_flux_e5,train
data/raw/e5_sid_flux/images/row-06886_full_synthetic_032351.jpg,1,ai_generated,sid_set_train_flux_e5,train
data/raw/e5_sid_flux/images/row-72278_full_synthetic_053061.jpg,1,ai_generated,sid_set_train_flux_e5,train
data/raw/e5_sid_flux/images/row-143376_full_synthetic_000238.jpg,1,ai_generated,sid_set_train_flux_e5,train
data/raw/e5_sid_flux/images/row-31585_full_synthetic_013217.jpg,1,ai_generated,sid_set_train_flux_e5,train
data/raw/e5_sid_flux/images/row-19935_full_synthetic_029035.jpg,1,ai_generated,sid_set_train_flux_e5,train
data/raw/e5_sid_flux/images/row-159636_full_synthetic_021464.jpg,1,ai_generated,sid_set_train_flux_e5,train
data/raw/e5_sid_flux/images/row-155672_full_synthetic_014641.jpg,1,ai_generated,sid_set_train_flux_e5,train
data/raw/e5_sid_flux/images/row-01886_full_synthetic_030582.jpg,1,ai_generated,sid_set_train_flux_e5,train
data/raw/e5_sid_flux/images/row-183007_full_synthetic_034298.jpg,1,ai_generated,sid_set_train_flux_e5,train
data/raw/e5_sid_flux/images/row-27967_full_synthetic_002430.jpg,1,ai_generated,sid_set_train_flux_e5,train
data/raw/e5_sid_flux/images/row-156491_full_synthetic_064646.jpg,1,ai_generated,sid_set_train_flux_e5,train
data/raw/e5_sid_flux/images/row-51897_full_synthetic_017866.jpg,1,ai_generated,sid_set_train_flux_e5,train
data/raw/e5_sid_flux/images/row-27189_full_synthetic_065204.jpg,1,ai_generated,sid_set_train_flux_e5,train
data/raw/e5_sid_flux/images/row-141593_full_synthetic_043633.jpg,1,ai_generated,sid_set_train_flux_e5,train
data/raw/e5_sid_flux/images/row-140359_full_synthetic_045350.jpg,1,ai_generated,sid_set_train_flux_e5,train
data/raw/e5_sid_flux/images/row-31586_full_synthetic_035048.jpg,1,ai_generated,sid_set_train_flux_e5,train
data/raw/e5_sid_flux/images/row-62769_full_synthetic_057021.jpg,1,ai_generated,sid_set_train_flux_e5,train
data/raw/e5_sid_flux/images/row-27191_full_synthetic_018105.jpg,1,ai_generated,sid_set_train_flux_e5,train
data/raw/e5_sid_flux/images/row-80094_full_synthetic_002735.jpg,1,ai_generated,sid_set_train_flux_e5,train
data/raw/e5_sid_flux/images/row-85473_full_synthetic_034341.jpg,1,ai_generated,sid_set_train_flux_e5,train
data/raw/e5_sid_flux/images/row-27197_full_synthetic_050542.jpg,1,ai_generated,sid_set_train_flux_e5,train
data/raw/e5_sid_flux/images/row-75498_full_synthetic_042927.jpg,1,ai_generated,sid_set_train_flux_e5,train
data/raw/e5_sid_flux/images/row-47644_full_synthetic_012825.jpg,1,ai_generated,sid_set_train_flux_e5,train
data/raw/e5_sid_flux/images/row-43777_full_synthetic_014842.jpg,1,ai_generated,sid_set_train_flux_e5,train
data/raw/e5_sid_flux/images/row-140082_full_synthetic_012874.jpg,1,ai_generated,sid_set_train_flux_e5,train
data/raw/e5_sid_flux/images/row-51253_full_synthetic_008510.jpg,1,ai_generated,sid_set_train_flux_e5,train
data/raw/e5_sid_flux/images/row-176284_full_synthetic_063497.jpg,1,ai_generated,sid_set_train_flux_e5,train
data/raw/e5_sid_flux/images/row-155644_full_synthetic_066770.jpg,1,ai_generated,sid_set_train_flux_e5,train
data/raw/e5_sid_flux/images/row-84718_full_synthetic_061462.jpg,1,ai_generated,sid_set_train_flux_e5,train
data/raw/e5_sid_flux/images/row-106323_full_synthetic_047397.jpg,1,ai_generated,sid_set_train_flux_e5,train
data/raw/e5_sid_flux/images/row-169063_full_synthetic_011788.jpg,1,ai_generated,sid_set_train_flux_e5,train
data/raw/e5_sid_flux/images/row-28093_full_synthetic_047980.jpg,1,ai_generated,sid_set_train_flux_e5,train
data/raw/e5_sid_flux/images/row-28722_full_synthetic_023957.jpg,1,ai_generated,sid_set_train_flux_e5,train
data/raw/e5_sid_flux/images/row-135179_full_synthetic_069350.jpg,1,ai_generated,sid_set_train_flux_e5,train
data/raw/e5_sid_flux/images/row-116144_full_synthetic_058665.jpg,1,ai_generated,sid_set_train_flux_e5,train
data/raw/e5_sid_flux/images/row-40977_full_synthetic_013609.jpg,1,ai_generated,sid_set_train_flux_e5,train
data/raw/e5_sid_flux/images/row-165456_full_synthetic_010952.jpg,1,ai_generated,sid_set_train_flux_e5,train
data/raw/e5_sid_flux/images/row-44438_full_synthetic_047629.jpg,1,ai_generated,sid_set_train_flux_e5,train
data/raw/e5_sid_flux/images/row-115492_full_synthetic_037375.jpg,1,ai_generated,sid_set_train_flux_e5,train
data/raw/e5_sid_flux/images/row-65797_full_synthetic_067377.jpg,1,ai_generated,sid_set_train_flux_e5,train
data/raw/e5_sid_flux/images/row-122904_full_synthetic_009256.jpg,1,ai_generated,sid_set_train_flux_e5,train
data/raw/e5_sid_flux/images/row-76889_full_synthetic_059978.jpg,1,ai_generated,sid_set_train_flux_e5,train
data/raw/e5_sid_flux/images/row-147606_full_synthetic_042961.jpg,1,ai_generated,sid_set_train_flux_e5,train
data/raw/e5_sid_flux/images/row-127232_full_synthetic_024148.jpg,1,ai_generated,sid_set_train_flux_e5,train
data/raw/e5_sid_flux/images/row-03490_full_synthetic_054116.jpg,1,ai_generated,sid_set_train_flux_e5,train
data/raw/e5_sid_flux/images/row-78244_full_synthetic_067062.jpg,1,ai_generated,sid_set_train_flux_e5,train
data/raw/e5_sid_flux/images/row-83819_full_synthetic_056731.jpg,1,ai_generated,sid_set_train_flux_e5,train
data/raw/e5_sid_flux/images/row-173334_full_synthetic_053402.jpg,1,ai_generated,sid_set_train_flux_e5,train
data/raw/e5_sid_flux/images/row-39033_full_synthetic_028273.jpg,1,ai_generated,sid_set_train_flux_e5,train
data/raw/e5_sid_flux/images/row-58624_full_synthetic_042327.jpg,1,ai_generated,sid_set_train_flux_e5,train
data/raw/e5_sid_flux/images/row-95548_full_synthetic_006687.jpg,1,ai_generated,sid_set_train_flux_e5,train
data/raw/e5_sid_flux/images/row-181229_full_synthetic_031172.jpg,1,ai_generated,sid_set_train_flux_e5,train
data/raw/e5_sid_flux/images/row-31590_full_synthetic_039861.jpg,1,ai_generated,sid_set_train_flux_e5,train
data/raw/e5_sid_flux/images/row-160034_full_synthetic_062478.jpg,1,ai_generated,sid_set_train_flux_e5,train
data/raw/e5_sid_flux/images/row-155610_full_synthetic_015608.jpg,1,ai_generated,sid_set_train_flux_e5,train
data/raw/e5_sid_flux/images/row-185997_full_synthetic_044477.jpg,1,ai_generated,sid_set_train_flux_e5,train
data/raw/e5_sid_flux/images/row-11916_full_synthetic_024924.jpg,1,ai_generated,sid_set_train_flux_e5,train
data/raw/e5_sid_flux/images/row-01600_full_synthetic_067336.jpg,1,ai_generated,sid_set_train_flux_e5,train
data/raw/e5_sid_flux/images/row-51233_full_synthetic_020863.jpg,1,ai_generated,sid_set_train_flux_e5,train
data/raw/e5_sid_flux/images/row-155671_full_synthetic_014762.jpg,1,ai_generated,sid_set_train_flux_e5,train
data/raw/e5_sid_flux/images/row-27181_full_synthetic_006062.jpg,1,ai_generated,sid_set_train_flux_e5,train
data/raw/e5_sid_flux/images/row-208727_full_synthetic_014458.jpg,1,ai_generated,sid_set_train_flux_e5,train
data/raw/e5_sid_flux/images/row-141512_full_synthetic_031651.jpg,1,ai_generated,sid_set_train_flux_e5,train
data/raw/e5_sid_flux/images/row-177105_full_synthetic_006760.jpg,1,ai_generated,sid_set_train_flux_e5,train
data/raw/e5_sid_flux/images/row-139461_full_synthetic_031352.jpg,1,ai_generated,sid_set_train_flux_e5,train
data/raw/e5_sid_flux/images/row-164622_full_synthetic_024021.jpg,1,ai_generated,sid_set_train_flux_e5,train
data/raw/e5_sid_flux/images/row-65729_full_synthetic_046646.jpg,1,ai_generated,sid_set_train_flux_e5,train
data/raw/e5_sid_flux/images/row-176223_full_synthetic_031533.jpg,1,ai_generated,sid_set_train_flux_e5,train
data/raw/e5_sid_flux/images/row-07097_full_synthetic_009331.jpg,1,ai_generated,sid_set_train_flux_e5,train
data/raw/e5_sid_flux/images/row-55899_full_synthetic_047298.jpg,1,ai_generated,sid_set_train_flux_e5,train
data/raw/e5_sid_flux/images/row-46583_full_synthetic_003850.jpg,1,ai_generated,sid_set_train_flux_e5,train
data/raw/e5_sid_flux/images/row-47618_full_synthetic_047166.jpg,1,ai_generated,sid_set_train_flux_e5,train
data/raw/e5_sid_flux/images/row-31502_full_synthetic_052182.jpg,1,ai_generated,sid_set_train_flux_e5,train
data/raw/e5_sid_flux/images/row-36141_full_synthetic_035396.jpg,1,ai_generated,sid_set_train_flux_e5,train
data/raw/e5_sid_flux/images/row-208748_full_synthetic_015762.jpg,1,ai_generated,sid_set_train_flux_e5,train
data/raw/e5_sid_flux/images/row-147635_full_synthetic_051582.jpg,1,ai_generated,sid_set_train_flux_e5,train
data/raw/e5_sid_flux/images/row-47591_full_synthetic_019204.jpg,1,ai_generated,sid_set_train_flux_e5,train
data/raw/e5_sid_flux/images/row-201939_full_synthetic_031502.jpg,1,ai_generated,sid_set_train_flux_e5,train
data/raw/e5_sid_flux/images/row-180717_full_synthetic_039018.jpg,1,ai_generated,sid_set_train_flux_e5,train
data/raw/e5_sid_flux/images/row-85323_full_synthetic_056517.jpg,1,ai_generated,sid_set_train_flux_e5,train
data/raw/e5_sid_flux/images/row-162919_full_synthetic_039378.jpg,1,ai_generated,sid_set_train_flux_e5,train
data/raw/e5_sid_flux/images/row-65743_full_synthetic_046576.jpg,1,ai_generated,sid_set_train_flux_e5,train
data/raw/e5_sid_flux/images/row-201099_full_synthetic_015732.jpg,1,ai_generated,sid_set_train_flux_e5,train
data/raw/e5_sid_flux/images/row-23859_full_synthetic_061176.jpg,1,ai_generated,sid_set_train_flux_e5,train
data/raw/e5_sid_flux/images/row-201996_full_synthetic_042985.jpg,1,ai_generated,sid_set_train_flux_e5,train
data/raw/e5_sid_flux/images/row-181211_full_synthetic_037791.jpg,1,ai_generated,sid_set_train_flux_e5,train
data/raw/e5_sid_flux/images/row-139444_full_synthetic_040990.jpg,1,ai_generated,sid_set_train_flux_e5,train
data/raw/e5_sid_flux/images/row-208709_full_synthetic_043744.jpg,1,ai_generated,sid_set_train_flux_e5,train
data/raw/e5_sid_flux/images/row-173382_full_synthetic_008142.jpg,1,ai_generated,sid_set_train_flux_e5,train
data/raw/e5_sid_flux/images/row-106316_full_synthetic_013927.jpg,1,ai_generated,sid_set_train_flux_e5,train
data/raw/e5_sid_flux/images/row-117927_full_synthetic_016191.jpg,1,ai_generated,sid_set_train_flux_e5,train
data/raw/e5_sid_flux/images/row-190940_full_synthetic_065591.jpg,1,ai_generated,sid_set_train_flux_e5,train
data/raw/e5_sid_flux/images/row-160000_full_synthetic_059564.jpg,1,ai_generated,sid_set_train_flux_e5,train
data/raw/e5_sid_flux/images/row-21342_full_synthetic_067998.jpg,1,ai_generated,sid_set_train_flux_e5,train
data/raw/e5_sid_flux/images/row-115440_full_synthetic_023078.jpg,1,ai_generated,sid_set_train_flux_e5,train
data/raw/e5_sid_flux/images/row-43703_full_synthetic_020501.jpg,1,ai_generated,sid_set_train_flux_e5,train
data/raw/e5_sid_flux/images/row-01637_full_synthetic_009663.jpg,1,ai_generated,sid_set_train_flux_e5,train
data/raw/e5_sid_flux/images/row-94208_full_synthetic_045054.jpg,1,ai_generated,sid_set_train_flux_e5,train
data/raw/e5_sid_flux/images/row-125375_full_synthetic_019610.jpg,1,ai_generated,sid_set_train_flux_e5,train
data/raw/e5_sid_flux/images/row-161922_full_synthetic_030428.jpg,1,ai_generated,sid_set_train_flux_e5,train
data/raw/e5_sid_flux/images/row-90711_full_synthetic_016874.jpg,1,ai_generated,sid_set_train_flux_e5,train
data/raw/e5_sid_flux/images/row-61423_full_synthetic_061243.jpg,1,ai_generated,sid_set_train_flux_e5,train
data/raw/e5_sid_flux/images/row-75454_full_synthetic_003111.jpg,1,ai_generated,sid_set_train_flux_e5,train
data/raw/e5_sid_flux/images/row-65784_full_synthetic_013714.jpg,1,ai_generated,sid_set_train_flux_e5,train
data/raw/e5_sid_flux/images/row-195648_full_synthetic_001860.jpg,1,ai_generated,sid_set_train_flux_e5,train
data/raw/e5_sid_flux/images/row-21336_full_synthetic_017235.jpg,1,ai_generated,sid_set_train_flux_e5,train
data/raw/e5_sid_flux/images/row-177168_full_synthetic_024760.jpg,1,ai_generated,sid_set_train_flux_e5,train
data/raw/e5_sid_flux/images/row-77589_full_synthetic_061563.jpg,1,ai_generated,sid_set_train_flux_e5,train
data/raw/e5_sid_flux/images/row-175666_full_synthetic_006636.jpg,1,ai_generated,sid_set_train_flux_e5,train
data/raw/e5_sid_flux/images/row-46564_full_synthetic_007054.jpg,1,ai_generated,sid_set_train_flux_e5,train
data/raw/e5_sid_flux/images/row-140345_full_synthetic_021702.jpg,1,ai_generated,sid_set_train_flux_e5,train
data/raw/e5_sid_flux/images/row-83824_full_synthetic_006772.jpg,1,ai_generated,sid_set_train_flux_e5,train
data/raw/e5_sid_flux/images/row-122932_full_synthetic_001495.jpg,1,ai_generated,sid_set_train_flux_e5,train
data/raw/e5_sid_flux/images/row-47679_full_synthetic_017767.jpg,1,ai_generated,sid_set_train_flux_e5,train
data/raw/e5_sid_flux/images/row-75440_full_synthetic_014197.jpg,1,ai_generated,sid_set_train_flux_e5,train
data/raw/e5_sid_flux/images/row-38603_full_synthetic_014398.jpg,1,ai_generated,sid_set_train_flux_e5,train
data/raw/e5_sid_flux/images/row-78298_full_synthetic_023753.jpg,1,ai_generated,sid_set_train_flux_e5,train
data/raw/e5_sid_flux/images/row-140047_full_synthetic_055220.jpg,1,ai_generated,sid_set_train_flux_e5,train
data/raw/e5_sid_flux/images/row-65723_full_synthetic_001918.jpg,1,ai_generated,sid_set_train_flux_e5,train
data/raw/e5_sid_flux/images/row-85427_full_synthetic_051304.jpg,1,ai_generated,sid_set_train_flux_e5,train
data/raw/e5_sid_flux/images/row-201010_full_synthetic_037935.jpg,1,ai_generated,sid_set_train_flux_e5,train
data/raw/e5_sid_flux/images/row-58102_full_synthetic_068374.jpg,1,ai_generated,sid_set_train_flux_e5,train
data/raw/e5_sid_flux/images/row-164662_full_synthetic_000493.jpg,1,ai_generated,sid_set_train_flux_e5,train
data/raw/e5_sid_flux/images/row-72284_full_synthetic_000565.jpg,1,ai_generated,sid_set_train_flux_e5,train
data/raw/e5_sid_flux/images/row-72260_full_synthetic_011018.jpg,1,ai_generated,sid_set_train_flux_e5,train
data/raw/e5_sid_flux/images/row-39009_full_synthetic_020654.jpg,1,ai_generated,sid_set_train_flux_e5,train
data/raw/e5_sid_flux/images/row-125506_full_synthetic_034918.jpg,1,ai_generated,sid_set_train_flux_e5,train
data/raw/e5_sid_flux/images/row-115445_full_synthetic_002520.jpg,1,ai_generated,sid_set_train_flux_e5,train
data/raw/e5_sid_flux/images/row-124013_full_synthetic_053697.jpg,1,ai_generated,sid_set_train_flux_e5,train
data/raw/e5_sid_flux/images/row-140061_full_synthetic_066167.jpg,1,ai_generated,sid_set_train_flux_e5,train
data/raw/e5_sid_flux/images/row-115496_full_synthetic_008938.jpg,1,ai_generated,sid_set_train_flux_e5,train
data/raw/e5_sid_flux/images/row-180769_full_synthetic_061534.jpg,1,ai_generated,sid_set_train_flux_e5,train
data/raw/e5_sid_flux/images/row-01863_full_synthetic_064372.jpg,1,ai_generated,sid_set_train_flux_e5,train
data/raw/e5_sid_flux/images/row-95558_full_synthetic_060899.jpg,1,ai_generated,sid_set_train_flux_e5,train
data/raw/e5_sid_flux/images/row-155642_full_synthetic_046227.jpg,1,ai_generated,sid_set_train_flux_e5,train
data/raw/e5_sid_flux/images/row-155669_full_synthetic_001140.jpg,1,ai_generated,sid_set_train_flux_e5,train
data/raw/e5_sid_flux/images/row-106335_full_synthetic_062131.jpg,1,ai_generated,sid_set_train_flux_e5,train
data/raw/e5_sid_flux/images/row-143343_full_synthetic_018225.jpg,1,ai_generated,sid_set_train_flux_e5,train
data/raw/e5_sid_flux/images/row-85312_full_synthetic_040420.jpg,1,ai_generated,sid_set_train_flux_e5,train
data/raw/e5_sid_flux/images/row-95342_full_synthetic_040859.jpg,1,ai_generated,sid_set_train_flux_e5,train
data/raw/e5_sid_flux/images/row-03539_full_synthetic_069575.jpg,1,ai_generated,sid_set_train_flux_e5,train
data/raw/e5_sid_flux/images/row-148265_full_synthetic_041257.jpg,1,ai_generated,sid_set_train_flux_e5,train
data/raw/e5_sid_flux/images/row-136337_full_synthetic_024494.jpg,1,ai_generated,sid_set_train_flux_e5,train
data/raw/e5_sid_flux/images/row-126777_full_synthetic_007201.jpg,1,ai_generated,sid_set_train_flux_e5,train
data/raw/e5_sid_flux/images/row-47588_full_synthetic_063215.jpg,1,ai_generated,sid_set_train_flux_e5,train
data/raw/e5_sid_flux/images/row-95560_full_synthetic_060089.jpg,1,ai_generated,sid_set_train_flux_e5,train
data/raw/e5_sid_flux/images/row-195687_full_synthetic_042709.jpg,1,ai_generated,sid_set_train_flux_e5,train
data/raw/e5_sid_flux/images/row-175694_full_synthetic_068664.jpg,1,ai_generated,sid_set_train_flux_e5,train
data/raw/e5_sid_flux/images/row-155608_full_synthetic_040240.jpg,1,ai_generated,sid_set_train_flux_e5,train
data/raw/e5_sid_flux/images/row-162990_full_synthetic_021412.jpg,1,ai_generated,sid_set_train_flux_e5,train
data/raw/e5_sid_flux/images/row-23839_full_synthetic_067604.jpg,1,ai_generated,sid_set_train_flux_e5,train
data/raw/e5_sid_flux/images/row-140000_full_synthetic_012961.jpg,1,ai_generated,sid_set_train_flux_e5,train
data/raw/e5_sid_flux/images/row-47548_full_synthetic_048695.jpg,1,ai_generated,sid_set_train_flux_e5,train
data/raw/e5_sid_flux/images/row-200317_full_synthetic_063063.jpg,1,ai_generated,sid_set_train_flux_e5,train
data/raw/e5_sid_flux/images/row-165427_full_synthetic_000441.jpg,1,ai_generated,sid_set_train_flux_e5,train
data/raw/e5_sid_flux/images/row-122989_full_synthetic_060148.jpg,1,ai_generated,sid_set_train_flux_e5,train
data/raw/e5_sid_flux/images/row-141940_full_synthetic_049055.jpg,1,ai_generated,sid_set_train_flux_e5,train
data/raw/e5_sid_flux/images/row-126747_full_synthetic_053136.jpg,1,ai_generated,sid_set_train_flux_e5,train
data/raw/e5_sid_flux/images/row-159601_full_synthetic_000375.jpg,1,ai_generated,sid_set_train_flux_e5,train
data/raw/e5_sid_flux/images/row-139849_full_synthetic_003781.jpg,1,ai_generated,sid_set_train_flux_e5,train
data/raw/e5_sid_flux/images/row-149490_full_synthetic_017542.jpg,1,ai_generated,sid_set_train_flux_e5,train
data/raw/e5_sid_flux/images/row-28081_full_synthetic_051447.jpg,1,ai_generated,sid_set_train_flux_e5,train
data/raw/e5_sid_flux/images/row-01601_full_synthetic_034885.jpg,1,ai_generated,sid_set_train_flux_e5,train
data/raw/e5_sid_flux/images/row-106340_full_synthetic_007971.jpg,1,ai_generated,sid_set_train_flux_e5,train
data/raw/e5_sid_flux/images/row-155659_full_synthetic_001229.jpg,1,ai_generated,sid_set_train_flux_e5,train
data/raw/e5_sid_flux/images/row-147683_full_synthetic_066098.jpg,1,ai_generated,sid_set_train_flux_e5,train
data/raw/e5_sid_flux/images/row-151598_full_synthetic_062642.jpg,1,ai_generated,sid_set_train_flux_e5,train
data/raw/e5_sid_flux/images/row-140338_full_synthetic_039797.jpg,1,ai_generated,sid_set_train_flux_e5,train
data/raw/e5_sid_flux/images/row-61039_full_synthetic_013807.jpg,1,ai_generated,sid_set_train_flux_e5,train
data/raw/e5_sid_flux/images/row-61488_full_synthetic_013840.jpg,1,ai_generated,sid_set_train_flux_e5,train
data/raw/e5_sid_flux/images/row-195361_full_synthetic_061796.jpg,1,ai_generated,sid_set_train_flux_e5,train
data/raw/e5_sid_flux/images/row-151569_full_synthetic_048505.jpg,1,ai_generated,sid_set_train_flux_e5,train
data/raw/e5_sid_flux/images/row-183069_full_synthetic_062167.jpg,1,ai_generated,sid_set_train_flux_e5,train
data/raw/e5_sid_flux/images/row-76826_full_synthetic_026732.jpg,1,ai_generated,sid_set_train_flux_e5,train
data/raw/e5_sid_flux/images/row-58671_full_synthetic_042753.jpg,1,ai_generated,sid_set_train_flux_e5,train
data/raw/e5_sid_flux/images/row-94228_full_synthetic_068822.jpg,1,ai_generated,sid_set_train_flux_e5,train
data/raw/e5_sid_flux/images/row-67716_full_synthetic_007942.jpg,1,ai_generated,sid_set_train_flux_e5,train
data/raw/e5_sid_flux/images/row-128176_full_synthetic_024043.jpg,1,ai_generated,sid_set_train_flux_e5,train
data/raw/e5_sid_flux/images/row-12164_full_synthetic_047621.jpg,1,ai_generated,sid_set_train_flux_e5,train
data/raw/e5_sid_flux/images/row-140326_full_synthetic_059360.jpg,1,ai_generated,sid_set_train_flux_e5,train
data/raw/e5_sid_flux/images/row-115412_full_synthetic_019140.jpg,1,ai_generated,sid_set_train_flux_e5,train
data/raw/e5_sid_flux/images/row-169049_full_synthetic_001605.jpg,1,ai_generated,sid_set_train_flux_e5,train
data/raw/e5_sid_flux/images/row-47559_full_synthetic_048528.jpg,1,ai_generated,sid_set_train_flux_e5,train
data/raw/e5_sid_flux/images/row-149409_full_synthetic_001215.jpg,1,ai_generated,sid_set_train_flux_e5,train
data/raw/e5_sid_flux/images/row-67781_full_synthetic_062823.jpg,1,ai_generated,sid_set_train_flux_e5,train
data/raw/e5_sid_flux/images/row-111581_full_synthetic_015780.jpg,1,ai_generated,sid_set_train_flux_e5,train
data/raw/e5_sid_flux/images/row-122967_full_synthetic_005634.jpg,1,ai_generated,sid_set_train_flux_e5,train
data/raw/e5_sid_flux/images/row-195328_full_synthetic_028447.jpg,1,ai_generated,sid_set_train_flux_e5,train
data/raw/e5_sid_flux/images/row-27106_full_synthetic_030662.jpg,1,ai_generated,sid_set_train_flux_e5,train
data/raw/e5_sid_flux/images/row-179905_full_synthetic_050800.jpg,1,ai_generated,sid_set_train_flux_e5,train
data/raw/e5_sid_flux/images/row-208490_full_synthetic_038877.jpg,1,ai_generated,sid_set_train_flux_e5,train
data/raw/e5_sid_flux/images/row-95325_full_synthetic_061990.jpg,1,ai_generated,sid_set_train_flux_e5,train
data/raw/e5_sid_flux/images/row-28039_full_synthetic_038936.jpg,1,ai_generated,sid_set_train_flux_e5,train
data/raw/e5_sid_flux/images/row-190991_full_synthetic_026021.jpg,1,ai_generated,sid_set_train_flux_e5,train
data/raw/e5_sid_flux/images/row-185955_full_synthetic_017636.jpg,1,ai_generated,sid_set_train_flux_e5,train
data/raw/e5_sid_flux/images/row-43779_full_synthetic_018701.jpg,1,ai_generated,sid_set_train_flux_e5,train
data/raw/e5_sid_flux/images/row-136355_full_synthetic_056998.jpg,1,ai_generated,sid_set_train_flux_e5,train
data/raw/e5_sid_flux/images/row-175643_full_synthetic_039121.jpg,1,ai_generated,sid_set_train_flux_e5,train
data/raw/e5_sid_flux/images/row-180728_full_synthetic_039715.jpg,1,ai_generated,sid_set_train_flux_e5,train
data/raw/e5_sid_flux/images/row-40965_full_synthetic_066321.jpg,1,ai_generated,sid_set_train_flux_e5,train
data/raw/e5_sid_flux/images/row-47647_full_synthetic_039049.jpg,1,ai_generated,sid_set_train_flux_e5,train
data/raw/e5_sid_flux/images/row-115417_full_synthetic_049256.jpg,1,ai_generated,sid_set_train_flux_e5,train
data/raw/e5_sid_flux/images/row-21337_full_synthetic_009094.jpg,1,ai_generated,sid_set_train_flux_e5,train
data/raw/e5_sid_flux/images/row-158380_full_synthetic_037711.jpg,1,ai_generated,sid_set_train_flux_e5,train
data/raw/e5_sid_flux/images/row-111217_full_synthetic_061279.jpg,1,ai_generated,sid_set_train_flux_e5,train
data/raw/e5_sid_flux/images/row-90786_full_synthetic_068923.jpg,1,ai_generated,sid_set_train_flux_e5,train
data/raw/e5_sid_flux/images/row-58682_full_synthetic_047318.jpg,1,ai_generated,sid_set_train_flux_e5,train
data/raw/e5_sid_flux/images/row-51884_full_synthetic_010463.jpg,1,ai_generated,sid_set_train_flux_e5,train
data/raw/e5_sid_flux/images/row-175648_full_synthetic_053363.jpg,1,ai_generated,sid_set_train_flux_e5,train
data/raw/e5_sid_flux/images/row-175621_full_synthetic_045189.jpg,1,ai_generated,sid_set_train_flux_e5,train
data/raw/e5_sid_flux/images/row-125576_full_synthetic_056896.jpg,1,ai_generated,sid_set_train_flux_e5,train
data/raw/e5_sid_flux/images/row-112821_full_synthetic_013539.jpg,1,ai_generated,sid_set_train_flux_e5,train
data/raw/e5_sid_flux/images/row-27951_full_synthetic_059666.jpg,1,ai_generated,sid_set_train_flux_e5,train
data/raw/e5_sid_flux/images/row-95583_full_synthetic_039965.jpg,1,ai_generated,sid_set_train_flux_e5,train
data/raw/e5_sid_flux/images/row-85325_full_synthetic_052480.jpg,1,ai_generated,sid_set_train_flux_e5,train
data/raw/e5_sid_flux/images/row-201049_full_synthetic_058753.jpg,1,ai_generated,sid_set_train_flux_e5,train
data/raw/e5_sid_flux/images/row-135114_full_synthetic_052633.jpg,1,ai_generated,sid_set_train_flux_e5,train
data/raw/e5_sid_flux/images/row-60424_full_synthetic_026656.jpg,1,ai_generated,sid_set_train_flux_e5,train
data/raw/e5_sid_flux/images/row-201040_full_synthetic_032359.jpg,1,ai_generated,sid_set_train_flux_e5,train
data/raw/e5_sid_flux/images/row-78224_full_synthetic_033960.jpg,1,ai_generated,sid_set_train_flux_e5,train
data/raw/e5_sid_flux/images/row-147613_full_synthetic_050188.jpg,1,ai_generated,sid_set_train_flux_e5,train
data/raw/e5_sid_flux/images/row-106353_full_synthetic_064476.jpg,1,ai_generated,sid_set_train_flux_e5,train
data/raw/e5_sid_flux/images/row-175610_full_synthetic_064111.jpg,1,ai_generated,sid_set_train_flux_e5,train
data/raw/e5_sid_flux/images/row-31578_full_synthetic_034543.jpg,1,ai_generated,sid_set_train_flux_e5,train
data/raw/e5_sid_flux/images/row-159670_full_synthetic_041594.jpg,1,ai_generated,sid_set_train_flux_e5,train
data/raw/e5_sid_flux/images/row-44451_full_synthetic_063789.jpg,1,ai_generated,sid_set_train_flux_e5,train
data/raw/e5_sid_flux/images/row-208739_full_synthetic_016461.jpg,1,ai_generated,sid_set_train_flux_e5,train
data/raw/e5_sid_flux/images/row-75420_full_synthetic_065262.jpg,1,ai_generated,sid_set_train_flux_e5,train
data/raw/e5_sid_flux/images/row-112827_full_synthetic_003501.jpg,1,ai_generated,sid_set_train_flux_e5,train
data/raw/e5_sid_flux/images/row-182020_full_synthetic_023828.jpg,1,ai_generated,sid_set_train_flux_e5,train
data/raw/e5_sid_flux/images/row-164606_full_synthetic_048475.jpg,1,ai_generated,sid_set_train_flux_e5,train
data/raw/e5_sid_flux/images/row-169041_full_synthetic_014200.jpg,1,ai_generated,sid_set_train_flux_e5,train
data/raw/e5_sid_flux/images/row-40923_full_synthetic_021655.jpg,1,ai_generated,sid_set_train_flux_e5,train
data/raw/e5_sid_flux/images/row-23884_full_synthetic_001806.jpg,1,ai_generated,sid_set_train_flux_e5,train
data/raw/e5_sid_flux/images/row-61438_full_synthetic_023127.jpg,1,ai_generated,sid_set_train_flux_e5,train
data/raw/e5_sid_flux/images/row-27994_full_synthetic_023637.jpg,1,ai_generated,sid_set_train_flux_e5,train
data/raw/e5_sid_flux/images/row-77559_full_synthetic_059917.jpg,1,ai_generated,sid_set_train_flux_e5,train
data/raw/e5_sid_flux/images/row-155612_full_synthetic_004741.jpg,1,ai_generated,sid_set_train_flux_e5,train
data/raw/e5_sid_flux/images/row-61005_full_synthetic_056714.jpg,1,ai_generated,sid_set_train_flux_e5,train
data/raw/e5_sid_flux/images/row-01878_full_synthetic_005656.jpg,1,ai_generated,sid_set_train_flux_e5,train
data/raw/e5_sid_flux/images/row-206727_full_synthetic_030122.jpg,1,ai_generated,sid_set_train_flux_e5,train
data/raw/e5_sid_flux/images/row-17985_full_synthetic_069017.jpg,1,ai_generated,sid_set_train_flux_e5,train
data/raw/e5_sid_flux/images/row-12187_full_synthetic_056824.jpg,1,ai_generated,sid_set_train_flux_e5,train
data/raw/e5_sid_flux/images/row-156427_full_synthetic_054544.jpg,1,ai_generated,sid_set_train_flux_e5,train
data/raw/e5_sid_flux/images/row-185662_full_synthetic_041724.jpg,1,ai_generated,sid_set_train_flux_e5,train
data/raw/e5_sid_flux/images/row-127245_full_synthetic_053221.jpg,1,ai_generated,sid_set_train_flux_e5,train
data/raw/e5_sid_flux/images/row-202854_full_synthetic_032558.jpg,1,ai_generated,sid_set_train_flux_e5,train
data/raw/e5_sid_flux/images/row-124041_full_synthetic_019951.jpg,1,ai_generated,sid_set_train_flux_e5,train
data/raw/e5_sid_flux/images/row-27336_full_synthetic_068226.jpg,1,ai_generated,sid_set_train_flux_e5,train
data/raw/e5_sid_flux/images/row-164626_full_synthetic_057654.jpg,1,ai_generated,sid_set_train_flux_e5,train
data/raw/e5_sid_flux/images/row-143378_full_synthetic_040053.jpg,1,ai_generated,sid_set_train_flux_e5,train
data/raw/e5_sid_flux/images/row-159660_full_synthetic_068158.jpg,1,ai_generated,sid_set_train_flux_e5,train
data/raw/e5_sid_flux/images/row-95575_full_synthetic_013089.jpg,1,ai_generated,sid_set_train_flux_e5,train
data/raw/e5_sid_flux/images/row-01887_full_synthetic_064951.jpg,1,ai_generated,sid_set_train_flux_e5,train
data/raw/e5_sid_flux/images/row-78009_full_synthetic_016200.jpg,1,ai_generated,sid_set_train_flux_e5,train
data/raw/e5_sid_flux/images/row-116148_full_synthetic_011032.jpg,1,ai_generated,sid_set_train_flux_e5,train
data/raw/e5_sid_flux/images/row-01681_full_synthetic_024289.jpg,1,ai_generated,sid_set_train_flux_e5,train
data/raw/e5_sid_flux/images/row-55807_full_synthetic_017723.jpg,1,ai_generated,sid_set_train_flux_e5,train
data/raw/e5_sid_flux/images/row-27995_full_synthetic_043477.jpg,1,ai_generated,sid_set_train_flux_e5,train
data/raw/e5_sid_flux/images/row-140395_full_synthetic_000788.jpg,1,ai_generated,sid_set_train_flux_e5,train
data/raw/e5_sid_flux/images/row-51803_full_synthetic_001890.jpg,1,ai_generated,sid_set_train_flux_e5,train
data/raw/e5_sid_flux/images/row-175659_full_synthetic_051066.jpg,1,ai_generated,sid_set_train_flux_e5,train
data/raw/e5_sid_flux/images/row-109932_full_synthetic_012784.jpg,1,ai_generated,sid_set_train_flux_e5,train
data/raw/e5_sid_flux/images/row-141590_full_synthetic_001115.jpg,1,ai_generated,sid_set_train_flux_e5,train
data/raw/e5_sid_flux/images/row-208488_full_synthetic_036248.jpg,1,ai_generated,sid_set_train_flux_e5,train
data/raw/e5_sid_flux/images/row-208791_full_synthetic_050871.jpg,1,ai_generated,sid_set_train_flux_e5,train
data/raw/e5_sid_flux/images/row-141527_full_synthetic_051723.jpg,1,ai_generated,sid_set_train_flux_e5,train
data/raw/e5_sid_flux/images/row-200333_full_synthetic_046922.jpg,1,ai_generated,sid_set_train_flux_e5,train
data/raw/e5_sid_flux/images/row-136351_full_synthetic_003806.jpg,1,ai_generated,sid_set_train_flux_e5,train
data/raw/e5_sid_flux/images/row-61494_full_synthetic_004869.jpg,1,ai_generated,sid_set_train_flux_e5,train
data/raw/e5_sid_flux/images/row-11911_full_synthetic_022138.jpg,1,ai_generated,sid_set_train_flux_e5,train
data/raw/e5_sid_flux/images/row-27326_full_synthetic_038513.jpg,1,ai_generated,sid_set_train_flux_e5,train
data/raw/e5_sid_flux/images/row-140029_full_synthetic_007022.jpg,1,ai_generated,sid_set_train_flux_e5,train
data/raw/e5_sid_flux/images/row-169054_full_synthetic_058871.jpg,1,ai_generated,sid_set_train_flux_e5,train
data/raw/e5_sid_flux/images/row-83184_full_synthetic_068325.jpg,1,ai_generated,sid_set_train_flux_e5,train
data/raw/e5_sid_flux/images/row-55872_full_synthetic_049984.jpg,1,ai_generated,sid_set_train_flux_e5,train
data/raw/e5_sid_flux/images/row-161935_full_synthetic_037337.jpg,1,ai_generated,sid_set_train_flux_e5,train
data/raw/e5_sid_flux/images/row-85476_full_synthetic_054508.jpg,1,ai_generated,sid_set_train_flux_e5,train
data/raw/e5_sid_flux/images/row-47678_full_synthetic_060004.jpg,1,ai_generated,sid_set_train_flux_e5,train
data/raw/e5_sid_flux/images/row-85436_full_synthetic_017872.jpg,1,ai_generated,sid_set_train_flux_e5,train
data/raw/e5_sid_flux/images/row-179973_full_synthetic_066090.jpg,1,ai_generated,sid_set_train_flux_e5,train
data/raw/e5_sid_flux/images/row-208476_full_synthetic_031954.jpg,1,ai_generated,sid_set_train_flux_e5,train
data/raw/e5_sid_flux/images/row-100260_full_synthetic_031521.jpg,1,ai_generated,sid_set_train_flux_e5,train
data/raw/e5_sid_flux/images/row-185928_full_synthetic_038998.jpg,1,ai_generated,sid_set_train_flux_e5,train
data/raw/e5_sid_flux/images/row-27150_full_synthetic_005336.jpg,1,ai_generated,sid_set_train_flux_e5,train
data/raw/e5_sid_flux/images/row-126771_full_synthetic_037490.jpg,1,ai_generated,sid_set_train_flux_e5,train
data/raw/e5_sid_flux/images/row-159692_full_synthetic_013641.jpg,1,ai_generated,sid_set_train_flux_e5,train
data/raw/e5_sid_flux/images/row-80041_full_synthetic_009411.jpg,1,ai_generated,sid_set_train_flux_e5,train
data/raw/e5_sid_flux/images/row-11984_full_synthetic_061681.jpg,1,ai_generated,sid_set_train_flux_e5,train
data/raw/e5_sid_flux/images/row-136328_full_synthetic_030093.jpg,1,ai_generated,sid_set_train_flux_e5,train
data/raw/e5_sid_flux/images/row-60442_full_synthetic_037660.jpg,1,ai_generated,sid_set_train_flux_e5,train
data/raw/e5_sid_flux/images/row-28073_full_synthetic_038254.jpg,1,ai_generated,sid_set_train_flux_e5,train
data/raw/e5_sid_flux/images/row-60498_full_synthetic_049750.jpg,1,ai_generated,sid_set_train_flux_e5,train
data/raw/e5_sid_flux/images/row-117964_full_synthetic_051390.jpg,1,ai_generated,sid_set_train_flux_e5,train
data/raw/e5_sid_flux/images/row-190894_full_synthetic_037614.jpg,1,ai_generated,sid_set_train_flux_e5,train
data/raw/e5_sid_flux/images/row-95543_full_synthetic_049473.jpg,1,ai_generated,sid_set_train_flux_e5,train
data/raw/e5_sid_flux/images/row-160064_full_synthetic_048820.jpg,1,ai_generated,sid_set_train_flux_e5,train
data/raw/e5_sid_flux/images/row-200341_full_synthetic_049298.jpg,1,ai_generated,sid_set_train_flux_e5,train
data/raw/e5_sid_flux/images/row-161988_full_synthetic_015978.jpg,1,ai_generated,sid_set_train_flux_e5,train
data/raw/e5_sid_flux/images/row-21347_full_synthetic_018019.jpg,1,ai_generated,sid_set_train_flux_e5,train
data/raw/e5_sid_flux/images/row-27343_full_synthetic_063555.jpg,1,ai_generated,sid_set_train_flux_e5,train
data/raw/e5_sid_flux/images/row-128182_full_synthetic_022102.jpg,1,ai_generated,sid_set_train_flux_e5,train
data/raw/e5_sid_flux/images/row-169077_full_synthetic_069389.jpg,1,ai_generated,sid_set_train_flux_e5,train
data/raw/e5_sid_flux/images/row-141573_full_synthetic_031057.jpg,1,ai_generated,sid_set_train_flux_e5,train
data/raw/e5_sid_flux/images/row-200315_full_synthetic_011639.jpg,1,ai_generated,sid_set_train_flux_e5,train
data/raw/e5_sid_flux/images/row-78265_full_synthetic_012223.jpg,1,ai_generated,sid_set_train_flux_e5,train
data/raw/e5_sid_flux/images/row-94263_full_synthetic_027146.jpg,1,ai_generated,sid_set_train_flux_e5,train
data/raw/e5_sid_flux/images/row-114967_full_synthetic_015162.jpg,1,ai_generated,sid_set_train_flux_e5,train
data/raw/e5_sid_flux/images/row-19922_full_synthetic_044048.jpg,1,ai_generated,sid_set_train_flux_e5,train
data/raw/e5_sid_flux/images/row-27126_full_synthetic_054188.jpg,1,ai_generated,sid_set_train_flux_e5,train
data/raw/e5_sid_flux/images/row-01609_full_synthetic_004564.jpg,1,ai_generated,sid_set_train_flux_e5,train
data/raw/e5_sid_flux/images/row-03458_full_synthetic_001514.jpg,1,ai_generated,sid_set_train_flux_e5,train
data/raw/e5_sid_flux/images/row-208413_full_synthetic_001506.jpg,1,ai_generated,sid_set_train_flux_e5,train
data/raw/e5_sid_flux/images/row-175631_full_synthetic_051484.jpg,1,ai_generated,sid_set_train_flux_e5,train
data/raw/e5_sid_flux/images/row-61031_full_synthetic_027039.jpg,1,ai_generated,sid_set_train_flux_e5,train
data/raw/e5_sid_flux/images/row-127278_full_synthetic_044093.jpg,1,ai_generated,sid_set_train_flux_e5,train
data/raw/e5_sid_flux/images/row-03501_full_synthetic_067366.jpg,1,ai_generated,sid_set_train_flux_e5,train
data/raw/e5_sid_flux/images/row-27178_full_synthetic_060095.jpg,1,ai_generated,sid_set_train_flux_e5,train
data/raw/e5_sid_flux/images/row-28700_full_synthetic_037226.jpg,1,ai_generated,sid_set_train_flux_e5,train
data/raw/e5_sid_flux/images/row-162960_full_synthetic_037413.jpg,1,ai_generated,sid_set_train_flux_e5,train
data/raw/e5_sid_flux/images/row-128144_full_synthetic_058221.jpg,1,ai_generated,sid_set_train_flux_e5,train
data/raw/e5_sid_flux/images/row-58120_full_synthetic_056270.jpg,1,ai_generated,sid_set_train_flux_e5,train
data/raw/e5_sid_flux/images/row-85366_full_synthetic_003608.jpg,1,ai_generated,sid_set_train_flux_e5,train
data/raw/e5_sid_flux/images/row-57902_full_synthetic_029249.jpg,1,ai_generated,sid_set_train_flux_e5,train
data/raw/e5_sid_flux/images/row-201025_full_synthetic_031219.jpg,1,ai_generated,sid_set_train_flux_e5,train
data/raw/e5_sid_flux/images/row-44446_full_synthetic_010339.jpg,1,ai_generated,sid_set_train_flux_e5,train
data/raw/e5_sid_flux/images/row-75410_full_synthetic_064131.jpg,1,ai_generated,sid_set_train_flux_e5,train
data/raw/e5_sid_flux/images/row-84716_full_synthetic_033626.jpg,1,ai_generated,sid_set_train_flux_e5,train
data/raw/e5_sid_flux/images/row-58652_full_synthetic_037856.jpg,1,ai_generated,sid_set_train_flux_e5,train
data/raw/e5_sid_flux/images/row-75466_full_synthetic_064142.jpg,1,ai_generated,sid_set_train_flux_e5,train
data/raw/e5_sid_flux/images/row-179957_full_synthetic_060507.jpg,1,ai_generated,sid_set_train_flux_e5,train
data/raw/e5_sid_flux/images/row-156466_full_synthetic_032945.jpg,1,ai_generated,sid_set_train_flux_e5,train
data/raw/e5_sid_flux/images/row-83161_full_synthetic_011534.jpg,1,ai_generated,sid_set_train_flux_e5,train
data/raw/e5_sid_flux/images/row-161910_full_synthetic_051923.jpg,1,ai_generated,sid_set_train_flux_e5,train
data/raw/e5_sid_flux/images/row-28041_full_synthetic_008686.jpg,1,ai_generated,sid_set_train_flux_e5,train
data/raw/e5_sid_flux/images/row-182038_full_synthetic_008328.jpg,1,ai_generated,sid_set_train_flux_e5,train
data/raw/e5_sid_flux/images/row-190839_full_synthetic_047075.jpg,1,ai_generated,sid_set_train_flux_e5,train
data/raw/e5_sid_flux/images/row-124044_full_synthetic_040377.jpg,1,ai_generated,sid_set_train_flux_e5,train
data/raw/e5_sid_flux/images/row-127217_full_synthetic_048596.jpg,1,ai_generated,sid_set_train_flux_e5,train
data/raw/e5_sid_flux/images/row-61439_full_synthetic_046169.jpg,1,ai_generated,sid_set_train_flux_e5,train
data/raw/e5_sid_flux/images/row-128190_full_synthetic_065839.jpg,1,ai_generated,sid_set_train_flux_e5,train
data/raw/e5_sid_flux/images/row-107985_full_synthetic_018026.jpg,1,ai_generated,sid_set_train_flux_e5,train
data/raw/e5_sid_flux/images/row-149408_full_synthetic_047406.jpg,1,ai_generated,sid_set_train_flux_e5,train
data/raw/e5_sid_flux/images/row-31564_full_synthetic_040742.jpg,1,ai_generated,sid_set_train_flux_e5,train
data/raw/e5_sid_flux/images/row-147663_full_synthetic_041717.jpg,1,ai_generated,sid_set_train_flux_e5,train
data/raw/e5_sid_flux/images/row-124031_full_synthetic_002500.jpg,1,ai_generated,sid_set_train_flux_e5,train
data/raw/e5_sid_flux/images/row-161938_full_synthetic_053692.jpg,1,ai_generated,sid_set_train_flux_e5,train
data/raw/e5_sid_flux/images/row-107994_full_synthetic_015108.jpg,1,ai_generated,sid_set_train_flux_e5,train
data/raw/e5_sid_flux/images/row-84733_full_synthetic_061316.jpg,1,ai_generated,sid_set_train_flux_e5,train
data/raw/e5_sid_flux/images/row-169068_full_synthetic_003492.jpg,1,ai_generated,sid_set_train_flux_e5,train
data/raw/e5_sid_flux/images/row-163364_full_synthetic_060599.jpg,1,ai_generated,sid_set_train_flux_e5,train
data/raw/e5_sid_flux/images/row-152844_full_synthetic_059793.jpg,1,ai_generated,sid_set_train_flux_e5,train
data/raw/e5_sid_flux/images/row-115464_full_synthetic_012157.jpg,1,ai_generated,sid_set_train_flux_e5,train
data/raw/e5_sid_flux/images/row-124076_full_synthetic_067523.jpg,1,ai_generated,sid_set_train_flux_e5,train
data/raw/e5_sid_flux/images/row-43742_full_synthetic_043873.jpg,1,ai_generated,sid_set_train_flux_e5,train
data/raw/e5_sid_flux/images/row-06883_full_synthetic_037548.jpg,1,ai_generated,sid_set_train_flux_e5,train
data/raw/e5_sid_flux/images/row-72274_full_synthetic_061096.jpg,1,ai_generated,sid_set_train_flux_e5,train
data/raw/e5_sid_flux/images/row-39558_full_synthetic_040194.jpg,1,ai_generated,sid_set_train_flux_e5,train
data/raw/e5_sid_flux/images/row-95387_full_synthetic_037971.jpg,1,ai_generated,sid_set_train_flux_e5,train
data/raw/e5_sid_flux/images/row-55828_full_synthetic_040480.jpg,1,ai_generated,sid_set_train_flux_e5,train
data/raw/e5_sid_flux/images/row-185990_full_synthetic_050605.jpg,1,ai_generated,sid_set_train_flux_e5,train
data/raw/e5_sid_flux/images/row-169093_full_synthetic_002879.jpg,1,ai_generated,sid_set_train_flux_e5,train
data/raw/e5_sid_flux/images/row-147691_full_synthetic_021965.jpg,1,ai_generated,sid_set_train_flux_e5,train
data/raw/e5_sid_flux/images/row-60473_full_synthetic_007344.jpg,1,ai_generated,sid_set_train_flux_e5,train
data/raw/e5_sid_flux/images/row-111599_full_synthetic_001222.jpg,1,ai_generated,sid_set_train_flux_e5,train
data/raw/e5_sid_flux/images/row-139885_full_synthetic_058617.jpg,1,ai_generated,sid_set_train_flux_e5,train
data/raw/e5_sid_flux/images/row-117908_full_synthetic_057376.jpg,1,ai_generated,sid_set_train_flux_e5,train
data/raw/e5_sid_flux/images/row-159659_full_synthetic_021894.jpg,1,ai_generated,sid_set_train_flux_e5,train
data/raw/e5_sid_flux/images/row-120869_full_synthetic_063646.jpg,1,ai_generated,sid_set_train_flux_e5,train
data/raw/e5_sid_flux/images/row-208795_full_synthetic_001228.jpg,1,ai_generated,sid_set_train_flux_e5,train
data/raw/e5_sid_flux/images/row-95527_full_synthetic_038643.jpg,1,ai_generated,sid_set_train_flux_e5,train
data/raw/e5_sid_flux/images/row-180797_full_synthetic_009158.jpg,1,ai_generated,sid_set_train_flux_e5,train
data/raw/e5_sid_flux/images/row-198957_full_synthetic_012729.jpg,1,ai_generated,sid_set_train_flux_e5,train
data/raw/e5_sid_flux/images/row-208731_full_synthetic_042064.jpg,1,ai_generated,sid_set_train_flux_e5,train
data/raw/e5_sid_flux/images/row-136366_full_synthetic_001165.jpg,1,ai_generated,sid_set_train_flux_e5,train
data/raw/e5_sid_flux/images/row-03491_full_synthetic_033925.jpg,1,ai_generated,sid_set_train_flux_e5,train
data/raw/e5_sid_flux/images/row-46584_full_synthetic_061906.jpg,1,ai_generated,sid_set_train_flux_e5,train
data/raw/e5_sid_flux/images/row-55801_full_synthetic_005908.jpg,1,ai_generated,sid_set_train_flux_e5,train
data/raw/e5_sid_flux/images/row-47639_full_synthetic_063302.jpg,1,ai_generated,sid_set_train_flux_e5,train
data/raw/e5_sid_flux/images/row-165453_full_synthetic_013978.jpg,1,ai_generated,sid_set_train_flux_e5,train
data/raw/e5_sid_flux/images/row-46556_full_synthetic_008170.jpg,1,ai_generated,sid_set_train_flux_e5,train
data/raw/e5_sid_flux/images/row-40937_full_synthetic_037609.jpg,1,ai_generated,sid_set_train_flux_e5,train
data/raw/e5_sid_flux/images/row-147692_full_synthetic_044062.jpg,1,ai_generated,sid_set_train_flux_e5,train
data/raw/e5_sid_flux/images/row-12195_full_synthetic_063900.jpg,1,ai_generated,sid_set_train_flux_e5,train
data/raw/e5_sid_flux/images/row-95354_full_synthetic_009647.jpg,1,ai_generated,sid_set_train_flux_e5,train
data/raw/e5_sid_flux/images/row-195602_full_synthetic_051931.jpg,1,ai_generated,sid_set_train_flux_e5,train
data/raw/e5_sid_flux/images/row-60417_full_synthetic_042136.jpg,1,ai_generated,sid_set_train_flux_e5,train
data/raw/e5_sid_flux/images/row-77567_full_synthetic_035479.jpg,1,ai_generated,sid_set_train_flux_e5,train
data/raw/e5_sid_flux/images/row-161999_full_synthetic_043495.jpg,1,ai_generated,sid_set_train_flux_e5,train
data/raw/e5_sid_flux/images/row-136381_full_synthetic_038138.jpg,1,ai_generated,sid_set_train_flux_e5,train
data/raw/e5_sid_flux/images/row-208495_full_synthetic_030201.jpg,1,ai_generated,sid_set_train_flux_e5,train
data/raw/e5_sid_flux/images/row-21378_full_synthetic_042266.jpg,1,ai_generated,sid_set_train_flux_e5,train
data/raw/e5_sid_flux/images/row-162935_full_synthetic_007517.jpg,1,ai_generated,sid_set_train_flux_e5,train
data/raw/e5_sid_flux/images/row-51229_full_synthetic_058477.jpg,1,ai_generated,sid_set_train_flux_e5,train
data/raw/e5_sid_flux/images/row-114938_full_synthetic_057462.jpg,1,ai_generated,sid_set_train_flux_e5,train
data/raw/e5_sid_flux/images/row-201073_full_synthetic_005101.jpg,1,ai_generated,sid_set_train_flux_e5,train
data/raw/e5_sid_flux/images/row-21312_full_synthetic_030365.jpg,1,ai_generated,sid_set_train_flux_e5,train
data/raw/e5_sid_flux/images/row-156499_full_synthetic_024769.jpg,1,ai_generated,sid_set_train_flux_e5,train
data/raw/e5_sid_flux/images/row-163375_full_synthetic_052536.jpg,1,ai_generated,sid_set_train_flux_e5,train
data/raw/e5_sid_flux/images/row-136309_full_synthetic_004403.jpg,1,ai_generated,sid_set_train_flux_e5,train
data/raw/e5_sid_flux/images/row-72209_full_synthetic_021045.jpg,1,ai_generated,sid_set_train_flux_e5,train
data/raw/e5_sid_flux/images/row-39076_full_synthetic_050136.jpg,1,ai_generated,sid_set_train_flux_e5,train
data/raw/e5_sid_flux/images/row-85349_full_synthetic_006656.jpg,1,ai_generated,sid_set_train_flux_e5,train
data/raw/e5_sid_flux/images/row-19975_full_synthetic_007595.jpg,1,ai_generated,sid_set_train_flux_e5,train
data/raw/e5_sid_flux/images/row-120839_full_synthetic_017981.jpg,1,ai_generated,sid_set_train_flux_e5,train
data/raw/e5_sid_flux/images/row-200365_full_synthetic_016223.jpg,1,ai_generated,sid_set_train_flux_e5,train
data/raw/e5_sid_flux/images/row-163345_full_synthetic_003732.jpg,1,ai_generated,sid_set_train_flux_e5,train
data/raw/e5_sid_flux/images/row-51889_full_synthetic_047404.jpg,1,ai_generated,sid_set_train_flux_e5,train
data/raw/e5_sid_flux/images/row-198986_full_synthetic_041115.jpg,1,ai_generated,sid_set_train_flux_e5,train
data/raw/e5_sid_flux/images/row-80084_full_synthetic_046175.jpg,1,ai_generated,sid_set_train_flux_e5,train
data/raw/e5_sid_flux/images/row-12180_full_synthetic_034556.jpg,1,ai_generated,sid_set_train_flux_e5,train
data/raw/e5_sid_flux/images/row-177166_full_synthetic_030236.jpg,1,ai_generated,sid_set_train_flux_e5,train
data/raw/e5_sid_flux/images/row-198990_full_synthetic_020473.jpg,1,ai_generated,sid_set_train_flux_e5,train
data/raw/e5_sid_flux/images/row-07023_full_synthetic_006935.jpg,1,ai_generated,sid_set_train_flux_e5,train
data/raw/e5_sid_flux/images/row-140308_full_synthetic_051368.jpg,1,ai_generated,sid_set_train_flux_e5,train
data/raw/e5_sid_flux/images/row-61007_full_synthetic_044297.jpg,1,ai_generated,sid_set_train_flux_e5,train
data/raw/e5_sid_flux/images/row-39599_full_synthetic_005424.jpg,1,ai_generated,sid_set_train_flux_e5,train
data/raw/e5_sid_flux/images/row-21379_full_synthetic_023824.jpg,1,ai_generated,sid_set_train_flux_e5,train
data/raw/e5_sid_flux/images/row-135154_full_synthetic_062943.jpg,1,ai_generated,sid_set_train_flux_e5,train
data/raw/e5_sid_flux/images/row-95303_full_synthetic_038859.jpg,1,ai_generated,sid_set_train_flux_e5,train
data/raw/e5_sid_flux/images/row-58114_full_synthetic_024058.jpg,1,ai_generated,sid_set_train_flux_e5,train
data/raw/e5_sid_flux/images/row-07057_full_synthetic_023008.jpg,1,ai_generated,sid_set_train_flux_e5,train
data/raw/e5_sid_flux/images/row-01616_full_synthetic_005730.jpg,1,ai_generated,sid_set_train_flux_e5,train
data/raw/e5_sid_flux/images/row-114994_full_synthetic_055342.jpg,1,ai_generated,sid_set_train_flux_e5,train
data/raw/e5_sid_flux/images/row-190918_full_synthetic_015845.jpg,1,ai_generated,sid_set_train_flux_e5,train
data/raw/e5_sid_flux/images/row-01897_full_synthetic_035291.jpg,1,ai_generated,sid_set_train_flux_e5,train
data/raw/e5_sid_flux/images/row-01697_full_synthetic_041348.jpg,1,ai_generated,sid_set_train_flux_e5,train
data/raw/e5_sid_flux/images/row-58620_full_synthetic_062979.jpg,1,ai_generated,sid_set_train_flux_e5,train
data/raw/e5_sid_flux/images/row-173310_full_synthetic_036709.jpg,1,ai_generated,sid_set_train_flux_e5,train
data/raw/e5_sid_flux/images/row-115407_full_synthetic_025565.jpg,1,ai_generated,sid_set_train_flux_e5,train
data/raw/e5_sid_flux/images/row-128118_full_synthetic_025063.jpg,1,ai_generated,sid_set_train_flux_e5,train
data/raw/e5_sid_flux/images/row-161900_full_synthetic_004819.jpg,1,ai_generated,sid_set_train_flux_e5,train
data/raw/e5_sid_flux/images/row-27963_full_synthetic_043926.jpg,1,ai_generated,sid_set_train_flux_e5,train
data/raw/e5_sid_flux/images/row-07000_full_synthetic_057201.jpg,1,ai_generated,sid_set_train_flux_e5,train
data/raw/e5_sid_flux/images/row-51831_full_synthetic_068925.jpg,1,ai_generated,sid_set_train_flux_e5,train
data/raw/e5_sid_flux/images/row-181291_full_synthetic_043837.jpg,1,ai_generated,sid_set_train_flux_e5,train
data/raw/e5_sid_flux/images/row-61403_full_synthetic_036223.jpg,1,ai_generated,sid_set_train_flux_e5,train
data/raw/e5_sid_flux/images/row-117937_full_synthetic_021654.jpg,1,ai_generated,sid_set_train_flux_e5,train
data/raw/e5_sid_flux/images/row-139409_full_synthetic_030775.jpg,1,ai_generated,sid_set_train_flux_e5,train
data/raw/e5_sid_flux/images/row-114922_full_synthetic_007107.jpg,1,ai_generated,sid_set_train_flux_e5,train
data/raw/e5_sid_flux/images/row-206741_full_synthetic_000111.jpg,1,ai_generated,sid_set_train_flux_e5,train
data/raw/e5_sid_flux/images/row-179904_full_synthetic_017616.jpg,1,ai_generated,sid_set_train_flux_e5,train
data/raw/e5_sid_flux/images/row-201016_full_synthetic_063076.jpg,1,ai_generated,sid_set_train_flux_e5,train
data/raw/e5_sid_flux/images/row-128162_full_synthetic_021394.jpg,1,ai_generated,sid_set_train_flux_e5,train
data/raw/e5_sid_flux/images/row-162934_full_synthetic_029222.jpg,1,ai_generated,sid_set_train_flux_e5,train
data/raw/e5_sid_flux/images/row-72270_full_synthetic_046629.jpg,1,ai_generated,sid_set_train_flux_e5,train
data/raw/e5_sid_flux/images/row-106361_full_synthetic_055306.jpg,1,ai_generated,sid_set_train_flux_e5,train
data/raw/e5_sid_flux/images/row-60483_full_synthetic_057701.jpg,1,ai_generated,sid_set_train_flux_e5,train
data/raw/e5_sid_flux/images/row-208712_full_synthetic_005068.jpg,1,ai_generated,sid_set_train_flux_e5,train
data/raw/e5_sid_flux/images/row-165460_full_synthetic_022569.jpg,1,ai_generated,sid_set_train_flux_e5,train
data/raw/e5_sid_flux/images/row-117902_full_synthetic_004536.jpg,1,ai_generated,sid_set_train_flux_e5,train
data/raw/e5_sid_flux/images/row-195604_full_synthetic_041606.jpg,1,ai_generated,sid_set_train_flux_e5,train
data/raw/e5_sid_flux/images/row-112831_full_synthetic_062032.jpg,1,ai_generated,sid_set_train_flux_e5,train
data/raw/e5_sid_flux/images/row-164624_full_synthetic_019891.jpg,1,ai_generated,sid_set_train_flux_e5,train
data/raw/e5_sid_flux/images/row-116157_full_synthetic_033598.jpg,1,ai_generated,sid_set_train_flux_e5,train
data/raw/e5_sid_flux/images/row-78237_full_synthetic_030546.jpg,1,ai_generated,sid_set_train_flux_e5,train
data/raw/e5_sid_flux/images/row-78003_full_synthetic_030564.jpg,1,ai_generated,sid_set_train_flux_e5,train
data/raw/e5_sid_flux/images/row-48115_full_synthetic_041315.jpg,1,ai_generated,sid_set_train_flux_e5,train
data/raw/e5_sid_flux/images/row-112824_full_synthetic_009517.jpg,1,ai_generated,sid_set_train_flux_e5,train
data/raw/e5_sid_flux/images/row-120894_full_synthetic_038922.jpg,1,ai_generated,sid_set_train_flux_e5,train
data/raw/e5_sid_flux/images/row-151530_full_synthetic_031473.jpg,1,ai_generated,sid_set_train_flux_e5,train
data/raw/e5_sid_flux/images/row-190832_full_synthetic_065804.jpg,1,ai_generated,sid_set_train_flux_e5,train
data/raw/e5_sid_flux/images/row-156463_full_synthetic_066619.jpg,1,ai_generated,sid_set_train_flux_e5,train
data/raw/e5_sid_flux/images/row-72216_full_synthetic_045571.jpg,1,ai_generated,sid_set_train_flux_e5,train
data/raw/e5_sid_flux/images/row-201947_full_synthetic_053029.jpg,1,ai_generated,sid_set_train_flux_e5,train
data/raw/e5_sid_flux/images/row-136349_full_synthetic_017540.jpg,1,ai_generated,sid_set_train_flux_e5,train
data/raw/e5_sid_flux/images/row-149467_full_synthetic_047546.jpg,1,ai_generated,sid_set_train_flux_e5,train
data/raw/e5_sid_flux/images/row-11978_full_synthetic_039043.jpg,1,ai_generated,sid_set_train_flux_e5,train
data/raw/e5_sid_flux/images/row-48175_full_synthetic_046468.jpg,1,ai_generated,sid_set_train_flux_e5,train
data/raw/e5_sid_flux/images/row-111526_full_synthetic_023477.jpg,1,ai_generated,sid_set_train_flux_e5,train
data/raw/e5_sid_flux/images/row-78098_full_synthetic_063059.jpg,1,ai_generated,sid_set_train_flux_e5,train
data/raw/e5_sid_flux/images/row-95389_full_synthetic_032197.jpg,1,ai_generated,sid_set_train_flux_e5,train
data/raw/e5_sid_flux/images/row-128180_full_synthetic_031096.jpg,1,ai_generated,sid_set_train_flux_e5,train
data/raw/e5_sid_flux/images/row-136386_full_synthetic_012167.jpg,1,ai_generated,sid_set_train_flux_e5,train
data/raw/e5_sid_flux/images/row-161985_full_synthetic_069375.jpg,1,ai_generated,sid_set_train_flux_e5,train
data/raw/e5_sid_flux/images/row-27111_full_synthetic_052975.jpg,1,ai_generated,sid_set_train_flux_e5,train
data/raw/e5_sid_flux/images/row-28038_full_synthetic_022277.jpg,1,ai_generated,sid_set_train_flux_e5,train
data/raw/e5_sid_flux/images/row-175620_full_synthetic_015411.jpg,1,ai_generated,sid_set_train_flux_e5,train
data/raw/e5_sid_flux/images/row-47681_full_synthetic_040838.jpg,1,ai_generated,sid_set_train_flux_e5,train
data/raw/e5_sid_flux/images/row-148221_full_synthetic_056602.jpg,1,ai_generated,sid_set_train_flux_e5,train
data/raw/e5_sid_flux/images/row-179964_full_synthetic_026609.jpg,1,ai_generated,sid_set_train_flux_e5,train
data/raw/e5_sid_flux/images/row-175678_full_synthetic_030366.jpg,1,ai_generated,sid_set_train_flux_e5,train
data/raw/e5_sid_flux/images/row-140383_full_synthetic_010917.jpg,1,ai_generated,sid_set_train_flux_e5,train
data/raw/e5_sid_flux/images/row-100253_full_synthetic_037258.jpg,1,ai_generated,sid_set_train_flux_e5,train
data/raw/e5_sid_flux/images/row-27155_full_synthetic_006043.jpg,1,ai_generated,sid_set_train_flux_e5,train
data/raw/e5_sid_flux/images/row-148293_full_synthetic_052433.jpg,1,ai_generated,sid_set_train_flux_e5,train
data/raw/e5_sid_flux/images/row-77598_full_synthetic_027627.jpg,1,ai_generated,sid_set_train_flux_e5,train
data/raw/e5_sid_flux/images/row-139877_full_synthetic_018031.jpg,1,ai_generated,sid_set_train_flux_e5,train
data/raw/e5_sid_flux/images/row-176210_full_synthetic_050862.jpg,1,ai_generated,sid_set_train_flux_e5,train
data/raw/e5_sid_flux/images/row-11964_full_synthetic_042563.jpg,1,ai_generated,sid_set_train_flux_e5,train
data/raw/e5_sid_flux/images/row-51874_full_synthetic_027236.jpg,1,ai_generated,sid_set_train_flux_e5,train
data/raw/e5_sid_flux/images/row-106367_full_synthetic_039645.jpg,1,ai_generated,sid_set_train_flux_e5,train
data/raw/e5_sid_flux/images/row-124048_full_synthetic_065621.jpg,1,ai_generated,sid_set_train_flux_e5,train
data/raw/e5_sid_flux/images/row-115437_full_synthetic_036677.jpg,1,ai_generated,sid_set_train_flux_e5,train
data/raw/e5_sid_flux/images/row-57992_full_synthetic_064985.jpg,1,ai_generated,sid_set_train_flux_e5,train
data/raw/e5_sid_flux/images/row-160025_full_synthetic_014862.jpg,1,ai_generated,sid_set_train_flux_e5,train
data/raw/e5_sid_flux/images/row-139844_full_synthetic_060613.jpg,1,ai_generated,sid_set_train_flux_e5,train
data/raw/e5_sid_flux/images/row-28774_full_synthetic_006151.jpg,1,ai_generated,sid_set_train_flux_e5,train
data/raw/e5_sid_flux/images/row-77594_full_synthetic_068699.jpg,1,ai_generated,sid_set_train_flux_e5,train
data/raw/e5_sid_flux/images/row-83107_full_synthetic_046570.jpg,1,ai_generated,sid_set_train_flux_e5,train
data/raw/e5_sid_flux/images/row-77569_full_synthetic_045134.jpg,1,ai_generated,sid_set_train_flux_e5,train
data/raw/e5_sid_flux/images/row-51886_full_synthetic_045453.jpg,1,ai_generated,sid_set_train_flux_e5,train
data/raw/e5_sid_flux/images/row-198963_full_synthetic_019144.jpg,1,ai_generated,sid_set_train_flux_e5,train
data/raw/e5_sid_flux/images/row-179971_full_synthetic_044793.jpg,1,ai_generated,sid_set_train_flux_e5,train
data/raw/e5_sid_flux/images/row-162968_full_synthetic_023458.jpg,1,ai_generated,sid_set_train_flux_e5,train
data/raw/e5_sid_flux/images/row-06806_full_synthetic_028707.jpg,1,ai_generated,sid_set_train_flux_e5,train
data/raw/e5_sid_flux/images/row-135192_full_synthetic_045593.jpg,1,ai_generated,sid_set_train_flux_e5,train
data/raw/e5_sid_flux/images/row-61084_full_synthetic_002305.jpg,1,ai_generated,sid_set_train_flux_e5,train
data/raw/e5_sid_flux/images/row-28092_full_synthetic_004214.jpg,1,ai_generated,sid_set_train_flux_e5,train
data/raw/e5_sid_flux/images/row-09905_full_synthetic_053101.jpg,1,ai_generated,sid_set_train_flux_e5,train
data/raw/e5_sid_flux/images/row-176271_full_synthetic_043741.jpg,1,ai_generated,sid_set_train_flux_e5,train
data/raw/e5_sid_flux/images/row-85447_full_synthetic_057563.jpg,1,ai_generated,sid_set_train_flux_e5,train
data/raw/e5_sid_flux/images/row-120853_full_synthetic_064487.jpg,1,ai_generated,sid_set_train_flux_e5,train
data/raw/e5_sid_flux/images/row-191234_full_synthetic_060356.jpg,1,ai_generated,sid_set_train_flux_e5,train
data/raw/e5_sid_flux/images/row-163366_full_synthetic_068356.jpg,1,ai_generated,sid_set_train_flux_e5,train
data/raw/e5_sid_flux/images/row-159693_full_synthetic_054340.jpg,1,ai_generated,sid_set_train_flux_e5,train
data/raw/e5_sid_flux/images/row-80009_full_synthetic_002093.jpg,1,ai_generated,sid_set_train_flux_e5,train
data/raw/e5_sid_flux/images/row-140329_full_synthetic_019070.jpg,1,ai_generated,sid_set_train_flux_e5,train
data/raw/e5_sid_flux/images/row-208717_full_synthetic_063695.jpg,1,ai_generated,sid_set_train_flux_e5,train
data/raw/e5_sid_flux/images/row-55800_full_synthetic_039557.jpg,1,ai_generated,sid_set_train_flux_e5,train
data/raw/e5_sid_flux/images/row-190893_full_synthetic_025865.jpg,1,ai_generated,sid_set_train_flux_e5,train
data/raw/e5_sid_flux/images/row-80042_full_synthetic_063722.jpg,1,ai_generated,sid_set_train_flux_e5,train
data/raw/e5_sid_flux/images/row-28084_full_synthetic_047307.jpg,1,ai_generated,sid_set_train_flux_e5,train
data/raw/e5_sid_flux/images/row-83846_full_synthetic_019179.jpg,1,ai_generated,sid_set_train_flux_e5,train
data/raw/e5_sid_flux/images/row-198964_full_synthetic_042938.jpg,1,ai_generated,sid_set_train_flux_e5,train
data/raw/e5_sid_flux/images/row-201085_full_synthetic_057397.jpg,1,ai_generated,sid_set_train_flux_e5,train
data/raw/e5_sid_flux/images/row-139408_full_synthetic_010674.jpg,1,ai_generated,sid_set_train_flux_e5,train
data/raw/e5_sid_flux/images/row-78054_full_synthetic_004697.jpg,1,ai_generated,sid_set_train_flux_e5,train
data/raw/e5_sid_flux/images/row-126704_full_synthetic_054677.jpg,1,ai_generated,sid_set_train_flux_e5,train
data/raw/e5_sid_flux/images/row-95310_full_synthetic_048813.jpg,1,ai_generated,sid_set_train_flux_e5,train
data/raw/e5_sid_flux/images/row-80039_full_synthetic_054336.jpg,1,ai_generated,sid_set_train_flux_e5,train
data/raw/e5_sid_flux/images/row-40983_full_synthetic_001536.jpg,1,ai_generated,sid_set_train_flux_e5,train
data/raw/e5_sid_flux/images/row-76811_full_synthetic_011261.jpg,1,ai_generated,sid_set_train_flux_e5,train
data/raw/e5_sid_flux/images/row-125517_full_synthetic_064436.jpg,1,ai_generated,sid_set_train_flux_e5,train
data/raw/e5_sid_flux/images/row-83839_full_synthetic_025660.jpg,1,ai_generated,sid_set_train_flux_e5,train
data/raw/e5_sid_flux/images/row-78066_full_synthetic_015160.jpg,1,ai_generated,sid_set_train_flux_e5,train
data/raw/e5_sid_flux/images/row-173375_full_synthetic_036397.jpg,1,ai_generated,sid_set_train_flux_e5,train
data/raw/e5_sid_flux/images/row-65706_full_synthetic_059407.jpg,1,ai_generated,sid_set_train_flux_e5,train
data/raw/e5_sid_flux/images/row-51895_full_synthetic_027430.jpg,1,ai_generated,sid_set_train_flux_e5,train
data/raw/e5_sid_flux/images/row-27165_full_synthetic_012453.jpg,1,ai_generated,sid_set_train_flux_e5,train
data/raw/e5_sid_flux/images/row-182050_full_synthetic_045724.jpg,1,ai_generated,sid_set_train_flux_e5,train
data/raw/e5_sid_flux/images/row-60468_full_synthetic_045943.jpg,1,ai_generated,sid_set_train_flux_e5,train
data/raw/e5_sid_flux/images/row-94299_full_synthetic_041494.jpg,1,ai_generated,sid_set_train_flux_e5,train
data/raw/e5_sid_flux/images/row-208711_full_synthetic_052453.jpg,1,ai_generated,sid_set_train_flux_e5,train
data/raw/e5_sid_flux/images/row-112820_full_synthetic_059985.jpg,1,ai_generated,sid_set_train_flux_e5,train
data/raw/e5_sid_flux/images/row-01613_full_synthetic_044376.jpg,1,ai_generated,sid_set_train_flux_e5,train
data/raw/e5_sid_flux/images/row-176208_full_synthetic_009243.jpg,1,ai_generated,sid_set_train_flux_e5,train
data/raw/e5_sid_flux/images/row-125575_full_synthetic_068730.jpg,1,ai_generated,sid_set_train_flux_e5,train
data/raw/e5_sid_flux/images/row-77517_full_synthetic_025053.jpg,1,ai_generated,sid_set_train_flux_e5,train
data/raw/e5_sid_flux/images/row-85357_full_synthetic_049190.jpg,1,ai_generated,sid_set_train_flux_e5,train
data/raw/e5_sid_flux/images/row-27950_full_synthetic_032525.jpg,1,ai_generated,sid_set_train_flux_e5,train
data/raw/e5_sid_flux/images/row-51210_full_synthetic_000872.jpg,1,ai_generated,sid_set_train_flux_e5,train
data/raw/e5_sid_flux/images/row-77557_full_synthetic_041279.jpg,1,ai_generated,sid_set_train_flux_e5,train
data/raw/e5_sid_flux/images/row-141929_full_synthetic_000444.jpg,1,ai_generated,sid_set_train_flux_e5,train
data/raw/e5_sid_flux/images/row-114935_full_synthetic_025498.jpg,1,ai_generated,sid_set_train_flux_e5,train
data/raw/e5_sid_flux/images/row-164617_full_synthetic_032329.jpg,1,ai_generated,sid_set_train_flux_e5,train
data/raw/e5_sid_flux/images/row-124073_full_synthetic_012088.jpg,1,ai_generated,sid_set_train_flux_e5,train
data/raw/e5_sid_flux/images/row-127261_full_synthetic_028691.jpg,1,ai_generated,sid_set_train_flux_e5,train
data/raw/e5_sid_flux/images/row-01847_full_synthetic_059074.jpg,1,ai_generated,sid_set_train_flux_e5,train
data/raw/e5_sid_flux/images/row-190908_full_synthetic_001257.jpg,1,ai_generated,sid_set_train_flux_e5,train
data/raw/e5_sid_flux/images/row-85462_full_synthetic_043803.jpg,1,ai_generated,sid_set_train_flux_e5,train
data/raw/e5_sid_flux/images/row-83112_full_synthetic_054687.jpg,1,ai_generated,sid_set_train_flux_e5,train
data/raw/e5_sid_flux/images/row-27185_full_synthetic_001182.jpg,1,ai_generated,sid_set_train_flux_e5,train
data/raw/e5_sid_flux/images/row-78248_full_synthetic_041532.jpg,1,ai_generated,sid_set_train_flux_e5,train
data/raw/e5_sid_flux/images/row-12128_full_synthetic_001207.jpg,1,ai_generated,sid_set_train_flux_e5,train
data/raw/e5_sid_flux/images/row-202865_full_synthetic_007307.jpg,1,ai_generated,sid_set_train_flux_e5,train
data/raw/e5_sid_flux/images/row-11931_full_synthetic_003373.jpg,1,ai_generated,sid_set_train_flux_e5,train
data/raw/e5_sid_flux/images/row-41112_full_synthetic_042118.jpg,1,ai_generated,sid_set_train_flux_e5,train
data/raw/e5_sid_flux/images/row-61421_full_synthetic_026922.jpg,1,ai_generated,sid_set_train_flux_e5,train
data/raw/e5_sid_flux/images/row-114968_full_synthetic_003184.jpg,1,ai_generated,sid_set_train_flux_e5,train
data/raw/e5_sid_flux/images/row-149449_full_synthetic_000453.jpg,1,ai_generated,sid_set_train_flux_e5,train
data/raw/e5_sid_flux/images/row-149403_full_synthetic_006345.jpg,1,ai_generated,sid_set_train_flux_e5,train
data/raw/e5_sid_flux/images/row-124074_full_synthetic_039217.jpg,1,ai_generated,sid_set_train_flux_e5,train
data/raw/e5_sid_flux/images/row-78229_full_synthetic_017973.jpg,1,ai_generated,sid_set_train_flux_e5,train
data/raw/e5_sid_flux/images/row-106339_full_synthetic_059267.jpg,1,ai_generated,sid_set_train_flux_e5,train
data/raw/e5_sid_flux/images/row-181272_full_synthetic_015485.jpg,1,ai_generated,sid_set_train_flux_e5,train
data/raw/e5_sid_flux/images/row-27308_full_synthetic_021933.jpg,1,ai_generated,sid_set_train_flux_e5,train
data/raw/e5_sid_flux/images/row-61448_full_synthetic_049015.jpg,1,ai_generated,sid_set_train_flux_e5,train
data/raw/e5_sid_flux/images/row-115428_full_synthetic_005733.jpg,1,ai_generated,sid_set_train_flux_e5,train
data/raw/e5_sid_flux/images/row-160060_full_synthetic_042554.jpg,1,ai_generated,sid_set_train_flux_e5,train
data/raw/e5_sid_flux/images/row-106389_full_synthetic_064180.jpg,1,ai_generated,sid_set_train_flux_e5,train
data/raw/e5_sid_flux/images/row-206776_full_synthetic_065200.jpg,1,ai_generated,sid_set_train_flux_e5,train
data/raw/e5_sid_flux/images/row-114929_full_synthetic_051303.jpg,1,ai_generated,sid_set_train_flux_e5,train
data/raw/e5_sid_flux/images/row-58644_full_synthetic_047340.jpg,1,ai_generated,sid_set_train_flux_e5,train
data/raw/e5_sid_flux/images/row-44473_full_synthetic_022291.jpg,1,ai_generated,sid_set_train_flux_e5,train
data/raw/e5_sid_flux/images/row-141983_full_synthetic_004480.jpg,1,ai_generated,sid_set_train_flux_e5,train
data/raw/e5_sid_flux/images/row-176252_full_synthetic_013592.jpg,1,ai_generated,sid_set_train_flux_e5,train
data/raw/e5_sid_flux/images/row-141570_full_synthetic_009076.jpg,1,ai_generated,sid_set_train_flux_e5,train
data/raw/e5_sid_flux/images/row-208459_full_synthetic_018978.jpg,1,ai_generated,sid_set_train_flux_e5,train
data/raw/e5_sid_flux/images/row-152802_full_synthetic_016140.jpg,1,ai_generated,sid_set_train_flux_e5,train
data/raw/e5_sid_flux/images/row-176202_full_synthetic_062985.jpg,1,ai_generated,sid_set_train_flux_e5,train
data/raw/e5_sid_flux/images/row-201012_full_synthetic_060634.jpg,1,ai_generated,sid_set_train_flux_e5,train
data/raw/e5_sid_flux/images/row-78293_full_synthetic_024693.jpg,1,ai_generated,sid_set_train_flux_e5,train
data/raw/e5_sid_flux/images/row-190859_full_synthetic_068255.jpg,1,ai_generated,sid_set_train_flux_e5,train
data/raw/e5_sid_flux/images/row-191255_full_synthetic_041845.jpg,1,ai_generated,sid_set_train_flux_e5,train
data/raw/e5_sid_flux/images/row-83103_full_synthetic_069452.jpg,1,ai_generated,sid_set_train_flux_e5,train
data/raw/e5_sid_flux/images/row-23854_full_synthetic_045249.jpg,1,ai_generated,sid_set_train_flux_e5,train
data/raw/e5_sid_flux/images/row-48100_full_synthetic_034598.jpg,1,ai_generated,sid_set_train_flux_e5,train
data/raw/e5_sid_flux/images/row-78070_full_synthetic_034772.jpg,1,ai_generated,sid_set_train_flux_e5,train
data/raw/e5_sid_flux/images/row-83176_full_synthetic_054293.jpg,1,ai_generated,sid_set_train_flux_e5,train
data/raw/e5_sid_flux/images/row-127256_full_synthetic_024510.jpg,1,ai_generated,sid_set_train_flux_e5,train
data/raw/e5_sid_flux/images/row-185920_full_synthetic_046980.jpg,1,ai_generated,sid_set_train_flux_e5,train
data/raw/e5_sid_flux/images/row-03551_full_synthetic_051844.jpg,1,ai_generated,sid_set_train_flux_e5,train
data/raw/e5_sid_flux/images/row-139853_full_synthetic_058903.jpg,1,ai_generated,sid_set_train_flux_e5,train
data/raw/e5_sid_flux/images/row-62740_full_synthetic_046256.jpg,1,ai_generated,sid_set_train_flux_e5,train
data/raw/e5_sid_flux/images/row-149412_full_synthetic_007632.jpg,1,ai_generated,sid_set_train_flux_e5,train
data/raw/e5_sid_flux/images/row-195634_full_synthetic_021205.jpg,1,ai_generated,sid_set_train_flux_e5,train
data/raw/e5_sid_flux/images/row-139446_full_synthetic_008675.jpg,1,ai_generated,sid_set_train_flux_e5,train
data/raw/e5_sid_flux/images/row-111562_full_synthetic_012380.jpg,1,ai_generated,sid_set_train_flux_e5,train
data/raw/e5_sid_flux/images/row-27369_full_synthetic_045055.jpg,1,ai_generated,sid_set_train_flux_e5,train
data/raw/e5_sid_flux/images/row-55834_full_synthetic_009900.jpg,1,ai_generated,sid_set_train_flux_e5,train
data/raw/e5_sid_flux/images/row-185918_full_synthetic_039735.jpg,1,ai_generated,sid_set_train_flux_e5,train
data/raw/e5_sid_flux/images/row-17904_full_synthetic_066765.jpg,1,ai_generated,sid_set_train_flux_e5,train
data/raw/e5_sid_flux/images/row-109991_full_synthetic_028228.jpg,1,ai_generated,sid_set_train_flux_e5,train
data/raw/e5_sid_flux/images/row-43765_full_synthetic_030977.jpg,1,ai_generated,sid_set_train_flux_e5,train
data/raw/e5_sid_flux/images/row-176264_full_synthetic_038793.jpg,1,ai_generated,sid_set_train_flux_e5,train
data/raw/e5_sid_flux/images/row-202830_full_synthetic_025239.jpg,1,ai_generated,sid_set_train_flux_e5,train
data/raw/e5_sid_flux/images/row-122968_full_synthetic_006041.jpg,1,ai_generated,sid_set_train_flux_e5,train
data/raw/e5_sid_flux/images/row-185608_full_synthetic_048162.jpg,1,ai_generated,sid_set_train_flux_e5,train
data/raw/e5_sid_flux/images/row-12147_full_synthetic_035089.jpg,1,ai_generated,sid_set_train_flux_e5,train
data/raw/e5_sid_flux/images/row-130870_full_synthetic_012083.jpg,1,ai_generated,sid_set_train_flux_e5,train
data/raw/e5_sid_flux/images/row-190990_full_synthetic_032355.jpg,1,ai_generated,sid_set_train_flux_e5,train
data/raw/e5_sid_flux/images/row-47521_full_synthetic_030454.jpg,1,ai_generated,sid_set_train_flux_e5,train
data/raw/e5_sid_flux/images/row-44478_full_synthetic_046403.jpg,1,ai_generated,sid_set_train_flux_e5,train
data/raw/e5_sid_flux/images/row-141553_full_synthetic_040280.jpg,1,ai_generated,sid_set_train_flux_e5,train
data/raw/e5_sid_flux/images/row-51838_full_synthetic_030537.jpg,1,ai_generated,sid_set_train_flux_e5,train
data/raw/e5_sid_flux/images/row-111235_full_synthetic_030545.jpg,1,ai_generated,sid_set_train_flux_e5,train
data/raw/e5_sid_flux/images/row-46514_full_synthetic_014716.jpg,1,ai_generated,sid_set_train_flux_e5,train
data/raw/e5_sid_flux/images/row-124063_full_synthetic_013894.jpg,1,ai_generated,sid_set_train_flux_e5,train
data/raw/e5_sid_flux/images/row-190961_full_synthetic_004506.jpg,1,ai_generated,sid_set_train_flux_e5,train
data/raw/e5_sid_flux/images/row-124098_full_synthetic_063934.jpg,1,ai_generated,sid_set_train_flux_e5,train
data/raw/e5_sid_flux/images/row-173338_full_synthetic_029726.jpg,1,ai_generated,sid_set_train_flux_e5,train
data/raw/e5_sid_flux/images/row-27142_full_synthetic_007309.jpg,1,ai_generated,sid_set_train_flux_e5,train
data/raw/e5_sid_flux/images/row-43743_full_synthetic_056430.jpg,1,ai_generated,sid_set_train_flux_e5,train
data/raw/e5_sid_flux/images/row-65704_full_synthetic_067429.jpg,1,ai_generated,sid_set_train_flux_e5,train
data/raw/e5_sid_flux/images/row-181268_full_synthetic_027067.jpg,1,ai_generated,sid_set_train_flux_e5,train
data/raw/e5_sid_flux/images/row-114955_full_synthetic_006500.jpg,1,ai_generated,sid_set_train_flux_e5,train
data/raw/e5_sid_flux/images/row-85461_full_synthetic_019940.jpg,1,ai_generated,sid_set_train_flux_e5,train
data/raw/e5_sid_flux/images/row-126775_full_synthetic_060791.jpg,1,ai_generated,sid_set_train_flux_e5,train
data/raw/e5_sid_flux/images/row-39592_full_synthetic_042221.jpg,1,ai_generated,sid_set_train_flux_e5,train
data/raw/e5_sid_flux/images/row-95338_full_synthetic_013380.jpg,1,ai_generated,sid_set_train_flux_e5,train
data/raw/e5_sid_flux/images/row-191239_full_synthetic_018186.jpg,1,ai_generated,sid_set_train_flux_e5,train
data/raw/e5_sid_flux/images/row-208434_full_synthetic_019782.jpg,1,ai_generated,sid_set_train_flux_e5,train
data/raw/e5_sid_flux/images/row-01602_full_synthetic_006265.jpg,1,ai_generated,sid_set_train_flux_e5,train
data/raw/e5_sid_flux/images/row-149475_full_synthetic_049489.jpg,1,ai_generated,sid_set_train_flux_e5,train
data/raw/e5_sid_flux/images/row-109924_full_synthetic_047919.jpg,1,ai_generated,sid_set_train_flux_e5,train
data/raw/e5_sid_flux/images/row-114947_full_synthetic_026599.jpg,1,ai_generated,sid_set_train_flux_e5,train
data/raw/e5_sid_flux/images/row-47536_full_synthetic_008741.jpg,1,ai_generated,sid_set_train_flux_e5,train
data/raw/e5_sid_flux/images/row-190923_full_synthetic_049311.jpg,1,ai_generated,sid_set_train_flux_e5,train
data/raw/e5_sid_flux/images/row-181202_full_synthetic_005763.jpg,1,ai_generated,sid_set_train_flux_e5,train
data/raw/e5_sid_flux/images/row-51204_full_synthetic_031617.jpg,1,ai_generated,sid_set_train_flux_e5,train
data/raw/e5_sid_flux/images/row-185970_full_synthetic_049012.jpg,1,ai_generated,sid_set_train_flux_e5,train
data/raw/e5_sid_flux/images/row-51232_full_synthetic_026448.jpg,1,ai_generated,sid_set_train_flux_e5,train
data/raw/e5_sid_flux/images/row-31568_full_synthetic_068779.jpg,1,ai_generated,sid_set_train_flux_e5,train
data/raw/e5_sid_flux/images/row-09916_full_synthetic_068361.jpg,1,ai_generated,sid_set_train_flux_e5,train
data/raw/e5_sid_flux/images/row-78246_full_synthetic_044670.jpg,1,ai_generated,sid_set_train_flux_e5,train
data/raw/e5_sid_flux/images/row-179922_full_synthetic_023743.jpg,1,ai_generated,sid_set_train_flux_e5,train
data/raw/e5_sid_flux/images/row-175696_full_synthetic_048434.jpg,1,ai_generated,sid_set_train_flux_e5,train
data/raw/e5_sid_flux/images/row-139433_full_synthetic_001322.jpg,1,ai_generated,sid_set_train_flux_e5,train
data/raw/e5_sid_flux/images/row-175671_full_synthetic_000926.jpg,1,ai_generated,sid_set_train_flux_e5,train
data/raw/e5_sid_flux/images/row-11991_full_synthetic_025954.jpg,1,ai_generated,sid_set_train_flux_e5,train
data/raw/e5_sid_flux/images/row-07004_full_synthetic_050385.jpg,1,ai_generated,sid_set_train_flux_e5,train
data/raw/e5_sid_flux/images/row-115400_full_synthetic_068643.jpg,1,ai_generated,sid_set_train_flux_e5,train
data/raw/e5_sid_flux/images/row-176207_full_synthetic_067147.jpg,1,ai_generated,sid_set_train_flux_e5,train
data/raw/e5_sid_flux/images/row-31599_full_synthetic_048485.jpg,1,ai_generated,sid_set_train_flux_e5,train
data/raw/e5_sid_flux/images/row-152876_full_synthetic_006148.jpg,1,ai_generated,sid_set_train_flux_e5,train
data/raw/e5_sid_flux/images/row-191261_full_synthetic_007630.jpg,1,ai_generated,sid_set_train_flux_e5,train
data/raw/e5_sid_flux/images/row-190824_full_synthetic_065342.jpg,1,ai_generated,sid_set_train_flux_e5,train
data/raw/e5_sid_flux/images/row-179935_full_synthetic_001096.jpg,1,ai_generated,sid_set_train_flux_e5,train
data/raw/e5_sid_flux/images/row-198924_full_synthetic_017718.jpg,1,ai_generated,sid_set_train_flux_e5,train
data/raw/e5_sid_flux/images/row-179992_full_synthetic_046536.jpg,1,ai_generated,sid_set_train_flux_e5,train
data/raw/e5_sid_flux/images/row-100287_full_synthetic_008805.jpg,1,ai_generated,sid_set_train_flux_e5,train
data/raw/e5_sid_flux/images/row-159695_full_synthetic_052402.jpg,1,ai_generated,sid_set_train_flux_e5,train
data/raw/e5_sid_flux/images/row-130874_full_synthetic_020209.jpg,1,ai_generated,sid_set_train_flux_e5,train
data/raw/e5_sid_flux/images/row-141908_full_synthetic_039829.jpg,1,ai_generated,sid_set_train_flux_e5,train
data/raw/e5_sid_flux/images/row-201095_full_synthetic_060149.jpg,1,ai_generated,sid_set_train_flux_e5,train
data/raw/e5_sid_flux/images/row-09961_full_synthetic_005716.jpg,1,ai_generated,sid_set_train_flux_e5,train
data/raw/e5_sid_flux/images/row-136382_full_synthetic_013341.jpg,1,ai_generated,sid_set_train_flux_e5,train
data/raw/e5_sid_flux/images/row-27328_full_synthetic_025301.jpg,1,ai_generated,sid_set_train_flux_e5,train
data/raw/e5_sid_flux/images/row-27195_full_synthetic_045362.jpg,1,ai_generated,sid_set_train_flux_e5,train
data/raw/e5_sid_flux/images/row-84719_full_synthetic_055284.jpg,1,ai_generated,sid_set_train_flux_e5,train
data/raw/e5_sid_flux/images/row-39568_full_synthetic_016447.jpg,1,ai_generated,sid_set_train_flux_e5,train
data/raw/e5_sid_flux/images/row-164619_full_synthetic_029138.jpg,1,ai_generated,sid_set_train_flux_e5,train
data/raw/e5_sid_flux/images/row-58646_full_synthetic_033465.jpg,1,ai_generated,sid_set_train_flux_e5,train
data/raw/e5_sid_flux/images/row-09952_full_synthetic_065089.jpg,1,ai_generated,sid_set_train_flux_e5,train
data/raw/e5_sid_flux/images/row-06867_full_synthetic_039282.jpg,1,ai_generated,sid_set_train_flux_e5,train
data/raw/e5_sid_flux/images/row-177135_full_synthetic_028867.jpg,1,ai_generated,sid_set_train_flux_e5,train
data/raw/e5_sid_flux/images/row-07067_full_synthetic_010771.jpg,1,ai_generated,sid_set_train_flux_e5,train
data/raw/e5_sid_flux/images/row-60439_full_synthetic_031353.jpg,1,ai_generated,sid_set_train_flux_e5,train
data/raw/e5_sid_flux/images/row-206721_full_synthetic_020754.jpg,1,ai_generated,sid_set_train_flux_e5,train
data/raw/e5_sid_flux/images/row-61006_full_synthetic_034160.jpg,1,ai_generated,sid_set_train_flux_e5,train
data/raw/e5_sid_flux/images/row-201988_full_synthetic_058342.jpg,1,ai_generated,sid_set_train_flux_e5,train
data/raw/e5_sid_flux/images/row-06811_full_synthetic_027088.jpg,1,ai_generated,sid_set_train_flux_e5,train
data/raw/e5_sid_flux/images/row-208475_full_synthetic_030090.jpg,1,ai_generated,sid_set_train_flux_e5,train
data/raw/e5_sid_flux/images/row-94231_full_synthetic_050921.jpg,1,ai_generated,sid_set_train_flux_e5,train
data/raw/e5_sid_flux/images/row-21305_full_synthetic_021119.jpg,1,ai_generated,sid_set_train_flux_e5,train
data/raw/e5_sid_flux/images/row-201051_full_synthetic_060475.jpg,1,ai_generated,sid_set_train_flux_e5,train
data/raw/e5_sid_flux/images/row-112804_full_synthetic_050001.jpg,1,ai_generated,sid_set_train_flux_e5,train
data/raw/e5_sid_flux/images/row-43740_full_synthetic_028738.jpg,1,ai_generated,sid_set_train_flux_e5,train
data/raw/e5_sid_flux/images/row-61405_full_synthetic_062363.jpg,1,ai_generated,sid_set_train_flux_e5,train
data/raw/e5_sid_flux/images/row-179916_full_synthetic_062278.jpg,1,ai_generated,sid_set_train_flux_e5,train
data/raw/e5_sid_flux/images/row-198984_full_synthetic_036335.jpg,1,ai_generated,sid_set_train_flux_e5,train
data/raw/e5_sid_flux/images/row-83139_full_synthetic_002874.jpg,1,ai_generated,sid_set_train_flux_e5,train
data/raw/e5_sid_flux/images/row-140376_full_synthetic_060440.jpg,1,ai_generated,sid_set_train_flux_e5,train
data/raw/e5_sid_flux/images/row-198938_full_synthetic_014622.jpg,1,ai_generated,sid_set_train_flux_e5,train
data/raw/e5_sid_flux/images/row-95312_full_synthetic_036272.jpg,1,ai_generated,sid_set_train_flux_e5,train
data/raw/e5_sid_flux/images/row-177187_full_synthetic_039462.jpg,1,ai_generated,sid_set_train_flux_e5,train
data/raw/e5_sid_flux/images/row-84722_full_synthetic_006871.jpg,1,ai_generated,sid_set_train_flux_e5,train
data/raw/e5_sid_flux/images/row-198919_full_synthetic_061880.jpg,1,ai_generated,sid_set_train_flux_e5,train
data/raw/e5_sid_flux/images/row-80053_full_synthetic_035851.jpg,1,ai_generated,sid_set_train_flux_e5,train
data/raw/e5_sid_flux/images/row-115467_full_synthetic_069968.jpg,1,ai_generated,sid_set_train_flux_e5,train
data/raw/e5_sid_flux/images/row-151571_full_synthetic_030811.jpg,1,ai_generated,sid_set_train_flux_e5,train
data/raw/e5_sid_flux/images/row-190827_full_synthetic_025200.jpg,1,ai_generated,sid_set_train_flux_e5,train
data/raw/e5_sid_flux/images/row-141584_full_synthetic_056237.jpg,1,ai_generated,sid_set_train_flux_e5,train
data/raw/e5_sid_flux/images/row-60416_full_synthetic_068097.jpg,1,ai_generated,sid_set_train_flux_e5,train
data/raw/e5_sid_flux/images/row-163358_full_synthetic_035762.jpg,1,ai_generated,sid_set_train_flux_e5,train
data/raw/e5_sid_flux/images/row-169048_full_synthetic_005401.jpg,1,ai_generated,sid_set_train_flux_e5,train
data/raw/e5_sid_flux/images/row-111206_full_synthetic_050474.jpg,1,ai_generated,sid_set_train_flux_e5,train
data/raw/e5_sid_flux/images/row-01660_full_synthetic_008067.jpg,1,ai_generated,sid_set_train_flux_e5,train
data/raw/e5_sid_flux/images/row-117938_full_synthetic_033159.jpg,1,ai_generated,sid_set_train_flux_e5,train
data/raw/e5_sid_flux/images/row-62718_full_synthetic_030398.jpg,1,ai_generated,sid_set_train_flux_e5,train
data/raw/e5_sid_flux/images/row-85313_full_synthetic_037781.jpg,1,ai_generated,sid_set_train_flux_e5,train
data/raw/e5_sid_flux/images/row-130833_full_synthetic_058265.jpg,1,ai_generated,sid_set_train_flux_e5,train
data/raw/e5_sid_flux/images/row-106328_full_synthetic_000027.jpg,1,ai_generated,sid_set_train_flux_e5,train
data/raw/e5_sid_flux/images/row-85337_full_synthetic_046882.jpg,1,ai_generated,sid_set_train_flux_e5,train
data/raw/e5_sid_flux/images/row-11920_full_synthetic_025151.jpg,1,ai_generated,sid_set_train_flux_e5,train
data/raw/e5_sid_flux/images/row-183063_full_synthetic_038780.jpg,1,ai_generated,sid_set_train_flux_e5,train
data/raw/e5_sid_flux/images/row-78049_full_synthetic_001064.jpg,1,ai_generated,sid_set_train_flux_e5,train
data/raw/e5_sid_flux/images/row-72282_full_synthetic_069152.jpg,1,ai_generated,sid_set_train_flux_e5,train
data/raw/e5_sid_flux/images/row-198916_full_synthetic_001603.jpg,1,ai_generated,sid_set_train_flux_e5,train
data/raw/e5_sid_flux/images/row-01899_full_synthetic_065380.jpg,1,ai_generated,sid_set_train_flux_e5,train
data/raw/e5_sid_flux/images/row-107966_full_synthetic_030919.jpg,1,ai_generated,sid_set_train_flux_e5,train
data/raw/e5_sid_flux/images/row-158329_full_synthetic_013371.jpg,1,ai_generated,sid_set_train_flux_e5,train
data/raw/e5_sid_flux/images/row-83842_full_synthetic_058634.jpg,1,ai_generated,sid_set_train_flux_e5,train
data/raw/e5_sid_flux/images/row-107946_full_synthetic_020020.jpg,1,ai_generated,sid_set_train_flux_e5,train
data/raw/e5_sid_flux/images/row-177113_full_synthetic_065675.jpg,1,ai_generated,sid_set_train_flux_e5,train
data/raw/e5_sid_flux/images/row-27365_full_synthetic_043003.jpg,1,ai_generated,sid_set_train_flux_e5,train
data/raw/e5_sid_flux/images/row-28023_full_synthetic_069638.jpg,1,ai_generated,sid_set_train_flux_e5,train
data/raw/e5_sid_flux/images/row-67789_full_synthetic_054331.jpg,1,ai_generated,sid_set_train_flux_e5,train
data/raw/e5_sid_flux/images/row-61098_full_synthetic_033218.jpg,1,ai_generated,sid_set_train_flux_e5,train
data/raw/e5_sid_flux/images/row-141972_full_synthetic_061767.jpg,1,ai_generated,sid_set_train_flux_e5,train
data/raw/e5_sid_flux/images/row-208744_full_synthetic_001957.jpg,1,ai_generated,sid_set_train_flux_e5,train
data/raw/e5_sid_flux/images/row-159646_full_synthetic_002743.jpg,1,ai_generated,sid_set_train_flux_e5,train
data/raw/e5_sid_flux/images/row-57933_full_synthetic_022199.jpg,1,ai_generated,sid_set_train_flux_e5,train
data/raw/e5_sid_flux/images/row-94278_full_synthetic_028868.jpg,1,ai_generated,sid_set_train_flux_e5,train
data/raw/e5_sid_flux/images/row-58629_full_synthetic_024147.jpg,1,ai_generated,sid_set_train_flux_e5,train
data/raw/e5_sid_flux/images/row-43768_full_synthetic_061982.jpg,1,ai_generated,sid_set_train_flux_e5,train
data/raw/e5_sid_flux/images/row-51288_full_synthetic_035362.jpg,1,ai_generated,sid_set_train_flux_e5,train
data/raw/e5_sid_flux/images/row-07022_full_synthetic_020745.jpg,1,ai_generated,sid_set_train_flux_e5,train
data/raw/e5_sid_flux/images/row-78210_full_synthetic_008750.jpg,1,ai_generated,sid_set_train_flux_e5,train
data/raw/e5_sid_flux/images/row-173367_full_synthetic_069570.jpg,1,ai_generated,sid_set_train_flux_e5,train
data/raw/e5_sid_flux/images/row-185618_full_synthetic_029201.jpg,1,ai_generated,sid_set_train_flux_e5,train
data/raw/e5_sid_flux/images/row-40989_full_synthetic_050478.jpg,1,ai_generated,sid_set_train_flux_e5,train
data/raw/e5_sid_flux/images/row-61057_full_synthetic_035530.jpg,1,ai_generated,sid_set_train_flux_e5,train
data/raw/e5_sid_flux/images/row-31522_full_synthetic_064575.jpg,1,ai_generated,sid_set_train_flux_e5,train
data/raw/e5_sid_flux/images/row-165415_full_synthetic_065575.jpg,1,ai_generated,sid_set_train_flux_e5,train
data/raw/e5_sid_flux/images/row-60491_full_synthetic_022168.jpg,1,ai_generated,sid_set_train_flux_e5,train
data/raw/e5_sid_flux/images/row-03440_full_synthetic_029552.jpg,1,ai_generated,sid_set_train_flux_e5,train
data/raw/e5_sid_flux/images/row-38627_full_synthetic_035512.jpg,1,ai_generated,sid_set_train_flux_e5,train
data/raw/e5_sid_flux/images/row-176226_full_synthetic_054392.jpg,1,ai_generated,sid_set_train_flux_e5,train
data/raw/e5_sid_flux/images/row-183038_full_synthetic_064739.jpg,1,ai_generated,sid_set_train_flux_e5,train
data/raw/e5_sid_flux/images/row-190988_full_synthetic_057158.jpg,1,ai_generated,sid_set_train_flux_e5,train
data/raw/e5_sid_flux/images/row-28058_full_synthetic_041209.jpg,1,ai_generated,sid_set_train_flux_e5,train
data/raw/e5_sid_flux/images/row-109997_full_synthetic_031988.jpg,1,ai_generated,sid_set_train_flux_e5,train
data/raw/e5_sid_flux/images/row-183027_full_synthetic_005588.jpg,1,ai_generated,sid_set_train_flux_e5,train
data/raw/e5_sid_flux/images/row-48126_full_synthetic_057447.jpg,1,ai_generated,sid_set_train_flux_e5,train
data/raw/e5_sid_flux/images/row-84723_full_synthetic_004122.jpg,1,ai_generated,sid_set_train_flux_e5,train
data/raw/e5_sid_flux/images/row-116134_full_synthetic_003280.jpg,1,ai_generated,sid_set_train_flux_e5,train
data/raw/e5_sid_flux/images/row-148261_full_synthetic_055777.jpg,1,ai_generated,sid_set_train_flux_e5,train
data/raw/e5_sid_flux/images/row-39525_full_synthetic_046289.jpg,1,ai_generated,sid_set_train_flux_e5,train
data/raw/e5_sid_flux/images/row-185957_full_synthetic_022577.jpg,1,ai_generated,sid_set_train_flux_e5,train
data/raw/e5_sid_flux/images/row-109919_full_synthetic_052468.jpg,1,ai_generated,sid_set_train_flux_e5,train
data/raw/e5_sid_flux/images/row-83115_full_synthetic_006200.jpg,1,ai_generated,sid_set_train_flux_e5,train
data/raw/e5_sid_flux/images/row-124088_full_synthetic_049839.jpg,1,ai_generated,sid_set_train_flux_e5,train
data/raw/e5_sid_flux/images/row-109966_full_synthetic_021832.jpg,1,ai_generated,sid_set_train_flux_e5,train
data/raw/e5_sid_flux/images/row-152862_full_synthetic_027333.jpg,1,ai_generated,sid_set_train_flux_e5,train
data/raw/e5_sid_flux/images/row-126787_full_synthetic_006432.jpg,1,ai_generated,sid_set_train_flux_e5,train
data/raw/e5_sid_flux/images/row-36109_full_synthetic_062936.jpg,1,ai_generated,sid_set_train_flux_e5,train
data/raw/e5_sid_flux/images/row-165499_full_synthetic_025402.jpg,1,ai_generated,sid_set_train_flux_e5,train
data/raw/e5_sid_flux/images/row-67770_full_synthetic_066299.jpg,1,ai_generated,sid_set_train_flux_e5,train
data/raw/e5_sid_flux/images/row-01856_full_synthetic_027056.jpg,1,ai_generated,sid_set_train_flux_e5,train
data/raw/e5_sid_flux/images/row-57915_full_synthetic_029903.jpg,1,ai_generated,sid_set_train_flux_e5,train
data/raw/e5_sid_flux/images/row-185640_full_synthetic_001233.jpg,1,ai_generated,sid_set_train_flux_e5,train
data/raw/e5_sid_flux/images/row-191244_full_synthetic_054944.jpg,1,ai_generated,sid_set_train_flux_e5,train
data/raw/e5_sid_flux/images/row-07070_full_synthetic_059653.jpg,1,ai_generated,sid_set_train_flux_e5,train
data/raw/e5_sid_flux/images/row-155639_full_synthetic_002844.jpg,1,ai_generated,sid_set_train_flux_e5,train
data/raw/e5_sid_flux/images/row-41124_full_synthetic_056085.jpg,1,ai_generated,sid_set_train_flux_e5,train
data/raw/e5_sid_flux/images/row-126702_full_synthetic_049294.jpg,1,ai_generated,sid_set_train_flux_e5,train
data/raw/e5_sid_flux/images/row-09998_full_synthetic_049304.jpg,1,ai_generated,sid_set_train_flux_e5,train
data/raw/e5_sid_flux/images/row-155667_full_synthetic_052585.jpg,1,ai_generated,sid_set_train_flux_e5,train
data/raw/e5_sid_flux/images/row-84750_full_synthetic_066647.jpg,1,ai_generated,sid_set_train_flux_e5,train
data/raw/e5_sid_flux/images/row-61096_full_synthetic_040754.jpg,1,ai_generated,sid_set_train_flux_e5,train
data/raw/e5_sid_flux/images/row-47643_full_synthetic_057599.jpg,1,ai_generated,sid_set_train_flux_e5,train
data/raw/e5_sid_flux/images/row-77547_full_synthetic_048169.jpg,1,ai_generated,sid_set_train_flux_e5,train
data/raw/e5_sid_flux/images/row-61029_full_synthetic_026037.jpg,1,ai_generated,sid_set_train_flux_e5,train
data/raw/e5_sid_flux/images/row-128101_full_synthetic_041268.jpg,1,ai_generated,sid_set_train_flux_e5,train
data/raw/e5_sid_flux/images/row-140026_full_synthetic_058174.jpg,1,ai_generated,sid_set_train_flux_e5,train
data/raw/e5_sid_flux/images/row-179990_full_synthetic_009269.jpg,1,ai_generated,sid_set_train_flux_e5,train
data/raw/e5_sid_flux/images/row-95536_full_synthetic_011058.jpg,1,ai_generated,sid_set_train_flux_e5,train
data/raw/e5_sid_flux/images/row-17928_full_synthetic_018430.jpg,1,ai_generated,sid_set_train_flux_e5,train
data/raw/e5_sid_flux/images/row-112835_full_synthetic_042597.jpg,1,ai_generated,sid_set_train_flux_e5,train
data/raw/e5_sid_flux/images/row-28788_full_synthetic_062698.jpg,1,ai_generated,sid_set_train_flux_e5,train
data/raw/e5_sid_flux/images/row-62757_full_synthetic_052251.jpg,1,ai_generated,sid_set_train_flux_e5,train
data/raw/e5_sid_flux/images/row-03476_full_synthetic_055535.jpg,1,ai_generated,sid_set_train_flux_e5,train
data/raw/e5_sid_flux/images/row-61459_full_synthetic_042127.jpg,1,ai_generated,sid_set_train_flux_e5,train
data/raw/e5_sid_flux/images/row-164667_full_synthetic_036839.jpg,1,ai_generated,sid_set_train_flux_e5,train
data/raw/e5_sid_flux/images/row-39507_full_synthetic_050988.jpg,1,ai_generated,sid_set_train_flux_e5,train
data/raw/e5_sid_flux/images/row-78030_full_synthetic_053064.jpg,1,ai_generated,sid_set_train_flux_e5,train
data/raw/e5_sid_flux/images/row-125589_full_synthetic_058172.jpg,1,ai_generated,sid_set_train_flux_e5,train
data/raw/e5_sid_flux/images/row-21324_full_synthetic_009992.jpg,1,ai_generated,sid_set_train_flux_e5,train
data/raw/e5_sid_flux/images/row-31582_full_synthetic_018100.jpg,1,ai_generated,sid_set_train_flux_e5,train
data/raw/e5_sid_flux/images/row-191208_full_synthetic_045863.jpg,1,ai_generated,sid_set_train_flux_e5,train
data/raw/e5_sid_flux/images/row-75494_full_synthetic_031729.jpg,1,ai_generated,sid_set_train_flux_e5,train
data/raw/e5_sid_flux/images/row-95367_full_synthetic_067749.jpg,1,ai_generated,sid_set_train_flux_e5,train
data/raw/e5_sid_flux/images/row-65756_full_synthetic_014549.jpg,1,ai_generated,sid_set_train_flux_e5,train
data/raw/e5_sid_flux/images/row-78254_full_synthetic_033831.jpg,1,ai_generated,sid_set_train_flux_e5,train
data/raw/e5_sid_flux/images/row-47655_full_synthetic_016195.jpg,1,ai_generated,sid_set_train_flux_e5,train
data/raw/e5_sid_flux/images/row-57913_full_synthetic_016908.jpg,1,ai_generated,sid_set_train_flux_e5,train
data/raw/e5_sid_flux/images/row-175681_full_synthetic_050669.jpg,1,ai_generated,sid_set_train_flux_e5,train
data/raw/e5_sid_flux/images/row-09923_full_synthetic_017731.jpg,1,ai_generated,sid_set_train_flux_e5,train
data/raw/e5_sid_flux/images/row-206744_full_synthetic_051141.jpg,1,ai_generated,sid_set_train_flux_e5,train
data/raw/e5_sid_flux/images/row-36139_full_synthetic_010194.jpg,1,ai_generated,sid_set_train_flux_e5,train
data/raw/e5_sid_flux/images/row-125333_full_synthetic_022832.jpg,1,ai_generated,sid_set_train_flux_e5,train
data/raw/e5_sid_flux/images/row-28711_full_synthetic_050975.jpg,1,ai_generated,sid_set_train_flux_e5,train
data/raw/e5_sid_flux/images/row-60420_full_synthetic_049675.jpg,1,ai_generated,sid_set_train_flux_e5,train
data/raw/e5_sid_flux/images/row-94256_full_synthetic_065233.jpg,1,ai_generated,sid_set_train_flux_e5,train
data/raw/e5_sid_flux/images/row-180764_full_synthetic_062711.jpg,1,ai_generated,sid_set_train_flux_e5,train
data/raw/e5_sid_flux/images/row-159699_full_synthetic_010027.jpg,1,ai_generated,sid_set_train_flux_e5,train
data/raw/e5_sid_flux/images/row-158316_full_synthetic_016334.jpg,1,ai_generated,sid_set_train_flux_e5,train
data/raw/e5_sid_flux/images/row-27317_full_synthetic_046395.jpg,1,ai_generated,sid_set_train_flux_e5,train
data/raw/e5_sid_flux/images/row-152821_full_synthetic_064336.jpg,1,ai_generated,sid_set_train_flux_e5,train
data/raw/e5_sid_flux/images/row-201938_full_synthetic_022496.jpg,1,ai_generated,sid_set_train_flux_e5,train
data/raw/e5_sid_flux/images/row-27996_full_synthetic_013772.jpg,1,ai_generated,sid_set_train_flux_e5,train
data/raw/e5_sid_flux/images/row-185984_full_synthetic_058479.jpg,1,ai_generated,sid_set_train_flux_e5,train
data/raw/e5_sid_flux/images/row-83814_full_synthetic_029224.jpg,1,ai_generated,sid_set_train_flux_e5,train
data/raw/e5_sid_flux/images/row-100206_full_synthetic_023421.jpg,1,ai_generated,sid_set_train_flux_e5,train
data/raw/e5_sid_flux/images/row-143360_full_synthetic_026676.jpg,1,ai_generated,sid_set_train_flux_e5,train
data/raw/e5_sid_flux/images/row-51297_full_synthetic_060852.jpg,1,ai_generated,sid_set_train_flux_e5,train
data/raw/e5_sid_flux/images/row-160051_full_synthetic_023476.jpg,1,ai_generated,sid_set_train_flux_e5,train
data/raw/e5_sid_flux/images/row-182070_full_synthetic_000881.jpg,1,ai_generated,sid_set_train_flux_e5,train
data/raw/e5_sid_flux/images/row-07011_full_synthetic_065011.jpg,1,ai_generated,sid_set_train_flux_e5,train
data/raw/e5_sid_flux/images/row-161945_full_synthetic_065042.jpg,1,ai_generated,sid_set_train_flux_e5,train
data/raw/e5_sid_flux/images/row-143333_full_synthetic_028958.jpg,1,ai_generated,sid_set_train_flux_e5,train
data/raw/e5_sid_flux/images/row-130831_full_synthetic_016418.jpg,1,ai_generated,sid_set_train_flux_e5,train
data/raw/e5_sid_flux/images/row-55858_full_synthetic_005525.jpg,1,ai_generated,sid_set_train_flux_e5,train
data/raw/e5_sid_flux/images/row-75492_full_synthetic_002413.jpg,1,ai_generated,sid_set_train_flux_e5,train
data/raw/e5_sid_flux/images/row-173321_full_synthetic_022133.jpg,1,ai_generated,sid_set_train_flux_e5,train
data/raw/e5_sid_flux/images/row-158359_full_synthetic_009856.jpg,1,ai_generated,sid_set_train_flux_e5,train
data/raw/e5_sid_flux/images/row-206725_full_synthetic_044249.jpg,1,ai_generated,sid_set_train_flux_e5,train
data/raw/e5_sid_flux/images/row-208442_full_synthetic_035242.jpg,1,ai_generated,sid_set_train_flux_e5,train
data/raw/e5_sid_flux/images/row-180710_full_synthetic_011147.jpg,1,ai_generated,sid_set_train_flux_e5,train
data/raw/e5_sid_flux/images/row-165450_full_synthetic_061902.jpg,1,ai_generated,sid_set_train_flux_e5,train
data/raw/e5_sid_flux/images/row-162966_full_synthetic_055323.jpg,1,ai_generated,sid_set_train_flux_e5,train
data/raw/e5_sid_flux/images/row-19993_full_synthetic_009055.jpg,1,ai_generated,sid_set_train_flux_e5,train
data/raw/e5_sid_flux/images/row-95546_full_synthetic_042031.jpg,1,ai_generated,sid_set_train_flux_e5,train
data/raw/e5_sid_flux/images/row-11926_full_synthetic_042899.jpg,1,ai_generated,sid_set_train_flux_e5,train
data/raw/e5_sid_flux/images/row-36136_full_synthetic_068075.jpg,1,ai_generated,sid_set_train_flux_e5,train
data/raw/e5_sid_flux/images/row-114958_full_synthetic_007657.jpg,1,ai_generated,sid_set_train_flux_e5,train
data/raw/e5_sid_flux/images/row-77577_full_synthetic_068767.jpg,1,ai_generated,sid_set_train_flux_e5,train
data/raw/e5_sid_flux/images/row-61434_full_synthetic_031735.jpg,1,ai_generated,sid_set_train_flux_e5,train
data/raw/e5_sid_flux/images/row-116171_full_synthetic_016568.jpg,1,ai_generated,sid_set_train_flux_e5,train
data/raw/e5_sid_flux/images/row-130898_full_synthetic_003573.jpg,1,ai_generated,sid_set_train_flux_e5,train
data/raw/e5_sid_flux/images/row-147651_full_synthetic_017348.jpg,1,ai_generated,sid_set_train_flux_e5,train
data/raw/e5_sid_flux/images/row-77593_full_synthetic_033737.jpg,1,ai_generated,sid_set_train_flux_e5,train
data/raw/e5_sid_flux/images/row-135120_full_synthetic_063956.jpg,1,ai_generated,sid_set_train_flux_e5,train
data/raw/e5_sid_flux/images/row-75473_full_synthetic_038297.jpg,1,ai_generated,sid_set_train_flux_e5,train
data/raw/e5_sid_flux/images/row-111212_full_synthetic_000790.jpg,1,ai_generated,sid_set_train_flux_e5,train
data/raw/e5_sid_flux/images/row-125338_full_synthetic_001501.jpg,1,ai_generated,sid_set_train_flux_e5,train
data/raw/e5_sid_flux/images/row-65782_full_synthetic_065761.jpg,1,ai_generated,sid_set_train_flux_e5,train
data/raw/e5_sid_flux/images/row-36110_full_synthetic_042698.jpg,1,ai_generated,sid_set_train_flux_e5,train
data/raw/e5_sid_flux/images/row-191248_full_synthetic_000796.jpg,1,ai_generated,sid_set_train_flux_e5,train
data/raw/e5_sid_flux/images/row-11962_full_synthetic_066168.jpg,1,ai_generated,sid_set_train_flux_e5,train
data/raw/e5_sid_flux/images/row-159697_full_synthetic_016379.jpg,1,ai_generated,sid_set_train_flux_e5,train
data/raw/e5_sid_flux/images/row-136396_full_synthetic_067355.jpg,1,ai_generated,sid_set_train_flux_e5,train
data/raw/e5_sid_flux/images/row-143342_full_synthetic_061586.jpg,1,ai_generated,sid_set_train_flux_e5,train
data/raw/e5_sid_flux/images/row-182082_full_synthetic_003117.jpg,1,ai_generated,sid_set_train_flux_e5,train
data/raw/e5_sid_flux/images/row-169055_full_synthetic_036575.jpg,1,ai_generated,sid_set_train_flux_e5,train
data/raw/e5_sid_flux/images/row-58618_full_synthetic_010538.jpg,1,ai_generated,sid_set_train_flux_e5,train
data/raw/e5_sid_flux/images/row-208762_full_synthetic_032596.jpg,1,ai_generated,sid_set_train_flux_e5,train
data/raw/e5_sid_flux/images/row-175673_full_synthetic_031321.jpg,1,ai_generated,sid_set_train_flux_e5,train
data/raw/e5_sid_flux/images/row-124012_full_synthetic_059820.jpg,1,ai_generated,sid_set_train_flux_e5,train
data/raw/e5_sid_flux/images/row-31556_full_synthetic_033096.jpg,1,ai_generated,sid_set_train_flux_e5,train
data/raw/e5_sid_flux/images/row-27378_full_synthetic_030262.jpg,1,ai_generated,sid_set_train_flux_e5,train
data/raw/e5_sid_flux/images/row-27993_full_synthetic_037425.jpg,1,ai_generated,sid_set_train_flux_e5,train
data/raw/e5_sid_flux/images/row-107959_full_synthetic_016910.jpg,1,ai_generated,sid_set_train_flux_e5,train
data/raw/e5_sid_flux/images/row-195336_full_synthetic_009558.jpg,1,ai_generated,sid_set_train_flux_e5,train
data/raw/e5_sid_flux/images/row-135111_full_synthetic_050203.jpg,1,ai_generated,sid_set_train_flux_e5,train
data/raw/e5_sid_flux/images/row-28783_full_synthetic_005886.jpg,1,ai_generated,sid_set_train_flux_e5,train
data/raw/e5_sid_flux/images/row-47538_full_synthetic_039148.jpg,1,ai_generated,sid_set_train_flux_e5,train
data/raw/e5_sid_flux/images/row-80083_full_synthetic_044089.jpg,1,ai_generated,sid_set_train_flux_e5,train
data/raw/e5_sid_flux/images/row-19946_full_synthetic_010319.jpg,1,ai_generated,sid_set_train_flux_e5,train
data/raw/e5_sid_flux/images/row-198947_full_synthetic_013532.jpg,1,ai_generated,sid_set_train_flux_e5,train
data/raw/e5_sid_flux/images/row-136308_full_synthetic_064059.jpg,1,ai_generated,sid_set_train_flux_e5,train
data/raw/e5_sid_flux/images/row-208737_full_synthetic_013885.jpg,1,ai_generated,sid_set_train_flux_e5,train
data/raw/e5_sid_flux/images/row-83840_full_synthetic_063418.jpg,1,ai_generated,sid_set_train_flux_e5,train
data/raw/e5_sid_flux/images/row-114952_full_synthetic_059311.jpg,1,ai_generated,sid_set_train_flux_e5,train
data/raw/e5_sid_flux/images/row-109945_full_synthetic_025462.jpg,1,ai_generated,sid_set_train_flux_e5,train
data/raw/e5_sid_flux/images/row-83841_full_synthetic_043005.jpg,1,ai_generated,sid_set_train_flux_e5,train
data/raw/e5_sid_flux/images/row-55871_full_synthetic_038000.jpg,1,ai_generated,sid_set_train_flux_e5,train
data/raw/e5_sid_flux/images/row-41191_full_synthetic_067616.jpg,1,ai_generated,sid_set_train_flux_e5,train
data/raw/e5_sid_flux/images/row-58631_full_synthetic_026543.jpg,1,ai_generated,sid_set_train_flux_e5,train
data/raw/e5_sid_flux/images/row-163330_full_synthetic_026316.jpg,1,ai_generated,sid_set_train_flux_e5,train
data/raw/e5_sid_flux/images/row-140339_full_synthetic_000445.jpg,1,ai_generated,sid_set_train_flux_e5,train
data/raw/e5_sid_flux/images/row-57954_full_synthetic_001027.jpg,1,ai_generated,sid_set_train_flux_e5,train
data/raw/e5_sid_flux/images/row-27946_full_synthetic_010861.jpg,1,ai_generated,sid_set_train_flux_e5,train
data/raw/e5_sid_flux/images/row-03595_full_synthetic_058546.jpg,1,ai_generated,sid_set_train_flux_e5,train
data/raw/e5_sid_flux/images/row-06801_full_synthetic_066371.jpg,1,ai_generated,sid_set_train_flux_e5,train
data/raw/e5_sid_flux/images/row-180779_full_synthetic_019230.jpg,1,ai_generated,sid_set_train_flux_e5,train
data/raw/e5_sid_flux/images/row-160035_full_synthetic_050340.jpg,1,ai_generated,sid_set_train_flux_e5,train
data/raw/e5_sid_flux/images/row-141975_full_synthetic_012038.jpg,1,ai_generated,sid_set_train_flux_e5,train
data/raw/e5_sid_flux/images/row-03432_full_synthetic_069498.jpg,1,ai_generated,sid_set_train_flux_e5,train
data/raw/e5_sid_flux/images/row-183026_full_synthetic_011497.jpg,1,ai_generated,sid_set_train_flux_e5,train
data/raw/e5_sid_flux/images/row-112818_full_synthetic_039395.jpg,1,ai_generated,sid_set_train_flux_e5,train
data/raw/e5_sid_flux/images/row-83169_full_synthetic_000539.jpg,1,ai_generated,sid_set_train_flux_e5,train
data/raw/e5_sid_flux/images/row-12125_full_synthetic_018410.jpg,1,ai_generated,sid_set_train_flux_e5,train
data/raw/e5_sid_flux/images/row-185988_full_synthetic_037715.jpg,1,ai_generated,sid_set_train_flux_e5,train
data/raw/e5_sid_flux/images/row-27374_full_synthetic_020777.jpg,1,ai_generated,sid_set_train_flux_e5,train
data/raw/e5_sid_flux/images/row-183085_full_synthetic_029807.jpg,1,ai_generated,sid_set_train_flux_e5,train
data/raw/e5_sid_flux/images/row-185648_full_synthetic_019263.jpg,1,ai_generated,sid_set_train_flux_e5,train
data/raw/e5_sid_flux/images/row-191223_full_synthetic_011444.jpg,1,ai_generated,sid_set_train_flux_e5,train
data/raw/e5_sid_flux/images/row-162969_full_synthetic_032626.jpg,1,ai_generated,sid_set_train_flux_e5,train
data/raw/e5_sid_flux/images/row-139825_full_synthetic_031973.jpg,1,ai_generated,sid_set_train_flux_e5,train
data/raw/e5_sid_flux/images/row-27187_full_synthetic_057671.jpg,1,ai_generated,sid_set_train_flux_e5,train
data/raw/e5_sid_flux/images/row-112866_full_synthetic_052954.jpg,1,ai_generated,sid_set_train_flux_e5,train
data/raw/e5_sid_flux/images/row-47657_full_synthetic_062456.jpg,1,ai_generated,sid_set_train_flux_e5,train
data/raw/e5_sid_flux/images/row-78250_full_synthetic_055797.jpg,1,ai_generated,sid_set_train_flux_e5,train
data/raw/e5_sid_flux/images/row-206760_full_synthetic_007974.jpg,1,ai_generated,sid_set_train_flux_e5,train
data/raw/e5_sid_flux/images/row-62713_full_synthetic_025739.jpg,1,ai_generated,sid_set_train_flux_e5,train
data/raw/e5_sid_flux/images/row-185675_full_synthetic_052075.jpg,1,ai_generated,sid_set_train_flux_e5,train
data/raw/e5_sid_flux/images/row-125308_full_synthetic_030516.jpg,1,ai_generated,sid_set_train_flux_e5,train
data/raw/e5_sid_flux/images/row-09982_full_synthetic_005985.jpg,1,ai_generated,sid_set_train_flux_e5,train
data/raw/e5_sid_flux/images/row-38676_full_synthetic_054232.jpg,1,ai_generated,sid_set_train_flux_e5,train
data/raw/e5_sid_flux/images/row-23869_full_synthetic_062387.jpg,1,ai_generated,sid_set_train_flux_e5,train
data/raw/e5_sid_flux/images/row-140017_full_synthetic_012371.jpg,1,ai_generated,sid_set_train_flux_e5,train
data/raw/e5_sid_flux/images/row-112890_full_synthetic_058606.jpg,1,ai_generated,sid_set_train_flux_e5,train
data/raw/e5_sid_flux/images/row-43739_full_synthetic_022468.jpg,1,ai_generated,sid_set_train_flux_e5,train
data/raw/e5_sid_flux/images/row-186501_full_synthetic_012691.jpg,1,ai_generated,sid_set_train_flux_e5,train
data/raw/e5_sid_flux/images/row-95363_full_synthetic_056009.jpg,1,ai_generated,sid_set_train_flux_e5,train
data/raw/e5_sid_flux/images/row-36117_full_synthetic_024133.jpg,1,ai_generated,sid_set_train_flux_e5,train
data/raw/e5_sid_flux/images/row-57905_full_synthetic_038600.jpg,1,ai_generated,sid_set_train_flux_e5,train
data/raw/e5_sid_flux/images/row-177104_full_synthetic_007024.jpg,1,ai_generated,sid_set_train_flux_e5,train
data/raw/e5_sid_flux/images/row-148226_full_synthetic_026722.jpg,1,ai_generated,sid_set_train_flux_e5,train
data/raw/e5_sid_flux/images/row-83895_full_synthetic_051700.jpg,1,ai_generated,sid_set_train_flux_e5,train
data/raw/e5_sid_flux/images/row-135148_full_synthetic_033117.jpg,1,ai_generated,sid_set_train_flux_e5,train
data/raw/e5_sid_flux/images/row-198929_full_synthetic_027717.jpg,1,ai_generated,sid_set_train_flux_e5,train
data/raw/e5_sid_flux/images/row-147668_full_synthetic_027610.jpg,1,ai_generated,sid_set_train_flux_e5,train
data/raw/e5_sid_flux/images/row-78220_full_synthetic_055798.jpg,1,ai_generated,sid_set_train_flux_e5,train
data/raw/e5_sid_flux/images/row-39059_full_synthetic_057815.jpg,1,ai_generated,sid_set_train_flux_e5,train
data/raw/e5_sid_flux/images/row-183024_full_synthetic_002984.jpg,1,ai_generated,sid_set_train_flux_e5,train
data/raw/e5_sid_flux/images/row-173389_full_synthetic_041116.jpg,1,ai_generated,sid_set_train_flux_e5,train
data/raw/e5_sid_flux/images/row-141572_full_synthetic_010614.jpg,1,ai_generated,sid_set_train_flux_e5,train
data/raw/e5_sid_flux/images/row-141589_full_synthetic_006653.jpg,1,ai_generated,sid_set_train_flux_e5,train
data/raw/e5_sid_flux/images/row-202832_full_synthetic_018716.jpg,1,ai_generated,sid_set_train_flux_e5,train
data/raw/e5_sid_flux/images/row-27345_full_synthetic_069276.jpg,1,ai_generated,sid_set_train_flux_e5,train
data/raw/e5_sid_flux/images/row-198910_full_synthetic_011977.jpg,1,ai_generated,sid_set_train_flux_e5,train
data/raw/e5_sid_flux/images/row-173348_full_synthetic_058310.jpg,1,ai_generated,sid_set_train_flux_e5,train
data/raw/e5_sid_flux/images/row-12171_full_synthetic_003975.jpg,1,ai_generated,sid_set_train_flux_e5,train
data/raw/e5_sid_flux/images/row-41170_full_synthetic_052184.jpg,1,ai_generated,sid_set_train_flux_e5,train
data/raw/e5_sid_flux/images/row-01888_full_synthetic_000155.jpg,1,ai_generated,sid_set_train_flux_e5,train
data/raw/e5_sid_flux/images/row-186578_full_synthetic_014929.jpg,1,ai_generated,sid_set_train_flux_e5,train
data/raw/e5_sid_flux/images/row-162907_full_synthetic_015038.jpg,1,ai_generated,sid_set_train_flux_e5,train
data/raw/e5_sid_flux/images/row-48133_full_synthetic_008568.jpg,1,ai_generated,sid_set_train_flux_e5,train
data/raw/e5_sid_flux/images/row-124087_full_synthetic_013834.jpg,1,ai_generated,sid_set_train_flux_e5,train
data/raw/e5_sid_flux/images/row-140068_full_synthetic_022767.jpg,1,ai_generated,sid_set_train_flux_e5,train
data/raw/e5_sid_flux/images/row-41161_full_synthetic_024846.jpg,1,ai_generated,sid_set_train_flux_e5,train
data/raw/e5_sid_flux/images/row-159671_full_synthetic_031292.jpg,1,ai_generated,sid_set_train_flux_e5,train
data/raw/e5_sid_flux/images/row-208700_full_synthetic_066979.jpg,1,ai_generated,sid_set_train_flux_e5,train
data/raw/e5_sid_flux/images/row-177190_full_synthetic_003862.jpg,1,ai_generated,sid_set_train_flux_e5,train
data/raw/e5_sid_flux/images/row-58699_full_synthetic_036836.jpg,1,ai_generated,sid_set_train_flux_e5,train
data/raw/e5_sid_flux/images/row-57949_full_synthetic_017583.jpg,1,ai_generated,sid_set_train_flux_e5,train
data/raw/e5_sid_flux/images/row-139847_full_synthetic_007928.jpg,1,ai_generated,sid_set_train_flux_e5,train
data/raw/e5_sid_flux/images/row-156432_full_synthetic_049429.jpg,1,ai_generated,sid_set_train_flux_e5,train
data/raw/e5_sid_flux/images/row-75482_full_synthetic_051006.jpg,1,ai_generated,sid_set_train_flux_e5,train
data/raw/e5_sid_flux/images/row-111557_full_synthetic_014644.jpg,1,ai_generated,sid_set_train_flux_e5,train
data/raw/e5_sid_flux/images/row-111270_full_synthetic_032212.jpg,1,ai_generated,sid_set_train_flux_e5,train
data/raw/e5_sid_flux/images/row-200384_full_synthetic_028357.jpg,1,ai_generated,sid_set_train_flux_e5,train
data/raw/e5_sid_flux/images/row-27382_full_synthetic_040767.jpg,1,ai_generated,sid_set_train_flux_e5,train
data/raw/e5_sid_flux/images/row-23841_full_synthetic_055360.jpg,1,ai_generated,sid_set_train_flux_e5,train
data/raw/e5_sid_flux/images/row-195676_full_synthetic_024015.jpg,1,ai_generated,sid_set_train_flux_e5,train
data/raw/e5_sid_flux/images/row-03471_full_synthetic_065266.jpg,1,ai_generated,sid_set_train_flux_e5,train
data/raw/e5_sid_flux/images/row-201973_full_synthetic_005559.jpg,1,ai_generated,sid_set_train_flux_e5,train
data/raw/e5_sid_flux/images/row-28755_full_synthetic_055142.jpg,1,ai_generated,sid_set_train_flux_e5,train
data/raw/e5_sid_flux/images/row-182001_full_synthetic_026443.jpg,1,ai_generated,sid_set_train_flux_e5,train
data/raw/e5_sid_flux/images/row-61428_full_synthetic_063170.jpg,1,ai_generated,sid_set_train_flux_e5,train
data/raw/e5_sid_flux/images/row-17937_full_synthetic_025336.jpg,1,ai_generated,sid_set_train_flux_e5,train
data/raw/e5_sid_flux/images/row-28051_full_synthetic_060561.jpg,1,ai_generated,sid_set_train_flux_e5,train
data/raw/e5_sid_flux/images/row-60405_full_synthetic_029629.jpg,1,ai_generated,sid_set_train_flux_e5,train
data/raw/e5_sid_flux/images/row-83108_full_synthetic_033767.jpg,1,ai_generated,sid_set_train_flux_e5,train
data/raw/e5_sid_flux/images/row-90718_full_synthetic_029958.jpg,1,ai_generated,sid_set_train_flux_e5,train
data/raw/e5_sid_flux/images/row-195690_full_synthetic_048686.jpg,1,ai_generated,sid_set_train_flux_e5,train
data/raw/e5_sid_flux/images/row-27918_full_synthetic_015427.jpg,1,ai_generated,sid_set_train_flux_e5,train
data/raw/e5_sid_flux/images/row-114910_full_synthetic_004114.jpg,1,ai_generated,sid_set_train_flux_e5,train
data/raw/e5_sid_flux/images/row-125580_full_synthetic_022507.jpg,1,ai_generated,sid_set_train_flux_e5,train
data/raw/e5_sid_flux/images/row-126724_full_synthetic_039738.jpg,1,ai_generated,sid_set_train_flux_e5,train
data/raw/e5_sid_flux/images/row-177127_full_synthetic_059381.jpg,1,ai_generated,sid_set_train_flux_e5,train
data/raw/e5_sid_flux/images/row-06853_full_synthetic_026957.jpg,1,ai_generated,sid_set_train_flux_e5,train
data/raw/e5_sid_flux/images/row-208732_full_synthetic_056999.jpg,1,ai_generated,sid_set_train_flux_e5,train
data/raw/e5_sid_flux/images/row-44462_full_synthetic_016765.jpg,1,ai_generated,sid_set_train_flux_e5,train
data/raw/e5_sid_flux/images/row-159645_full_synthetic_044494.jpg,1,ai_generated,sid_set_train_flux_e5,train
data/raw/e5_sid_flux/images/row-39061_full_synthetic_002746.jpg,1,ai_generated,sid_set_train_flux_e5,train
data/raw/e5_sid_flux/images/row-57929_full_synthetic_000388.jpg,1,ai_generated,sid_set_train_flux_e5,train
data/raw/e5_sid_flux/images/row-125355_full_synthetic_053049.jpg,1,ai_generated,sid_set_train_flux_e5,train
data/raw/e5_sid_flux/images/row-58640_full_synthetic_043160.jpg,1,ai_generated,sid_set_train_flux_e5,train
data/raw/e5_sid_flux/images/row-151553_full_synthetic_002250.jpg,1,ai_generated,sid_set_train_flux_e5,train
data/raw/e5_sid_flux/images/row-128120_full_synthetic_045538.jpg,1,ai_generated,sid_set_train_flux_e5,train
data/raw/e5_sid_flux/images/row-111516_full_synthetic_049432.jpg,1,ai_generated,sid_set_train_flux_e5,train
data/raw/e5_sid_flux/images/row-39527_full_synthetic_052991.jpg,1,ai_generated,sid_set_train_flux_e5,train
data/raw/e5_sid_flux/images/row-06819_full_synthetic_009474.jpg,1,ai_generated,sid_set_train_flux_e5,train
data/raw/e5_sid_flux/images/row-28086_full_synthetic_023044.jpg,1,ai_generated,sid_set_train_flux_e5,train
data/raw/e5_sid_flux/images/row-169096_full_synthetic_008126.jpg,1,ai_generated,sid_set_train_flux_e5,train
data/raw/e5_sid_flux/images/row-141907_full_synthetic_047871.jpg,1,ai_generated,sid_set_train_flux_e5,train
data/raw/e5_sid_flux/images/row-139846_full_synthetic_022118.jpg,1,ai_generated,sid_set_train_flux_e5,train
data/raw/e5_sid_flux/images/row-44421_full_synthetic_016700.jpg,1,ai_generated,sid_set_train_flux_e5,train
data/raw/e5_sid_flux/images/row-208766_full_synthetic_051485.jpg,1,ai_generated,sid_set_train_flux_e5,train
data/raw/e5_sid_flux/images/row-19907_full_synthetic_040989.jpg,1,ai_generated,sid_set_train_flux_e5,train
data/raw/e5_sid_flux/images/row-163368_full_synthetic_028910.jpg,1,ai_generated,sid_set_train_flux_e5,train
data/raw/e5_sid_flux/images/row-44492_full_synthetic_039712.jpg,1,ai_generated,sid_set_train_flux_e5,train
data/raw/e5_sid_flux/images/row-51851_full_synthetic_024458.jpg,1,ai_generated,sid_set_train_flux_e5,train
data/raw/e5_sid_flux/images/row-46568_full_synthetic_022578.jpg,1,ai_generated,sid_set_train_flux_e5,train
data/raw/e5_sid_flux/images/row-65761_full_synthetic_024531.jpg,1,ai_generated,sid_set_train_flux_e5,train
data/raw/e5_sid_flux/images/row-141586_full_synthetic_006431.jpg,1,ai_generated,sid_set_train_flux_e5,train
data/raw/e5_sid_flux/images/row-140099_full_synthetic_063598.jpg,1,ai_generated,sid_set_train_flux_e5,train
data/raw/e5_sid_flux/images/row-169089_full_synthetic_017948.jpg,1,ai_generated,sid_set_train_flux_e5,train
data/raw/e5_sid_flux/images/row-201908_full_synthetic_024129.jpg,1,ai_generated,sid_set_train_flux_e5,train
data/raw/e5_sid_flux/images/row-149438_full_synthetic_013350.jpg,1,ai_generated,sid_set_train_flux_e5,train
data/raw/e5_sid_flux/images/row-75419_full_synthetic_036639.jpg,1,ai_generated,sid_set_train_flux_e5,train
data/raw/e5_sid_flux/images/row-78200_full_synthetic_051775.jpg,1,ai_generated,sid_set_train_flux_e5,train
data/raw/e5_sid_flux/images/row-72223_full_synthetic_065850.jpg,1,ai_generated,sid_set_train_flux_e5,train
data/raw/e5_sid_flux/images/row-165424_full_synthetic_022122.jpg,1,ai_generated,sid_set_train_flux_e5,train
data/raw/e5_sid_flux/images/row-195397_full_synthetic_021198.jpg,1,ai_generated,sid_set_train_flux_e5,train
data/raw/e5_sid_flux/images/row-139400_full_synthetic_029759.jpg,1,ai_generated,sid_set_train_flux_e5,train
data/raw/e5_sid_flux/images/row-112862_full_synthetic_042377.jpg,1,ai_generated,sid_set_train_flux_e5,train
data/raw/e5_sid_flux/images/row-85301_full_synthetic_064074.jpg,1,ai_generated,sid_set_train_flux_e5,train
data/raw/e5_sid_flux/images/row-185600_full_synthetic_066075.jpg,1,ai_generated,sid_set_train_flux_e5,train
data/raw/e5_sid_flux/images/row-83829_full_synthetic_030685.jpg,1,ai_generated,sid_set_train_flux_e5,train
data/raw/e5_sid_flux/images/row-78016_full_synthetic_008168.jpg,1,ai_generated,sid_set_train_flux_e5,train
data/raw/e5_sid_flux/images/row-46573_full_synthetic_057395.jpg,1,ai_generated,sid_set_train_flux_e5,train
data/raw/e5_sid_flux/images/row-128189_full_synthetic_053930.jpg,1,ai_generated,sid_set_train_flux_e5,train
data/raw/e5_sid_flux/images/row-80024_full_synthetic_014943.jpg,1,ai_generated,sid_set_train_flux_e5,train
data/raw/e5_sid_flux/images/row-151556_full_synthetic_035408.jpg,1,ai_generated,sid_set_train_flux_e5,train
data/raw/e5_sid_flux/images/row-55887_full_synthetic_022982.jpg,1,ai_generated,sid_set_train_flux_e5,train
data/raw/e5_sid_flux/images/row-206718_full_synthetic_010626.jpg,1,ai_generated,sid_set_train_flux_e5,train
data/raw/e5_sid_flux/images/row-11960_full_synthetic_065465.jpg,1,ai_generated,sid_set_train_flux_e5,train
data/raw/e5_sid_flux/images/row-84710_full_synthetic_027159.jpg,1,ai_generated,sid_set_train_flux_e5,train
data/raw/e5_sid_flux/images/row-09910_full_synthetic_011675.jpg,1,ai_generated,sid_set_train_flux_e5,train
data/raw/e5_sid_flux/images/row-139807_full_synthetic_009176.jpg,1,ai_generated,sid_set_train_flux_e5,train
data/raw/e5_sid_flux/images/row-28761_full_synthetic_014157.jpg,1,ai_generated,sid_set_train_flux_e5,train
data/raw/e5_sid_flux/images/row-27351_full_synthetic_017175.jpg,1,ai_generated,sid_set_train_flux_e5,train
data/raw/e5_sid_flux/images/row-43724_full_synthetic_060403.jpg,1,ai_generated,sid_set_train_flux_e5,train
data/raw/e5_sid_flux/images/row-58672_full_synthetic_054729.jpg,1,ai_generated,sid_set_train_flux_e5,train
data/raw/e5_sid_flux/images/row-126782_full_synthetic_047360.jpg,1,ai_generated,sid_set_train_flux_e5,train
data/raw/e5_sid_flux/images/row-55802_full_synthetic_063740.jpg,1,ai_generated,sid_set_train_flux_e5,train
data/raw/e5_sid_flux/images/row-36196_full_synthetic_046480.jpg,1,ai_generated,sid_set_train_flux_e5,train
data/raw/e5_sid_flux/images/row-67774_full_synthetic_047414.jpg,1,ai_generated,sid_set_train_flux_e5,train
data/raw/e5_sid_flux/images/row-181269_full_synthetic_017857.jpg,1,ai_generated,sid_set_train_flux_e5,train
data/raw/e5_sid_flux/images/row-85322_full_synthetic_007821.jpg,1,ai_generated,sid_set_train_flux_e5,train
data/raw/e5_sid_flux/images/row-94279_full_synthetic_012634.jpg,1,ai_generated,sid_set_train_flux_e5,train
data/raw/e5_sid_flux/images/row-28028_full_synthetic_059720.jpg,1,ai_generated,sid_set_train_flux_e5,train
data/raw/e5_sid_flux/images/row-180767_full_synthetic_004686.jpg,1,ai_generated,sid_set_train_flux_e5,train
data/raw/e5_sid_flux/images/row-141551_full_synthetic_068818.jpg,1,ai_generated,sid_set_train_flux_e5,train
data/raw/e5_sid_flux/images/row-164689_full_synthetic_028239.jpg,1,ai_generated,sid_set_train_flux_e5,train
data/raw/e5_sid_flux/images/row-181228_full_synthetic_042540.jpg,1,ai_generated,sid_set_train_flux_e5,train
data/raw/e5_sid_flux/images/row-85309_full_synthetic_027900.jpg,1,ai_generated,sid_set_train_flux_e5,train
data/raw/e5_sid_flux/images/row-190932_full_synthetic_065163.jpg,1,ai_generated,sid_set_train_flux_e5,train
data/raw/e5_sid_flux/images/row-01872_full_synthetic_061104.jpg,1,ai_generated,sid_set_train_flux_e5,train
data/raw/e5_sid_flux/images/row-158393_full_synthetic_035412.jpg,1,ai_generated,sid_set_train_flux_e5,train
data/raw/e5_sid_flux/images/row-41144_full_synthetic_023331.jpg,1,ai_generated,sid_set_train_flux_e5,train
data/raw/e5_sid_flux/images/row-175647_full_synthetic_052807.jpg,1,ai_generated,sid_set_train_flux_e5,train
data/raw/e5_sid_flux/images/row-36167_full_synthetic_039430.jpg,1,ai_generated,sid_set_train_flux_e5,train
data/raw/e5_sid_flux/images/row-38656_full_synthetic_018414.jpg,1,ai_generated,sid_set_train_flux_e5,train
data/raw/e5_sid_flux/images/row-175625_full_synthetic_044302.jpg,1,ai_generated,sid_set_train_flux_e5,train
data/raw/e5_sid_flux/images/row-38686_full_synthetic_032035.jpg,1,ai_generated,sid_set_train_flux_e5,train
data/raw/e5_sid_flux/images/row-111284_full_synthetic_036418.jpg,1,ai_generated,sid_set_train_flux_e5,train
data/raw/e5_sid_flux/images/row-58170_full_synthetic_040896.jpg,1,ai_generated,sid_set_train_flux_e5,train
data/raw/e5_sid_flux/images/row-80015_full_synthetic_021729.jpg,1,ai_generated,sid_set_train_flux_e5,train
data/raw/e5_sid_flux/images/row-100235_full_synthetic_005376.jpg,1,ai_generated,sid_set_train_flux_e5,train
data/raw/e5_sid_flux/images/row-127228_full_synthetic_053538.jpg,1,ai_generated,sid_set_train_flux_e5,train
data/raw/e5_sid_flux/images/row-19911_full_synthetic_019928.jpg,1,ai_generated,sid_set_train_flux_e5,train
data/raw/e5_sid_flux/images/row-58612_full_synthetic_041654.jpg,1,ai_generated,sid_set_train_flux_e5,train
data/raw/e5_sid_flux/images/row-139824_full_synthetic_038728.jpg,1,ai_generated,sid_set_train_flux_e5,train
data/raw/e5_sid_flux/images/row-62781_full_synthetic_019816.jpg,1,ai_generated,sid_set_train_flux_e5,train
data/raw/e5_sid_flux/images/row-58685_full_synthetic_001520.jpg,1,ai_generated,sid_set_train_flux_e5,train
data/raw/e5_sid_flux/images/row-173391_full_synthetic_040260.jpg,1,ai_generated,sid_set_train_flux_e5,train
data/raw/e5_sid_flux/images/row-11939_full_synthetic_049370.jpg,1,ai_generated,sid_set_train_flux_e5,train
data/raw/e5_sid_flux/images/row-165490_full_synthetic_028101.jpg,1,ai_generated,sid_set_train_flux_e5,train
data/raw/e5_sid_flux/images/row-65733_full_synthetic_012875.jpg,1,ai_generated,sid_set_train_flux_e5,train
data/raw/e5_sid_flux/images/row-136379_full_synthetic_032262.jpg,1,ai_generated,sid_set_train_flux_e5,train
data/raw/e5_sid_flux/images/row-47558_full_synthetic_062983.jpg,1,ai_generated,sid_set_train_flux_e5,train
data/raw/e5_sid_flux/images/row-141920_full_synthetic_047608.jpg,1,ai_generated,sid_set_train_flux_e5,train
data/raw/e5_sid_flux/images/row-140323_full_synthetic_035833.jpg,1,ai_generated,sid_set_train_flux_e5,train
data/raw/e5_sid_flux/images/row-107934_full_synthetic_004729.jpg,1,ai_generated,sid_set_train_flux_e5,train
data/raw/e5_sid_flux/images/row-148229_full_synthetic_043435.jpg,1,ai_generated,sid_set_train_flux_e5,train
data/raw/e5_sid_flux/images/row-141995_full_synthetic_056735.jpg,1,ai_generated,sid_set_train_flux_e5,train
data/raw/e5_sid_flux/images/row-152829_full_synthetic_058456.jpg,1,ai_generated,sid_set_train_flux_e5,train
data/raw/e5_sid_flux/images/row-109930_full_synthetic_035952.jpg,1,ai_generated,sid_set_train_flux_e5,train
data/raw/e5_sid_flux/images/row-40988_full_synthetic_014992.jpg,1,ai_generated,sid_set_train_flux_e5,train
data/raw/e5_sid_flux/images/row-43721_full_synthetic_049685.jpg,1,ai_generated,sid_set_train_flux_e5,train
data/raw/e5_sid_flux/images/row-44423_full_synthetic_040542.jpg,1,ai_generated,sid_set_train_flux_e5,train
data/raw/e5_sid_flux/images/row-190980_full_synthetic_058925.jpg,1,ai_generated,sid_set_train_flux_e5,train
data/raw/e5_sid_flux/images/row-201065_full_synthetic_069735.jpg,1,ai_generated,sid_set_train_flux_e5,train
data/raw/e5_sid_flux/images/row-117942_full_synthetic_030601.jpg,1,ai_generated,sid_set_train_flux_e5,train
data/raw/e5_sid_flux/images/row-156449_full_synthetic_059977.jpg,1,ai_generated,sid_set_train_flux_e5,train
data/raw/e5_sid_flux/images/row-03459_full_synthetic_009038.jpg,1,ai_generated,sid_set_train_flux_e5,train
data/raw/e5_sid_flux/images/row-75428_full_synthetic_043341.jpg,1,ai_generated,sid_set_train_flux_e5,train
data/raw/e5_sid_flux/images/row-112857_full_synthetic_009955.jpg,1,ai_generated,sid_set_train_flux_e5,train
data/raw/e5_sid_flux/images/row-65798_full_synthetic_067347.jpg,1,ai_generated,sid_set_train_flux_e5,train
data/raw/e5_sid_flux/images/row-149446_full_synthetic_014732.jpg,1,ai_generated,sid_set_train_flux_e5,train
data/raw/e5_sid_flux/images/row-180784_full_synthetic_049505.jpg,1,ai_generated,sid_set_train_flux_e5,train
data/raw/e5_sid_flux/images/row-47557_full_synthetic_034052.jpg,1,ai_generated,sid_set_train_flux_e5,train
data/raw/e5_sid_flux/images/row-95368_full_synthetic_041143.jpg,1,ai_generated,sid_set_train_flux_e5,train
data/raw/e5_sid_flux/images/row-12108_full_synthetic_066959.jpg,1,ai_generated,sid_set_train_flux_e5,train
data/raw/e5_sid_flux/images/row-195662_full_synthetic_046431.jpg,1,ai_generated,sid_set_train_flux_e5,train
data/raw/e5_sid_flux/images/row-120877_full_synthetic_029131.jpg,1,ai_generated,sid_set_train_flux_e5,train
data/raw/e5_sid_flux/images/row-201050_full_synthetic_067340.jpg,1,ai_generated,sid_set_train_flux_e5,train
data/raw/e5_sid_flux/images/row-01646_full_synthetic_052298.jpg,1,ai_generated,sid_set_train_flux_e5,train
data/raw/e5_sid_flux/images/row-185922_full_synthetic_068297.jpg,1,ai_generated,sid_set_train_flux_e5,train
data/raw/e5_sid_flux/images/row-114961_full_synthetic_020651.jpg,1,ai_generated,sid_set_train_flux_e5,train
data/raw/e5_sid_flux/images/row-58127_full_synthetic_001534.jpg,1,ai_generated,sid_set_train_flux_e5,train
data/raw/e5_sid_flux/images/row-77537_full_synthetic_038520.jpg,1,ai_generated,sid_set_train_flux_e5,train
data/raw/e5_sid_flux/images/row-36152_full_synthetic_044719.jpg,1,ai_generated,sid_set_train_flux_e5,train
data/raw/e5_sid_flux/images/row-125363_full_synthetic_058196.jpg,1,ai_generated,sid_set_train_flux_e5,train
data/raw/e5_sid_flux/images/row-107991_full_synthetic_008012.jpg,1,ai_generated,sid_set_train_flux_e5,train
data/raw/e5_sid_flux/images/row-208427_full_synthetic_004891.jpg,1,ai_generated,sid_set_train_flux_e5,train
data/raw/e5_sid_flux/images/row-125314_full_synthetic_041718.jpg,1,ai_generated,sid_set_train_flux_e5,train
data/raw/e5_sid_flux/images/row-51844_full_synthetic_052597.jpg,1,ai_generated,sid_set_train_flux_e5,train
data/raw/e5_sid_flux/images/row-143308_full_synthetic_033618.jpg,1,ai_generated,sid_set_train_flux_e5,train
data/raw/e5_sid_flux/images/row-58139_full_synthetic_066333.jpg,1,ai_generated,sid_set_train_flux_e5,train
data/raw/e5_sid_flux/images/row-181241_full_synthetic_049762.jpg,1,ai_generated,sid_set_train_flux_e5,train
data/raw/e5_sid_flux/images/row-19983_full_synthetic_055203.jpg,1,ai_generated,sid_set_train_flux_e5,train
data/raw/e5_sid_flux/images/row-106321_full_synthetic_049332.jpg,1,ai_generated,sid_set_train_flux_e5,train
data/raw/e5_sid_flux/images/row-208759_full_synthetic_045807.jpg,1,ai_generated,sid_set_train_flux_e5,train
data/raw/e5_sid_flux/images/row-27933_full_synthetic_041706.jpg,1,ai_generated,sid_set_train_flux_e5,train
data/raw/e5_sid_flux/images/row-43730_full_synthetic_030627.jpg,1,ai_generated,sid_set_train_flux_e5,train
data/raw/e5_sid_flux/images/row-38636_full_synthetic_064020.jpg,1,ai_generated,sid_set_train_flux_e5,train
data/raw/e5_sid_flux/images/row-28075_full_synthetic_022302.jpg,1,ai_generated,sid_set_train_flux_e5,train
data/raw/e5_sid_flux/images/row-156484_full_synthetic_052490.jpg,1,ai_generated,sid_set_train_flux_e5,train
data/raw/e5_sid_flux/images/row-11913_full_synthetic_063046.jpg,1,ai_generated,sid_set_train_flux_e5,train
data/raw/e5_sid_flux/images/row-206728_full_synthetic_042025.jpg,1,ai_generated,sid_set_train_flux_e5,train
data/raw/e5_sid_flux/images/row-39096_full_synthetic_014116.jpg,1,ai_generated,sid_set_train_flux_e5,train
data/raw/e5_sid_flux/images/row-80013_full_synthetic_040590.jpg,1,ai_generated,sid_set_train_flux_e5,train
data/raw/e5_sid_flux/images/row-100248_full_synthetic_051577.jpg,1,ai_generated,sid_set_train_flux_e5,train
data/raw/e5_sid_flux/images/row-162977_full_synthetic_033391.jpg,1,ai_generated,sid_set_train_flux_e5,train
data/raw/e5_sid_flux/images/row-85354_full_synthetic_044594.jpg,1,ai_generated,sid_set_train_flux_e5,train
data/raw/e5_sid_flux/images/row-72234_full_synthetic_056470.jpg,1,ai_generated,sid_set_train_flux_e5,train
data/raw/e5_sid_flux/images/row-139463_full_synthetic_021331.jpg,1,ai_generated,sid_set_train_flux_e5,train
data/raw/e5_sid_flux/images/row-117921_full_synthetic_017934.jpg,1,ai_generated,sid_set_train_flux_e5,train
data/raw/e5_sid_flux/images/row-23889_full_synthetic_060648.jpg,1,ai_generated,sid_set_train_flux_e5,train
data/raw/e5_sid_flux/images/row-12182_full_synthetic_012977.jpg,1,ai_generated,sid_set_train_flux_e5,train
data/raw/e5_sid_flux/images/row-107951_full_synthetic_007530.jpg,1,ai_generated,sid_set_train_flux_e5,train
data/raw/e5_sid_flux/images/row-127209_full_synthetic_058748.jpg,1,ai_generated,sid_set_train_flux_e5,train
data/raw/e5_sid_flux/images/row-136332_full_synthetic_021621.jpg,1,ai_generated,sid_set_train_flux_e5,train
data/raw/e5_sid_flux/images/row-208443_full_synthetic_058847.jpg,1,ai_generated,sid_set_train_flux_e5,train
data/raw/e5_sid_flux/images/row-120804_full_synthetic_039066.jpg,1,ai_generated,sid_set_train_flux_e5,train
data/raw/e5_sid_flux/images/row-128102_full_synthetic_022800.jpg,1,ai_generated,sid_set_train_flux_e5,train
data/raw/e5_sid_flux/images/row-140037_full_synthetic_047805.jpg,1,ai_generated,sid_set_train_flux_e5,train
data/raw/e5_sid_flux/images/row-186595_full_synthetic_035382.jpg,1,ai_generated,sid_set_train_flux_e5,train
data/raw/e5_sid_flux/images/row-48165_full_synthetic_009126.jpg,1,ai_generated,sid_set_train_flux_e5,train
data/raw/e5_sid_flux/images/row-185687_full_synthetic_044121.jpg,1,ai_generated,sid_set_train_flux_e5,train
data/raw/e5_sid_flux/images/row-65748_full_synthetic_002847.jpg,1,ai_generated,sid_set_train_flux_e5,train
data/raw/e5_sid_flux/images/row-76895_full_synthetic_057394.jpg,1,ai_generated,sid_set_train_flux_e5,train
data/raw/e5_sid_flux/images/row-83199_full_synthetic_035778.jpg,1,ai_generated,sid_set_train_flux_e5,train
data/raw/e5_sid_flux/images/row-148269_full_synthetic_029696.jpg,1,ai_generated,sid_set_train_flux_e5,train
data/raw/e5_sid_flux/images/row-06810_full_synthetic_047681.jpg,1,ai_generated,sid_set_train_flux_e5,train
data/raw/e5_sid_flux/images/row-124038_full_synthetic_023353.jpg,1,ai_generated,sid_set_train_flux_e5,train
data/raw/e5_sid_flux/images/row-173320_full_synthetic_045961.jpg,1,ai_generated,sid_set_train_flux_e5,train
data/raw/e5_sid_flux/images/row-85320_full_synthetic_068915.jpg,1,ai_generated,sid_set_train_flux_e5,train
data/raw/e5_sid_flux/images/row-136389_full_synthetic_033988.jpg,1,ai_generated,sid_set_train_flux_e5,train
data/raw/e5_sid_flux/images/row-125569_full_synthetic_022148.jpg,1,ai_generated,sid_set_train_flux_e5,train
data/raw/e5_sid_flux/images/row-19941_full_synthetic_011067.jpg,1,ai_generated,sid_set_train_flux_e5,train
data/raw/e5_sid_flux/images/row-23872_full_synthetic_067719.jpg,1,ai_generated,sid_set_train_flux_e5,train
data/raw/e5_sid_flux/images/row-148212_full_synthetic_056216.jpg,1,ai_generated,sid_set_train_flux_e5,train
data/raw/e5_sid_flux/images/row-06846_full_synthetic_019585.jpg,1,ai_generated,sid_set_train_flux_e5,train
data/raw/e5_sid_flux/images/row-182011_full_synthetic_066154.jpg,1,ai_generated,sid_set_train_flux_e5,train
data/raw/e5_sid_flux/images/row-120811_full_synthetic_065427.jpg,1,ai_generated,sid_set_train_flux_e5,train
data/raw/e5_sid_flux/images/row-116125_full_synthetic_038333.jpg,1,ai_generated,sid_set_train_flux_e5,train
data/raw/e5_sid_flux/images/row-61044_full_synthetic_054068.jpg,1,ai_generated,sid_set_train_flux_e5,train
data/raw/e5_sid_flux/images/row-21325_full_synthetic_025555.jpg,1,ai_generated,sid_set_train_flux_e5,train
data/raw/e5_sid_flux/images/row-130862_full_synthetic_003520.jpg,1,ai_generated,sid_set_train_flux_e5,train
data/raw/e5_sid_flux/images/row-111246_full_synthetic_029671.jpg,1,ai_generated,sid_set_train_flux_e5,train
data/raw/e5_sid_flux/images/row-198928_full_synthetic_027455.jpg,1,ai_generated,sid_set_train_flux_e5,train
data/raw/e5_sid_flux/images/row-28014_full_synthetic_060875.jpg,1,ai_generated,sid_set_train_flux_e5,train
data/raw/e5_sid_flux/images/row-126791_full_synthetic_058687.jpg,1,ai_generated,sid_set_train_flux_e5,train
data/raw/e5_sid_flux/images/row-12188_full_synthetic_069935.jpg,1,ai_generated,sid_set_train_flux_e5,train
data/raw/e5_sid_flux/images/row-109957_full_synthetic_039130.jpg,1,ai_generated,sid_set_train_flux_e5,train
data/raw/e5_sid_flux/images/row-156418_full_synthetic_005947.jpg,1,ai_generated,sid_set_train_flux_e5,train
data/raw/e5_sid_flux/images/row-39045_full_synthetic_004165.jpg,1,ai_generated,sid_set_train_flux_e5,train
data/raw/e5_sid_flux/images/row-83182_full_synthetic_045971.jpg,1,ai_generated,sid_set_train_flux_e5,train
data/raw/e5_sid_flux/images/row-60459_full_synthetic_014724.jpg,1,ai_generated,sid_set_train_flux_e5,train
data/raw/e5_sid_flux/images/row-46527_full_synthetic_069302.jpg,1,ai_generated,sid_set_train_flux_e5,train
data/raw/e5_sid_flux/images/row-156490_full_synthetic_025473.jpg,1,ai_generated,sid_set_train_flux_e5,train
data/raw/e5_sid_flux/images/row-94233_full_synthetic_065037.jpg,1,ai_generated,sid_set_train_flux_e5,train
data/raw/e5_sid_flux/images/row-139404_full_synthetic_047415.jpg,1,ai_generated,sid_set_train_flux_e5,train
data/raw/e5_sid_flux/images/row-78008_full_synthetic_057029.jpg,1,ai_generated,sid_set_train_flux_e5,train
data/raw/e5_sid_flux/images/row-39003_full_synthetic_067558.jpg,1,ai_generated,sid_set_train_flux_e5,train
data/raw/e5_sid_flux/images/row-38630_full_synthetic_040616.jpg,1,ai_generated,sid_set_train_flux_e5,train
data/raw/e5_sid_flux/images/row-139837_full_synthetic_055098.jpg,1,ai_generated,sid_set_train_flux_e5,train
data/raw/e5_sid_flux/images/row-155652_full_synthetic_014643.jpg,1,ai_generated,sid_set_train_flux_e5,train
data/raw/e5_sid_flux/images/row-177129_full_synthetic_055280.jpg,1,ai_generated,sid_set_train_flux_e5,train
data/raw/e5_sid_flux/images/row-149458_full_synthetic_032917.jpg,1,ai_generated,sid_set_train_flux_e5,train
data/raw/e5_sid_flux/images/row-147650_full_synthetic_042119.jpg,1,ai_generated,sid_set_train_flux_e5,train
data/raw/e5_sid_flux/images/row-85487_full_synthetic_052332.jpg,1,ai_generated,sid_set_train_flux_e5,train
data/raw/e5_sid_flux/images/row-111275_full_synthetic_001437.jpg,1,ai_generated,sid_set_train_flux_e5,train
data/raw/e5_sid_flux/images/row-48160_full_synthetic_016251.jpg,1,ai_generated,sid_set_train_flux_e5,train
data/raw/e5_sid_flux/images/row-39057_full_synthetic_012262.jpg,1,ai_generated,sid_set_train_flux_e5,train
data/raw/e5_sid_flux/images/row-78281_full_synthetic_008524.jpg,1,ai_generated,sid_set_train_flux_e5,train
data/raw/e5_sid_flux/images/row-47653_full_synthetic_062746.jpg,1,ai_generated,sid_set_train_flux_e5,train
data/raw/e5_sid_flux/images/row-122920_full_synthetic_051900.jpg,1,ai_generated,sid_set_train_flux_e5,train
data/raw/e5_sid_flux/images/row-151578_full_synthetic_051227.jpg,1,ai_generated,sid_set_train_flux_e5,train
data/raw/e5_sid_flux/images/row-41139_full_synthetic_047273.jpg,1,ai_generated,sid_set_train_flux_e5,train
data/raw/e5_sid_flux/images/row-19910_full_synthetic_008357.jpg,1,ai_generated,sid_set_train_flux_e5,train
data/raw/e5_sid_flux/images/row-208465_full_synthetic_051461.jpg,1,ai_generated,sid_set_train_flux_e5,train
data/raw/e5_sid_flux/images/row-109996_full_synthetic_014083.jpg,1,ai_generated,sid_set_train_flux_e5,train
data/raw/e5_sid_flux/images/row-90750_full_synthetic_009869.jpg,1,ai_generated,sid_set_train_flux_e5,train
data/raw/e5_sid_flux/images/row-47530_full_synthetic_069172.jpg,1,ai_generated,sid_set_train_flux_e5,train
data/raw/e5_sid_flux/images/row-31509_full_synthetic_039801.jpg,1,ai_generated,sid_set_train_flux_e5,train
data/raw/e5_sid_flux/images/row-190890_full_synthetic_043923.jpg,1,ai_generated,sid_set_train_flux_e5,train
data/raw/e5_sid_flux/images/row-39540_full_synthetic_061589.jpg,1,ai_generated,sid_set_train_flux_e5,train
data/raw/e5_sid_flux/images/row-181281_full_synthetic_059382.jpg,1,ai_generated,sid_set_train_flux_e5,train
data/raw/e5_sid_flux/images/row-140086_full_synthetic_045823.jpg,1,ai_generated,sid_set_train_flux_e5,train
data/raw/e5_sid_flux/images/row-141949_full_synthetic_003757.jpg,1,ai_generated,sid_set_train_flux_e5,train
data/raw/e5_sid_flux/images/row-163308_full_synthetic_031316.jpg,1,ai_generated,sid_set_train_flux_e5,train
data/raw/e5_sid_flux/images/row-23823_full_synthetic_011017.jpg,1,ai_generated,sid_set_train_flux_e5,train
data/raw/e5_sid_flux/images/row-61492_full_synthetic_019993.jpg,1,ai_generated,sid_set_train_flux_e5,train
data/raw/e5_sid_flux/images/row-175688_full_synthetic_001003.jpg,1,ai_generated,sid_set_train_flux_e5,train
data/raw/e5_sid_flux/images/row-01861_full_synthetic_041428.jpg,1,ai_generated,sid_set_train_flux_e5,train
data/raw/e5_sid_flux/images/row-80055_full_synthetic_026339.jpg,1,ai_generated,sid_set_train_flux_e5,train
data/raw/e5_sid_flux/images/row-139811_full_synthetic_056487.jpg,1,ai_generated,sid_set_train_flux_e5,train
data/raw/e5_sid_flux/images/row-78228_full_synthetic_050248.jpg,1,ai_generated,sid_set_train_flux_e5,train
data/raw/e5_sid_flux/images/row-140322_full_synthetic_025477.jpg,1,ai_generated,sid_set_train_flux_e5,train
data/raw/e5_sid_flux/images/row-164681_full_synthetic_059386.jpg,1,ai_generated,sid_set_train_flux_e5,train
data/raw/e5_sid_flux/images/row-161936_full_synthetic_050142.jpg,1,ai_generated,sid_set_train_flux_e5,train
data/raw/e5_sid_flux/images/row-85416_full_synthetic_044683.jpg,1,ai_generated,sid_set_train_flux_e5,train
data/raw/e5_sid_flux/images/row-27144_full_synthetic_054679.jpg,1,ai_generated,sid_set_train_flux_e5,train
data/raw/e5_sid_flux/images/row-39093_full_synthetic_016372.jpg,1,ai_generated,sid_set_train_flux_e5,train
data/raw/e5_sid_flux/images/row-112873_full_synthetic_061143.jpg,1,ai_generated,sid_set_train_flux_e5,train
data/raw/e5_sid_flux/images/row-01883_full_synthetic_007055.jpg,1,ai_generated,sid_set_train_flux_e5,train
data/raw/e5_sid_flux/images/row-116136_full_synthetic_054229.jpg,1,ai_generated,sid_set_train_flux_e5,train
data/raw/e5_sid_flux/images/row-191221_full_synthetic_006895.jpg,1,ai_generated,sid_set_train_flux_e5,train
data/raw/e5_sid_flux/images/row-149498_full_synthetic_062334.jpg,1,ai_generated,sid_set_train_flux_e5,train
data/raw/e5_sid_flux/images/row-151507_full_synthetic_036973.jpg,1,ai_generated,sid_set_train_flux_e5,train
data/raw/e5_sid_flux/images/row-141557_full_synthetic_016852.jpg,1,ai_generated,sid_set_train_flux_e5,train
data/raw/e5_sid_flux/images/row-202826_full_synthetic_056747.jpg,1,ai_generated,sid_set_train_flux_e5,train
data/raw/e5_sid_flux/images/row-180747_full_synthetic_043333.jpg,1,ai_generated,sid_set_train_flux_e5,train
data/raw/e5_sid_flux/images/row-77562_full_synthetic_035178.jpg,1,ai_generated,sid_set_train_flux_e5,train
data/raw/e5_sid_flux/images/row-179994_full_synthetic_022992.jpg,1,ai_generated,sid_set_train_flux_e5,train
data/raw/e5_sid_flux/images/row-140043_full_synthetic_034054.jpg,1,ai_generated,sid_set_train_flux_e5,train
data/raw/e5_sid_flux/images/row-162932_full_synthetic_016650.jpg,1,ai_generated,sid_set_train_flux_e5,train
data/raw/e5_sid_flux/images/row-141519_full_synthetic_028051.jpg,1,ai_generated,sid_set_train_flux_e5,train
data/raw/e5_sid_flux/images/row-27301_full_synthetic_026080.jpg,1,ai_generated,sid_set_train_flux_e5,train
data/raw/e5_sid_flux/images/row-31526_full_synthetic_003090.jpg,1,ai_generated,sid_set_train_flux_e5,train
data/raw/e5_sid_flux/images/row-125352_full_synthetic_032666.jpg,1,ai_generated,sid_set_train_flux_e5,train
data/raw/e5_sid_flux/images/row-03522_full_synthetic_031207.jpg,1,ai_generated,sid_set_train_flux_e5,train
data/raw/e5_sid_flux/images/row-85386_full_synthetic_048587.jpg,1,ai_generated,sid_set_train_flux_e5,train
data/raw/e5_sid_flux/images/row-39569_full_synthetic_055737.jpg,1,ai_generated,sid_set_train_flux_e5,train
data/raw/e5_sid_flux/images/row-11969_full_synthetic_007891.jpg,1,ai_generated,sid_set_train_flux_e5,train
data/raw/e5_sid_flux/images/row-127292_full_synthetic_019247.jpg,1,ai_generated,sid_set_train_flux_e5,train
data/raw/e5_sid_flux/images/row-40921_full_synthetic_017823.jpg,1,ai_generated,sid_set_train_flux_e5,train
data/raw/e5_sid_flux/images/row-140371_full_synthetic_030542.jpg,1,ai_generated,sid_set_train_flux_e5,train
data/raw/e5_sid_flux/images/row-48151_full_synthetic_063307.jpg,1,ai_generated,sid_set_train_flux_e5,train
data/raw/e5_sid_flux/images/row-148228_full_synthetic_001634.jpg,1,ai_generated,sid_set_train_flux_e5,train
data/raw/e5_sid_flux/images/row-195640_full_synthetic_037328.jpg,1,ai_generated,sid_set_train_flux_e5,train
data/raw/e5_sid_flux/images/row-90726_full_synthetic_065056.jpg,1,ai_generated,sid_set_train_flux_e5,train
data/raw/e5_sid_flux/images/row-03525_full_synthetic_038219.jpg,1,ai_generated,sid_set_train_flux_e5,train
data/raw/e5_sid_flux/images/row-39529_full_synthetic_034183.jpg,1,ai_generated,sid_set_train_flux_e5,train
data/raw/e5_sid_flux/images/row-90708_full_synthetic_004306.jpg,1,ai_generated,sid_set_train_flux_e5,train
data/raw/e5_sid_flux/images/row-198987_full_synthetic_059840.jpg,1,ai_generated,sid_set_train_flux_e5,train
data/raw/e5_sid_flux/images/row-162999_full_synthetic_056581.jpg,1,ai_generated,sid_set_train_flux_e5,train
data/raw/e5_sid_flux/images/row-75499_full_synthetic_006222.jpg,1,ai_generated,sid_set_train_flux_e5,train
data/raw/e5_sid_flux/images/row-51242_full_synthetic_029185.jpg,1,ai_generated,sid_set_train_flux_e5,train
data/raw/e5_sid_flux/images/row-83188_full_synthetic_040724.jpg,1,ai_generated,sid_set_train_flux_e5,train
data/raw/e5_sid_flux/images/row-127257_full_synthetic_018785.jpg,1,ai_generated,sid_set_train_flux_e5,train
data/raw/e5_sid_flux/images/row-67724_full_synthetic_025838.jpg,1,ai_generated,sid_set_train_flux_e5,train
data/raw/e5_sid_flux/images/row-180757_full_synthetic_041818.jpg,1,ai_generated,sid_set_train_flux_e5,train
data/raw/e5_sid_flux/images/row-83180_full_synthetic_028365.jpg,1,ai_generated,sid_set_train_flux_e5,train
data/raw/e5_sid_flux/images/row-125348_full_synthetic_045383.jpg,1,ai_generated,sid_set_train_flux_e5,train
data/raw/e5_sid_flux/images/row-47566_full_synthetic_040693.jpg,1,ai_generated,sid_set_train_flux_e5,train
data/raw/e5_sid_flux/images/row-201052_full_synthetic_036146.jpg,1,ai_generated,sid_set_train_flux_e5,train
data/raw/e5_sid_flux/images/row-149486_full_synthetic_030169.jpg,1,ai_generated,sid_set_train_flux_e5,train
data/raw/e5_sid_flux/images/row-85422_full_synthetic_028057.jpg,1,ai_generated,sid_set_train_flux_e5,train
data/raw/e5_sid_flux/images/row-159648_full_synthetic_001359.jpg,1,ai_generated,sid_set_train_flux_e5,train
data/raw/e5_sid_flux/images/row-36186_full_synthetic_017900.jpg,1,ai_generated,sid_set_train_flux_e5,train
data/raw/e5_sid_flux/images/row-47525_full_synthetic_012982.jpg,1,ai_generated,sid_set_train_flux_e5,train
data/raw/e5_sid_flux/images/row-23821_full_synthetic_038821.jpg,1,ai_generated,sid_set_train_flux_e5,train
data/raw/e5_sid_flux/images/row-125362_full_synthetic_062607.jpg,1,ai_generated,sid_set_train_flux_e5,train
data/raw/e5_sid_flux/images/row-114956_full_synthetic_061552.jpg,1,ai_generated,sid_set_train_flux_e5,train
data/raw/e5_sid_flux/images/row-149448_full_synthetic_031017.jpg,1,ai_generated,sid_set_train_flux_e5,train
data/raw/e5_sid_flux/images/row-95501_full_synthetic_013607.jpg,1,ai_generated,sid_set_train_flux_e5,train
data/raw/e5_sid_flux/images/row-185931_full_synthetic_014713.jpg,1,ai_generated,sid_set_train_flux_e5,train
data/raw/e5_sid_flux/images/row-95301_full_synthetic_031147.jpg,1,ai_generated,sid_set_train_flux_e5,train
data/raw/e5_sid_flux/images/row-27393_full_synthetic_018878.jpg,1,ai_generated,sid_set_train_flux_e5,train
data/raw/e5_sid_flux/images/row-61400_full_synthetic_038165.jpg,1,ai_generated,sid_set_train_flux_e5,train
data/raw/e5_sid_flux/images/row-57948_full_synthetic_061488.jpg,1,ai_generated,sid_set_train_flux_e5,train
data/raw/e5_sid_flux/images/row-177172_full_synthetic_014160.jpg,1,ai_generated,sid_set_train_flux_e5,train
data/raw/e5_sid_flux/images/row-01820_full_synthetic_015371.jpg,1,ai_generated,sid_set_train_flux_e5,train
data/raw/e5_sid_flux/images/row-58695_full_synthetic_036531.jpg,1,ai_generated,sid_set_train_flux_e5,train
data/raw/e5_sid_flux/images/row-39080_full_synthetic_046516.jpg,1,ai_generated,sid_set_train_flux_e5,train
data/raw/e5_sid_flux/images/row-200390_full_synthetic_059503.jpg,1,ai_generated,sid_set_train_flux_e5,train
data/raw/e5_sid_flux/images/row-12193_full_synthetic_031027.jpg,1,ai_generated,sid_set_train_flux_e5,train
data/raw/e5_sid_flux/images/row-60497_full_synthetic_055509.jpg,1,ai_generated,sid_set_train_flux_e5,train
data/raw/e5_sid_flux/images/row-155619_full_synthetic_009010.jpg,1,ai_generated,sid_set_train_flux_e5,train
data/raw/e5_sid_flux/images/row-27333_full_synthetic_022954.jpg,1,ai_generated,sid_set_train_flux_e5,train
data/raw/e5_sid_flux/images/row-94206_full_synthetic_039206.jpg,1,ai_generated,sid_set_train_flux_e5,train
data/raw/e5_sid_flux/images/row-141921_full_synthetic_001492.jpg,1,ai_generated,sid_set_train_flux_e5,train
data/raw/e5_sid_flux/images/row-01662_full_synthetic_016040.jpg,1,ai_generated,sid_set_train_flux_e5,train
data/raw/e5_sid_flux/images/row-136364_full_synthetic_015294.jpg,1,ai_generated,sid_set_train_flux_e5,train
data/raw/e5_sid_flux/images/row-185965_full_synthetic_056099.jpg,1,ai_generated,sid_set_train_flux_e5,train
data/raw/e5_sid_flux/images/row-31589_full_synthetic_027967.jpg,1,ai_generated,sid_set_train_flux_e5,train
data/raw/e5_sid_flux/images/row-128113_full_synthetic_046985.jpg,1,ai_generated,sid_set_train_flux_e5,train
data/raw/e5_sid_flux/images/row-183032_full_synthetic_060125.jpg,1,ai_generated,sid_set_train_flux_e5,train
data/raw/e5_sid_flux/images/row-148291_full_synthetic_029753.jpg,1,ai_generated,sid_set_train_flux_e5,train
data/raw/e5_sid_flux/images/row-161974_full_synthetic_023505.jpg,1,ai_generated,sid_set_train_flux_e5,train
data/raw/e5_sid_flux/images/row-67754_full_synthetic_046404.jpg,1,ai_generated,sid_set_train_flux_e5,train
data/raw/e5_sid_flux/images/row-114933_full_synthetic_065495.jpg,1,ai_generated,sid_set_train_flux_e5,train
data/raw/e5_sid_flux/images/row-17996_full_synthetic_015589.jpg,1,ai_generated,sid_set_train_flux_e5,train
data/raw/e5_sid_flux/images/row-156471_full_synthetic_010085.jpg,1,ai_generated,sid_set_train_flux_e5,train
data/raw/e5_sid_flux/images/row-107961_full_synthetic_067618.jpg,1,ai_generated,sid_set_train_flux_e5,train
data/raw/e5_sid_flux/images/row-182079_full_synthetic_012661.jpg,1,ai_generated,sid_set_train_flux_e5,train
data/raw/e5_sid_flux/images/row-149423_full_synthetic_030154.jpg,1,ai_generated,sid_set_train_flux_e5,train
data/raw/e5_sid_flux/images/row-28792_full_synthetic_048337.jpg,1,ai_generated,sid_set_train_flux_e5,train
data/raw/e5_sid_flux/images/row-61090_full_synthetic_063200.jpg,1,ai_generated,sid_set_train_flux_e5,train
data/raw/e5_sid_flux/images/row-61092_full_synthetic_066349.jpg,1,ai_generated,sid_set_train_flux_e5,train
data/raw/e5_sid_flux/images/row-147611_full_synthetic_060620.jpg,1,ai_generated,sid_set_train_flux_e5,train
data/raw/e5_sid_flux/images/row-148246_full_synthetic_057734.jpg,1,ai_generated,sid_set_train_flux_e5,train
data/raw/e5_sid_flux/images/row-122900_full_synthetic_004874.jpg,1,ai_generated,sid_set_train_flux_e5,train
data/raw/e5_sid_flux/images/row-156472_full_synthetic_031820.jpg,1,ai_generated,sid_set_train_flux_e5,train
data/raw/e5_sid_flux/images/row-127289_full_synthetic_037180.jpg,1,ai_generated,sid_set_train_flux_e5,train
data/raw/e5_sid_flux/images/row-125358_full_synthetic_063174.jpg,1,ai_generated,sid_set_train_flux_e5,train
data/raw/e5_sid_flux/images/row-179938_full_synthetic_014910.jpg,1,ai_generated,sid_set_train_flux_e5,train
data/raw/e5_sid_flux/images/row-190821_full_synthetic_069732.jpg,1,ai_generated,sid_set_train_flux_e5,train
data/raw/e5_sid_flux/images/row-21330_full_synthetic_016687.jpg,1,ai_generated,sid_set_train_flux_e5,train
data/raw/e5_sid_flux/images/row-126725_full_synthetic_067797.jpg,1,ai_generated,sid_set_train_flux_e5,train
data/raw/e5_sid_flux/images/row-60412_full_synthetic_026932.jpg,1,ai_generated,sid_set_train_flux_e5,train
data/raw/e5_sid_flux/images/row-140303_full_synthetic_066474.jpg,1,ai_generated,sid_set_train_flux_e5,train
data/raw/e5_sid_flux/images/row-169032_full_synthetic_062060.jpg,1,ai_generated,sid_set_train_flux_e5,train
data/raw/e5_sid_flux/images/row-111502_full_synthetic_030260.jpg,1,ai_generated,sid_set_train_flux_e5,train
data/raw/e5_sid_flux/images/row-12102_full_synthetic_018964.jpg,1,ai_generated,sid_set_train_flux_e5,train
data/raw/e5_sid_flux/images/row-140381_full_synthetic_029648.jpg,1,ai_generated,sid_set_train_flux_e5,train
data/raw/e5_sid_flux/images/row-161970_full_synthetic_066554.jpg,1,ai_generated,sid_set_train_flux_e5,train
data/raw/e5_sid_flux/images/row-47673_full_synthetic_065988.jpg,1,ai_generated,sid_set_train_flux_e5,train
data/raw/e5_sid_flux/images/row-01851_full_synthetic_007944.jpg,1,ai_generated,sid_set_train_flux_e5,train
data/raw/e5_sid_flux/images/row-130827_full_synthetic_036812.jpg,1,ai_generated,sid_set_train_flux_e5,train
data/raw/e5_sid_flux/images/row-141955_full_synthetic_009449.jpg,1,ai_generated,sid_set_train_flux_e5,train
data/raw/e5_sid_flux/images/row-201927_full_synthetic_030743.jpg,1,ai_generated,sid_set_train_flux_e5,train
data/raw/e5_sid_flux/images/row-176261_full_synthetic_010706.jpg,1,ai_generated,sid_set_train_flux_e5,train
data/raw/e5_sid_flux/images/row-191213_full_synthetic_028237.jpg,1,ai_generated,sid_set_train_flux_e5,train
data/raw/e5_sid_flux/images/row-58125_full_synthetic_009421.jpg,1,ai_generated,sid_set_train_flux_e5,train
data/raw/e5_sid_flux/images/row-179980_full_synthetic_050991.jpg,1,ai_generated,sid_set_train_flux_e5,train
data/raw/e5_sid_flux/images/row-62702_full_synthetic_061622.jpg,1,ai_generated,sid_set_train_flux_e5,train
data/raw/e5_sid_flux/images/row-109926_full_synthetic_000935.jpg,1,ai_generated,sid_set_train_flux_e5,train
data/raw/e5_sid_flux/images/row-136319_full_synthetic_002222.jpg,1,ai_generated,sid_set_train_flux_e5,train
data/raw/e5_sid_flux/images/row-47613_full_synthetic_049876.jpg,1,ai_generated,sid_set_train_flux_e5,train
data/raw/e5_sid_flux/images/row-95355_full_synthetic_069566.jpg,1,ai_generated,sid_set_train_flux_e5,train
data/raw/e5_sid_flux/images/row-120871_full_synthetic_023811.jpg,1,ai_generated,sid_set_train_flux_e5,train
data/raw/e5_sid_flux/images/row-01669_full_synthetic_066580.jpg,1,ai_generated,sid_set_train_flux_e5,train
data/raw/e5_sid_flux/images/row-179982_full_synthetic_058434.jpg,1,ai_generated,sid_set_train_flux_e5,train
data/raw/e5_sid_flux/images/row-206734_full_synthetic_016609.jpg,1,ai_generated,sid_set_train_flux_e5,train
data/raw/e5_sid_flux/images/row-163332_full_synthetic_057664.jpg,1,ai_generated,sid_set_train_flux_e5,train
data/raw/e5_sid_flux/images/row-01691_full_synthetic_008424.jpg,1,ai_generated,sid_set_train_flux_e5,train
data/raw/e5_sid_flux/images/row-190921_full_synthetic_025332.jpg,1,ai_generated,sid_set_train_flux_e5,train
data/raw/e5_sid_flux/images/row-130851_full_synthetic_035010.jpg,1,ai_generated,sid_set_train_flux_e5,train
data/raw/e5_sid_flux/images/row-165442_full_synthetic_019039.jpg,1,ai_generated,sid_set_train_flux_e5,train
data/raw/e5_sid_flux/images/row-17938_full_synthetic_038394.jpg,1,ai_generated,sid_set_train_flux_e5,train
data/raw/e5_sid_flux/images/row-128186_full_synthetic_045044.jpg,1,ai_generated,sid_set_train_flux_e5,train
data/raw/e5_sid_flux/images/row-169057_full_synthetic_046517.jpg,1,ai_generated,sid_set_train_flux_e5,train
data/raw/e5_sid_flux/images/row-03529_full_synthetic_054495.jpg,1,ai_generated,sid_set_train_flux_e5,train
data/raw/e5_sid_flux/images/row-90735_full_synthetic_029024.jpg,1,ai_generated,sid_set_train_flux_e5,train
data/raw/e5_sid_flux/images/row-44415_full_synthetic_050672.jpg,1,ai_generated,sid_set_train_flux_e5,train
data/raw/e5_sid_flux/images/row-19972_full_synthetic_045272.jpg,1,ai_generated,sid_set_train_flux_e5,train
data/raw/e5_sid_flux/images/row-38643_full_synthetic_011920.jpg,1,ai_generated,sid_set_train_flux_e5,train
data/raw/e5_sid_flux/images/row-83826_full_synthetic_059677.jpg,1,ai_generated,sid_set_train_flux_e5,train
data/raw/e5_sid_flux/images/row-44494_full_synthetic_062769.jpg,1,ai_generated,sid_set_train_flux_e5,train
data/raw/e5_sid_flux/images/row-111576_full_synthetic_066144.jpg,1,ai_generated,sid_set_train_flux_e5,train
data/raw/e5_sid_flux/images/row-126721_full_synthetic_049415.jpg,1,ai_generated,sid_set_train_flux_e5,train
data/raw/e5_sid_flux/images/row-164677_full_synthetic_014273.jpg,1,ai_generated,sid_set_train_flux_e5,train
data/raw/e5_sid_flux/images/row-40968_full_synthetic_051863.jpg,1,ai_generated,sid_set_train_flux_e5,train
data/raw/e5_sid_flux/images/row-28751_full_synthetic_058567.jpg,1,ai_generated,sid_set_train_flux_e5,train
data/raw/e5_sid_flux/images/row-136339_full_synthetic_041698.jpg,1,ai_generated,sid_set_train_flux_e5,train
data/raw/e5_sid_flux/images/row-175639_full_synthetic_061210.jpg,1,ai_generated,sid_set_train_flux_e5,train
data/raw/e5_sid_flux/images/row-182030_full_synthetic_034306.jpg,1,ai_generated,sid_set_train_flux_e5,train
data/raw/e5_sid_flux/images/row-57943_full_synthetic_029919.jpg,1,ai_generated,sid_set_train_flux_e5,train
data/raw/e5_sid_flux/images/row-11947_full_synthetic_069207.jpg,1,ai_generated,sid_set_train_flux_e5,train
data/raw/e5_sid_flux/images/row-120831_full_synthetic_007401.jpg,1,ai_generated,sid_set_train_flux_e5,train
data/raw/e5_sid_flux/images/row-90716_full_synthetic_000489.jpg,1,ai_generated,sid_set_train_flux_e5,train
data/raw/e5_sid_flux/images/row-83170_full_synthetic_032090.jpg,1,ai_generated,sid_set_train_flux_e5,train
data/raw/e5_sid_flux/images/row-124082_full_synthetic_029326.jpg,1,ai_generated,sid_set_train_flux_e5,train
data/raw/e5_sid_flux/images/row-36155_full_synthetic_052642.jpg,1,ai_generated,sid_set_train_flux_e5,train
data/raw/e5_sid_flux/images/row-90734_full_synthetic_046768.jpg,1,ai_generated,sid_set_train_flux_e5,train
data/raw/e5_sid_flux/images/row-158373_full_synthetic_035419.jpg,1,ai_generated,sid_set_train_flux_e5,train
data/raw/e5_sid_flux/images/row-21307_full_synthetic_039184.jpg,1,ai_generated,sid_set_train_flux_e5,train
data/raw/e5_sid_flux/images/row-72279_full_synthetic_062304.jpg,1,ai_generated,sid_set_train_flux_e5,train
data/raw/e5_sid_flux/images/row-84792_full_synthetic_002196.jpg,1,ai_generated,sid_set_train_flux_e5,train
data/raw/e5_sid_flux/images/row-23865_full_synthetic_052080.jpg,1,ai_generated,sid_set_train_flux_e5,train
data/raw/e5_sid_flux/images/row-130809_full_synthetic_031021.jpg,1,ai_generated,sid_set_train_flux_e5,train
data/raw/e5_sid_flux/images/row-17951_full_synthetic_062240.jpg,1,ai_generated,sid_set_train_flux_e5,train
data/raw/e5_sid_flux/images/row-156498_full_synthetic_053912.jpg,1,ai_generated,sid_set_train_flux_e5,train
data/raw/e5_sid_flux/images/row-83198_full_synthetic_059409.jpg,1,ai_generated,sid_set_train_flux_e5,train
data/raw/e5_sid_flux/images/row-185945_full_synthetic_019960.jpg,1,ai_generated,sid_set_train_flux_e5,train
data/raw/e5_sid_flux/images/row-47554_full_synthetic_003540.jpg,1,ai_generated,sid_set_train_flux_e5,train
data/raw/e5_sid_flux/images/row-62744_full_synthetic_010728.jpg,1,ai_generated,sid_set_train_flux_e5,train
data/raw/e5_sid_flux/images/row-85374_full_synthetic_001954.jpg,1,ai_generated,sid_set_train_flux_e5,train
data/raw/e5_sid_flux/images/row-27364_full_synthetic_058466.jpg,1,ai_generated,sid_set_train_flux_e5,train
data/raw/e5_sid_flux/images/row-72264_full_synthetic_020862.jpg,1,ai_generated,sid_set_train_flux_e5,train
data/raw/e5_sid_flux/images/row-112807_full_synthetic_036874.jpg,1,ai_generated,sid_set_train_flux_e5,train
data/raw/e5_sid_flux/images/row-175600_full_synthetic_049222.jpg,1,ai_generated,sid_set_train_flux_e5,train
data/raw/e5_sid_flux/images/row-169007_full_synthetic_053569.jpg,1,ai_generated,sid_set_train_flux_e5,train
data/raw/e5_sid_flux/images/row-60469_full_synthetic_051349.jpg,1,ai_generated,sid_set_train_flux_e5,train
data/raw/e5_sid_flux/images/row-03449_full_synthetic_052522.jpg,1,ai_generated,sid_set_train_flux_e5,train
data/raw/e5_sid_flux/images/row-198981_full_synthetic_063654.jpg,1,ai_generated,sid_set_train_flux_e5,train
data/raw/e5_sid_flux/images/row-44490_full_synthetic_019102.jpg,1,ai_generated,sid_set_train_flux_e5,train
data/raw/e5_sid_flux/images/row-180725_full_synthetic_019311.jpg,1,ai_generated,sid_set_train_flux_e5,train
data/raw/e5_sid_flux/images/row-95513_full_synthetic_039192.jpg,1,ai_generated,sid_set_train_flux_e5,train
data/raw/e5_sid_flux/images/row-128178_full_synthetic_009852.jpg,1,ai_generated,sid_set_train_flux_e5,train
data/raw/e5_sid_flux/images/row-198971_full_synthetic_001420.jpg,1,ai_generated,sid_set_train_flux_e5,train
data/raw/e5_sid_flux/images/row-125349_full_synthetic_059538.jpg,1,ai_generated,sid_set_train_flux_e5,train
data/raw/e5_sid_flux/images/row-39590_full_synthetic_012856.jpg,1,ai_generated,sid_set_train_flux_e5,train
data/raw/e5_sid_flux/images/row-78234_full_synthetic_011205.jpg,1,ai_generated,sid_set_train_flux_e5,train
data/raw/e5_sid_flux/images/row-169026_full_synthetic_004888.jpg,1,ai_generated,sid_set_train_flux_e5,train
data/raw/e5_sid_flux/images/row-03518_full_synthetic_029330.jpg,1,ai_generated,sid_set_train_flux_e5,train
data/raw/e5_sid_flux/images/row-147687_full_synthetic_063337.jpg,1,ai_generated,sid_set_train_flux_e5,train
data/raw/e5_sid_flux/images/row-136374_full_synthetic_042053.jpg,1,ai_generated,sid_set_train_flux_e5,train
data/raw/e5_sid_flux/images/row-03515_full_synthetic_065001.jpg,1,ai_generated,sid_set_train_flux_e5,train
data/raw/e5_sid_flux/images/row-43707_full_synthetic_029060.jpg,1,ai_generated,sid_set_train_flux_e5,train
data/raw/e5_sid_flux/images/row-38657_full_synthetic_010834.jpg,1,ai_generated,sid_set_train_flux_e5,train
data/raw/e5_sid_flux/images/row-47626_full_synthetic_019030.jpg,1,ai_generated,sid_set_train_flux_e5,train
data/raw/e5_sid_flux/images/row-51861_full_synthetic_059234.jpg,1,ai_generated,sid_set_train_flux_e5,train
data/raw/e5_sid_flux/images/row-198977_full_synthetic_014445.jpg,1,ai_generated,sid_set_train_flux_e5,train
data/raw/e5_sid_flux/images/row-208704_full_synthetic_045281.jpg,1,ai_generated,sid_set_train_flux_e5,train
data/raw/e5_sid_flux/images/row-39561_full_synthetic_052767.jpg,1,ai_generated,sid_set_train_flux_e5,train
data/raw/e5_sid_flux/images/row-48112_full_synthetic_013018.jpg,1,ai_generated,sid_set_train_flux_e5,train
data/raw/e5_sid_flux/images/row-191227_full_synthetic_068198.jpg,1,ai_generated,sid_set_train_flux_e5,train
data/raw/e5_sid_flux/images/row-78258_full_synthetic_064851.jpg,1,ai_generated,sid_set_train_flux_e5,train
data/raw/e5_sid_flux/images/row-03474_full_synthetic_031171.jpg,1,ai_generated,sid_set_train_flux_e5,train
data/raw/e5_sid_flux/images/row-164690_full_synthetic_016520.jpg,1,ai_generated,sid_set_train_flux_e5,train
data/raw/e5_sid_flux/images/row-75470_full_synthetic_034511.jpg,1,ai_generated,sid_set_train_flux_e5,train
data/raw/e5_sid_flux/images/row-65708_full_synthetic_057852.jpg,1,ai_generated,sid_set_train_flux_e5,train
data/raw/e5_sid_flux/images/row-27997_full_synthetic_047880.jpg,1,ai_generated,sid_set_train_flux_e5,train
data/raw/e5_sid_flux/images/row-03401_full_synthetic_026255.jpg,1,ai_generated,sid_set_train_flux_e5,train
data/raw/e5_sid_flux/images/row-147628_full_synthetic_041147.jpg,1,ai_generated,sid_set_train_flux_e5,train
data/raw/e5_sid_flux/images/row-158305_full_synthetic_003773.jpg,1,ai_generated,sid_set_train_flux_e5,train
data/raw/e5_sid_flux/images/row-122948_full_synthetic_069258.jpg,1,ai_generated,sid_set_train_flux_e5,train
data/raw/e5_sid_flux/images/row-27102_full_synthetic_003617.jpg,1,ai_generated,sid_set_train_flux_e5,train
data/raw/e5_sid_flux/images/row-21345_full_synthetic_046019.jpg,1,ai_generated,sid_set_train_flux_e5,train
data/raw/e5_sid_flux/images/row-06893_full_synthetic_055373.jpg,1,ai_generated,sid_set_train_flux_e5,train
data/raw/e5_sid_flux/images/row-190983_full_synthetic_040675.jpg,1,ai_generated,sid_set_train_flux_e5,train
data/raw/e5_sid_flux/images/row-55861_full_synthetic_048673.jpg,1,ai_generated,sid_set_train_flux_e5,train
data/raw/e5_sid_flux/images/row-147676_full_synthetic_021820.jpg,1,ai_generated,sid_set_train_flux_e5,train
data/raw/e5_sid_flux/images/row-155601_full_synthetic_032897.jpg,1,ai_generated,sid_set_train_flux_e5,train
data/raw/e5_sid_flux/images/row-176253_full_synthetic_004454.jpg,1,ai_generated,sid_set_train_flux_e5,train
data/raw/e5_sid_flux/images/row-62725_full_synthetic_026302.jpg,1,ai_generated,sid_set_train_flux_e5,train
data/raw/e5_sid_flux/images/row-84732_full_synthetic_026029.jpg,1,ai_generated,sid_set_train_flux_e5,train
data/raw/e5_sid_flux/images/row-100237_full_synthetic_026406.jpg,1,ai_generated,sid_set_train_flux_e5,train
data/raw/e5_sid_flux/images/row-62746_full_synthetic_038695.jpg,1,ai_generated,sid_set_train_flux_e5,train
data/raw/e5_sid_flux/images/row-190936_full_synthetic_056673.jpg,1,ai_generated,sid_set_train_flux_e5,train
data/raw/e5_sid_flux/images/row-44482_full_synthetic_012264.jpg,1,ai_generated,sid_set_train_flux_e5,train
data/raw/e5_sid_flux/images/row-84797_full_synthetic_050914.jpg,1,ai_generated,sid_set_train_flux_e5,train
data/raw/e5_sid_flux/images/row-62765_full_synthetic_051440.jpg,1,ai_generated,sid_set_train_flux_e5,train
data/raw/e5_sid_flux/images/row-152859_full_synthetic_024839.jpg,1,ai_generated,sid_set_train_flux_e5,train
data/raw/e5_sid_flux/images/row-85423_full_synthetic_046012.jpg,1,ai_generated,sid_set_train_flux_e5,train
data/raw/e5_sid_flux/images/row-12149_full_synthetic_018167.jpg,1,ai_generated,sid_set_train_flux_e5,train
data/raw/e5_sid_flux/images/row-208474_full_synthetic_018424.jpg,1,ai_generated,sid_set_train_flux_e5,train
data/raw/e5_sid_flux/images/row-07014_full_synthetic_042679.jpg,1,ai_generated,sid_set_train_flux_e5,train
data/raw/e5_sid_flux/images/row-163367_full_synthetic_029328.jpg,1,ai_generated,sid_set_train_flux_e5,train
data/raw/e5_sid_flux/images/row-46593_full_synthetic_020147.jpg,1,ai_generated,sid_set_train_flux_e5,train
data/raw/e5_sid_flux/images/row-47600_full_synthetic_049732.jpg,1,ai_generated,sid_set_train_flux_e5,train
data/raw/e5_sid_flux/images/row-135184_full_synthetic_044976.jpg,1,ai_generated,sid_set_train_flux_e5,train
data/raw/e5_sid_flux/images/row-164682_full_synthetic_037872.jpg,1,ai_generated,sid_set_train_flux_e5,train
data/raw/e5_sid_flux/images/row-139887_full_synthetic_000071.jpg,1,ai_generated,sid_set_train_flux_e5,train
data/raw/e5_sid_flux/images/row-01819_full_synthetic_051045.jpg,1,ai_generated,sid_set_train_flux_e5,train
data/raw/e5_sid_flux/images/row-140336_full_synthetic_005577.jpg,1,ai_generated,sid_set_train_flux_e5,train
data/raw/e5_sid_flux/images/row-47504_full_synthetic_046469.jpg,1,ai_generated,sid_set_train_flux_e5,train
data/raw/e5_sid_flux/images/row-201918_full_synthetic_054761.jpg,1,ai_generated,sid_set_train_flux_e5,train
data/raw/e5_sid_flux/images/row-181239_full_synthetic_037299.jpg,1,ai_generated,sid_set_train_flux_e5,train
data/raw/e5_sid_flux/images/row-19982_full_synthetic_009941.jpg,1,ai_generated,sid_set_train_flux_e5,train
data/raw/e5_sid_flux/images/row-62736_full_synthetic_025065.jpg,1,ai_generated,sid_set_train_flux_e5,train
data/raw/e5_sid_flux/images/row-191281_full_synthetic_007317.jpg,1,ai_generated,sid_set_train_flux_e5,train
data/raw/e5_sid_flux/images/row-117925_full_synthetic_014343.jpg,1,ai_generated,sid_set_train_flux_e5,train
data/raw/e5_sid_flux/images/row-183072_full_synthetic_048863.jpg,1,ai_generated,sid_set_train_flux_e5,train
data/raw/e5_sid_flux/images/row-21314_full_synthetic_019078.jpg,1,ai_generated,sid_set_train_flux_e5,train
data/raw/e5_sid_flux/images/row-51804_full_synthetic_030538.jpg,1,ai_generated,sid_set_train_flux_e5,train
data/raw/e5_sid_flux/images/row-94222_full_synthetic_025315.jpg,1,ai_generated,sid_set_train_flux_e5,train
data/raw/e5_sid_flux/images/row-36122_full_synthetic_035774.jpg,1,ai_generated,sid_set_train_flux_e5,train
data/raw/e5_sid_flux/images/row-177134_full_synthetic_030407.jpg,1,ai_generated,sid_set_train_flux_e5,train
data/raw/e5_sid_flux/images/row-160050_full_synthetic_021297.jpg,1,ai_generated,sid_set_train_flux_e5,train
data/raw/e5_sid_flux/images/row-195356_full_synthetic_015001.jpg,1,ai_generated,sid_set_train_flux_e5,train
data/raw/e5_sid_flux/images/row-39596_full_synthetic_060677.jpg,1,ai_generated,sid_set_train_flux_e5,train
data/raw/e5_sid_flux/images/row-195335_full_synthetic_026684.jpg,1,ai_generated,sid_set_train_flux_e5,train
data/raw/e5_sid_flux/images/row-125547_full_synthetic_004588.jpg,1,ai_generated,sid_set_train_flux_e5,train
data/raw/e5_sid_flux/images/row-117911_full_synthetic_009345.jpg,1,ai_generated,sid_set_train_flux_e5,train
data/raw/e5_sid_flux/images/row-176281_full_synthetic_041727.jpg,1,ai_generated,sid_set_train_flux_e5,train
data/raw/e5_sid_flux/images/row-11954_full_synthetic_032099.jpg,1,ai_generated,sid_set_train_flux_e5,train
data/raw/e5_sid_flux/images/row-140300_full_synthetic_050892.jpg,1,ai_generated,sid_set_train_flux_e5,train
data/raw/e5_sid_flux/images/row-179983_full_synthetic_053992.jpg,1,ai_generated,sid_set_train_flux_e5,train
data/raw/e5_sid_flux/images/row-175690_full_synthetic_007239.jpg,1,ai_generated,sid_set_train_flux_e5,train
data/raw/e5_sid_flux/images/row-12179_full_synthetic_001905.jpg,1,ai_generated,sid_set_train_flux_e5,train
data/raw/e5_sid_flux/images/row-128191_full_synthetic_067163.jpg,1,ai_generated,sid_set_train_flux_e5,train
data/raw/e5_sid_flux/images/row-27194_full_synthetic_064683.jpg,1,ai_generated,sid_set_train_flux_e5,train
data/raw/e5_sid_flux/images/row-151515_full_synthetic_021069.jpg,1,ai_generated,sid_set_train_flux_e5,train
data/raw/e5_sid_flux/images/row-148249_full_synthetic_046322.jpg,1,ai_generated,sid_set_train_flux_e5,train
data/raw/e5_sid_flux/images/row-169087_full_synthetic_062508.jpg,1,ai_generated,sid_set_train_flux_e5,train
data/raw/e5_sid_flux/images/row-01636_full_synthetic_056118.jpg,1,ai_generated,sid_set_train_flux_e5,train
data/raw/e5_sid_flux/images/row-58141_full_synthetic_009875.jpg,1,ai_generated,sid_set_train_flux_e5,train
data/raw/e5_sid_flux/images/row-51825_full_synthetic_037192.jpg,1,ai_generated,sid_set_train_flux_e5,train
data/raw/e5_sid_flux/images/row-60471_full_synthetic_005219.jpg,1,ai_generated,sid_set_train_flux_e5,train
data/raw/e5_sid_flux/images/row-27952_full_synthetic_049918.jpg,1,ai_generated,sid_set_train_flux_e5,train
data/raw/e5_sid_flux/images/row-39018_full_synthetic_025969.jpg,1,ai_generated,sid_set_train_flux_e5,train
data/raw/e5_sid_flux/images/row-36182_full_synthetic_010590.jpg,1,ai_generated,sid_set_train_flux_e5,train
data/raw/e5_sid_flux/images/row-12101_full_synthetic_001183.jpg,1,ai_generated,sid_set_train_flux_e5,train
data/raw/e5_sid_flux/images/row-100216_full_synthetic_004044.jpg,1,ai_generated,sid_set_train_flux_e5,train
data/raw/e5_sid_flux/images/row-186553_full_synthetic_034397.jpg,1,ai_generated,sid_set_train_flux_e5,train
data/raw/e5_sid_flux/images/row-60404_full_synthetic_035586.jpg,1,ai_generated,sid_set_train_flux_e5,train
data/raw/e5_sid_flux/images/row-128194_full_synthetic_007919.jpg,1,ai_generated,sid_set_train_flux_e5,train
data/raw/e5_sid_flux/images/row-169001_full_synthetic_048002.jpg,1,ai_generated,sid_set_train_flux_e5,train
data/raw/e5_sid_flux/images/row-51896_full_synthetic_001388.jpg,1,ai_generated,sid_set_train_flux_e5,train
data/raw/e5_sid_flux/images/row-72237_full_synthetic_056057.jpg,1,ai_generated,sid_set_train_flux_e5,train
data/raw/e5_sid_flux/images/row-116150_full_synthetic_005137.jpg,1,ai_generated,sid_set_train_flux_e5,train
data/raw/e5_sid_flux/images/row-57957_full_synthetic_061293.jpg,1,ai_generated,sid_set_train_flux_e5,train
data/raw/e5_sid_flux/images/row-173324_full_synthetic_030681.jpg,1,ai_generated,sid_set_train_flux_e5,train
data/raw/e5_sid_flux/images/row-140083_full_synthetic_061250.jpg,1,ai_generated,sid_set_train_flux_e5,train
data/raw/e5_sid_flux/images/row-21327_full_synthetic_027679.jpg,1,ai_generated,sid_set_train_flux_e5,train
data/raw/e5_sid_flux/images/row-12133_full_synthetic_024709.jpg,1,ai_generated,sid_set_train_flux_e5,train
data/raw/e5_sid_flux/images/row-117931_full_synthetic_008280.jpg,1,ai_generated,sid_set_train_flux_e5,train
data/raw/e5_sid_flux/images/row-179923_full_synthetic_016937.jpg,1,ai_generated,sid_set_train_flux_e5,train
data/raw/e5_sid_flux/images/row-94286_full_synthetic_060126.jpg,1,ai_generated,sid_set_train_flux_e5,train
data/raw/e5_sid_flux/images/row-128109_full_synthetic_009870.jpg,1,ai_generated,sid_set_train_flux_e5,train
data/raw/e5_sid_flux/images/row-163385_full_synthetic_048743.jpg,1,ai_generated,sid_set_train_flux_e5,train
data/raw/e5_sid_flux/images/row-78099_full_synthetic_036283.jpg,1,ai_generated,sid_set_train_flux_e5,train
data/raw/e5_sid_flux/images/row-28794_full_synthetic_068509.jpg,1,ai_generated,sid_set_train_flux_e5,train
data/raw/e5_sid_flux/images/row-41154_full_synthetic_043792.jpg,1,ai_generated,sid_set_train_flux_e5,train
data/raw/e5_sid_flux/images/row-125351_full_synthetic_050852.jpg,1,ai_generated,sid_set_train_flux_e5,train
data/raw/e5_sid_flux/images/row-161941_full_synthetic_012078.jpg,1,ai_generated,sid_set_train_flux_e5,train
data/raw/e5_sid_flux/images/row-51282_full_synthetic_043595.jpg,1,ai_generated,sid_set_train_flux_e5,train
data/raw/e5_sid_flux/images/row-195388_full_synthetic_058285.jpg,1,ai_generated,sid_set_train_flux_e5,train
data/raw/e5_sid_flux/images/row-126767_full_synthetic_017419.jpg,1,ai_generated,sid_set_train_flux_e5,train
data/raw/e5_sid_flux/images/row-12145_full_synthetic_000094.jpg,1,ai_generated,sid_set_train_flux_e5,train
data/raw/e5_sid_flux/images/row-191299_full_synthetic_056151.jpg,1,ai_generated,sid_set_train_flux_e5,train
data/raw/e5_sid_flux/images/row-181206_full_synthetic_012251.jpg,1,ai_generated,sid_set_train_flux_e5,train
data/raw/e5_sid_flux/images/row-100231_full_synthetic_058678.jpg,1,ai_generated,sid_set_train_flux_e5,train
data/raw/e5_sid_flux/images/row-55886_full_synthetic_064420.jpg,1,ai_generated,sid_set_train_flux_e5,train
data/raw/e5_sid_flux/images/row-185673_full_synthetic_009205.jpg,1,ai_generated,sid_set_train_flux_e5,train
data/raw/e5_sid_flux/images/row-148206_full_synthetic_003059.jpg,1,ai_generated,sid_set_train_flux_e5,train
data/raw/e5_sid_flux/images/row-72277_full_synthetic_023871.jpg,1,ai_generated,sid_set_train_flux_e5,train
data/raw/e5_sid_flux/images/row-60467_full_synthetic_042672.jpg,1,ai_generated,sid_set_train_flux_e5,train
data/raw/e5_sid_flux/images/row-183054_full_synthetic_042335.jpg,1,ai_generated,sid_set_train_flux_e5,train
data/raw/e5_sid_flux/images/row-57968_full_synthetic_032874.jpg,1,ai_generated,sid_set_train_flux_e5,train
data/raw/e5_sid_flux/images/row-44459_full_synthetic_006778.jpg,1,ai_generated,sid_set_train_flux_e5,train
data/raw/e5_sid_flux/images/row-28742_full_synthetic_019340.jpg,1,ai_generated,sid_set_train_flux_e5,train
data/raw/e5_sid_flux/images/row-128137_full_synthetic_051639.jpg,1,ai_generated,sid_set_train_flux_e5,train
data/raw/e5_sid_flux/images/row-120824_full_synthetic_051276.jpg,1,ai_generated,sid_set_train_flux_e5,train
data/raw/e5_sid_flux/images/row-162976_full_synthetic_041034.jpg,1,ai_generated,sid_set_train_flux_e5,train
data/raw/e5_sid_flux/images/row-185630_full_synthetic_054605.jpg,1,ai_generated,sid_set_train_flux_e5,train
data/raw/e5_sid_flux/images/row-03561_full_synthetic_012672.jpg,1,ai_generated,sid_set_train_flux_e5,train
data/raw/e5_sid_flux/images/row-01864_full_synthetic_005004.jpg,1,ai_generated,sid_set_train_flux_e5,train
data/raw/e5_sid_flux/images/row-198906_full_synthetic_029196.jpg,1,ai_generated,sid_set_train_flux_e5,train
data/raw/e5_sid_flux/images/row-148202_full_synthetic_064308.jpg,1,ai_generated,sid_set_train_flux_e5,train
data/raw/e5_sid_flux/images/row-201992_full_synthetic_009651.jpg,1,ai_generated,sid_set_train_flux_e5,train
data/raw/e5_sid_flux/images/row-140380_full_synthetic_050604.jpg,1,ai_generated,sid_set_train_flux_e5,train
data/raw/e5_sid_flux/images/row-41117_full_synthetic_038801.jpg,1,ai_generated,sid_set_train_flux_e5,train
data/raw/e5_sid_flux/images/row-182014_full_synthetic_026381.jpg,1,ai_generated,sid_set_train_flux_e5,train
data/raw/e5_sid_flux/images/row-43770_full_synthetic_006969.jpg,1,ai_generated,sid_set_train_flux_e5,train
data/raw/e5_sid_flux/images/row-202812_full_synthetic_007480.jpg,1,ai_generated,sid_set_train_flux_e5,train
data/raw/e5_sid_flux/images/row-77553_full_synthetic_022637.jpg,1,ai_generated,sid_set_train_flux_e5,train
data/raw/e5_sid_flux/images/row-111256_full_synthetic_035240.jpg,1,ai_generated,sid_set_train_flux_e5,train
data/raw/e5_sid_flux/images/row-124072_full_synthetic_042894.jpg,1,ai_generated,sid_set_train_flux_e5,train
data/raw/e5_sid_flux/images/row-106365_full_synthetic_026287.jpg,1,ai_generated,sid_set_train_flux_e5,train
data/raw/e5_sid_flux/images/row-19974_full_synthetic_028953.jpg,1,ai_generated,sid_set_train_flux_e5,train
data/raw/e5_sid_flux/images/row-202897_full_synthetic_022771.jpg,1,ai_generated,sid_set_train_flux_e5,train
data/raw/e5_sid_flux/images/row-01885_full_synthetic_069068.jpg,1,ai_generated,sid_set_train_flux_e5,train
data/raw/e5_sid_flux/images/row-90713_full_synthetic_037352.jpg,1,ai_generated,sid_set_train_flux_e5,train
data/raw/e5_sid_flux/images/row-41174_full_synthetic_012040.jpg,1,ai_generated,sid_set_train_flux_e5,train
data/raw/e5_sid_flux/images/row-44442_full_synthetic_004620.jpg,1,ai_generated,sid_set_train_flux_e5,train
data/raw/e5_sid_flux/images/row-147608_full_synthetic_013657.jpg,1,ai_generated,sid_set_train_flux_e5,train
data/raw/e5_sid_flux/images/row-201026_full_synthetic_001859.jpg,1,ai_generated,sid_set_train_flux_e5,train
data/raw/e5_sid_flux/images/row-07098_full_synthetic_012753.jpg,1,ai_generated,sid_set_train_flux_e5,train
data/raw/e5_sid_flux/images/row-77510_full_synthetic_040331.jpg,1,ai_generated,sid_set_train_flux_e5,train
data/raw/e5_sid_flux/images/row-43725_full_synthetic_026631.jpg,1,ai_generated,sid_set_train_flux_e5,train
data/raw/e5_sid_flux/images/row-151546_full_synthetic_003245.jpg,1,ai_generated,sid_set_train_flux_e5,train
data/raw/e5_sid_flux/images/row-17922_full_synthetic_033438.jpg,1,ai_generated,sid_set_train_flux_e5,train
data/raw/e5_sid_flux/images/row-149463_full_synthetic_045060.jpg,1,ai_generated,sid_set_train_flux_e5,train
data/raw/e5_sid_flux/images/row-43758_full_synthetic_024488.jpg,1,ai_generated,sid_set_train_flux_e5,train
data/raw/e5_sid_flux/images/row-47562_full_synthetic_009267.jpg,1,ai_generated,sid_set_train_flux_e5,train
data/raw/e5_sid_flux/images/row-40984_full_synthetic_043513.jpg,1,ai_generated,sid_set_train_flux_e5,train
data/raw/e5_sid_flux/images/row-109946_full_synthetic_057506.jpg,1,ai_generated,sid_set_train_flux_e5,train
data/raw/e5_sid_flux/images/row-180792_full_synthetic_006648.jpg,1,ai_generated,sid_set_train_flux_e5,train
data/raw/e5_sid_flux/images/row-120846_full_synthetic_030492.jpg,1,ai_generated,sid_set_train_flux_e5,train
data/raw/e5_sid_flux/images/row-60423_full_synthetic_062982.jpg,1,ai_generated,sid_set_train_flux_e5,train
data/raw/e5_sid_flux/images/row-125551_full_synthetic_056352.jpg,1,ai_generated,sid_set_train_flux_e5,train
data/raw/e5_sid_flux/images/row-19924_full_synthetic_058547.jpg,1,ai_generated,sid_set_train_flux_e5,train
data/raw/e5_sid_flux/images/row-120856_full_synthetic_057590.jpg,1,ai_generated,sid_set_train_flux_e5,train
data/raw/e5_sid_flux/images/row-159666_full_synthetic_056736.jpg,1,ai_generated,sid_set_train_flux_e5,train
data/raw/e5_sid_flux/images/row-58691_full_synthetic_001087.jpg,1,ai_generated,sid_set_train_flux_e5,train
data/raw/e5_sid_flux/images/row-151599_full_synthetic_030631.jpg,1,ai_generated,sid_set_train_flux_e5,train
data/raw/e5_sid_flux/images/row-51261_full_synthetic_014628.jpg,1,ai_generated,sid_set_train_flux_e5,train
data/raw/e5_sid_flux/images/row-128181_full_synthetic_026041.jpg,1,ai_generated,sid_set_train_flux_e5,train
data/raw/e5_sid_flux/images/row-95556_full_synthetic_052192.jpg,1,ai_generated,sid_set_train_flux_e5,train
data/raw/e5_sid_flux/images/row-83805_full_synthetic_061679.jpg,1,ai_generated,sid_set_train_flux_e5,train
data/raw/e5_sid_flux/images/row-124069_full_synthetic_055362.jpg,1,ai_generated,sid_set_train_flux_e5,train
data/raw/e5_sid_flux/images/row-76881_full_synthetic_030501.jpg,1,ai_generated,sid_set_train_flux_e5,train
data/raw/e5_sid_flux/images/row-130890_full_synthetic_027094.jpg,1,ai_generated,sid_set_train_flux_e5,train
data/raw/e5_sid_flux/images/row-44472_full_synthetic_040718.jpg,1,ai_generated,sid_set_train_flux_e5,train
data/raw/e5_sid_flux/images/row-124004_full_synthetic_051975.jpg,1,ai_generated,sid_set_train_flux_e5,train
data/raw/e5_sid_flux/images/row-77574_full_synthetic_015692.jpg,1,ai_generated,sid_set_train_flux_e5,train
data/raw/e5_sid_flux/images/row-136326_full_synthetic_036733.jpg,1,ai_generated,sid_set_train_flux_e5,train
data/raw/e5_sid_flux/images/row-200303_full_synthetic_005825.jpg,1,ai_generated,sid_set_train_flux_e5,train
data/raw/e5_sid_flux/images/row-185943_full_synthetic_023309.jpg,1,ai_generated,sid_set_train_flux_e5,train
data/raw/e5_sid_flux/images/row-76848_full_synthetic_037858.jpg,1,ai_generated,sid_set_train_flux_e5,train
data/raw/e5_sid_flux/images/row-116185_full_synthetic_031016.jpg,1,ai_generated,sid_set_train_flux_e5,train
data/raw/e5_sid_flux/images/row-112826_full_synthetic_067056.jpg,1,ai_generated,sid_set_train_flux_e5,train
data/raw/e5_sid_flux/images/row-206792_full_synthetic_026494.jpg,1,ai_generated,sid_set_train_flux_e5,train
data/raw/e5_sid_flux/images/row-84756_full_synthetic_001095.jpg,1,ai_generated,sid_set_train_flux_e5,train
data/raw/e5_sid_flux/images/row-208468_full_synthetic_020609.jpg,1,ai_generated,sid_set_train_flux_e5,train
data/raw/e5_sid_flux/images/row-01832_full_synthetic_061635.jpg,1,ai_generated,sid_set_train_flux_e5,train
data/raw/e5_sid_flux/images/row-125587_full_synthetic_033147.jpg,1,ai_generated,sid_set_train_flux_e5,train
data/raw/e5_sid_flux/images/row-06872_full_synthetic_015476.jpg,1,ai_generated,sid_set_train_flux_e5,train
data/raw/e5_sid_flux/images/row-46533_full_synthetic_067539.jpg,1,ai_generated,sid_set_train_flux_e5,train
data/raw/e5_sid_flux/images/row-36158_full_synthetic_004842.jpg,1,ai_generated,sid_set_train_flux_e5,train
data/raw/e5_sid_flux/images/row-148274_full_synthetic_064267.jpg,1,ai_generated,sid_set_train_flux_e5,train
data/raw/e5_sid_flux/images/row-117944_full_synthetic_055598.jpg,1,ai_generated,sid_set_train_flux_e5,train
data/raw/e5_sid_flux/images/row-183060_full_synthetic_033135.jpg,1,ai_generated,sid_set_train_flux_e5,train
data/raw/e5_sid_flux/images/row-186596_full_synthetic_026431.jpg,1,ai_generated,sid_set_train_flux_e5,train
data/raw/e5_sid_flux/images/row-124058_full_synthetic_039624.jpg,1,ai_generated,sid_set_train_flux_e5,train
data/raw/e5_sid_flux/images/row-177182_full_synthetic_029461.jpg,1,ai_generated,sid_set_train_flux_e5,train
data/raw/e5_sid_flux/images/row-162925_full_synthetic_022888.jpg,1,ai_generated,sid_set_train_flux_e5,train
data/raw/e5_sid_flux/images/row-27375_full_synthetic_038242.jpg,1,ai_generated,sid_set_train_flux_e5,train
data/raw/e5_sid_flux/images/row-01666_full_synthetic_063346.jpg,1,ai_generated,sid_set_train_flux_e5,train
data/raw/e5_sid_flux/images/row-161947_full_synthetic_047287.jpg,1,ai_generated,sid_set_train_flux_e5,train
data/raw/e5_sid_flux/images/row-177108_full_synthetic_007281.jpg,1,ai_generated,sid_set_train_flux_e5,train
data/raw/e5_sid_flux/images/row-185953_full_synthetic_019882.jpg,1,ai_generated,sid_set_train_flux_e5,train
data/raw/e5_sid_flux/images/row-75404_full_synthetic_008440.jpg,1,ai_generated,sid_set_train_flux_e5,train
data/raw/e5_sid_flux/images/row-85419_full_synthetic_050406.jpg,1,ai_generated,sid_set_train_flux_e5,train
data/raw/e5_sid_flux/images/row-27316_full_synthetic_031675.jpg,1,ai_generated,sid_set_train_flux_e5,train
data/raw/e5_sid_flux/images/row-51280_full_synthetic_060795.jpg,1,ai_generated,sid_set_train_flux_e5,train
data/raw/e5_sid_flux/images/row-76801_full_synthetic_033405.jpg,1,ai_generated,sid_set_train_flux_e5,train
data/raw/e5_sid_flux/images/row-75481_full_synthetic_064389.jpg,1,ai_generated,sid_set_train_flux_e5,train
data/raw/e5_sid_flux/images/row-186562_full_synthetic_024849.jpg,1,ai_generated,sid_set_train_flux_e5,train
data/raw/e5_sid_flux/images/row-47625_full_synthetic_002656.jpg,1,ai_generated,sid_set_train_flux_e5,train
data/raw/e5_sid_flux/images/row-114915_full_synthetic_023897.jpg,1,ai_generated,sid_set_train_flux_e5,train
data/raw/e5_sid_flux/images/row-80079_full_synthetic_032077.jpg,1,ai_generated,sid_set_train_flux_e5,train
data/raw/e5_sid_flux/images/row-83135_full_synthetic_053620.jpg,1,ai_generated,sid_set_train_flux_e5,train
data/raw/e5_sid_flux/images/row-177146_full_synthetic_000033.jpg,1,ai_generated,sid_set_train_flux_e5,train
data/raw/e5_sid_flux/images/row-201033_full_synthetic_052168.jpg,1,ai_generated,sid_set_train_flux_e5,train
data/raw/e5_sid_flux/images/row-12160_full_synthetic_008603.jpg,1,ai_generated,sid_set_train_flux_e5,train
data/raw/e5_sid_flux/images/row-181216_full_synthetic_062672.jpg,1,ai_generated,sid_set_train_flux_e5,train
data/raw/e5_sid_flux/images/row-124021_full_synthetic_056970.jpg,1,ai_generated,sid_set_train_flux_e5,train
data/raw/e5_sid_flux/images/row-208416_full_synthetic_069562.jpg,1,ai_generated,sid_set_train_flux_e5,train
data/raw/e5_sid_flux/images/row-23832_full_synthetic_055256.jpg,1,ai_generated,sid_set_train_flux_e5,train
data/raw/e5_sid_flux/images/row-195396_full_synthetic_001419.jpg,1,ai_generated,sid_set_train_flux_e5,train
data/raw/e5_sid_flux/images/row-208758_full_synthetic_034668.jpg,1,ai_generated,sid_set_train_flux_e5,train
data/raw/e5_sid_flux/images/row-181293_full_synthetic_013182.jpg,1,ai_generated,sid_set_train_flux_e5,train
data/raw/e5_sid_flux/images/row-117989_full_synthetic_045680.jpg,1,ai_generated,sid_set_train_flux_e5,train
data/raw/e5_sid_flux/images/row-17994_full_synthetic_007212.jpg,1,ai_generated,sid_set_train_flux_e5,train
data/raw/e5_sid_flux/images/row-62774_full_synthetic_053963.jpg,1,ai_generated,sid_set_train_flux_e5,train
data/raw/e5_sid_flux/images/row-195684_full_synthetic_033480.jpg,1,ai_generated,sid_set_train_flux_e5,train
data/raw/e5_sid_flux/images/row-40954_full_synthetic_033265.jpg,1,ai_generated,sid_set_train_flux_e5,train
data/raw/e5_sid_flux/images/row-62732_full_synthetic_023508.jpg,1,ai_generated,sid_set_train_flux_e5,train
data/raw/e5_sid_flux/images/row-155611_full_synthetic_014376.jpg,1,ai_generated,sid_set_train_flux_e5,train
data/raw/e5_sid_flux/images/row-181238_full_synthetic_013210.jpg,1,ai_generated,sid_set_train_flux_e5,train
data/raw/e5_sid_flux/images/row-115401_full_synthetic_051299.jpg,1,ai_generated,sid_set_train_flux_e5,train
data/raw/e5_sid_flux/images/row-107950_full_synthetic_013281.jpg,1,ai_generated,sid_set_train_flux_e5,train
data/raw/e5_sid_flux/images/row-39098_full_synthetic_017371.jpg,1,ai_generated,sid_set_train_flux_e5,train
data/raw/e5_sid_flux/images/row-107930_full_synthetic_053153.jpg,1,ai_generated,sid_set_train_flux_e5,train
data/raw/e5_sid_flux/images/row-109904_full_synthetic_038153.jpg,1,ai_generated,sid_set_train_flux_e5,train
data/raw/e5_sid_flux/images/row-128117_full_synthetic_043234.jpg,1,ai_generated,sid_set_train_flux_e5,train
data/raw/e5_sid_flux/images/row-65791_full_synthetic_015003.jpg,1,ai_generated,sid_set_train_flux_e5,train
data/raw/e5_sid_flux/images/row-11986_full_synthetic_058824.jpg,1,ai_generated,sid_set_train_flux_e5,train
data/raw/e5_sid_flux/images/row-185944_full_synthetic_000845.jpg,1,ai_generated,sid_set_train_flux_e5,train
data/raw/e5_sid_flux/images/row-09991_full_synthetic_026354.jpg,1,ai_generated,sid_set_train_flux_e5,train
data/raw/e5_sid_flux/images/row-48167_full_synthetic_005839.jpg,1,ai_generated,sid_set_train_flux_e5,train
data/raw/e5_sid_flux/images/row-158374_full_synthetic_009518.jpg,1,ai_generated,sid_set_train_flux_e5,train
data/raw/e5_sid_flux/images/row-111277_full_synthetic_007543.jpg,1,ai_generated,sid_set_train_flux_e5,train
data/raw/e5_sid_flux/images/row-190871_full_synthetic_051882.jpg,1,ai_generated,sid_set_train_flux_e5,train
data/raw/e5_sid_flux/images/row-06802_full_synthetic_027264.jpg,1,ai_generated,sid_set_train_flux_e5,train
data/raw/e5_sid_flux/images/row-159604_full_synthetic_029829.jpg,1,ai_generated,sid_set_train_flux_e5,train
data/raw/e5_sid_flux/images/row-185909_full_synthetic_059627.jpg,1,ai_generated,sid_set_train_flux_e5,train
data/raw/e5_sid_flux/images/row-185935_full_synthetic_010173.jpg,1,ai_generated,sid_set_train_flux_e5,train
data/raw/e5_sid_flux/images/row-41115_full_synthetic_018421.jpg,1,ai_generated,sid_set_train_flux_e5,train
data/raw/e5_sid_flux/images/row-149481_full_synthetic_063402.jpg,1,ai_generated,sid_set_train_flux_e5,train
data/raw/e5_sid_flux/images/row-07072_full_synthetic_058787.jpg,1,ai_generated,sid_set_train_flux_e5,train
data/raw/e5_sid_flux/images/row-156400_full_synthetic_026340.jpg,1,ai_generated,sid_set_train_flux_e5,train
data/raw/e5_sid_flux/images/row-156465_full_synthetic_017221.jpg,1,ai_generated,sid_set_train_flux_e5,train
data/raw/e5_sid_flux/images/row-40916_full_synthetic_065127.jpg,1,ai_generated,sid_set_train_flux_e5,train
data/raw/e5_sid_flux/images/row-183083_full_synthetic_019794.jpg,1,ai_generated,sid_set_train_flux_e5,train
data/raw/e5_sid_flux/images/row-175645_full_synthetic_003125.jpg,1,ai_generated,sid_set_train_flux_e5,train
data/raw/e5_sid_flux/images/row-39585_full_synthetic_001104.jpg,1,ai_generated,sid_set_train_flux_e5,train
data/raw/e5_sid_flux/images/row-126779_full_synthetic_039525.jpg,1,ai_generated,sid_set_train_flux_e5,train
data/raw/e5_sid_flux/images/row-114926_full_synthetic_062630.jpg,1,ai_generated,sid_set_train_flux_e5,train
data/raw/e5_sid_flux/images/row-06827_full_synthetic_043949.jpg,1,ai_generated,sid_set_train_flux_e5,train
data/raw/e5_sid_flux/images/row-115499_full_synthetic_004780.jpg,1,ai_generated,sid_set_train_flux_e5,train
data/raw/e5_sid_flux/images/row-158351_full_synthetic_020435.jpg,1,ai_generated,sid_set_train_flux_e5,train
data/raw/e5_sid_flux/images/row-191251_full_synthetic_052517.jpg,1,ai_generated,sid_set_train_flux_e5,train
data/raw/e5_sid_flux/images/row-141989_full_synthetic_010910.jpg,1,ai_generated,sid_set_train_flux_e5,train
data/raw/e5_sid_flux/images/row-190838_full_synthetic_043225.jpg,1,ai_generated,sid_set_train_flux_e5,train
data/raw/e5_sid_flux/images/row-19964_full_synthetic_049955.jpg,1,ai_generated,sid_set_train_flux_e5,train
data/raw/e5_sid_flux/images/row-85463_full_synthetic_058047.jpg,1,ai_generated,sid_set_train_flux_e5,train
data/raw/e5_sid_flux/images/row-39500_full_synthetic_051471.jpg,1,ai_generated,sid_set_train_flux_e5,train
data/raw/e5_sid_flux/images/row-125342_full_synthetic_047817.jpg,1,ai_generated,sid_set_train_flux_e5,train
data/raw/e5_sid_flux/images/row-19994_full_synthetic_060824.jpg,1,ai_generated,sid_set_train_flux_e5,train
data/raw/e5_sid_flux/images/row-158338_full_synthetic_040941.jpg,1,ai_generated,sid_set_train_flux_e5,train
data/raw/e5_sid_flux/images/row-190956_full_synthetic_035810.jpg,1,ai_generated,sid_set_train_flux_e5,train
data/raw/e5_sid_flux/images/row-114953_full_synthetic_053283.jpg,1,ai_generated,sid_set_train_flux_e5,train
data/raw/e5_sid_flux/images/row-61052_full_synthetic_017001.jpg,1,ai_generated,sid_set_train_flux_e5,train
data/raw/e5_sid_flux/images/row-125556_full_synthetic_049423.jpg,1,ai_generated,sid_set_train_flux_e5,train
data/raw/e5_sid_flux/images/row-195615_full_synthetic_000175.jpg,1,ai_generated,sid_set_train_flux_e5,train
data/raw/e5_sid_flux/images/row-21351_full_synthetic_056630.jpg,1,ai_generated,sid_set_train_flux_e5,train
data/raw/e5_sid_flux/images/row-27980_full_synthetic_037044.jpg,1,ai_generated,sid_set_train_flux_e5,train
data/raw/e5_sid_flux/images/row-83831_full_synthetic_030672.jpg,1,ai_generated,sid_set_train_flux_e5,train
data/raw/e5_sid_flux/images/row-155607_full_synthetic_048922.jpg,1,ai_generated,sid_set_train_flux_e5,train
data/raw/e5_sid_flux/images/row-155662_full_synthetic_005511.jpg,1,ai_generated,sid_set_train_flux_e5,train
data/raw/e5_sid_flux/images/row-01605_full_synthetic_035853.jpg,1,ai_generated,sid_set_train_flux_e5,train
data/raw/e5_sid_flux/images/row-61066_full_synthetic_045069.jpg,1,ai_generated,sid_set_train_flux_e5,train
data/raw/e5_sid_flux/images/row-83101_full_synthetic_056229.jpg,1,ai_generated,sid_set_train_flux_e5,train
data/raw/e5_sid_flux/images/row-162938_full_synthetic_054066.jpg,1,ai_generated,sid_set_train_flux_e5,train
data/raw/e5_sid_flux/images/row-120842_full_synthetic_029158.jpg,1,ai_generated,sid_set_train_flux_e5,train
data/raw/e5_sid_flux/images/row-07031_full_synthetic_052286.jpg,1,ai_generated,sid_set_train_flux_e5,train
data/raw/e5_sid_flux/images/row-84705_full_synthetic_030285.jpg,1,ai_generated,sid_set_train_flux_e5,train
data/raw/e5_sid_flux/images/row-182072_full_synthetic_043969.jpg,1,ai_generated,sid_set_train_flux_e5,train
data/raw/e5_sid_flux/images/row-148244_full_synthetic_031080.jpg,1,ai_generated,sid_set_train_flux_e5,train
data/raw/e5_sid_flux/images/row-06878_full_synthetic_061536.jpg,1,ai_generated,sid_set_train_flux_e5,train
data/raw/e5_sid_flux/images/row-122959_full_synthetic_043958.jpg,1,ai_generated,sid_set_train_flux_e5,train
data/raw/e5_sid_flux/images/row-122906_full_synthetic_021725.jpg,1,ai_generated,sid_set_train_flux_e5,train
data/raw/e5_sid_flux/images/row-57904_full_synthetic_023381.jpg,1,ai_generated,sid_set_train_flux_e5,train
data/raw/e5_sid_flux/images/row-143398_full_synthetic_047876.jpg,1,ai_generated,sid_set_train_flux_e5,train
data/raw/e5_sid_flux/images/row-61470_full_synthetic_036216.jpg,1,ai_generated,sid_set_train_flux_e5,train
data/raw/e5_sid_flux/images/row-58611_full_synthetic_053715.jpg,1,ai_generated,sid_set_train_flux_e5,train
data/raw/e5_sid_flux/images/row-182044_full_synthetic_059235.jpg,1,ai_generated,sid_set_train_flux_e5,train
data/raw/e5_sid_flux/images/row-180705_full_synthetic_064347.jpg,1,ai_generated,sid_set_train_flux_e5,train
data/raw/e5_sid_flux/images/row-185992_full_synthetic_025820.jpg,1,ai_generated,sid_set_train_flux_e5,train
data/raw/e5_sid_flux/images/row-127211_full_synthetic_006581.jpg,1,ai_generated,sid_set_train_flux_e5,train
data/raw/e5_sid_flux/images/row-160074_full_synthetic_042839.jpg,1,ai_generated,sid_set_train_flux_e5,train
data/raw/e5_sid_flux/images/row-94283_full_synthetic_044013.jpg,1,ai_generated,sid_set_train_flux_e5,train
data/raw/e5_sid_flux/images/row-31597_full_synthetic_035119.jpg,1,ai_generated,sid_set_train_flux_e5,train
data/raw/e5_sid_flux/images/row-111274_full_synthetic_048566.jpg,1,ai_generated,sid_set_train_flux_e5,train
data/raw/e5_sid_flux/images/row-208451_full_synthetic_061429.jpg,1,ai_generated,sid_set_train_flux_e5,train
data/raw/e5_sid_flux/images/row-84786_full_synthetic_002210.jpg,1,ai_generated,sid_set_train_flux_e5,train
data/raw/e5_sid_flux/images/row-165414_full_synthetic_052299.jpg,1,ai_generated,sid_set_train_flux_e5,train
data/raw/e5_sid_flux/images/row-01689_full_synthetic_016597.jpg,1,ai_generated,sid_set_train_flux_e5,train
data/raw/e5_sid_flux/images/row-179954_full_synthetic_039134.jpg,1,ai_generated,sid_set_train_flux_e5,train
data/raw/e5_sid_flux/images/row-169000_full_synthetic_024249.jpg,1,ai_generated,sid_set_train_flux_e5,train
data/raw/e5_sid_flux/images/row-61095_full_synthetic_020029.jpg,1,ai_generated,sid_set_train_flux_e5,train
data/raw/e5_sid_flux/images/row-124015_full_synthetic_052973.jpg,1,ai_generated,sid_set_train_flux_e5,train
data/raw/e5_sid_flux/images/row-58167_full_synthetic_008049.jpg,1,ai_generated,sid_set_train_flux_e5,train
data/raw/e5_sid_flux/images/row-140074_full_synthetic_008457.jpg,1,ai_generated,sid_set_train_flux_e5,train
data/raw/e5_sid_flux/images/row-55824_full_synthetic_011417.jpg,1,ai_generated,sid_set_train_flux_e5,train
data/raw/e5_sid_flux/images/row-90730_full_synthetic_059945.jpg,1,ai_generated,sid_set_train_flux_e5,train
data/raw/e5_sid_flux/images/row-109961_full_synthetic_058322.jpg,1,ai_generated,sid_set_train_flux_e5,train
data/raw/e5_sid_flux/images/row-160097_full_synthetic_032039.jpg,1,ai_generated,sid_set_train_flux_e5,train
data/raw/e5_sid_flux/images/row-125377_full_synthetic_008700.jpg,1,ai_generated,sid_set_train_flux_e5,train
data/raw/e5_sid_flux/images/row-60482_full_synthetic_010181.jpg,1,ai_generated,sid_set_train_flux_e5,train
data/raw/e5_sid_flux/images/row-84770_full_synthetic_019644.jpg,1,ai_generated,sid_set_train_flux_e5,train
data/raw/e5_sid_flux/images/row-100263_full_synthetic_046372.jpg,1,ai_generated,sid_set_train_flux_e5,train
data/raw/e5_sid_flux/images/row-160027_full_synthetic_050841.jpg,1,ai_generated,sid_set_train_flux_e5,train
data/raw/e5_sid_flux/images/row-141971_full_synthetic_016205.jpg,1,ai_generated,sid_set_train_flux_e5,train
data/raw/e5_sid_flux/images/row-06841_full_synthetic_005188.jpg,1,ai_generated,sid_set_train_flux_e5,train
data/raw/e5_sid_flux/images/row-58692_full_synthetic_040409.jpg,1,ai_generated,sid_set_train_flux_e5,train
data/raw/e5_sid_flux/images/row-149464_full_synthetic_023834.jpg,1,ai_generated,sid_set_train_flux_e5,train
data/raw/e5_sid_flux/images/row-179903_full_synthetic_069902.jpg,1,ai_generated,sid_set_train_flux_e5,train
data/raw/e5_sid_flux/images/row-47652_full_synthetic_061448.jpg,1,ai_generated,sid_set_train_flux_e5,train
data/raw/e5_sid_flux/images/row-116162_full_synthetic_067580.jpg,1,ai_generated,sid_set_train_flux_e5,train
data/raw/e5_sid_flux/images/row-143310_full_synthetic_052322.jpg,1,ai_generated,sid_set_train_flux_e5,train
data/raw/e5_sid_flux/images/row-202881_full_synthetic_005731.jpg,1,ai_generated,sid_set_train_flux_e5,train
data/raw/e5_sid_flux/images/row-44453_full_synthetic_004263.jpg,1,ai_generated,sid_set_train_flux_e5,train
data/raw/e5_sid_flux/images/row-182081_full_synthetic_019336.jpg,1,ai_generated,sid_set_train_flux_e5,train
data/raw/e5_sid_flux/images/row-202803_full_synthetic_023573.jpg,1,ai_generated,sid_set_train_flux_e5,train
data/raw/e5_sid_flux/images/row-206701_full_synthetic_052708.jpg,1,ai_generated,sid_set_train_flux_e5,train
data/raw/e5_sid_flux/images/row-173358_full_synthetic_001403.jpg,1,ai_generated,sid_set_train_flux_e5,train
data/raw/e5_sid_flux/images/row-62714_full_synthetic_021172.jpg,1,ai_generated,sid_set_train_flux_e5,train
data/raw/e5_sid_flux/images/row-185623_full_synthetic_048359.jpg,1,ai_generated,sid_set_train_flux_e5,train
data/raw/e5_sid_flux/images/row-95326_full_synthetic_066785.jpg,1,ai_generated,sid_set_train_flux_e5,train
data/raw/e5_sid_flux/images/row-175670_full_synthetic_052768.jpg,1,ai_generated,sid_set_train_flux_e5,train
data/raw/e5_sid_flux/images/row-19949_full_synthetic_003723.jpg,1,ai_generated,sid_set_train_flux_e5,train
data/raw/e5_sid_flux/images/row-85494_full_synthetic_057134.jpg,1,ai_generated,sid_set_train_flux_e5,train
data/raw/e5_sid_flux/images/row-148230_full_synthetic_044350.jpg,1,ai_generated,sid_set_train_flux_e5,train
data/raw/e5_sid_flux/images/row-139831_full_synthetic_061020.jpg,1,ai_generated,sid_set_train_flux_e5,train
data/raw/e5_sid_flux/images/row-136398_full_synthetic_068551.jpg,1,ai_generated,sid_set_train_flux_e5,train
data/raw/e5_sid_flux/images/row-100232_full_synthetic_009455.jpg,1,ai_generated,sid_set_train_flux_e5,train
data/raw/e5_sid_flux/images/row-83891_full_synthetic_063859.jpg,1,ai_generated,sid_set_train_flux_e5,train
data/raw/e5_sid_flux/images/row-155636_full_synthetic_042023.jpg,1,ai_generated,sid_set_train_flux_e5,train
data/raw/e5_sid_flux/images/row-135161_full_synthetic_051375.jpg,1,ai_generated,sid_set_train_flux_e5,train
data/raw/e5_sid_flux/images/row-127255_full_synthetic_058363.jpg,1,ai_generated,sid_set_train_flux_e5,train
data/raw/e5_sid_flux/images/row-03439_full_synthetic_067005.jpg,1,ai_generated,sid_set_train_flux_e5,train
data/raw/e5_sid_flux/images/row-186571_full_synthetic_017025.jpg,1,ai_generated,sid_set_train_flux_e5,train
data/raw/e5_sid_flux/images/row-67787_full_synthetic_015168.jpg,1,ai_generated,sid_set_train_flux_e5,train
data/raw/e5_sid_flux/images/row-27360_full_synthetic_063463.jpg,1,ai_generated,sid_set_train_flux_e5,train
data/raw/e5_sid_flux/images/row-179966_full_synthetic_004785.jpg,1,ai_generated,sid_set_train_flux_e5,train
data/raw/e5_sid_flux/images/row-140019_full_synthetic_052134.jpg,1,ai_generated,sid_set_train_flux_e5,train
data/raw/e5_sid_flux/images/row-201047_full_synthetic_052360.jpg,1,ai_generated,sid_set_train_flux_e5,train
data/raw/e5_sid_flux/images/row-95318_full_synthetic_027200.jpg,1,ai_generated,sid_set_train_flux_e5,train
data/raw/e5_sid_flux/images/row-78071_full_synthetic_067276.jpg,1,ai_generated,sid_set_train_flux_e5,train
data/raw/e5_sid_flux/images/row-27974_full_synthetic_052945.jpg,1,ai_generated,sid_set_train_flux_e5,train
data/raw/e5_sid_flux/images/row-195375_full_synthetic_059918.jpg,1,ai_generated,sid_set_train_flux_e5,train
data/raw/e5_sid_flux/images/row-83131_full_synthetic_008153.jpg,1,ai_generated,sid_set_train_flux_e5,train
data/raw/e5_sid_flux/images/row-112888_full_synthetic_009109.jpg,1,ai_generated,sid_set_train_flux_e5,train
data/raw/e5_sid_flux/images/row-208789_full_synthetic_029475.jpg,1,ai_generated,sid_set_train_flux_e5,train
data/raw/e5_sid_flux/images/row-47512_full_synthetic_016416.jpg,1,ai_generated,sid_set_train_flux_e5,train
data/raw/e5_sid_flux/images/row-114920_full_synthetic_043663.jpg,1,ai_generated,sid_set_train_flux_e5,train
data/raw/e5_sid_flux/images/row-78010_full_synthetic_000084.jpg,1,ai_generated,sid_set_train_flux_e5,train
data/raw/e5_sid_flux/images/row-43701_full_synthetic_060886.jpg,1,ai_generated,sid_set_train_flux_e5,train
data/raw/e5_sid_flux/images/row-58648_full_synthetic_004827.jpg,1,ai_generated,sid_set_train_flux_e5,train
data/raw/e5_sid_flux/images/row-173311_full_synthetic_037458.jpg,1,ai_generated,sid_set_train_flux_e5,train
data/raw/e5_sid_flux/images/row-120801_full_synthetic_020582.jpg,1,ai_generated,sid_set_train_flux_e5,train
data/raw/e5_sid_flux/images/row-21360_full_synthetic_020232.jpg,1,ai_generated,sid_set_train_flux_e5,train
data/raw/e5_sid_flux/images/row-185989_full_synthetic_047420.jpg,1,ai_generated,sid_set_train_flux_e5,train
data/raw/e5_sid_flux/images/row-48140_full_synthetic_018807.jpg,1,ai_generated,sid_set_train_flux_e5,train
data/raw/e5_sid_flux/images/row-111286_full_synthetic_064426.jpg,1,ai_generated,sid_set_train_flux_e5,train
data/raw/e5_sid_flux/images/row-111559_full_synthetic_034812.jpg,1,ai_generated,sid_set_train_flux_e5,train
data/raw/e5_sid_flux/images/row-130832_full_synthetic_054112.jpg,1,ai_generated,sid_set_train_flux_e5,train
data/raw/e5_sid_flux/images/row-03559_full_synthetic_008390.jpg,1,ai_generated,sid_set_train_flux_e5,train
data/raw/e5_sid_flux/images/row-185671_full_synthetic_006930.jpg,1,ai_generated,sid_set_train_flux_e5,train
data/raw/e5_sid_flux/images/row-83186_full_synthetic_021463.jpg,1,ai_generated,sid_set_train_flux_e5,train
data/raw/e5_sid_flux/images/row-65721_full_synthetic_038410.jpg,1,ai_generated,sid_set_train_flux_e5,train
data/raw/e5_sid_flux/images/row-117953_full_synthetic_027847.jpg,1,ai_generated,sid_set_train_flux_e5,train
data/raw/e5_sid_flux/images/row-200364_full_synthetic_030140.jpg,1,ai_generated,sid_set_train_flux_e5,train
data/raw/e5_sid_flux/images/row-208414_full_synthetic_024823.jpg,1,ai_generated,sid_set_train_flux_e5,train
data/raw/e5_sid_flux/images/row-44481_full_synthetic_052968.jpg,1,ai_generated,sid_set_train_flux_e5,train
data/raw/e5_sid_flux/images/row-152886_full_synthetic_060066.jpg,1,ai_generated,sid_set_train_flux_e5,train
data/raw/e5_sid_flux/images/row-208441_full_synthetic_033257.jpg,1,ai_generated,sid_set_train_flux_e5,train
data/raw/e5_sid_flux/images/row-11998_full_synthetic_044981.jpg,1,ai_generated,sid_set_train_flux_e5,train
data/raw/e5_sid_flux/images/row-140321_full_synthetic_025112.jpg,1,ai_generated,sid_set_train_flux_e5,train
data/raw/e5_sid_flux/images/row-90772_full_synthetic_063928.jpg,1,ai_generated,sid_set_train_flux_e5,train
data/raw/e5_sid_flux/images/row-07053_full_synthetic_065417.jpg,1,ai_generated,sid_set_train_flux_e5,train
data/raw/e5_sid_flux/images/row-181264_full_synthetic_038177.jpg,1,ai_generated,sid_set_train_flux_e5,train
data/raw/e5_sid_flux/images/row-202842_full_synthetic_015954.jpg,1,ai_generated,sid_set_train_flux_e5,train
data/raw/e5_sid_flux/images/row-191201_full_synthetic_008763.jpg,1,ai_generated,sid_set_train_flux_e5,train
data/raw/e5_sid_flux/images/row-51215_full_synthetic_051831.jpg,1,ai_generated,sid_set_train_flux_e5,train
data/raw/e5_sid_flux/images/row-185973_full_synthetic_053110.jpg,1,ai_generated,sid_set_train_flux_e5,train
data/raw/e5_sid_flux/images/row-160091_full_synthetic_030841.jpg,1,ai_generated,sid_set_train_flux_e5,train
data/raw/e5_sid_flux/images/row-120866_full_synthetic_037335.jpg,1,ai_generated,sid_set_train_flux_e5,train
data/raw/e5_sid_flux/images/row-75475_full_synthetic_004163.jpg,1,ai_generated,sid_set_train_flux_e5,train
data/raw/e5_sid_flux/images/row-182061_full_synthetic_055753.jpg,1,ai_generated,sid_set_train_flux_e5,train
data/raw/e5_sid_flux/images/row-141985_full_synthetic_016746.jpg,1,ai_generated,sid_set_train_flux_e5,train
data/raw/e5_sid_flux/images/row-47510_full_synthetic_000737.jpg,1,ai_generated,sid_set_train_flux_e5,train
data/raw/e5_sid_flux/images/row-01673_full_synthetic_013247.jpg,1,ai_generated,sid_set_train_flux_e5,train
data/raw/e5_sid_flux/images/row-51220_full_synthetic_012201.jpg,1,ai_generated,sid_set_train_flux_e5,train
data/raw/e5_sid_flux/images/row-128150_full_synthetic_010127.jpg,1,ai_generated,sid_set_train_flux_e5,train
data/raw/e5_sid_flux/images/row-208778_full_synthetic_068545.jpg,1,ai_generated,sid_set_train_flux_e5,train
data/raw/e5_sid_flux/images/row-83851_full_synthetic_041164.jpg,1,ai_generated,sid_set_train_flux_e5,train
data/raw/e5_sid_flux/images/row-139835_full_synthetic_006330.jpg,1,ai_generated,sid_set_train_flux_e5,train
data/raw/e5_sid_flux/images/row-111278_full_synthetic_057169.jpg,1,ai_generated,sid_set_train_flux_e5,train
data/raw/e5_sid_flux/images/row-80054_full_synthetic_009857.jpg,1,ai_generated,sid_set_train_flux_e5,train
data/raw/e5_sid_flux/images/row-181296_full_synthetic_006333.jpg,1,ai_generated,sid_set_train_flux_e5,train
data/raw/e5_sid_flux/images/row-111279_full_synthetic_068705.jpg,1,ai_generated,sid_set_train_flux_e5,train
data/raw/e5_sid_flux/images/row-186583_full_synthetic_024085.jpg,1,ai_generated,sid_set_train_flux_e5,train
data/raw/e5_sid_flux/images/row-107918_full_synthetic_026573.jpg,1,ai_generated,sid_set_train_flux_e5,train
data/raw/e5_sid_flux/images/row-206703_full_synthetic_007147.jpg,1,ai_generated,sid_set_train_flux_e5,train
data/raw/e5_sid_flux/images/row-19996_full_synthetic_008655.jpg,1,ai_generated,sid_set_train_flux_e5,train
data/raw/e5_sid_flux/images/row-161932_full_synthetic_066987.jpg,1,ai_generated,sid_set_train_flux_e5,train
data/raw/e5_sid_flux/images/row-62737_full_synthetic_056409.jpg,1,ai_generated,sid_set_train_flux_e5,train
data/raw/e5_sid_flux/images/row-139860_full_synthetic_045290.jpg,1,ai_generated,sid_set_train_flux_e5,train
data/raw/e5_sid_flux/images/row-03414_full_synthetic_054464.jpg,1,ai_generated,sid_set_train_flux_e5,train
data/raw/e5_sid_flux/images/row-180775_full_synthetic_014293.jpg,1,ai_generated,sid_set_train_flux_e5,train
data/raw/e5_sid_flux/images/row-148247_full_synthetic_046188.jpg,1,ai_generated,sid_set_train_flux_e5,train
data/raw/e5_sid_flux/images/row-07048_full_synthetic_016656.jpg,1,ai_generated,sid_set_train_flux_e5,train
data/raw/e5_sid_flux/images/row-198939_full_synthetic_062179.jpg,1,ai_generated,sid_set_train_flux_e5,train
data/raw/e5_sid_flux/images/row-161980_full_synthetic_044064.jpg,1,ai_generated,sid_set_train_flux_e5,train
data/raw/e5_sid_flux/images/row-208486_full_synthetic_049591.jpg,1,ai_generated,sid_set_train_flux_e5,train
data/raw/e5_sid_flux/images/row-106329_full_synthetic_064040.jpg,1,ai_generated,sid_set_train_flux_e5,train
data/raw/e5_sid_flux/images/row-106332_full_synthetic_067609.jpg,1,ai_generated,sid_set_train_flux_e5,train
data/raw/e5_sid_flux/images/row-139838_full_synthetic_008982.jpg,1,ai_generated,sid_set_train_flux_e5,train
data/raw/e5_sid_flux/images/row-164627_full_synthetic_056526.jpg,1,ai_generated,sid_set_train_flux_e5,train
data/raw/e5_sid_flux/images/row-27955_full_synthetic_041288.jpg,1,ai_generated,sid_set_train_flux_e5,train
data/raw/e5_sid_flux/images/row-41118_full_synthetic_049136.jpg,1,ai_generated,sid_set_train_flux_e5,train
data/raw/e5_sid_flux/images/row-177124_full_synthetic_036562.jpg,1,ai_generated,sid_set_train_flux_e5,train
data/raw/e5_sid_flux/images/row-183014_full_synthetic_041051.jpg,1,ai_generated,sid_set_train_flux_e5,train
data/raw/e5_sid_flux/images/row-139475_full_synthetic_001710.jpg,1,ai_generated,sid_set_train_flux_e5,train
data/raw/e5_sid_flux/images/row-57935_full_synthetic_047345.jpg,1,ai_generated,sid_set_train_flux_e5,train
data/raw/e5_sid_flux/images/row-76808_full_synthetic_025134.jpg,1,ai_generated,sid_set_train_flux_e5,train
data/raw/e5_sid_flux/images/row-107973_full_synthetic_007213.jpg,1,ai_generated,sid_set_train_flux_e5,train
data/raw/e5_sid_flux/images/row-180737_full_synthetic_043991.jpg,1,ai_generated,sid_set_train_flux_e5,train
data/raw/e5_sid_flux/images/row-158362_full_synthetic_004378.jpg,1,ai_generated,sid_set_train_flux_e5,train
data/raw/e5_sid_flux/images/row-190806_full_synthetic_018309.jpg,1,ai_generated,sid_set_train_flux_e5,train
data/raw/e5_sid_flux/images/row-139485_full_synthetic_014194.jpg,1,ai_generated,sid_set_train_flux_e5,train
data/raw/e5_sid_flux/images/row-165400_full_synthetic_047341.jpg,1,ai_generated,sid_set_train_flux_e5,train
data/raw/e5_sid_flux/images/row-01676_full_synthetic_068905.jpg,1,ai_generated,sid_set_train_flux_e5,train
data/raw/e5_sid_flux/images/row-140327_full_synthetic_040323.jpg,1,ai_generated,sid_set_train_flux_e5,train
data/raw/e5_sid_flux/images/row-19945_full_synthetic_057151.jpg,1,ai_generated,sid_set_train_flux_e5,train
data/raw/e5_sid_flux/images/row-107963_full_synthetic_045774.jpg,1,ai_generated,sid_set_train_flux_e5,train
data/raw/e5_sid_flux/images/row-11979_full_synthetic_000091.jpg,1,ai_generated,sid_set_train_flux_e5,train
data/raw/e5_sid_flux/images/row-198961_full_synthetic_067116.jpg,1,ai_generated,sid_set_train_flux_e5,train
data/raw/e5_sid_flux/images/row-61030_full_synthetic_043439.jpg,1,ai_generated,sid_set_train_flux_e5,train
data/raw/e5_sid_flux/images/row-51890_full_synthetic_044273.jpg,1,ai_generated,sid_set_train_flux_e5,train
data/raw/e5_sid_flux/images/row-109922_full_synthetic_063932.jpg,1,ai_generated,sid_set_train_flux_e5,train
data/raw/e5_sid_flux/images/row-185919_full_synthetic_061159.jpg,1,ai_generated,sid_set_train_flux_e5,train
data/raw/e5_sid_flux/images/row-202843_full_synthetic_066311.jpg,1,ai_generated,sid_set_train_flux_e5,train
data/raw/e5_sid_flux/images/row-28781_full_synthetic_067909.jpg,1,ai_generated,sid_set_train_flux_e5,train
data/raw/e5_sid_flux/images/row-07080_full_synthetic_065177.jpg,1,ai_generated,sid_set_train_flux_e5,train
data/raw/e5_sid_flux/images/row-03443_full_synthetic_032028.jpg,1,ai_generated,sid_set_train_flux_e5,train
data/raw/e5_sid_flux/images/row-84749_full_synthetic_040611.jpg,1,ai_generated,sid_set_train_flux_e5,train
data/raw/e5_sid_flux/images/row-164613_full_synthetic_017454.jpg,1,ai_generated,sid_set_train_flux_e5,train
data/raw/e5_sid_flux/images/row-57960_full_synthetic_020248.jpg,1,ai_generated,sid_set_train_flux_e5,train
data/raw/e5_sid_flux/images/row-38693_full_synthetic_058542.jpg,1,ai_generated,sid_set_train_flux_e5,train
data/raw/e5_sid_flux/images/row-152812_full_synthetic_059225.jpg,1,ai_generated,sid_set_train_flux_e5,train
data/raw/e5_sid_flux/images/row-185681_full_synthetic_036641.jpg,1,ai_generated,sid_set_train_flux_e5,train
data/raw/e5_sid_flux/images/row-181236_full_synthetic_054639.jpg,1,ai_generated,sid_set_train_flux_e5,train
data/raw/e5_sid_flux/images/row-77548_full_synthetic_028779.jpg,1,ai_generated,sid_set_train_flux_e5,train
data/raw/e5_sid_flux/images/row-165484_full_synthetic_062447.jpg,1,ai_generated,sid_set_train_flux_e5,train
data/raw/e5_sid_flux/images/row-141919_full_synthetic_002072.jpg,1,ai_generated,sid_set_train_flux_e5,train
data/raw/e5_sid_flux/images/row-27354_full_synthetic_019450.jpg,1,ai_generated,sid_set_train_flux_e5,train
data/raw/e5_sid_flux/images/row-177142_full_synthetic_017949.jpg,1,ai_generated,sid_set_train_flux_e5,train
data/raw/e5_sid_flux/images/row-176233_full_synthetic_001783.jpg,1,ai_generated,sid_set_train_flux_e5,train
data/raw/e5_sid_flux/images/row-12152_full_synthetic_008709.jpg,1,ai_generated,sid_set_train_flux_e5,train
data/raw/e5_sid_flux/images/row-140302_full_synthetic_003080.jpg,1,ai_generated,sid_set_train_flux_e5,train
data/raw/e5_sid_flux/images/row-206771_full_synthetic_058689.jpg,1,ai_generated,sid_set_train_flux_e5,train
data/raw/e5_sid_flux/images/row-72292_full_synthetic_042585.jpg,1,ai_generated,sid_set_train_flux_e5,train
data/raw/e5_sid_flux/images/row-195345_full_synthetic_044308.jpg,1,ai_generated,sid_set_train_flux_e5,train
data/raw/e5_sid_flux/images/row-85472_full_synthetic_062939.jpg,1,ai_generated,sid_set_train_flux_e5,train
data/raw/e5_sid_flux/images/row-83845_full_synthetic_043398.jpg,1,ai_generated,sid_set_train_flux_e5,train
data/raw/e5_sid_flux/images/row-07071_full_synthetic_066978.jpg,1,ai_generated,sid_set_train_flux_e5,train
data/raw/e5_sid_flux/images/row-95347_full_synthetic_049331.jpg,1,ai_generated,sid_set_train_flux_e5,train
data/raw/e5_sid_flux/images/row-84747_full_synthetic_060270.jpg,1,ai_generated,sid_set_train_flux_e5,train
data/raw/e5_sid_flux/images/row-83151_full_synthetic_026815.jpg,1,ai_generated,sid_set_train_flux_e5,train
data/raw/e5_sid_flux/images/row-109939_full_synthetic_046751.jpg,1,ai_generated,sid_set_train_flux_e5,train
data/raw/e5_sid_flux/images/row-85438_full_synthetic_059897.jpg,1,ai_generated,sid_set_train_flux_e5,train
data/raw/e5_sid_flux/images/row-106348_full_synthetic_030785.jpg,1,ai_generated,sid_set_train_flux_e5,train
data/raw/e5_sid_flux/images/row-48134_full_synthetic_026744.jpg,1,ai_generated,sid_set_train_flux_e5,train
data/raw/e5_sid_flux/images/row-159685_full_synthetic_028737.jpg,1,ai_generated,sid_set_train_flux_e5,train
data/raw/e5_sid_flux/images/row-208769_full_synthetic_067894.jpg,1,ai_generated,sid_set_train_flux_e5,train
data/raw/e5_sid_flux/images/row-160011_full_synthetic_041188.jpg,1,ai_generated,sid_set_train_flux_e5,train
data/raw/e5_sid_flux/images/row-57998_full_synthetic_018895.jpg,1,ai_generated,sid_set_train_flux_e5,train
data/raw/e5_sid_flux/images/row-180743_full_synthetic_024478.jpg,1,ai_generated,sid_set_train_flux_e5,train
data/raw/e5_sid_flux/images/row-200327_full_synthetic_064737.jpg,1,ai_generated,sid_set_train_flux_e5,train
data/raw/e5_sid_flux/images/row-94201_full_synthetic_046260.jpg,1,ai_generated,sid_set_train_flux_e5,train
data/raw/e5_sid_flux/images/row-120858_full_synthetic_025539.jpg,1,ai_generated,sid_set_train_flux_e5,train
data/raw/e5_sid_flux/images/row-139843_full_synthetic_023890.jpg,1,ai_generated,sid_set_train_flux_e5,train
data/raw/e5_sid_flux/images/row-48162_full_synthetic_000053.jpg,1,ai_generated,sid_set_train_flux_e5,train
data/raw/e5_sid_flux/images/row-36173_full_synthetic_031315.jpg,1,ai_generated,sid_set_train_flux_e5,train
data/raw/e5_sid_flux/images/row-159676_full_synthetic_055516.jpg,1,ai_generated,sid_set_train_flux_e5,train
data/raw/e5_sid_flux/images/row-90706_full_synthetic_065567.jpg,1,ai_generated,sid_set_train_flux_e5,train
data/raw/e5_sid_flux/images/row-01678_full_synthetic_049078.jpg,1,ai_generated,sid_set_train_flux_e5,train
data/raw/e5_sid_flux/images/row-148248_full_synthetic_060636.jpg,1,ai_generated,sid_set_train_flux_e5,train
data/raw/e5_sid_flux/images/row-94266_full_synthetic_032989.jpg,1,ai_generated,sid_set_train_flux_e5,train
data/raw/e5_sid_flux/images/row-160078_full_synthetic_011813.jpg,1,ai_generated,sid_set_train_flux_e5,train
data/raw/e5_sid_flux/images/row-95593_full_synthetic_056907.jpg,1,ai_generated,sid_set_train_flux_e5,train
data/raw/e5_sid_flux/images/row-55817_full_synthetic_045111.jpg,1,ai_generated,sid_set_train_flux_e5,train
data/raw/e5_sid_flux/images/row-155647_full_synthetic_057555.jpg,1,ai_generated,sid_set_train_flux_e5,train
data/raw/e5_sid_flux/images/row-130861_full_synthetic_032618.jpg,1,ai_generated,sid_set_train_flux_e5,train
data/raw/e5_sid_flux/images/row-94232_full_synthetic_029323.jpg,1,ai_generated,sid_set_train_flux_e5,train
data/raw/e5_sid_flux/images/row-03446_full_synthetic_058144.jpg,1,ai_generated,sid_set_train_flux_e5,train
data/raw/e5_sid_flux/images/row-36190_full_synthetic_057981.jpg,1,ai_generated,sid_set_train_flux_e5,train
data/raw/e5_sid_flux/images/row-01867_full_synthetic_011513.jpg,1,ai_generated,sid_set_train_flux_e5,train
data/raw/e5_sid_flux/images/row-21300_full_synthetic_028927.jpg,1,ai_generated,sid_set_train_flux_e5,train
data/raw/e5_sid_flux/images/row-03512_full_synthetic_054285.jpg,1,ai_generated,sid_set_train_flux_e5,train
data/raw/e5_sid_flux/images/row-109970_full_synthetic_054372.jpg,1,ai_generated,sid_set_train_flux_e5,train
data/raw/e5_sid_flux/images/row-39542_full_synthetic_021113.jpg,1,ai_generated,sid_set_train_flux_e5,train
data/raw/e5_sid_flux/images/row-124036_full_synthetic_037823.jpg,1,ai_generated,sid_set_train_flux_e5,train
data/raw/e5_sid_flux/images/row-76821_full_synthetic_043887.jpg,1,ai_generated,sid_set_train_flux_e5,train
data/raw/e5_sid_flux/images/row-206750_full_synthetic_044112.jpg,1,ai_generated,sid_set_train_flux_e5,train
data/raw/e5_sid_flux/images/row-164639_full_synthetic_020990.jpg,1,ai_generated,sid_set_train_flux_e5,train
data/raw/e5_sid_flux/images/row-90785_full_synthetic_037480.jpg,1,ai_generated,sid_set_train_flux_e5,train
data/raw/e5_sid_flux/images/row-156486_full_synthetic_015072.jpg,1,ai_generated,sid_set_train_flux_e5,train
data/raw/e5_sid_flux/images/row-114919_full_synthetic_039232.jpg,1,ai_generated,sid_set_train_flux_e5,train
data/raw/e5_sid_flux/images/row-72275_full_synthetic_044701.jpg,1,ai_generated,sid_set_train_flux_e5,train
data/raw/e5_sid_flux/images/row-183019_full_synthetic_052721.jpg,1,ai_generated,sid_set_train_flux_e5,train
data/raw/e5_sid_flux/images/row-60477_full_synthetic_025117.jpg,1,ai_generated,sid_set_train_flux_e5,train
data/raw/e5_sid_flux/images/row-65709_full_synthetic_033058.jpg,1,ai_generated,sid_set_train_flux_e5,train
data/raw/e5_sid_flux/images/row-162943_full_synthetic_045321.jpg,1,ai_generated,sid_set_train_flux_e5,train
data/raw/e5_sid_flux/images/row-51864_full_synthetic_061093.jpg,1,ai_generated,sid_set_train_flux_e5,train
data/raw/e5_sid_flux/images/row-141980_full_synthetic_060185.jpg,1,ai_generated,sid_set_train_flux_e5,train
data/raw/e5_sid_flux/images/row-202863_full_synthetic_000357.jpg,1,ai_generated,sid_set_train_flux_e5,train
data/raw/e5_sid_flux/images/row-28752_full_synthetic_062013.jpg,1,ai_generated,sid_set_train_flux_e5,train
data/raw/e5_sid_flux/images/row-40976_full_synthetic_021063.jpg,1,ai_generated,sid_set_train_flux_e5,train
data/raw/e5_sid_flux/images/row-111260_full_synthetic_016657.jpg,1,ai_generated,sid_set_train_flux_e5,train
data/raw/e5_sid_flux/images/row-117924_full_synthetic_034126.jpg,1,ai_generated,sid_set_train_flux_e5,train
data/raw/e5_sid_flux/images/row-202874_full_synthetic_047150.jpg,1,ai_generated,sid_set_train_flux_e5,train
data/raw/e5_sid_flux/images/row-128177_full_synthetic_063605.jpg,1,ai_generated,sid_set_train_flux_e5,train
data/raw/e5_sid_flux/images/row-38651_full_synthetic_053253.jpg,1,ai_generated,sid_set_train_flux_e5,train
data/raw/e5_sid_flux/images/row-151589_full_synthetic_004884.jpg,1,ai_generated,sid_set_train_flux_e5,train
data/raw/e5_sid_flux/images/row-19986_full_synthetic_048472.jpg,1,ai_generated,sid_set_train_flux_e5,train
data/raw/e5_sid_flux/images/row-39518_full_synthetic_015214.jpg,1,ai_generated,sid_set_train_flux_e5,train
data/raw/e5_sid_flux/images/row-175638_full_synthetic_009201.jpg,1,ai_generated,sid_set_train_flux_e5,train
data/raw/e5_sid_flux/images/row-47686_full_synthetic_029177.jpg,1,ai_generated,sid_set_train_flux_e5,train
data/raw/e5_sid_flux/images/row-109954_full_synthetic_048385.jpg,1,ai_generated,sid_set_train_flux_e5,train
data/raw/e5_sid_flux/images/row-39037_full_synthetic_059430.jpg,1,ai_generated,sid_set_train_flux_e5,train
data/raw/e5_sid_flux/images/row-125558_full_synthetic_024834.jpg,1,ai_generated,sid_set_train_flux_e5,train
data/raw/e5_sid_flux/images/row-177116_full_synthetic_042196.jpg,1,ai_generated,sid_set_train_flux_e5,train
data/raw/e5_sid_flux/images/row-40919_full_synthetic_009628.jpg,1,ai_generated,sid_set_train_flux_e5,train
data/raw/e5_sid_flux/images/row-57921_full_synthetic_042886.jpg,1,ai_generated,sid_set_train_flux_e5,train
data/raw/e5_sid_flux/images/row-190849_full_synthetic_060284.jpg,1,ai_generated,sid_set_train_flux_e5,train
data/raw/e5_sid_flux/images/row-67782_full_synthetic_053947.jpg,1,ai_generated,sid_set_train_flux_e5,train
data/raw/e5_sid_flux/images/row-51273_full_synthetic_010840.jpg,1,ai_generated,sid_set_train_flux_e5,train
data/raw/e5_sid_flux/images/row-185621_full_synthetic_058356.jpg,1,ai_generated,sid_set_train_flux_e5,train
data/raw/e5_sid_flux/images/row-114991_full_synthetic_002963.jpg,1,ai_generated,sid_set_train_flux_e5,train
data/raw/e5_sid_flux/images/row-39587_full_synthetic_040665.jpg,1,ai_generated,sid_set_train_flux_e5,train
data/raw/e5_sid_flux/images/row-173383_full_synthetic_046459.jpg,1,ai_generated,sid_set_train_flux_e5,train
data/raw/e5_sid_flux/images/row-201950_full_synthetic_046862.jpg,1,ai_generated,sid_set_train_flux_e5,train
data/raw/e5_sid_flux/images/row-147652_full_synthetic_067541.jpg,1,ai_generated,sid_set_train_flux_e5,train
data/raw/e5_sid_flux/images/row-27925_full_synthetic_041320.jpg,1,ai_generated,sid_set_train_flux_e5,train
data/raw/e5_sid_flux/images/row-191238_full_synthetic_059719.jpg,1,ai_generated,sid_set_train_flux_e5,train
data/raw/e5_sid_flux/images/row-160001_full_synthetic_037173.jpg,1,ai_generated,sid_set_train_flux_e5,train
data/raw/e5_sid_flux/images/row-80038_full_synthetic_029594.jpg,1,ai_generated,sid_set_train_flux_e5,train
data/raw/e5_sid_flux/images/row-39513_full_synthetic_011918.jpg,1,ai_generated,sid_set_train_flux_e5,train
data/raw/e5_sid_flux/images/row-41172_full_synthetic_035944.jpg,1,ai_generated,sid_set_train_flux_e5,train
data/raw/e5_sid_flux/images/row-176266_full_synthetic_000943.jpg,1,ai_generated,sid_set_train_flux_e5,train
data/raw/e5_sid_flux/images/row-58116_full_synthetic_055052.jpg,1,ai_generated,sid_set_train_flux_e5,train
data/raw/e5_sid_flux/images/row-95308_full_synthetic_024599.jpg,1,ai_generated,sid_set_train_flux_e5,train
data/raw/e5_sid_flux/images/row-75407_full_synthetic_015069.jpg,1,ai_generated,sid_set_train_flux_e5,train
data/raw/e5_sid_flux/images/row-39523_full_synthetic_031256.jpg,1,ai_generated,sid_set_train_flux_e5,train
data/raw/e5_sid_flux/images/row-165440_full_synthetic_040909.jpg,1,ai_generated,sid_set_train_flux_e5,train
data/raw/e5_sid_flux/images/row-180708_full_synthetic_039178.jpg,1,ai_generated,sid_set_train_flux_e5,train
data/raw/e5_sid_flux/images/row-159613_full_synthetic_041535.jpg,1,ai_generated,sid_set_train_flux_e5,train
data/raw/e5_sid_flux/images/row-208444_full_synthetic_037197.jpg,1,ai_generated,sid_set_train_flux_e5,train
data/raw/e5_sid_flux/images/row-175654_full_synthetic_033418.jpg,1,ai_generated,sid_set_train_flux_e5,train
data/raw/e5_sid_flux/images/row-61407_full_synthetic_050092.jpg,1,ai_generated,sid_set_train_flux_e5,train
data/raw/e5_sid_flux/images/row-03419_full_synthetic_021197.jpg,1,ai_generated,sid_set_train_flux_e5,train
data/raw/e5_sid_flux/images/row-116120_full_synthetic_069931.jpg,1,ai_generated,sid_set_train_flux_e5,train
data/raw/e5_sid_flux/images/row-181225_full_synthetic_007877.jpg,1,ai_generated,sid_set_train_flux_e5,train
data/raw/e5_sid_flux/images/row-72256_full_synthetic_060478.jpg,1,ai_generated,sid_set_train_flux_e5,train
data/raw/e5_sid_flux/images/row-128111_full_synthetic_045677.jpg,1,ai_generated,sid_set_train_flux_e5,train
data/raw/e5_sid_flux/images/row-47610_full_synthetic_028723.jpg,1,ai_generated,sid_set_train_flux_e5,train
data/raw/e5_sid_flux/images/row-107996_full_synthetic_013870.jpg,1,ai_generated,sid_set_train_flux_e5,train
data/raw/e5_sid_flux/images/row-122914_full_synthetic_036803.jpg,1,ai_generated,sid_set_train_flux_e5,train
data/raw/e5_sid_flux/images/row-124016_full_synthetic_021102.jpg,1,ai_generated,sid_set_train_flux_e5,train
data/raw/e5_sid_flux/images/row-60460_full_synthetic_054215.jpg,1,ai_generated,sid_set_train_flux_e5,train
data/raw/e5_sid_flux/images/row-147629_full_synthetic_034921.jpg,1,ai_generated,sid_set_train_flux_e5,train
data/raw/e5_sid_flux/images/row-31550_full_synthetic_066961.jpg,1,ai_generated,sid_set_train_flux_e5,train
data/raw/e5_sid_flux/images/row-139834_full_synthetic_018809.jpg,1,ai_generated,sid_set_train_flux_e5,train
data/raw/e5_sid_flux/images/row-55814_full_synthetic_012141.jpg,1,ai_generated,sid_set_train_flux_e5,train
data/raw/e5_sid_flux/images/row-135199_full_synthetic_000256.jpg,1,ai_generated,sid_set_train_flux_e5,train
data/raw/e5_sid_flux/images/row-62763_full_synthetic_024221.jpg,1,ai_generated,sid_set_train_flux_e5,train
data/raw/e5_sid_flux/images/row-126755_full_synthetic_058675.jpg,1,ai_generated,sid_set_train_flux_e5,train
data/raw/e5_sid_flux/images/row-126746_full_synthetic_050325.jpg,1,ai_generated,sid_set_train_flux_e5,train
data/raw/e5_sid_flux/images/row-163325_full_synthetic_027685.jpg,1,ai_generated,sid_set_train_flux_e5,train
data/raw/e5_sid_flux/images/row-127279_full_synthetic_011658.jpg,1,ai_generated,sid_set_train_flux_e5,train
data/raw/e5_sid_flux/images/row-39562_full_synthetic_023538.jpg,1,ai_generated,sid_set_train_flux_e5,train
data/raw/e5_sid_flux/images/row-95395_full_synthetic_042194.jpg,1,ai_generated,sid_set_train_flux_e5,train
data/raw/e5_sid_flux/images/row-07040_full_synthetic_053903.jpg,1,ai_generated,sid_set_train_flux_e5,train
data/raw/e5_sid_flux/images/row-09922_full_synthetic_045271.jpg,1,ai_generated,sid_set_train_flux_e5,train
data/raw/e5_sid_flux/images/row-58109_full_synthetic_041019.jpg,1,ai_generated,sid_set_train_flux_e5,train
data/raw/e5_sid_flux/images/row-28043_full_synthetic_030050.jpg,1,ai_generated,sid_set_train_flux_e5,train
data/raw/e5_sid_flux/images/row-58647_full_synthetic_035253.jpg,1,ai_generated,sid_set_train_flux_e5,train
data/raw/e5_sid_flux/images/row-95317_full_synthetic_011531.jpg,1,ai_generated,sid_set_train_flux_e5,train
data/raw/e5_sid_flux/images/row-180771_full_synthetic_051446.jpg,1,ai_generated,sid_set_train_flux_e5,train
data/raw/e5_sid_flux/images/row-58106_full_synthetic_049696.jpg,1,ai_generated,sid_set_train_flux_e5,train
data/raw/e5_sid_flux/images/row-117979_full_synthetic_019292.jpg,1,ai_generated,sid_set_train_flux_e5,train
data/raw/e5_sid_flux/images/row-78048_full_synthetic_049936.jpg,1,ai_generated,sid_set_train_flux_e5,train
data/raw/e5_sid_flux/images/row-190915_full_synthetic_012538.jpg,1,ai_generated,sid_set_train_flux_e5,train
data/raw/e5_sid_flux/images/row-200354_full_synthetic_055843.jpg,1,ai_generated,sid_set_train_flux_e5,train
data/raw/e5_sid_flux/images/row-200367_full_synthetic_004609.jpg,1,ai_generated,sid_set_train_flux_e5,train
data/raw/e5_sid_flux/images/row-122911_full_synthetic_004896.jpg,1,ai_generated,sid_set_train_flux_e5,train
data/raw/e5_sid_flux/images/row-111588_full_synthetic_057892.jpg,1,ai_generated,sid_set_train_flux_e5,train
data/raw/e5_sid_flux/images/row-03521_full_synthetic_045042.jpg,1,ai_generated,sid_set_train_flux_e5,train
data/raw/e5_sid_flux/images/row-160013_full_synthetic_045515.jpg,1,ai_generated,sid_set_train_flux_e5,train
data/raw/e5_sid_flux/images/row-95339_full_synthetic_013521.jpg,1,ai_generated,sid_set_train_flux_e5,train
data/raw/e5_sid_flux/images/row-141578_full_synthetic_020058.jpg,1,ai_generated,sid_set_train_flux_e5,train
data/raw/e5_sid_flux/images/row-58688_full_synthetic_020848.jpg,1,ai_generated,sid_set_train_flux_e5,train
data/raw/e5_sid_flux/images/row-112832_full_synthetic_014055.jpg,1,ai_generated,sid_set_train_flux_e5,train
data/raw/e5_sid_flux/images/row-41127_full_synthetic_044061.jpg,1,ai_generated,sid_set_train_flux_e5,train
data/raw/e5_sid_flux/images/row-83136_full_synthetic_042439.jpg,1,ai_generated,sid_set_train_flux_e5,train
data/raw/e5_sid_flux/images/row-106324_full_synthetic_049504.jpg,1,ai_generated,sid_set_train_flux_e5,train
data/raw/e5_sid_flux/images/row-100203_full_synthetic_009128.jpg,1,ai_generated,sid_set_train_flux_e5,train
data/raw/e5_sid_flux/images/row-112812_full_synthetic_057385.jpg,1,ai_generated,sid_set_train_flux_e5,train
data/raw/e5_sid_flux/images/row-95582_full_synthetic_057845.jpg,1,ai_generated,sid_set_train_flux_e5,train
data/raw/e5_sid_flux/images/row-202844_full_synthetic_032612.jpg,1,ai_generated,sid_set_train_flux_e5,train
data/raw/e5_sid_flux/images/row-47513_full_synthetic_009537.jpg,1,ai_generated,sid_set_train_flux_e5,train
data/raw/e5_sid_flux/images/row-43706_full_synthetic_038982.jpg,1,ai_generated,sid_set_train_flux_e5,train
data/raw/e5_sid_flux/images/row-28762_full_synthetic_050413.jpg,1,ai_generated,sid_set_train_flux_e5,train
data/raw/e5_sid_flux/images/row-139899_full_synthetic_033001.jpg,1,ai_generated,sid_set_train_flux_e5,train
data/raw/e5_sid_flux/images/row-61440_full_synthetic_037802.jpg,1,ai_generated,sid_set_train_flux_e5,train
data/raw/e5_sid_flux/images/row-140316_full_synthetic_065305.jpg,1,ai_generated,sid_set_train_flux_e5,train
data/raw/e5_sid_flux/images/row-78222_full_synthetic_022284.jpg,1,ai_generated,sid_set_train_flux_e5,train
data/raw/e5_sid_flux/images/row-158342_full_synthetic_013192.jpg,1,ai_generated,sid_set_train_flux_e5,train
data/raw/e5_sid_flux/images/row-85426_full_synthetic_046244.jpg,1,ai_generated,sid_set_train_flux_e5,train
data/raw/e5_sid_flux/images/row-03495_full_synthetic_063202.jpg,1,ai_generated,sid_set_train_flux_e5,train
data/raw/e5_sid_flux/images/row-72245_full_synthetic_062039.jpg,1,ai_generated,sid_set_train_flux_e5,train
data/raw/e5_sid_flux/images/row-206714_full_synthetic_007233.jpg,1,ai_generated,sid_set_train_flux_e5,train
data/raw/e5_sid_flux/images/row-31558_full_synthetic_019600.jpg,1,ai_generated,sid_set_train_flux_e5,train
data/raw/e5_sid_flux/images/row-162973_full_synthetic_053332.jpg,1,ai_generated,sid_set_train_flux_e5,train
data/raw/e5_sid_flux/images/row-85430_full_synthetic_038473.jpg,1,ai_generated,sid_set_train_flux_e5,train
data/raw/e5_sid_flux/images/row-181284_full_synthetic_064529.jpg,1,ai_generated,sid_set_train_flux_e5,train
data/raw/e5_sid_flux/images/row-139868_full_synthetic_011005.jpg,1,ai_generated,sid_set_train_flux_e5,train
data/raw/e5_sid_flux/images/row-201920_full_synthetic_031907.jpg,1,ai_generated,sid_set_train_flux_e5,train
data/raw/e5_sid_flux/images/row-182099_full_synthetic_044451.jpg,1,ai_generated,sid_set_train_flux_e5,train
data/raw/e5_sid_flux/images/row-94254_full_synthetic_038178.jpg,1,ai_generated,sid_set_train_flux_e5,train
data/raw/e5_sid_flux/images/row-177147_full_synthetic_034261.jpg,1,ai_generated,sid_set_train_flux_e5,train
data/raw/e5_sid_flux/images/row-11928_full_synthetic_022198.jpg,1,ai_generated,sid_set_train_flux_e5,train
data/raw/e5_sid_flux/images/row-185934_full_synthetic_021324.jpg,1,ai_generated,sid_set_train_flux_e5,train
data/raw/e5_sid_flux/images/row-109903_full_synthetic_000769.jpg,1,ai_generated,sid_set_train_flux_e5,train
data/raw/e5_sid_flux/images/row-83882_full_synthetic_041743.jpg,1,ai_generated,sid_set_train_flux_e5,train
data/raw/e5_sid_flux/images/row-208799_full_synthetic_066097.jpg,1,ai_generated,sid_set_train_flux_e5,train
data/raw/e5_sid_flux/images/row-179987_full_synthetic_005857.jpg,1,ai_generated,sid_set_train_flux_e5,train
data/raw/e5_sid_flux/images/row-152818_full_synthetic_029876.jpg,1,ai_generated,sid_set_train_flux_e5,train
data/raw/e5_sid_flux/images/row-141539_full_synthetic_031324.jpg,1,ai_generated,sid_set_train_flux_e5,train
data/raw/e5_sid_flux/images/row-164671_full_synthetic_036492.jpg,1,ai_generated,sid_set_train_flux_e5,train
data/raw/e5_sid_flux/images/row-85375_full_synthetic_033957.jpg,1,ai_generated,sid_set_train_flux_e5,train
data/raw/e5_sid_flux/images/row-85311_full_synthetic_014589.jpg,1,ai_generated,sid_set_train_flux_e5,train
data/raw/e5_sid_flux/images/row-202880_full_synthetic_010704.jpg,1,ai_generated,sid_set_train_flux_e5,train
data/raw/e5_sid_flux/images/row-163322_full_synthetic_048234.jpg,1,ai_generated,sid_set_train_flux_e5,train
data/raw/e5_sid_flux/images/row-40918_full_synthetic_002523.jpg,1,ai_generated,sid_set_train_flux_e5,train
data/raw/e5_sid_flux/images/row-107944_full_synthetic_059426.jpg,1,ai_generated,sid_set_train_flux_e5,train
data/raw/e5_sid_flux/images/row-201000_full_synthetic_015639.jpg,1,ai_generated,sid_set_train_flux_e5,train
data/raw/e5_sid_flux/images/row-183058_full_synthetic_065841.jpg,1,ai_generated,sid_set_train_flux_e5,train
data/raw/e5_sid_flux/images/row-111540_full_synthetic_000783.jpg,1,ai_generated,sid_set_train_flux_e5,train
data/raw/e5_sid_flux/images/row-27380_full_synthetic_021486.jpg,1,ai_generated,sid_set_train_flux_e5,train
data/raw/e5_sid_flux/images/row-48119_full_synthetic_049950.jpg,1,ai_generated,sid_set_train_flux_e5,train
data/raw/e5_sid_flux/images/row-195358_full_synthetic_008515.jpg,1,ai_generated,sid_set_train_flux_e5,train
data/raw/e5_sid_flux/images/row-125361_full_synthetic_052301.jpg,1,ai_generated,sid_set_train_flux_e5,train
data/raw/e5_sid_flux/images/row-95359_full_synthetic_044378.jpg,1,ai_generated,sid_set_train_flux_e5,train
data/raw/e5_sid_flux/images/row-07092_full_synthetic_016439.jpg,1,ai_generated,sid_set_train_flux_e5,train
data/raw/e5_sid_flux/images/row-90733_full_synthetic_014528.jpg,1,ai_generated,sid_set_train_flux_e5,train
data/raw/e5_sid_flux/images/row-43783_full_synthetic_039363.jpg,1,ai_generated,sid_set_train_flux_e5,train
data/raw/e5_sid_flux/images/row-107932_full_synthetic_016028.jpg,1,ai_generated,sid_set_train_flux_e5,train
data/raw/e5_sid_flux/images/row-191228_full_synthetic_061787.jpg,1,ai_generated,sid_set_train_flux_e5,train
data/raw/e5_sid_flux/images/row-17916_full_synthetic_060519.jpg,1,ai_generated,sid_set_train_flux_e5,train
data/raw/e5_sid_flux/images/row-67788_full_synthetic_010021.jpg,1,ai_generated,sid_set_train_flux_e5,train
data/raw/e5_sid_flux/images/row-125516_full_synthetic_017915.jpg,1,ai_generated,sid_set_train_flux_e5,train
data/raw/e5_sid_flux/images/row-55874_full_synthetic_051231.jpg,1,ai_generated,sid_set_train_flux_e5,train
data/raw/e5_sid_flux/images/row-125510_full_synthetic_014139.jpg,1,ai_generated,sid_set_train_flux_e5,train
data/raw/e5_sid_flux/images/row-140034_full_synthetic_057953.jpg,1,ai_generated,sid_set_train_flux_e5,train
data/raw/e5_sid_flux/images/row-40950_full_synthetic_067322.jpg,1,ai_generated,sid_set_train_flux_e5,train
data/raw/e5_sid_flux/images/row-208426_full_synthetic_038493.jpg,1,ai_generated,sid_set_train_flux_e5,train
data/raw/e5_sid_flux/images/row-51835_full_synthetic_055456.jpg,1,ai_generated,sid_set_train_flux_e5,train
data/raw/e5_sid_flux/images/row-85303_full_synthetic_026618.jpg,1,ai_generated,sid_set_train_flux_e5,train
data/raw/e5_sid_flux/images/row-140312_full_synthetic_010470.jpg,1,ai_generated,sid_set_train_flux_e5,train
data/raw/e5_sid_flux/images/row-147661_full_synthetic_057513.jpg,1,ai_generated,sid_set_train_flux_e5,train
data/raw/e5_sid_flux/images/row-60481_full_synthetic_062050.jpg,1,ai_generated,sid_set_train_flux_e5,train
data/raw/e5_sid_flux/images/row-136375_full_synthetic_049176.jpg,1,ai_generated,sid_set_train_flux_e5,train
data/raw/e5_sid_flux/images/row-03574_full_synthetic_069837.jpg,1,ai_generated,sid_set_train_flux_e5,train
data/raw/e5_sid_flux/images/row-190867_full_synthetic_065706.jpg,1,ai_generated,sid_set_train_flux_e5,train
data/raw/e5_sid_flux/images/row-181219_full_synthetic_011304.jpg,1,ai_generated,sid_set_train_flux_e5,train
data/raw/e5_sid_flux/images/row-83843_full_synthetic_009236.jpg,1,ai_generated,sid_set_train_flux_e5,train
data/raw/e5_sid_flux/images/row-175657_full_synthetic_029110.jpg,1,ai_generated,sid_set_train_flux_e5,train
data/raw/e5_sid_flux/images/row-190934_full_synthetic_039448.jpg,1,ai_generated,sid_set_train_flux_e5,train
data/raw/e5_sid_flux/images/row-39006_full_synthetic_011089.jpg,1,ai_generated,sid_set_train_flux_e5,train
data/raw/e5_sid_flux/images/row-90727_full_synthetic_023623.jpg,1,ai_generated,sid_set_train_flux_e5,train
data/raw/e5_sid_flux/images/row-58184_full_synthetic_032688.jpg,1,ai_generated,sid_set_train_flux_e5,train
data/raw/e5_sid_flux/images/row-147625_full_synthetic_038346.jpg,1,ai_generated,sid_set_train_flux_e5,train
data/raw/e5_sid_flux/images/row-57944_full_synthetic_040903.jpg,1,ai_generated,sid_set_train_flux_e5,train
data/raw/e5_sid_flux/images/row-40913_full_synthetic_022727.jpg,1,ai_generated,sid_set_train_flux_e5,train
data/raw/e5_sid_flux/images/row-85391_full_synthetic_014141.jpg,1,ai_generated,sid_set_train_flux_e5,train
data/raw/e5_sid_flux/images/row-83890_full_synthetic_015648.jpg,1,ai_generated,sid_set_train_flux_e5,train
data/raw/e5_sid_flux/images/row-183087_full_synthetic_027057.jpg,1,ai_generated,sid_set_train_flux_e5,train
data/raw/e5_sid_flux/images/row-143306_full_synthetic_006416.jpg,1,ai_generated,sid_set_train_flux_e5,train
data/raw/e5_sid_flux/images/row-44450_full_synthetic_028678.jpg,1,ai_generated,sid_set_train_flux_e5,train
data/raw/e5_sid_flux/images/row-185657_full_synthetic_058548.jpg,1,ai_generated,sid_set_train_flux_e5,train
data/raw/e5_sid_flux/images/row-83163_full_synthetic_006375.jpg,1,ai_generated,sid_set_train_flux_e5,train
data/raw/e5_sid_flux/images/row-39575_full_synthetic_008889.jpg,1,ai_generated,sid_set_train_flux_e5,train
data/raw/e5_sid_flux/images/row-201059_full_synthetic_006524.jpg,1,ai_generated,sid_set_train_flux_e5,train
data/raw/e5_sid_flux/images/row-39083_full_synthetic_012480.jpg,1,ai_generated,sid_set_train_flux_e5,train
data/raw/e5_sid_flux/images/row-155625_full_synthetic_057206.jpg,1,ai_generated,sid_set_train_flux_e5,train
data/raw/e5_sid_flux/images/row-01698_full_synthetic_067699.jpg,1,ai_generated,sid_set_train_flux_e5,train
data/raw/e5_sid_flux/images/row-139421_full_synthetic_058008.jpg,1,ai_generated,sid_set_train_flux_e5,train
data/raw/e5_sid_flux/images/row-01828_full_synthetic_066745.jpg,1,ai_generated,sid_set_train_flux_e5,train
data/raw/e5_sid_flux/images/row-180714_full_synthetic_038078.jpg,1,ai_generated,sid_set_train_flux_e5,train
data/raw/e5_sid_flux/images/row-61427_full_synthetic_010197.jpg,1,ai_generated,sid_set_train_flux_e5,train
data/raw/e5_sid_flux/images/row-185658_full_synthetic_007983.jpg,1,ai_generated,sid_set_train_flux_e5,train
data/raw/e5_sid_flux/images/row-149439_full_synthetic_016938.jpg,1,ai_generated,sid_set_train_flux_e5,train
data/raw/e5_sid_flux/images/row-65746_full_synthetic_043889.jpg,1,ai_generated,sid_set_train_flux_e5,train
data/raw/e5_sid_flux/images/row-176295_full_synthetic_030792.jpg,1,ai_generated,sid_set_train_flux_e5,train
data/raw/e5_sid_flux/images/row-116193_full_synthetic_021268.jpg,1,ai_generated,sid_set_train_flux_e5,train
data/raw/e5_sid_flux/images/row-111529_full_synthetic_066085.jpg,1,ai_generated,sid_set_train_flux_e5,train
data/raw/e5_sid_flux/images/row-116123_full_synthetic_036729.jpg,1,ai_generated,sid_set_train_flux_e5,train
data/raw/e5_sid_flux/images/row-201029_full_synthetic_042110.jpg,1,ai_generated,sid_set_train_flux_e5,train
data/raw/e5_sid_flux/images/row-152814_full_synthetic_027890.jpg,1,ai_generated,sid_set_train_flux_e5,train
data/raw/e5_sid_flux/images/row-152843_full_synthetic_019532.jpg,1,ai_generated,sid_set_train_flux_e5,train
data/raw/e5_sid_flux/images/row-163379_full_synthetic_014772.jpg,1,ai_generated,sid_set_train_flux_e5,train
data/raw/e5_sid_flux/images/row-143309_full_synthetic_036900.jpg,1,ai_generated,sid_set_train_flux_e5,train
data/raw/e5_sid_flux/images/row-84725_full_synthetic_035126.jpg,1,ai_generated,sid_set_train_flux_e5,train
data/raw/e5_sid_flux/images/row-140079_full_synthetic_047733.jpg,1,ai_generated,sid_set_train_flux_e5,train
data/raw/e5_sid_flux/images/row-95510_full_synthetic_024754.jpg,1,ai_generated,sid_set_train_flux_e5,train
data/raw/e5_sid_flux/images/row-76859_full_synthetic_052979.jpg,1,ai_generated,sid_set_train_flux_e5,train
data/raw/e5_sid_flux/images/row-122954_full_synthetic_037501.jpg,1,ai_generated,sid_set_train_flux_e5,train
data/raw/e5_sid_flux/images/row-208463_full_synthetic_059607.jpg,1,ai_generated,sid_set_train_flux_e5,train
data/raw/e5_sid_flux/images/row-152826_full_synthetic_027674.jpg,1,ai_generated,sid_set_train_flux_e5,train
data/raw/e5_sid_flux/images/row-169070_full_synthetic_027207.jpg,1,ai_generated,sid_set_train_flux_e5,train
data/raw/e5_sid_flux/images/row-85340_full_synthetic_063667.jpg,1,ai_generated,sid_set_train_flux_e5,train
data/raw/e5_sid_flux/images/row-100213_full_synthetic_002499.jpg,1,ai_generated,sid_set_train_flux_e5,train
data/raw/e5_sid_flux/images/row-141973_full_synthetic_041487.jpg,1,ai_generated,sid_set_train_flux_e5,train
data/raw/e5_sid_flux/images/row-36118_full_synthetic_041484.jpg,1,ai_generated,sid_set_train_flux_e5,train
data/raw/e5_sid_flux/images/row-12184_full_synthetic_046005.jpg,1,ai_generated,sid_set_train_flux_e5,train
data/raw/e5_sid_flux/images/row-27915_full_synthetic_036301.jpg,1,ai_generated,sid_set_train_flux_e5,train
data/raw/e5_sid_flux/images/row-182071_full_synthetic_035312.jpg,1,ai_generated,sid_set_train_flux_e5,train
data/raw/e5_sid_flux/images/row-200335_full_synthetic_037315.jpg,1,ai_generated,sid_set_train_flux_e5,train
data/raw/e5_sid_flux/images/row-200325_full_synthetic_033543.jpg,1,ai_generated,sid_set_train_flux_e5,train
data/raw/e5_sid_flux/images/row-47640_full_synthetic_060736.jpg,1,ai_generated,sid_set_train_flux_e5,train
data/raw/e5_sid_flux/images/row-65777_full_synthetic_024244.jpg,1,ai_generated,sid_set_train_flux_e5,train
data/raw/e5_sid_flux/images/row-176291_full_synthetic_057079.jpg,1,ai_generated,sid_set_train_flux_e5,train
data/raw/e5_sid_flux/images/row-117907_full_synthetic_040058.jpg,1,ai_generated,sid_set_train_flux_e5,train
data/raw/e5_sid_flux/images/row-185974_full_synthetic_033563.jpg,1,ai_generated,sid_set_train_flux_e5,train
data/raw/e5_sid_flux/images/row-77539_full_synthetic_011243.jpg,1,ai_generated,sid_set_train_flux_e5,train
data/raw/e5_sid_flux/images/row-125521_full_synthetic_046178.jpg,1,ai_generated,sid_set_train_flux_e5,train
data/raw/e5_sid_flux/images/row-206751_full_synthetic_040490.jpg,1,ai_generated,sid_set_train_flux_e5,train
data/raw/e5_sid_flux/images/row-185669_full_synthetic_007715.jpg,1,ai_generated,sid_set_train_flux_e5,train
data/raw/e5_sid_flux/images/row-158395_full_synthetic_067432.jpg,1,ai_generated,sid_set_train_flux_e5,train
data/raw/e5_sid_flux/images/row-57991_full_synthetic_009174.jpg,1,ai_generated,sid_set_train_flux_e5,train
data/raw/e5_sid_flux/images/row-139484_full_synthetic_040947.jpg,1,ai_generated,sid_set_train_flux_e5,train
data/raw/e5_sid_flux/images/row-173377_full_synthetic_053016.jpg,1,ai_generated,sid_set_train_flux_e5,train
data/raw/e5_sid_flux/images/row-76873_full_synthetic_034540.jpg,1,ai_generated,sid_set_train_flux_e5,train
data/raw/e5_sid_flux/images/row-128119_full_synthetic_025518.jpg,1,ai_generated,sid_set_train_flux_e5,train
data/raw/e5_sid_flux/images/row-159682_full_synthetic_024184.jpg,1,ai_generated,sid_set_train_flux_e5,train
data/raw/e5_sid_flux/images/row-06829_full_synthetic_051174.jpg,1,ai_generated,sid_set_train_flux_e5,train
data/raw/e5_sid_flux/images/row-114982_full_synthetic_058130.jpg,1,ai_generated,sid_set_train_flux_e5,train
data/raw/e5_sid_flux/images/row-130864_full_synthetic_024720.jpg,1,ai_generated,sid_set_train_flux_e5,train
data/raw/e5_sid_flux/images/row-67729_full_synthetic_062124.jpg,1,ai_generated,sid_set_train_flux_e5,train
data/raw/e5_sid_flux/images/row-116181_full_synthetic_058345.jpg,1,ai_generated,sid_set_train_flux_e5,train
data/raw/e5_sid_flux/images/row-161982_full_synthetic_047216.jpg,1,ai_generated,sid_set_train_flux_e5,train
data/raw/e5_sid_flux/images/row-177153_full_synthetic_023582.jpg,1,ai_generated,sid_set_train_flux_e5,train
data/raw/e5_sid_flux/images/row-78217_full_synthetic_049587.jpg,1,ai_generated,sid_set_train_flux_e5,train
data/raw/e5_sid_flux/images/row-51834_full_synthetic_061295.jpg,1,ai_generated,sid_set_train_flux_e5,train
data/raw/e5_sid_flux/images/row-112865_full_synthetic_039971.jpg,1,ai_generated,sid_set_train_flux_e5,train
data/raw/e5_sid_flux/images/row-136376_full_synthetic_026220.jpg,1,ai_generated,sid_set_train_flux_e5,train
data/raw/e5_sid_flux/images/row-141568_full_synthetic_046421.jpg,1,ai_generated,sid_set_train_flux_e5,train
data/raw/e5_sid_flux/images/row-127272_full_synthetic_056355.jpg,1,ai_generated,sid_set_train_flux_e5,train
data/raw/e5_sid_flux/images/row-208798_full_synthetic_006457.jpg,1,ai_generated,sid_set_train_flux_e5,train
data/raw/e5_sid_flux/images/row-151502_full_synthetic_041883.jpg,1,ai_generated,sid_set_train_flux_e5,train
data/raw/e5_sid_flux/images/row-60418_full_synthetic_056919.jpg,1,ai_generated,sid_set_train_flux_e5,train
data/raw/e5_sid_flux/images/row-78282_full_synthetic_008538.jpg,1,ai_generated,sid_set_train_flux_e5,train
data/raw/e5_sid_flux/images/row-179979_full_synthetic_015176.jpg,1,ai_generated,sid_set_train_flux_e5,train
data/raw/e5_sid_flux/images/row-109972_full_synthetic_057939.jpg,1,ai_generated,sid_set_train_flux_e5,train
data/raw/e5_sid_flux/images/row-147614_full_synthetic_004446.jpg,1,ai_generated,sid_set_train_flux_e5,train
data/raw/e5_sid_flux/images/row-125507_full_synthetic_013763.jpg,1,ai_generated,sid_set_train_flux_e5,train
data/raw/e5_sid_flux/images/row-83818_full_synthetic_036833.jpg,1,ai_generated,sid_set_train_flux_e5,train
data/raw/e5_sid_flux/images/row-112851_full_synthetic_013552.jpg,1,ai_generated,sid_set_train_flux_e5,train
data/raw/e5_sid_flux/images/row-77563_full_synthetic_032971.jpg,1,ai_generated,sid_set_train_flux_e5,train
data/raw/e5_sid_flux/images/row-47670_full_synthetic_037962.jpg,1,ai_generated,sid_set_train_flux_e5,train
data/raw/e5_sid_flux/images/row-151561_full_synthetic_024035.jpg,1,ai_generated,sid_set_train_flux_e5,train
data/raw/e5_sid_flux/images/row-47503_full_synthetic_033338.jpg,1,ai_generated,sid_set_train_flux_e5,train
data/raw/e5_sid_flux/images/row-51807_full_synthetic_060575.jpg,1,ai_generated,sid_set_train_flux_e5,train
data/raw/e5_sid_flux/images/row-09920_full_synthetic_056175.jpg,1,ai_generated,sid_set_train_flux_e5,train
data/raw/e5_sid_flux/images/row-122981_full_synthetic_007017.jpg,1,ai_generated,sid_set_train_flux_e5,train
data/raw/e5_sid_flux/images/row-135167_full_synthetic_017351.jpg,1,ai_generated,sid_set_train_flux_e5,train
data/raw/e5_sid_flux/images/row-143361_full_synthetic_069194.jpg,1,ai_generated,sid_set_train_flux_e5,train
data/raw/e5_sid_flux/images/row-41159_full_synthetic_001335.jpg,1,ai_generated,sid_set_train_flux_e5,train
data/raw/e5_sid_flux/images/row-152848_full_synthetic_032093.jpg,1,ai_generated,sid_set_train_flux_e5,train
data/raw/e5_sid_flux/images/row-72241_full_synthetic_033450.jpg,1,ai_generated,sid_set_train_flux_e5,train
data/raw/e5_sid_flux/images/row-38611_full_synthetic_013094.jpg,1,ai_generated,sid_set_train_flux_e5,train
data/raw/e5_sid_flux/images/row-141535_full_synthetic_001838.jpg,1,ai_generated,sid_set_train_flux_e5,train
data/raw/e5_sid_flux/images/row-27935_full_synthetic_056097.jpg,1,ai_generated,sid_set_train_flux_e5,train
data/raw/e5_sid_flux/images/row-120893_full_synthetic_055358.jpg,1,ai_generated,sid_set_train_flux_e5,train
data/raw/e5_sid_flux/images/row-61016_full_synthetic_030009.jpg,1,ai_generated,sid_set_train_flux_e5,train
data/raw/e5_sid_flux/images/row-36177_full_synthetic_017664.jpg,1,ai_generated,sid_set_train_flux_e5,train
data/raw/e5_sid_flux/images/row-140337_full_synthetic_025266.jpg,1,ai_generated,sid_set_train_flux_e5,train
data/raw/e5_sid_flux/images/row-135171_full_synthetic_003927.jpg,1,ai_generated,sid_set_train_flux_e5,train
data/raw/e5_sid_flux/images/row-130803_full_synthetic_022812.jpg,1,ai_generated,sid_set_train_flux_e5,train
data/raw/e5_sid_flux/images/row-127263_full_synthetic_008243.jpg,1,ai_generated,sid_set_train_flux_e5,train
data/raw/e5_sid_flux/images/row-151526_full_synthetic_058782.jpg,1,ai_generated,sid_set_train_flux_e5,train
data/raw/e5_sid_flux/images/row-27385_full_synthetic_029402.jpg,1,ai_generated,sid_set_train_flux_e5,train
data/raw/e5_sid_flux/images/row-44460_full_synthetic_014432.jpg,1,ai_generated,sid_set_train_flux_e5,train
data/raw/e5_sid_flux/images/row-185613_full_synthetic_032586.jpg,1,ai_generated,sid_set_train_flux_e5,train
data/raw/e5_sid_flux/images/row-76802_full_synthetic_064872.jpg,1,ai_generated,sid_set_train_flux_e5,train
data/raw/e5_sid_flux/images/row-17941_full_synthetic_015121.jpg,1,ai_generated,sid_set_train_flux_e5,train
data/raw/e5_sid_flux/images/row-67783_full_synthetic_046195.jpg,1,ai_generated,sid_set_train_flux_e5,train
data/raw/e5_sid_flux/images/row-90747_full_synthetic_069487.jpg,1,ai_generated,sid_set_train_flux_e5,train
data/raw/e5_sid_flux/images/row-90766_full_synthetic_067392.jpg,1,ai_generated,sid_set_train_flux_e5,train
data/raw/e5_sid_flux/images/row-208710_full_synthetic_006418.jpg,1,ai_generated,sid_set_train_flux_e5,train
data/raw/e5_sid_flux/images/row-58108_full_synthetic_063213.jpg,1,ai_generated,sid_set_train_flux_e5,train
data/raw/e5_sid_flux/images/row-43712_full_synthetic_039825.jpg,1,ai_generated,sid_set_train_flux_e5,train
data/raw/e5_sid_flux/images/row-180766_full_synthetic_048067.jpg,1,ai_generated,sid_set_train_flux_e5,train
data/raw/e5_sid_flux/images/row-181204_full_synthetic_015195.jpg,1,ai_generated,sid_set_train_flux_e5,train
data/raw/e5_sid_flux/images/row-147654_full_synthetic_040137.jpg,1,ai_generated,sid_set_train_flux_e5,train
data/raw/e5_sid_flux/images/row-39544_full_synthetic_056808.jpg,1,ai_generated,sid_set_train_flux_e5,train
data/raw/e5_sid_flux/images/row-01696_full_synthetic_019548.jpg,1,ai_generated,sid_set_train_flux_e5,train
data/raw/e5_sid_flux/images/row-191296_full_synthetic_018627.jpg,1,ai_generated,sid_set_train_flux_e5,train
data/raw/e5_sid_flux/images/row-126781_full_synthetic_044570.jpg,1,ai_generated,sid_set_train_flux_e5,train
data/raw/e5_sid_flux/images/row-61047_full_synthetic_042283.jpg,1,ai_generated,sid_set_train_flux_e5,train
data/raw/e5_sid_flux/images/row-84739_full_synthetic_016172.jpg,1,ai_generated,sid_set_train_flux_e5,train
data/raw/e5_sid_flux/images/row-190931_full_synthetic_066715.jpg,1,ai_generated,sid_set_train_flux_e5,train
data/raw/e5_sid_flux/images/row-195321_full_synthetic_041769.jpg,1,ai_generated,sid_set_train_flux_e5,train
data/raw/e5_sid_flux/images/row-21383_full_synthetic_009367.jpg,1,ai_generated,sid_set_train_flux_e5,train
data/raw/e5_sid_flux/images/row-55820_full_synthetic_021405.jpg,1,ai_generated,sid_set_train_flux_e5,train
data/raw/e5_sid_flux/images/row-61093_full_synthetic_001642.jpg,1,ai_generated,sid_set_train_flux_e5,train
data/raw/e5_sid_flux/images/row-198983_full_synthetic_056497.jpg,1,ai_generated,sid_set_train_flux_e5,train
data/raw/e5_sid_flux/images/row-200318_full_synthetic_029649.jpg,1,ai_generated,sid_set_train_flux_e5,train
data/raw/e5_sid_flux/images/row-28002_full_synthetic_021427.jpg,1,ai_generated,sid_set_train_flux_e5,train
data/raw/e5_sid_flux/images/row-155604_full_synthetic_063312.jpg,1,ai_generated,sid_set_train_flux_e5,train
data/raw/e5_sid_flux/images/row-12100_full_synthetic_037361.jpg,1,ai_generated,sid_set_train_flux_e5,train
data/raw/e5_sid_flux/images/row-27907_full_synthetic_018457.jpg,1,ai_generated,sid_set_train_flux_e5,train
data/raw/e5_sid_flux/images/row-109959_full_synthetic_024335.jpg,1,ai_generated,sid_set_train_flux_e5,train
data/raw/e5_sid_flux/images/row-58190_full_synthetic_017584.jpg,1,ai_generated,sid_set_train_flux_e5,train
data/raw/e5_sid_flux/images/row-80051_full_synthetic_068677.jpg,1,ai_generated,sid_set_train_flux_e5,train
data/raw/e5_sid_flux/images/row-43763_full_synthetic_017052.jpg,1,ai_generated,sid_set_train_flux_e5,train
data/raw/e5_sid_flux/images/row-139458_full_synthetic_021061.jpg,1,ai_generated,sid_set_train_flux_e5,train
data/raw/e5_sid_flux/images/row-190981_full_synthetic_021650.jpg,1,ai_generated,sid_set_train_flux_e5,train
data/raw/e5_sid_flux/images/row-117969_full_synthetic_055605.jpg,1,ai_generated,sid_set_train_flux_e5,train
data/raw/e5_sid_flux/images/row-122909_full_synthetic_040599.jpg,1,ai_generated,sid_set_train_flux_e5,train
data/raw/e5_sid_flux/images/row-190891_full_synthetic_060458.jpg,1,ai_generated,sid_set_train_flux_e5,train
data/raw/e5_sid_flux/images/row-140350_full_synthetic_030481.jpg,1,ai_generated,sid_set_train_flux_e5,train
data/raw/e5_sid_flux/images/row-106381_full_synthetic_055764.jpg,1,ai_generated,sid_set_train_flux_e5,train
data/raw/e5_sid_flux/images/row-124094_full_synthetic_045736.jpg,1,ai_generated,sid_set_train_flux_e5,train
data/raw/e5_sid_flux/images/row-47692_full_synthetic_035674.jpg,1,ai_generated,sid_set_train_flux_e5,train
data/raw/e5_sid_flux/images/row-43791_full_synthetic_046360.jpg,1,ai_generated,sid_set_train_flux_e5,train
data/raw/e5_sid_flux/images/row-200380_full_synthetic_007048.jpg,1,ai_generated,sid_set_train_flux_e5,train
data/raw/e5_sid_flux/images/row-85402_full_synthetic_062291.jpg,1,ai_generated,sid_set_train_flux_e5,train
data/raw/e5_sid_flux/images/row-139886_full_synthetic_025724.jpg,1,ai_generated,sid_set_train_flux_e5,train
data/raw/e5_sid_flux/images/row-80001_full_synthetic_057318.jpg,1,ai_generated,sid_set_train_flux_e5,train
data/raw/e5_sid_flux/images/row-208458_full_synthetic_060130.jpg,1,ai_generated,sid_set_train_flux_e5,train
data/raw/e5_sid_flux/images/row-136392_full_synthetic_023317.jpg,1,ai_generated,sid_set_train_flux_e5,train
data/raw/e5_sid_flux/images/row-136300_full_synthetic_060200.jpg,1,ai_generated,sid_set_train_flux_e5,train
data/raw/e5_sid_flux/images/row-72289_full_synthetic_035255.jpg,1,ai_generated,sid_set_train_flux_e5,train
data/raw/e5_sid_flux/images/row-163390_full_synthetic_056130.jpg,1,ai_generated,sid_set_train_flux_e5,train
data/raw/e5_sid_flux/images/row-27947_full_synthetic_022059.jpg,1,ai_generated,sid_set_train_flux_e5,train
data/raw/e5_sid_flux/images/row-125324_full_synthetic_024307.jpg,1,ai_generated,sid_set_train_flux_e5,train
data/raw/e5_sid_flux/images/row-208470_full_synthetic_044851.jpg,1,ai_generated,sid_set_train_flux_e5,train
data/raw/e5_sid_flux/images/row-126768_full_synthetic_049218.jpg,1,ai_generated,sid_set_train_flux_e5,train
data/raw/e5_sid_flux/images/row-78001_full_synthetic_015718.jpg,1,ai_generated,sid_set_train_flux_e5,train
data/raw/e5_sid_flux/images/row-78080_full_synthetic_048171.jpg,1,ai_generated,sid_set_train_flux_e5,train
data/raw/e5_sid_flux/images/row-72250_full_synthetic_023166.jpg,1,ai_generated,sid_set_train_flux_e5,train
data/raw/e5_sid_flux/images/row-176214_full_synthetic_053687.jpg,1,ai_generated,sid_set_train_flux_e5,train
data/raw/e5_sid_flux/images/row-141542_full_synthetic_047346.jpg,1,ai_generated,sid_set_train_flux_e5,train
data/raw/e5_sid_flux/images/row-07096_full_synthetic_053237.jpg,1,ai_generated,sid_set_train_flux_e5,train
data/raw/e5_sid_flux/images/row-120825_full_synthetic_016018.jpg,1,ai_generated,sid_set_train_flux_e5,train
data/raw/e5_sid_flux/images/row-191225_full_synthetic_013095.jpg,1,ai_generated,sid_set_train_flux_e5,train
data/raw/e5_sid_flux/images/row-179978_full_synthetic_036343.jpg,1,ai_generated,sid_set_train_flux_e5,train
data/raw/e5_sid_flux/images/row-72269_full_synthetic_054780.jpg,1,ai_generated,sid_set_train_flux_e5,train
data/raw/e5_sid_flux/images/row-36107_full_synthetic_029467.jpg,1,ai_generated,sid_set_train_flux_e5,train
data/raw/e5_sid_flux/images/row-61077_full_synthetic_028883.jpg,1,ai_generated,sid_set_train_flux_e5,train
data/raw/e5_sid_flux/images/row-47616_full_synthetic_042125.jpg,1,ai_generated,sid_set_train_flux_e5,train
data/raw/e5_sid_flux/images/row-41192_full_synthetic_012723.jpg,1,ai_generated,sid_set_train_flux_e5,train
data/raw/e5_sid_flux/images/row-140389_full_synthetic_028046.jpg,1,ai_generated,sid_set_train_flux_e5,train
data/raw/e5_sid_flux/images/row-159602_full_synthetic_061389.jpg,1,ai_generated,sid_set_train_flux_e5,train
data/raw/e5_sid_flux/images/row-47578_full_synthetic_017556.jpg,1,ai_generated,sid_set_train_flux_e5,train
data/raw/e5_sid_flux/images/row-200391_full_synthetic_020738.jpg,1,ai_generated,sid_set_train_flux_e5,train
data/raw/e5_sid_flux/images/row-03554_full_synthetic_047374.jpg,1,ai_generated,sid_set_train_flux_e5,train
data/raw/e5_sid_flux/images/row-164604_full_synthetic_058475.jpg,1,ai_generated,sid_set_train_flux_e5,train
data/raw/e5_sid_flux/images/row-27161_full_synthetic_066860.jpg,1,ai_generated,sid_set_train_flux_e5,train
data/raw/e5_sid_flux/images/row-173325_full_synthetic_012529.jpg,1,ai_generated,sid_set_train_flux_e5,train
data/raw/e5_sid_flux/images/row-27322_full_synthetic_011585.jpg,1,ai_generated,sid_set_train_flux_e5,train
data/raw/e5_sid_flux/images/row-159620_full_synthetic_053040.jpg,1,ai_generated,sid_set_train_flux_e5,train
data/raw/e5_sid_flux/images/row-95344_full_synthetic_019933.jpg,1,ai_generated,sid_set_train_flux_e5,train
data/raw/e5_sid_flux/images/row-40934_full_synthetic_004554.jpg,1,ai_generated,sid_set_train_flux_e5,train
data/raw/e5_sid_flux/images/row-94226_full_synthetic_066999.jpg,1,ai_generated,sid_set_train_flux_e5,train
data/raw/e5_sid_flux/images/row-176296_full_synthetic_012855.jpg,1,ai_generated,sid_set_train_flux_e5,train
data/raw/e5_sid_flux/images/row-200352_full_synthetic_066303.jpg,1,ai_generated,sid_set_train_flux_e5,train
data/raw/e5_sid_flux/images/row-28759_full_synthetic_063795.jpg,1,ai_generated,sid_set_train_flux_e5,train
data/raw/e5_sid_flux/images/row-38642_full_synthetic_014524.jpg,1,ai_generated,sid_set_train_flux_e5,train
data/raw/e5_sid_flux/images/row-201959_full_synthetic_048415.jpg,1,ai_generated,sid_set_train_flux_e5,train
data/raw/e5_sid_flux/images/row-165413_full_synthetic_051649.jpg,1,ai_generated,sid_set_train_flux_e5,train
data/raw/e5_sid_flux/images/row-148295_full_synthetic_034727.jpg,1,ai_generated,sid_set_train_flux_e5,train
data/raw/e5_sid_flux/images/row-165479_full_synthetic_048759.jpg,1,ai_generated,sid_set_train_flux_e5,train
data/raw/e5_sid_flux/images/row-76851_full_synthetic_032524.jpg,1,ai_generated,sid_set_train_flux_e5,train
data/raw/e5_sid_flux/images/row-179924_full_synthetic_052988.jpg,1,ai_generated,sid_set_train_flux_e5,train
data/raw/e5_sid_flux/images/row-106306_full_synthetic_025192.jpg,1,ai_generated,sid_set_train_flux_e5,train
data/raw/e5_sid_flux/images/row-141917_full_synthetic_035724.jpg,1,ai_generated,sid_set_train_flux_e5,train
data/raw/e5_sid_flux/images/row-31576_full_synthetic_027984.jpg,1,ai_generated,sid_set_train_flux_e5,train
data/raw/e5_sid_flux/images/row-46536_full_synthetic_042488.jpg,1,ai_generated,sid_set_train_flux_e5,train
data/raw/e5_sid_flux/images/row-78050_full_synthetic_029137.jpg,1,ai_generated,sid_set_train_flux_e5,train
data/raw/e5_sid_flux/images/row-03571_full_synthetic_068648.jpg,1,ai_generated,sid_set_train_flux_e5,train
data/raw/e5_sid_flux/images/row-57931_full_synthetic_011232.jpg,1,ai_generated,sid_set_train_flux_e5,train
data/raw/e5_sid_flux/images/row-76872_full_synthetic_054777.jpg,1,ai_generated,sid_set_train_flux_e5,train
data/raw/e5_sid_flux/images/row-159630_full_synthetic_016394.jpg,1,ai_generated,sid_set_train_flux_e5,train
data/raw/e5_sid_flux/images/row-48114_full_synthetic_008693.jpg,1,ai_generated,sid_set_train_flux_e5,train
data/raw/e5_sid_flux/images/row-95551_full_synthetic_024600.jpg,1,ai_generated,sid_set_train_flux_e5,train
data/raw/e5_sid_flux/images/row-47651_full_synthetic_036959.jpg,1,ai_generated,sid_set_train_flux_e5,train
data/raw/e5_sid_flux/images/row-201921_full_synthetic_062550.jpg,1,ai_generated,sid_set_train_flux_e5,train
data/raw/e5_sid_flux/images/row-27184_full_synthetic_009699.jpg,1,ai_generated,sid_set_train_flux_e5,train
data/raw/e5_sid_flux/images/row-183059_full_synthetic_043007.jpg,1,ai_generated,sid_set_train_flux_e5,train
data/raw/e5_sid_flux/images/row-80063_full_synthetic_049775.jpg,1,ai_generated,sid_set_train_flux_e5,train
data/raw/e5_sid_flux/images/row-148268_full_synthetic_024686.jpg,1,ai_generated,sid_set_train_flux_e5,train
data/raw/e5_sid_flux/images/row-180760_full_synthetic_005674.jpg,1,ai_generated,sid_set_train_flux_e5,train
data/raw/e5_sid_flux/images/row-141961_full_synthetic_055267.jpg,1,ai_generated,sid_set_train_flux_e5,train
data/raw/e5_sid_flux/images/row-130824_full_synthetic_004481.jpg,1,ai_generated,sid_set_train_flux_e5,train
data/raw/e5_sid_flux/images/row-95321_full_synthetic_002678.jpg,1,ai_generated,sid_set_train_flux_e5,train
data/raw/e5_sid_flux/images/row-11923_full_synthetic_006465.jpg,1,ai_generated,sid_set_train_flux_e5,train
data/raw/e5_sid_flux/images/row-198998_full_synthetic_061407.jpg,1,ai_generated,sid_set_train_flux_e5,train
data/raw/e5_sid_flux/images/row-78266_full_synthetic_022112.jpg,1,ai_generated,sid_set_train_flux_e5,train
data/raw/e5_sid_flux/images/row-27112_full_synthetic_051943.jpg,1,ai_generated,sid_set_train_flux_e5,train
data/raw/e5_sid_flux/images/row-47665_full_synthetic_046720.jpg,1,ai_generated,sid_set_train_flux_e5,train
data/raw/e5_sid_flux/images/row-84763_full_synthetic_013564.jpg,1,ai_generated,sid_set_train_flux_e5,train
data/raw/e5_sid_flux/images/row-156477_full_synthetic_056314.jpg,1,ai_generated,sid_set_train_flux_e5,train
data/raw/e5_sid_flux/images/row-195674_full_synthetic_004376.jpg,1,ai_generated,sid_set_train_flux_e5,train
data/raw/e5_sid_flux/images/row-122933_full_synthetic_001142.jpg,1,ai_generated,sid_set_train_flux_e5,train
data/raw/e5_sid_flux/images/row-208779_full_synthetic_053248.jpg,1,ai_generated,sid_set_train_flux_e5,train
data/raw/e5_sid_flux/images/row-61042_full_synthetic_034958.jpg,1,ai_generated,sid_set_train_flux_e5,train
data/raw/e5_sid_flux/images/row-182029_full_synthetic_001118.jpg,1,ai_generated,sid_set_train_flux_e5,train
data/raw/e5_sid_flux/images/row-36121_full_synthetic_037447.jpg,1,ai_generated,sid_set_train_flux_e5,train
data/raw/e5_sid_flux/images/row-111259_full_synthetic_023171.jpg,1,ai_generated,sid_set_train_flux_e5,train
data/raw/e5_sid_flux/images/row-124085_full_synthetic_042206.jpg,1,ai_generated,sid_set_train_flux_e5,train
data/raw/e5_sid_flux/images/row-85496_full_synthetic_017468.jpg,1,ai_generated,sid_set_train_flux_e5,train
data/raw/e5_sid_flux/images/row-140038_full_synthetic_027409.jpg,1,ai_generated,sid_set_train_flux_e5,train
data/raw/e5_sid_flux/images/row-127288_full_synthetic_063989.jpg,1,ai_generated,sid_set_train_flux_e5,train
data/raw/e5_sid_flux/images/row-62755_full_synthetic_003158.jpg,1,ai_generated,sid_set_train_flux_e5,train
data/raw/e5_sid_flux/images/row-85360_full_synthetic_030436.jpg,1,ai_generated,sid_set_train_flux_e5,train
data/raw/e5_sid_flux/images/row-128127_full_synthetic_047296.jpg,1,ai_generated,sid_set_train_flux_e5,train
data/raw/e5_sid_flux/images/row-03437_full_synthetic_041420.jpg,1,ai_generated,sid_set_train_flux_e5,train
data/raw/e5_sid_flux/images/row-158383_full_synthetic_047761.jpg,1,ai_generated,sid_set_train_flux_e5,train
data/raw/e5_sid_flux/images/row-186550_full_synthetic_053804.jpg,1,ai_generated,sid_set_train_flux_e5,train
data/raw/e5_sid_flux/images/row-190897_full_synthetic_036235.jpg,1,ai_generated,sid_set_train_flux_e5,train
data/raw/e5_sid_flux/images/row-140361_full_synthetic_044214.jpg,1,ai_generated,sid_set_train_flux_e5,train
data/raw/e5_sid_flux/images/row-46563_full_synthetic_011319.jpg,1,ai_generated,sid_set_train_flux_e5,train
data/raw/e5_sid_flux/images/row-72246_full_synthetic_060715.jpg,1,ai_generated,sid_set_train_flux_e5,train
data/raw/e5_sid_flux/images/row-140096_full_synthetic_062686.jpg,1,ai_generated,sid_set_train_flux_e5,train
data/raw/e5_sid_flux/images/row-44440_full_synthetic_008849.jpg,1,ai_generated,sid_set_train_flux_e5,train
data/raw/e5_sid_flux/images/row-124019_full_synthetic_049643.jpg,1,ai_generated,sid_set_train_flux_e5,train
data/raw/e5_sid_flux/images/row-48137_full_synthetic_043045.jpg,1,ai_generated,sid_set_train_flux_e5,train
data/raw/e5_sid_flux/images/row-139497_full_synthetic_063361.jpg,1,ai_generated,sid_set_train_flux_e5,train
data/raw/e5_sid_flux/images/row-11933_full_synthetic_025975.jpg,1,ai_generated,sid_set_train_flux_e5,train
data/raw/e5_sid_flux/images/row-39060_full_synthetic_059638.jpg,1,ai_generated,sid_set_train_flux_e5,train
data/raw/e5_sid_flux/images/row-62779_full_synthetic_019501.jpg,1,ai_generated,sid_set_train_flux_e5,train
data/raw/e5_sid_flux/images/row-39053_full_synthetic_069736.jpg,1,ai_generated,sid_set_train_flux_e5,train
data/raw/e5_sid_flux/images/row-125524_full_synthetic_051055.jpg,1,ai_generated,sid_set_train_flux_e5,train
data/raw/e5_sid_flux/images/row-27924_full_synthetic_010781.jpg,1,ai_generated,sid_set_train_flux_e5,train
data/raw/e5_sid_flux/images/row-202879_full_synthetic_014041.jpg,1,ai_generated,sid_set_train_flux_e5,train
data/raw/e5_sid_flux/images/row-185643_full_synthetic_034480.jpg,1,ai_generated,sid_set_train_flux_e5,train
data/raw/e5_sid_flux/images/row-80072_full_synthetic_069883.jpg,1,ai_generated,sid_set_train_flux_e5,train
data/raw/e5_sid_flux/images/row-03438_full_synthetic_008362.jpg,1,ai_generated,sid_set_train_flux_e5,train
data/raw/e5_sid_flux/images/row-122915_full_synthetic_008504.jpg,1,ai_generated,sid_set_train_flux_e5,train
data/raw/e5_sid_flux/images/row-28798_full_synthetic_009043.jpg,1,ai_generated,sid_set_train_flux_e5,train
data/raw/e5_sid_flux/images/row-01694_full_synthetic_030867.jpg,1,ai_generated,sid_set_train_flux_e5,train
data/raw/e5_sid_flux/images/row-36164_full_synthetic_002742.jpg,1,ai_generated,sid_set_train_flux_e5,train
data/raw/e5_sid_flux/images/row-47650_full_synthetic_028563.jpg,1,ai_generated,sid_set_train_flux_e5,train
data/raw/e5_sid_flux/images/row-85351_full_synthetic_042308.jpg,1,ai_generated,sid_set_train_flux_e5,train
data/raw/e5_sid_flux/images/row-208400_full_synthetic_040411.jpg,1,ai_generated,sid_set_train_flux_e5,train
data/raw/e5_sid_flux/images/row-51244_full_synthetic_004945.jpg,1,ai_generated,sid_set_train_flux_e5,train
data/raw/e5_sid_flux/images/row-62785_full_synthetic_001067.jpg,1,ai_generated,sid_set_train_flux_e5,train
data/raw/e5_sid_flux/images/row-195647_full_synthetic_006898.jpg,1,ai_generated,sid_set_train_flux_e5,train
data/raw/e5_sid_flux/images/row-183082_full_synthetic_000976.jpg,1,ai_generated,sid_set_train_flux_e5,train
data/raw/e5_sid_flux/images/row-206705_full_synthetic_051035.jpg,1,ai_generated,sid_set_train_flux_e5,train
data/raw/e5_sid_flux/images/row-94247_full_synthetic_067745.jpg,1,ai_generated,sid_set_train_flux_e5,train
data/raw/e5_sid_flux/images/row-38660_full_synthetic_026272.jpg,1,ai_generated,sid_set_train_flux_e5,train
data/raw/e5_sid_flux/images/row-44479_full_synthetic_016421.jpg,1,ai_generated,sid_set_train_flux_e5,train
data/raw/e5_sid_flux/images/row-78227_full_synthetic_027442.jpg,1,ai_generated,sid_set_train_flux_e5,train
data/raw/e5_sid_flux/images/row-202807_full_synthetic_058402.jpg,1,ai_generated,sid_set_train_flux_e5,train
data/raw/e5_sid_flux/images/row-202878_full_synthetic_047768.jpg,1,ai_generated,sid_set_train_flux_e5,train
data/raw/e5_sid_flux/images/row-78023_full_synthetic_056663.jpg,1,ai_generated,sid_set_train_flux_e5,train
data/raw/e5_sid_flux/images/row-61074_full_synthetic_064593.jpg,1,ai_generated,sid_set_train_flux_e5,train
data/raw/e5_sid_flux/images/row-117977_full_synthetic_055657.jpg,1,ai_generated,sid_set_train_flux_e5,train
data/raw/e5_sid_flux/images/row-65776_full_synthetic_011682.jpg,1,ai_generated,sid_set_train_flux_e5,train
data/raw/e5_sid_flux/images/row-158304_full_synthetic_057605.jpg,1,ai_generated,sid_set_train_flux_e5,train
data/raw/e5_sid_flux/images/row-61482_full_synthetic_056222.jpg,1,ai_generated,sid_set_train_flux_e5,train
data/raw/e5_sid_flux/images/row-117973_full_synthetic_009798.jpg,1,ai_generated,sid_set_train_flux_e5,train
data/raw/e5_sid_flux/images/row-01690_full_synthetic_066561.jpg,1,ai_generated,sid_set_train_flux_e5,train
data/raw/e5_sid_flux/images/row-67748_full_synthetic_010337.jpg,1,ai_generated,sid_set_train_flux_e5,train
data/raw/e5_sid_flux/images/row-80073_full_synthetic_010312.jpg,1,ai_generated,sid_set_train_flux_e5,train
data/raw/e5_sid_flux/images/row-01686_full_synthetic_012721.jpg,1,ai_generated,sid_set_train_flux_e5,train
data/raw/e5_sid_flux/images/row-126749_full_synthetic_065689.jpg,1,ai_generated,sid_set_train_flux_e5,train
data/raw/e5_sid_flux/images/row-106369_full_synthetic_006000.jpg,1,ai_generated,sid_set_train_flux_e5,train
data/raw/e5_sid_flux/images/row-84794_full_synthetic_062849.jpg,1,ai_generated,sid_set_train_flux_e5,train
data/raw/e5_sid_flux/images/row-165417_full_synthetic_022143.jpg,1,ai_generated,sid_set_train_flux_e5,train
data/raw/e5_sid_flux/images/row-51216_full_synthetic_022715.jpg,1,ai_generated,sid_set_train_flux_e5,train
data/raw/e5_sid_flux/images/row-202866_full_synthetic_033410.jpg,1,ai_generated,sid_set_train_flux_e5,train
data/raw/e5_sid_flux/images/row-67758_full_synthetic_055309.jpg,1,ai_generated,sid_set_train_flux_e5,train
data/raw/e5_sid_flux/images/row-114946_full_synthetic_048273.jpg,1,ai_generated,sid_set_train_flux_e5,train
data/raw/e5_sid_flux/images/row-41182_full_synthetic_044174.jpg,1,ai_generated,sid_set_train_flux_e5,train
data/raw/e5_sid_flux/images/row-182060_full_synthetic_057901.jpg,1,ai_generated,sid_set_train_flux_e5,train
data/raw/e5_sid_flux/images/row-127210_full_synthetic_023332.jpg,1,ai_generated,sid_set_train_flux_e5,train
data/raw/e5_sid_flux/images/row-156461_full_synthetic_041575.jpg,1,ai_generated,sid_set_train_flux_e5,train
data/raw/e5_sid_flux/images/row-114954_full_synthetic_019894.jpg,1,ai_generated,sid_set_train_flux_e5,train
data/raw/e5_sid_flux/images/row-06844_full_synthetic_061600.jpg,1,ai_generated,sid_set_train_flux_e5,train
data/raw/e5_sid_flux/images/row-12166_full_synthetic_010188.jpg,1,ai_generated,sid_set_train_flux_e5,train
data/raw/e5_sid_flux/images/row-11999_full_synthetic_040804.jpg,1,ai_generated,sid_set_train_flux_e5,train
data/raw/e5_sid_flux/images/row-85414_full_synthetic_059864.jpg,1,ai_generated,sid_set_train_flux_e5,train
data/raw/e5_sid_flux/images/row-61028_full_synthetic_026808.jpg,1,ai_generated,sid_set_train_flux_e5,train
data/raw/e5_sid_flux/images/row-61475_full_synthetic_016943.jpg,1,ai_generated,sid_set_train_flux_e5,train
data/raw/e5_sid_flux/images/row-106398_full_synthetic_069921.jpg,1,ai_generated,sid_set_train_flux_e5,train
data/raw/e5_sid_flux/images/row-11953_full_synthetic_016735.jpg,1,ai_generated,sid_set_train_flux_e5,train
data/raw/e5_sid_flux/images/row-191268_full_synthetic_038700.jpg,1,ai_generated,sid_set_train_flux_e5,train
data/raw/e5_sid_flux/images/row-120881_full_synthetic_034405.jpg,1,ai_generated,sid_set_train_flux_e5,train
data/raw/e5_sid_flux/images/row-140059_full_synthetic_018816.jpg,1,ai_generated,sid_set_train_flux_e5,train
data/raw/e5_sid_flux/images/row-80090_full_synthetic_048195.jpg,1,ai_generated,sid_set_train_flux_e5,train
data/raw/e5_sid_flux/images/row-06894_full_synthetic_040265.jpg,1,ai_generated,sid_set_train_flux_e5,train
data/raw/e5_sid_flux/images/row-58603_full_synthetic_006675.jpg,1,ai_generated,sid_set_train_flux_e5,train
data/raw/e5_sid_flux/images/row-58193_full_synthetic_031682.jpg,1,ai_generated,sid_set_train_flux_e5,train
data/raw/e5_sid_flux/images/row-17973_full_synthetic_031348.jpg,1,ai_generated,sid_set_train_flux_e5,train
data/raw/e5_sid_flux/images/row-38628_full_synthetic_063171.jpg,1,ai_generated,sid_set_train_flux_e5,train
data/raw/e5_sid_flux/images/row-51882_full_synthetic_068974.jpg,1,ai_generated,sid_set_train_flux_e5,train
data/raw/e5_sid_flux/images/row-55873_full_synthetic_021180.jpg,1,ai_generated,sid_set_train_flux_e5,train
data/raw/e5_sid_flux/images/row-155655_full_synthetic_037575.jpg,1,ai_generated,sid_set_train_flux_e5,train
data/raw/e5_sid_flux/images/row-114975_full_synthetic_003991.jpg,1,ai_generated,sid_set_train_flux_e5,train
data/raw/e5_sid_flux/images/row-111537_full_synthetic_004923.jpg,1,ai_generated,sid_set_train_flux_e5,train
data/raw/e5_sid_flux/images/row-78032_full_synthetic_016723.jpg,1,ai_generated,sid_set_train_flux_e5,train
data/raw/e5_sid_flux/images/row-46592_full_synthetic_050994.jpg,1,ai_generated,sid_set_train_flux_e5,train
data/raw/e5_sid_flux/images/row-125537_full_synthetic_025684.jpg,1,ai_generated,sid_set_train_flux_e5,train
data/raw/e5_sid_flux/images/row-143307_full_synthetic_066459.jpg,1,ai_generated,sid_set_train_flux_e5,train
data/raw/e5_sid_flux/images/row-152857_full_synthetic_064835.jpg,1,ai_generated,sid_set_train_flux_e5,train
data/raw/e5_sid_flux/images/row-78279_full_synthetic_036398.jpg,1,ai_generated,sid_set_train_flux_e5,train
data/raw/e5_sid_flux/images/row-151524_full_synthetic_012845.jpg,1,ai_generated,sid_set_train_flux_e5,train
data/raw/e5_sid_flux/images/row-200316_full_synthetic_048588.jpg,1,ai_generated,sid_set_train_flux_e5,train
data/raw/e5_sid_flux/images/row-38613_full_synthetic_069716.jpg,1,ai_generated,sid_set_train_flux_e5,train
data/raw/e5_sid_flux/images/row-140305_full_synthetic_051708.jpg,1,ai_generated,sid_set_train_flux_e5,train
data/raw/e5_sid_flux/images/row-208725_full_synthetic_038794.jpg,1,ai_generated,sid_set_train_flux_e5,train
data/raw/e5_sid_flux/images/row-175691_full_synthetic_036736.jpg,1,ai_generated,sid_set_train_flux_e5,train
data/raw/e5_sid_flux/images/row-58185_full_synthetic_023199.jpg,1,ai_generated,sid_set_train_flux_e5,train
data/raw/e5_sid_flux/images/row-201008_full_synthetic_010660.jpg,1,ai_generated,sid_set_train_flux_e5,train
data/raw/e5_sid_flux/images/row-112837_full_synthetic_037593.jpg,1,ai_generated,sid_set_train_flux_e5,train
data/raw/e5_sid_flux/images/row-90754_full_synthetic_012860.jpg,1,ai_generated,sid_set_train_flux_e5,train
data/raw/e5_sid_flux/images/row-183073_full_synthetic_067256.jpg,1,ai_generated,sid_set_train_flux_e5,train
data/raw/e5_sid_flux/images/row-41100_full_synthetic_017020.jpg,1,ai_generated,sid_set_train_flux_e5,train
data/raw/e5_sid_flux/images/row-95311_full_synthetic_023969.jpg,1,ai_generated,sid_set_train_flux_e5,train
data/raw/e5_sid_flux/images/row-181212_full_synthetic_017443.jpg,1,ai_generated,sid_set_train_flux_e5,train
data/raw/e5_sid_flux/images/row-186524_full_synthetic_005820.jpg,1,ai_generated,sid_set_train_flux_e5,train
data/raw/e5_sid_flux/images/row-78263_full_synthetic_029891.jpg,1,ai_generated,sid_set_train_flux_e5,train
data/raw/e5_sid_flux/images/row-51877_full_synthetic_064953.jpg,1,ai_generated,sid_set_train_flux_e5,train
data/raw/e5_sid_flux/images/row-183001_full_synthetic_021858.jpg,1,ai_generated,sid_set_train_flux_e5,train
data/raw/e5_sid_flux/images/row-122912_full_synthetic_022356.jpg,1,ai_generated,sid_set_train_flux_e5,train
data/raw/e5_sid_flux/images/row-62723_full_synthetic_009428.jpg,1,ai_generated,sid_set_train_flux_e5,train
data/raw/e5_sid_flux/images/row-202833_full_synthetic_046374.jpg,1,ai_generated,sid_set_train_flux_e5,train
data/raw/e5_sid_flux/images/row-28756_full_synthetic_051531.jpg,1,ai_generated,sid_set_train_flux_e5,train
data/raw/e5_sid_flux/images/row-39094_full_synthetic_033851.jpg,1,ai_generated,sid_set_train_flux_e5,train
data/raw/e5_sid_flux/images/row-47543_full_synthetic_064713.jpg,1,ai_generated,sid_set_train_flux_e5,train
data/raw/e5_sid_flux/images/row-124005_full_synthetic_028677.jpg,1,ai_generated,sid_set_train_flux_e5,train
data/raw/e5_sid_flux/images/row-165489_full_synthetic_034246.jpg,1,ai_generated,sid_set_train_flux_e5,train
data/raw/e5_sid_flux/images/row-183008_full_synthetic_022494.jpg,1,ai_generated,sid_set_train_flux_e5,train
data/raw/e5_sid_flux/images/row-155616_full_synthetic_019319.jpg,1,ai_generated,sid_set_train_flux_e5,train
data/raw/e5_sid_flux/images/row-143336_full_synthetic_007095.jpg,1,ai_generated,sid_set_train_flux_e5,train
data/raw/e5_sid_flux/images/row-107903_full_synthetic_035097.jpg,1,ai_generated,sid_set_train_flux_e5,train
data/raw/e5_sid_flux/images/row-72200_full_synthetic_052012.jpg,1,ai_generated,sid_set_train_flux_e5,train
data/raw/e5_sid_flux/images/row-206706_full_synthetic_055533.jpg,1,ai_generated,sid_set_train_flux_e5,train
data/raw/e5_sid_flux/images/row-03496_full_synthetic_034136.jpg,1,ai_generated,sid_set_train_flux_e5,train
data/raw/e5_sid_flux/images/row-09992_full_synthetic_014417.jpg,1,ai_generated,sid_set_train_flux_e5,train
data/raw/e5_sid_flux/images/row-65768_full_synthetic_047272.jpg,1,ai_generated,sid_set_train_flux_e5,train
data/raw/e5_sid_flux/images/row-111237_full_synthetic_066827.jpg,1,ai_generated,sid_set_train_flux_e5,train
data/raw/e5_sid_flux/images/row-107911_full_synthetic_064618.jpg,1,ai_generated,sid_set_train_flux_e5,train
data/raw/e5_sid_flux/images/row-60479_full_synthetic_060286.jpg,1,ai_generated,sid_set_train_flux_e5,train
data/raw/e5_sid_flux/images/row-76830_full_synthetic_063009.jpg,1,ai_generated,sid_set_train_flux_e5,train
data/raw/e5_sid_flux/images/row-136395_full_synthetic_025717.jpg,1,ai_generated,sid_set_train_flux_e5,train
data/raw/e5_sid_flux/images/row-09924_full_synthetic_024725.jpg,1,ai_generated,sid_set_train_flux_e5,train
data/raw/e5_sid_flux/images/row-57923_full_synthetic_043667.jpg,1,ai_generated,sid_set_train_flux_e5,train
data/raw/e5_sid_flux/images/row-183039_full_synthetic_043410.jpg,1,ai_generated,sid_set_train_flux_e5,train
data/raw/e5_sid_flux/images/row-152836_full_synthetic_015408.jpg,1,ai_generated,sid_set_train_flux_e5,train
data/raw/e5_sid_flux/images/row-148290_full_synthetic_063180.jpg,1,ai_generated,sid_set_train_flux_e5,train
data/raw/e5_sid_flux/images/row-190899_full_synthetic_039350.jpg,1,ai_generated,sid_set_train_flux_e5,train
data/raw/e5_sid_flux/images/row-125328_full_synthetic_037469.jpg,1,ai_generated,sid_set_train_flux_e5,train
data/raw/e5_sid_flux/images/row-126788_full_synthetic_063741.jpg,1,ai_generated,sid_set_train_flux_e5,train
data/raw/e5_sid_flux/images/row-76891_full_synthetic_040631.jpg,1,ai_generated,sid_set_train_flux_e5,train
data/raw/e5_sid_flux/images/row-78201_full_synthetic_058390.jpg,1,ai_generated,sid_set_train_flux_e5,train
data/raw/e5_sid_flux/images/row-01862_full_synthetic_029397.jpg,1,ai_generated,sid_set_train_flux_e5,train
data/raw/e5_sid_flux/images/row-75496_full_synthetic_060705.jpg,1,ai_generated,sid_set_train_flux_e5,train
data/raw/e5_sid_flux/images/row-195307_full_synthetic_056021.jpg,1,ai_generated,sid_set_train_flux_e5,train
data/raw/e5_sid_flux/images/row-201931_full_synthetic_048608.jpg,1,ai_generated,sid_set_train_flux_e5,train
data/raw/e5_sid_flux/images/row-44455_full_synthetic_024070.jpg,1,ai_generated,sid_set_train_flux_e5,train
data/raw/e5_sid_flux/images/row-139875_full_synthetic_001747.jpg,1,ai_generated,sid_set_train_flux_e5,train
data/raw/e5_sid_flux/images/row-111586_full_synthetic_057203.jpg,1,ai_generated,sid_set_train_flux_e5,train
data/raw/e5_sid_flux/images/row-141502_full_synthetic_033840.jpg,1,ai_generated,sid_set_train_flux_e5,train
data/raw/e5_sid_flux/images/row-195686_full_synthetic_012842.jpg,1,ai_generated,sid_set_train_flux_e5,train
data/raw/e5_sid_flux/images/row-106309_full_synthetic_063837.jpg,1,ai_generated,sid_set_train_flux_e5,train
data/raw/e5_sid_flux/images/row-21389_full_synthetic_058825.jpg,1,ai_generated,sid_set_train_flux_e5,train
data/raw/e5_sid_flux/images/row-109965_full_synthetic_068678.jpg,1,ai_generated,sid_set_train_flux_e5,train
data/raw/e5_sid_flux/images/row-128125_full_synthetic_023475.jpg,1,ai_generated,sid_set_train_flux_e5,train
data/raw/e5_sid_flux/images/row-58136_full_synthetic_057737.jpg,1,ai_generated,sid_set_train_flux_e5,train
data/raw/e5_sid_flux/images/row-127281_full_synthetic_022229.jpg,1,ai_generated,sid_set_train_flux_e5,train
data/raw/e5_sid_flux/images/row-83806_full_synthetic_005611.jpg,1,ai_generated,sid_set_train_flux_e5,train
data/raw/e5_sid_flux/images/row-182041_full_synthetic_020868.jpg,1,ai_generated,sid_set_train_flux_e5,train
data/raw/e5_sid_flux/images/row-195679_full_synthetic_011900.jpg,1,ai_generated,sid_set_train_flux_e5,train
data/raw/e5_sid_flux/images/row-159652_full_synthetic_069474.jpg,1,ai_generated,sid_set_train_flux_e5,train
data/raw/e5_sid_flux/images/row-106319_full_synthetic_001931.jpg,1,ai_generated,sid_set_train_flux_e5,train
data/raw/e5_sid_flux/images/row-46537_full_synthetic_058856.jpg,1,ai_generated,sid_set_train_flux_e5,train
data/raw/e5_sid_flux/images/row-78252_full_synthetic_000364.jpg,1,ai_generated,sid_set_train_flux_e5,train
data/raw/e5_sid_flux/images/row-180711_full_synthetic_032943.jpg,1,ai_generated,sid_set_train_flux_e5,train
data/raw/e5_sid_flux/images/row-58676_full_synthetic_039271.jpg,1,ai_generated,sid_set_train_flux_e5,train
data/raw/e5_sid_flux/images/row-19916_full_synthetic_044269.jpg,1,ai_generated,sid_set_train_flux_e5,train
data/raw/e5_sid_flux/images/row-191252_full_synthetic_013519.jpg,1,ai_generated,sid_set_train_flux_e5,train
data/raw/e5_sid_flux/images/row-127215_full_synthetic_027178.jpg,1,ai_generated,sid_set_train_flux_e5,train
data/raw/e5_sid_flux/images/row-182004_full_synthetic_016139.jpg,1,ai_generated,sid_set_train_flux_e5,train
data/raw/e5_sid_flux/images/row-12170_full_synthetic_025770.jpg,1,ai_generated,sid_set_train_flux_e5,train
data/raw/e5_sid_flux/images/row-62773_full_synthetic_066689.jpg,1,ai_generated,sid_set_train_flux_e5,train
data/raw/e5_sid_flux/images/row-201943_full_synthetic_035238.jpg,1,ai_generated,sid_set_train_flux_e5,train
data/raw/e5_sid_flux/images/row-161953_full_synthetic_055623.jpg,1,ai_generated,sid_set_train_flux_e5,train
data/raw/e5_sid_flux/images/row-125509_full_synthetic_033375.jpg,1,ai_generated,sid_set_train_flux_e5,train
data/raw/e5_sid_flux/images/row-202827_full_synthetic_040157.jpg,1,ai_generated,sid_set_train_flux_e5,train
data/raw/e5_sid_flux/images/row-140076_full_synthetic_053290.jpg,1,ai_generated,sid_set_train_flux_e5,train
data/raw/e5_sid_flux/images/row-202851_full_synthetic_064680.jpg,1,ai_generated,sid_set_train_flux_e5,train
data/raw/e5_sid_flux/images/row-09970_full_synthetic_009139.jpg,1,ai_generated,sid_set_train_flux_e5,train
data/raw/e5_sid_flux/images/row-94268_full_synthetic_056450.jpg,1,ai_generated,sid_set_train_flux_e5,train
data/raw/e5_sid_flux/images/row-78260_full_synthetic_066567.jpg,1,ai_generated,sid_set_train_flux_e5,train
data/raw/e5_sid_flux/images/row-128175_full_synthetic_067910.jpg,1,ai_generated,sid_set_train_flux_e5,train
data/raw/e5_sid_flux/images/row-44467_full_synthetic_055417.jpg,1,ai_generated,sid_set_train_flux_e5,train
data/raw/e5_sid_flux/images/row-43736_full_synthetic_021854.jpg,1,ai_generated,sid_set_train_flux_e5,train
data/raw/e5_sid_flux/images/row-161923_full_synthetic_007842.jpg,1,ai_generated,sid_set_train_flux_e5,train
data/raw/e5_sid_flux/images/row-39515_full_synthetic_028297.jpg,1,ai_generated,sid_set_train_flux_e5,train
data/raw/e5_sid_flux/images/row-163342_full_synthetic_028962.jpg,1,ai_generated,sid_set_train_flux_e5,train
data/raw/e5_sid_flux/images/row-85470_full_synthetic_037013.jpg,1,ai_generated,sid_set_train_flux_e5,train
data/raw/e5_sid_flux/images/row-28785_full_synthetic_068004.jpg,1,ai_generated,sid_set_train_flux_e5,train
data/raw/e5_sid_flux/images/row-148262_full_synthetic_008817.jpg,1,ai_generated,sid_set_train_flux_e5,train
data/raw/e5_sid_flux/images/row-208724_full_synthetic_038836.jpg,1,ai_generated,sid_set_train_flux_e5,train
data/raw/e5_sid_flux/images/row-156478_full_synthetic_065933.jpg,1,ai_generated,sid_set_train_flux_e5,train
data/raw/e5_sid_flux/images/row-179912_full_synthetic_027371.jpg,1,ai_generated,sid_set_train_flux_e5,train
data/raw/e5_sid_flux/images/row-143303_full_synthetic_012338.jpg,1,ai_generated,sid_set_train_flux_e5,train
data/raw/e5_sid_flux/images/row-158343_full_synthetic_028710.jpg,1,ai_generated,sid_set_train_flux_e5,train
data/raw/e5_sid_flux/images/row-90767_full_synthetic_043543.jpg,1,ai_generated,sid_set_train_flux_e5,train
data/raw/e5_sid_flux/images/row-124095_full_synthetic_014228.jpg,1,ai_generated,sid_set_train_flux_e5,train
data/raw/e5_sid_flux/images/row-44432_full_synthetic_024590.jpg,1,ai_generated,sid_set_train_flux_e5,train
data/raw/e5_sid_flux/images/row-179984_full_synthetic_026942.jpg,1,ai_generated,sid_set_train_flux_e5,train
data/raw/e5_sid_flux/images/row-31593_full_synthetic_004289.jpg,1,ai_generated,sid_set_train_flux_e5,train
data/raw/e5_sid_flux/images/row-43705_full_synthetic_045913.jpg,1,ai_generated,sid_set_train_flux_e5,train
data/raw/e5_sid_flux/images/row-67739_full_synthetic_016705.jpg,1,ai_generated,sid_set_train_flux_e5,train
data/raw/e5_sid_flux/images/row-76854_full_synthetic_039065.jpg,1,ai_generated,sid_set_train_flux_e5,train
data/raw/e5_sid_flux/images/row-80075_full_synthetic_048477.jpg,1,ai_generated,sid_set_train_flux_e5,train
data/raw/e5_sid_flux/images/row-09935_full_synthetic_009361.jpg,1,ai_generated,sid_set_train_flux_e5,train
data/raw/e5_sid_flux/images/row-61076_full_synthetic_065744.jpg,1,ai_generated,sid_set_train_flux_e5,train
data/raw/e5_sid_flux/images/row-41131_full_synthetic_008293.jpg,1,ai_generated,sid_set_train_flux_e5,train
data/raw/e5_sid_flux/images/row-114976_full_synthetic_046693.jpg,1,ai_generated,sid_set_train_flux_e5,train
data/raw/e5_sid_flux/images/row-67708_full_synthetic_010930.jpg,1,ai_generated,sid_set_train_flux_e5,train
data/raw/e5_sid_flux/images/row-202868_full_synthetic_022997.jpg,1,ai_generated,sid_set_train_flux_e5,train
data/raw/e5_sid_flux/images/row-147689_full_synthetic_014623.jpg,1,ai_generated,sid_set_train_flux_e5,train
data/raw/e5_sid_flux/images/row-38699_full_synthetic_027341.jpg,1,ai_generated,sid_set_train_flux_e5,train
data/raw/e5_sid_flux/images/row-191241_full_synthetic_017520.jpg,1,ai_generated,sid_set_train_flux_e5,train
data/raw/e5_sid_flux/images/row-47683_full_synthetic_005448.jpg,1,ai_generated,sid_set_train_flux_e5,train
data/raw/e5_sid_flux/images/row-23825_full_synthetic_044003.jpg,1,ai_generated,sid_set_train_flux_e5,train
data/raw/e5_sid_flux/images/row-85411_full_synthetic_050145.jpg,1,ai_generated,sid_set_train_flux_e5,train
data/raw/e5_sid_flux/images/row-162979_full_synthetic_040721.jpg,1,ai_generated,sid_set_train_flux_e5,train
data/raw/e5_sid_flux/images/row-202875_full_synthetic_037163.jpg,1,ai_generated,sid_set_train_flux_e5,train
data/raw/e5_sid_flux/images/row-111521_full_synthetic_002378.jpg,1,ai_generated,sid_set_train_flux_e5,train
data/raw/e5_sid_flux/images/row-47666_full_synthetic_002887.jpg,1,ai_generated,sid_set_train_flux_e5,train
data/raw/e5_sid_flux/images/row-185913_full_synthetic_037000.jpg,1,ai_generated,sid_set_train_flux_e5,train
data/raw/e5_sid_flux/images/row-185966_full_synthetic_067511.jpg,1,ai_generated,sid_set_train_flux_e5,train
data/raw/e5_sid_flux/images/row-120828_full_synthetic_044785.jpg,1,ai_generated,sid_set_train_flux_e5,train
data/raw/e5_sid_flux/images/row-28066_full_synthetic_022180.jpg,1,ai_generated,sid_set_train_flux_e5,train
data/raw/e5_sid_flux/images/row-109947_full_synthetic_067991.jpg,1,ai_generated,sid_set_train_flux_e5,train
data/raw/e5_sid_flux/images/row-106347_full_synthetic_036748.jpg,1,ai_generated,sid_set_train_flux_e5,train
data/raw/e5_sid_flux/images/row-149424_full_synthetic_028471.jpg,1,ai_generated,sid_set_train_flux_e5,train
data/raw/e5_sid_flux/images/row-85388_full_synthetic_000672.jpg,1,ai_generated,sid_set_train_flux_e5,train
data/raw/e5_sid_flux/images/row-130882_full_synthetic_030924.jpg,1,ai_generated,sid_set_train_flux_e5,train
data/raw/e5_sid_flux/images/row-161943_full_synthetic_047029.jpg,1,ai_generated,sid_set_train_flux_e5,train
data/raw/e5_sid_flux/images/row-28768_full_synthetic_004957.jpg,1,ai_generated,sid_set_train_flux_e5,train
data/raw/e5_sid_flux/images/row-57980_full_synthetic_038612.jpg,1,ai_generated,sid_set_train_flux_e5,train
data/raw/e5_sid_flux/images/row-156450_full_synthetic_052138.jpg,1,ai_generated,sid_set_train_flux_e5,train
data/raw/e5_sid_flux/images/row-111518_full_synthetic_007656.jpg,1,ai_generated,sid_set_train_flux_e5,train
data/raw/e5_sid_flux/images/row-143352_full_synthetic_049454.jpg,1,ai_generated,sid_set_train_flux_e5,train
data/raw/e5_sid_flux/images/row-111596_full_synthetic_001692.jpg,1,ai_generated,sid_set_train_flux_e5,train
data/raw/e5_sid_flux/images/row-83847_full_synthetic_028682.jpg,1,ai_generated,sid_set_train_flux_e5,train
data/raw/e5_sid_flux/images/row-190939_full_synthetic_031190.jpg,1,ai_generated,sid_set_train_flux_e5,train
data/raw/e5_sid_flux/images/row-21373_full_synthetic_002322.jpg,1,ai_generated,sid_set_train_flux_e5,train
data/raw/e5_sid_flux/images/row-09943_full_synthetic_002725.jpg,1,ai_generated,sid_set_train_flux_e5,train
data/raw/e5_sid_flux/images/row-78013_full_synthetic_054975.jpg,1,ai_generated,sid_set_train_flux_e5,train
data/raw/e5_sid_flux/images/row-95320_full_synthetic_052283.jpg,1,ai_generated,sid_set_train_flux_e5,train
data/raw/e5_sid_flux/images/row-40958_full_synthetic_010800.jpg,1,ai_generated,sid_set_train_flux_e5,train
data/raw/e5_sid_flux/images/row-84709_full_synthetic_011259.jpg,1,ai_generated,sid_set_train_flux_e5,train
data/raw/e5_sid_flux/images/row-139818_full_synthetic_066821.jpg,1,ai_generated,sid_set_train_flux_e5,train
data/raw/e5_sid_flux/images/row-195332_full_synthetic_009037.jpg,1,ai_generated,sid_set_train_flux_e5,train
data/raw/e5_sid_flux/images/row-72258_full_synthetic_025418.jpg,1,ai_generated,sid_set_train_flux_e5,train
data/raw/e5_sid_flux/images/row-72257_full_synthetic_064483.jpg,1,ai_generated,sid_set_train_flux_e5,train
data/raw/e5_sid_flux/images/row-116161_full_synthetic_040910.jpg,1,ai_generated,sid_set_train_flux_e5,train
data/raw/e5_sid_flux/images/row-03557_full_synthetic_021721.jpg,1,ai_generated,sid_set_train_flux_e5,train
data/raw/e5_sid_flux/images/row-77575_full_synthetic_004191.jpg,1,ai_generated,sid_set_train_flux_e5,train
data/raw/e5_sid_flux/images/row-169062_full_synthetic_026545.jpg,1,ai_generated,sid_set_train_flux_e5,train
data/raw/e5_sid_flux/images/row-03536_full_synthetic_069919.jpg,1,ai_generated,sid_set_train_flux_e5,train
data/raw/e5_sid_flux/images/row-83897_full_synthetic_067576.jpg,1,ai_generated,sid_set_train_flux_e5,train
data/raw/e5_sid_flux/images/row-177141_full_synthetic_026930.jpg,1,ai_generated,sid_set_train_flux_e5,train
data/raw/e5_sid_flux/images/row-176218_full_synthetic_019712.jpg,1,ai_generated,sid_set_train_flux_e5,train
data/raw/e5_sid_flux/images/row-139487_full_synthetic_047788.jpg,1,ai_generated,sid_set_train_flux_e5,train
data/raw/e5_sid_flux/images/row-46596_full_synthetic_010750.jpg,1,ai_generated,sid_set_train_flux_e5,train
data/raw/e5_sid_flux/images/row-186530_full_synthetic_013123.jpg,1,ai_generated,sid_set_train_flux_e5,train
data/raw/e5_sid_flux/images/row-143312_full_synthetic_057639.jpg,1,ai_generated,sid_set_train_flux_e5,train
data/raw/e5_sid_flux/images/row-125382_full_synthetic_046078.jpg,1,ai_generated,sid_set_train_flux_e5,train
data/raw/e5_sid_flux/images/row-141927_full_synthetic_056955.jpg,1,ai_generated,sid_set_train_flux_e5,train
data/raw/e5_sid_flux/images/row-06881_full_synthetic_004047.jpg,1,ai_generated,sid_set_train_flux_e5,train
data/raw/e5_sid_flux/images/row-47595_full_synthetic_046196.jpg,1,ai_generated,sid_set_train_flux_e5,train
data/raw/e5_sid_flux/images/row-114943_full_synthetic_029868.jpg,1,ai_generated,sid_set_train_flux_e5,train
data/raw/e5_sid_flux/images/row-175614_full_synthetic_020543.jpg,1,ai_generated,sid_set_train_flux_e5,train
data/raw/e5_sid_flux/images/row-51207_full_synthetic_028446.jpg,1,ai_generated,sid_set_train_flux_e5,train
data/raw/e5_sid_flux/images/row-47544_full_synthetic_019632.jpg,1,ai_generated,sid_set_train_flux_e5,train
data/raw/e5_sid_flux/images/row-85329_full_synthetic_057724.jpg,1,ai_generated,sid_set_train_flux_e5,train
data/raw/e5_sid_flux/images/row-127224_full_synthetic_067151.jpg,1,ai_generated,sid_set_train_flux_e5,train
data/raw/e5_sid_flux/images/row-186577_full_synthetic_020382.jpg,1,ai_generated,sid_set_train_flux_e5,train
data/raw/e5_sid_flux/images/row-01884_full_synthetic_064360.jpg,1,ai_generated,sid_set_train_flux_e5,train
data/raw/e5_sid_flux/images/row-195642_full_synthetic_060523.jpg,1,ai_generated,sid_set_train_flux_e5,train
data/raw/e5_sid_flux/images/row-114977_full_synthetic_043357.jpg,1,ai_generated,sid_set_train_flux_e5,train
data/raw/e5_sid_flux/images/row-61020_full_synthetic_020380.jpg,1,ai_generated,sid_set_train_flux_e5,train
data/raw/e5_sid_flux/images/row-23816_full_synthetic_011914.jpg,1,ai_generated,sid_set_train_flux_e5,train
data/raw/e5_sid_flux/images/row-85358_full_synthetic_060181.jpg,1,ai_generated,sid_set_train_flux_e5,train
data/raw/e5_sid_flux/images/row-169069_full_synthetic_045556.jpg,1,ai_generated,sid_set_train_flux_e5,train
data/raw/e5_sid_flux/images/row-112884_full_synthetic_014648.jpg,1,ai_generated,sid_set_train_flux_e5,train
data/raw/e5_sid_flux/images/row-169012_full_synthetic_042068.jpg,1,ai_generated,sid_set_train_flux_e5,train
data/raw/e5_sid_flux/images/row-06891_full_synthetic_037542.jpg,1,ai_generated,sid_set_train_flux_e5,train
data/raw/e5_sid_flux/images/row-139803_full_synthetic_067165.jpg,1,ai_generated,sid_set_train_flux_e5,train
data/raw/e5_sid_flux/images/row-62751_full_synthetic_063369.jpg,1,ai_generated,sid_set_train_flux_e5,train
data/raw/e5_sid_flux/images/row-125323_full_synthetic_059499.jpg,1,ai_generated,sid_set_train_flux_e5,train
data/raw/e5_sid_flux/images/row-195606_full_synthetic_035745.jpg,1,ai_generated,sid_set_train_flux_e5,train
data/raw/e5_sid_flux/images/row-21352_full_synthetic_062634.jpg,1,ai_generated,sid_set_train_flux_e5,train
data/raw/e5_sid_flux/images/row-80031_full_synthetic_044914.jpg,1,ai_generated,sid_set_train_flux_e5,train
data/raw/e5_sid_flux/images/row-60410_full_synthetic_050801.jpg,1,ai_generated,sid_set_train_flux_e5,train
data/raw/e5_sid_flux/images/row-143384_full_synthetic_062105.jpg,1,ai_generated,sid_set_train_flux_e5,train
data/raw/e5_sid_flux/images/row-125579_full_synthetic_042772.jpg,1,ai_generated,sid_set_train_flux_e5,train
data/raw/e5_sid_flux/images/row-163329_full_synthetic_052865.jpg,1,ai_generated,sid_set_train_flux_e5,train
data/raw/e5_sid_flux/images/row-11922_full_synthetic_066621.jpg,1,ai_generated,sid_set_train_flux_e5,train
data/raw/e5_sid_flux/images/row-162984_full_synthetic_055148.jpg,1,ai_generated,sid_set_train_flux_e5,train
data/raw/e5_sid_flux/images/row-51250_full_synthetic_057341.jpg,1,ai_generated,sid_set_train_flux_e5,train
data/raw/e5_sid_flux/images/row-127276_full_synthetic_040007.jpg,1,ai_generated,sid_set_train_flux_e5,train
data/raw/e5_sid_flux/images/row-156421_full_synthetic_052805.jpg,1,ai_generated,sid_set_train_flux_e5,train
data/raw/e5_sid_flux/images/row-09993_full_synthetic_029507.jpg,1,ai_generated,sid_set_train_flux_e5,train
data/raw/e5_sid_flux/images/row-120863_full_synthetic_011268.jpg,1,ai_generated,sid_set_train_flux_e5,train
data/raw/e5_sid_flux/images/row-28087_full_synthetic_047588.jpg,1,ai_generated,sid_set_train_flux_e5,train
data/raw/e5_sid_flux/images/row-03412_full_synthetic_067240.jpg,1,ai_generated,sid_set_train_flux_e5,train
data/raw/e5_sid_flux/images/row-44401_full_synthetic_027435.jpg,1,ai_generated,sid_set_train_flux_e5,train
data/raw/e5_sid_flux/images/row-11955_full_synthetic_050418.jpg,1,ai_generated,sid_set_train_flux_e5,train
data/raw/e5_sid_flux/images/row-151597_full_synthetic_028752.jpg,1,ai_generated,sid_set_train_flux_e5,train
data/raw/e5_sid_flux/images/row-61431_full_synthetic_016674.jpg,1,ai_generated,sid_set_train_flux_e5,train
data/raw/e5_sid_flux/images/row-139415_full_synthetic_040940.jpg,1,ai_generated,sid_set_train_flux_e5,train
data/raw/e5_sid_flux/images/row-27960_full_synthetic_062831.jpg,1,ai_generated,sid_set_train_flux_e5,train
data/raw/e5_sid_flux/images/row-03510_full_synthetic_065501.jpg,1,ai_generated,sid_set_train_flux_e5,train
data/raw/e5_sid_flux/images/row-114936_full_synthetic_011921.jpg,1,ai_generated,sid_set_train_flux_e5,train
data/raw/e5_sid_flux/images/row-163396_full_synthetic_028432.jpg,1,ai_generated,sid_set_train_flux_e5,train
data/raw/e5_sid_flux/images/row-09964_full_synthetic_029364.jpg,1,ai_generated,sid_set_train_flux_e5,train
data/raw/e5_sid_flux/images/row-159653_full_synthetic_062984.jpg,1,ai_generated,sid_set_train_flux_e5,train
data/raw/e5_sid_flux/images/row-177133_full_synthetic_063181.jpg,1,ai_generated,sid_set_train_flux_e5,train
data/raw/e5_sid_flux/images/row-107957_full_synthetic_040215.jpg,1,ai_generated,sid_set_train_flux_e5,train
data/raw/e5_sid_flux/images/row-60470_full_synthetic_048232.jpg,1,ai_generated,sid_set_train_flux_e5,train
data/raw/e5_sid_flux/images/row-109937_full_synthetic_042755.jpg,1,ai_generated,sid_set_train_flux_e5,train
data/raw/e5_sid_flux/images/row-126700_full_synthetic_015011.jpg,1,ai_generated,sid_set_train_flux_e5,train
data/raw/e5_sid_flux/images/row-31548_full_synthetic_062306.jpg,1,ai_generated,sid_set_train_flux_e5,train
data/raw/e5_sid_flux/images/row-78259_full_synthetic_031069.jpg,1,ai_generated,sid_set_train_flux_e5,train
data/raw/e5_sid_flux/images/row-128170_full_synthetic_066601.jpg,1,ai_generated,sid_set_train_flux_e5,train
data/raw/e5_sid_flux/images/row-140362_full_synthetic_012071.jpg,1,ai_generated,sid_set_train_flux_e5,train
data/raw/e5_sid_flux/images/row-179948_full_synthetic_028998.jpg,1,ai_generated,sid_set_train_flux_e5,train
data/raw/e5_sid_flux/images/row-36142_full_synthetic_027072.jpg,1,ai_generated,sid_set_train_flux_e5,train
data/raw/e5_sid_flux/images/row-190886_full_synthetic_015843.jpg,1,ai_generated,sid_set_train_flux_e5,train
data/raw/e5_sid_flux/images/row-139460_full_synthetic_024311.jpg,1,ai_generated,sid_set_train_flux_e5,train
data/raw/e5_sid_flux/images/row-44465_full_synthetic_043864.jpg,1,ai_generated,sid_set_train_flux_e5,train
data/raw/e5_sid_flux/images/row-60435_full_synthetic_063317.jpg,1,ai_generated,sid_set_train_flux_e5,train
data/raw/e5_sid_flux/images/row-149416_full_synthetic_029030.jpg,1,ai_generated,sid_set_train_flux_e5,train
data/raw/e5_sid_flux/images/row-115431_full_synthetic_069198.jpg,1,ai_generated,sid_set_train_flux_e5,train
data/raw/e5_sid_flux/images/row-83817_full_synthetic_001776.jpg,1,ai_generated,sid_set_train_flux_e5,train
data/raw/e5_sid_flux/images/row-186534_full_synthetic_049260.jpg,1,ai_generated,sid_set_train_flux_e5,train
data/raw/e5_sid_flux/images/row-124081_full_synthetic_051232.jpg,1,ai_generated,sid_set_train_flux_e5,train
data/raw/e5_sid_flux/images/row-135166_full_synthetic_053214.jpg,1,ai_generated,sid_set_train_flux_e5,train
data/raw/e5_sid_flux/images/row-206707_full_synthetic_039428.jpg,1,ai_generated,sid_set_train_flux_e5,train
data/raw/e5_sid_flux/images/row-47590_full_synthetic_026600.jpg,1,ai_generated,sid_set_train_flux_e5,train
data/raw/e5_sid_flux/images/row-109984_full_synthetic_034378.jpg,1,ai_generated,sid_set_train_flux_e5,train
data/raw/e5_sid_flux/images/row-01869_full_synthetic_039347.jpg,1,ai_generated,sid_set_train_flux_e5,train
data/raw/e5_sid_flux/images/row-28004_full_synthetic_038915.jpg,1,ai_generated,sid_set_train_flux_e5,train
data/raw/e5_sid_flux/images/row-176275_full_synthetic_004429.jpg,1,ai_generated,sid_set_train_flux_e5,train
data/raw/e5_sid_flux/images/row-39056_full_synthetic_011608.jpg,1,ai_generated,sid_set_train_flux_e5,train
data/raw/e5_sid_flux/images/row-140028_full_synthetic_038903.jpg,1,ai_generated,sid_set_train_flux_e5,train
data/raw/e5_sid_flux/images/row-100255_full_synthetic_058222.jpg,1,ai_generated,sid_set_train_flux_e5,train
data/raw/e5_sid_flux/images/row-201056_full_synthetic_011345.jpg,1,ai_generated,sid_set_train_flux_e5,train
data/raw/e5_sid_flux/images/row-190823_full_synthetic_053649.jpg,1,ai_generated,sid_set_train_flux_e5,train
data/raw/e5_sid_flux/images/row-62752_full_synthetic_022381.jpg,1,ai_generated,sid_set_train_flux_e5,train
data/raw/e5_sid_flux/images/row-169074_full_synthetic_054755.jpg,1,ai_generated,sid_set_train_flux_e5,train
data/raw/e5_sid_flux/images/row-136361_full_synthetic_019508.jpg,1,ai_generated,sid_set_train_flux_e5,train
data/raw/e5_sid_flux/images/row-202840_full_synthetic_015550.jpg,1,ai_generated,sid_set_train_flux_e5,train
data/raw/e5_sid_flux/images/row-181288_full_synthetic_063744.jpg,1,ai_generated,sid_set_train_flux_e5,train
data/raw/e5_sid_flux/images/row-125337_full_synthetic_045371.jpg,1,ai_generated,sid_set_train_flux_e5,train
data/raw/e5_sid_flux/images/row-01677_full_synthetic_020847.jpg,1,ai_generated,sid_set_train_flux_e5,train
data/raw/e5_sid_flux/images/row-141905_full_synthetic_005773.jpg,1,ai_generated,sid_set_train_flux_e5,train
data/raw/e5_sid_flux/images/row-55840_full_synthetic_023146.jpg,1,ai_generated,sid_set_train_flux_e5,train
data/raw/e5_sid_flux/images/row-06803_full_synthetic_000075.jpg,1,ai_generated,sid_set_train_flux_e5,train
data/raw/e5_sid_flux/images/row-161951_full_synthetic_001010.jpg,1,ai_generated,sid_set_train_flux_e5,train
data/raw/e5_sid_flux/images/row-46590_full_synthetic_008546.jpg,1,ai_generated,sid_set_train_flux_e5,train
data/raw/e5_sid_flux/images/row-76815_full_synthetic_043100.jpg,1,ai_generated,sid_set_train_flux_e5,train
data/raw/e5_sid_flux/images/row-12134_full_synthetic_034270.jpg,1,ai_generated,sid_set_train_flux_e5,train
data/raw/e5_sid_flux/images/row-156407_full_synthetic_009834.jpg,1,ai_generated,sid_set_train_flux_e5,train
data/raw/e5_sid_flux/images/row-47589_full_synthetic_026608.jpg,1,ai_generated,sid_set_train_flux_e5,train
data/raw/e5_sid_flux/images/row-111523_full_synthetic_061164.jpg,1,ai_generated,sid_set_train_flux_e5,train
data/raw/e5_sid_flux/images/row-128148_full_synthetic_055635.jpg,1,ai_generated,sid_set_train_flux_e5,train
data/raw/e5_sid_flux/images/row-80097_full_synthetic_061447.jpg,1,ai_generated,sid_set_train_flux_e5,train
data/raw/e5_sid_flux/images/row-151570_full_synthetic_013363.jpg,1,ai_generated,sid_set_train_flux_e5,train
data/raw/e5_sid_flux/images/row-41181_full_synthetic_027937.jpg,1,ai_generated,sid_set_train_flux_e5,train
data/raw/e5_sid_flux/images/row-65786_full_synthetic_066444.jpg,1,ai_generated,sid_set_train_flux_e5,train
data/raw/e5_sid_flux/images/row-09901_full_synthetic_009399.jpg,1,ai_generated,sid_set_train_flux_e5,train
data/raw/e5_sid_flux/images/row-125560_full_synthetic_062216.jpg,1,ai_generated,sid_set_train_flux_e5,train
data/raw/e5_sid_flux/images/row-180729_full_synthetic_019910.jpg,1,ai_generated,sid_set_train_flux_e5,train
data/raw/e5_sid_flux/images/row-208746_full_synthetic_039706.jpg,1,ai_generated,sid_set_train_flux_e5,train
data/raw/e5_sid_flux/images/row-136354_full_synthetic_062245.jpg,1,ai_generated,sid_set_train_flux_e5,train
data/raw/e5_sid_flux/images/row-206739_full_synthetic_063108.jpg,1,ai_generated,sid_set_train_flux_e5,train
data/raw/e5_sid_flux/images/row-136311_full_synthetic_038203.jpg,1,ai_generated,sid_set_train_flux_e5,train
data/raw/e5_sid_flux/images/row-198960_full_synthetic_017152.jpg,1,ai_generated,sid_set_train_flux_e5,train
data/raw/e5_sid_flux/images/row-141951_full_synthetic_013602.jpg,1,ai_generated,sid_set_train_flux_e5,train
data/raw/e5_sid_flux/images/row-191286_full_synthetic_021914.jpg,1,ai_generated,sid_set_train_flux_e5,train
data/raw/e5_sid_flux/images/row-208743_full_synthetic_038634.jpg,1,ai_generated,sid_set_train_flux_e5,train
data/raw/e5_sid_flux/images/row-47632_full_synthetic_034283.jpg,1,ai_generated,sid_set_train_flux_e5,train
data/raw/e5_sid_flux/images/row-94255_full_synthetic_059369.jpg,1,ai_generated,sid_set_train_flux_e5,train
data/raw/e5_sid_flux/images/row-177148_full_synthetic_056727.jpg,1,ai_generated,sid_set_train_flux_e5,train
data/raw/e5_sid_flux/images/row-175602_full_synthetic_015271.jpg,1,ai_generated,sid_set_train_flux_e5,train
data/raw/e5_sid_flux/images/row-19900_full_synthetic_004366.jpg,1,ai_generated,sid_set_train_flux_e5,train
data/raw/e5_sid_flux/images/row-117986_full_synthetic_034401.jpg,1,ai_generated,sid_set_train_flux_e5,train
data/raw/e5_sid_flux/images/row-28022_full_synthetic_039731.jpg,1,ai_generated,sid_set_train_flux_e5,train
data/raw/e5_sid_flux/images/row-156481_full_synthetic_046844.jpg,1,ai_generated,sid_set_train_flux_e5,train
data/raw/e5_sid_flux/images/row-117994_full_synthetic_043689.jpg,1,ai_generated,sid_set_train_flux_e5,train
data/raw/e5_sid_flux/images/row-115470_full_synthetic_059808.jpg,1,ai_generated,sid_set_train_flux_e5,train
data/raw/e5_sid_flux/images/row-139436_full_synthetic_021042.jpg,1,ai_generated,sid_set_train_flux_e5,train
data/raw/e5_sid_flux/images/row-80070_full_synthetic_002820.jpg,1,ai_generated,sid_set_train_flux_e5,train
data/raw/e5_sid_flux/images/row-47508_full_synthetic_028827.jpg,1,ai_generated,sid_set_train_flux_e5,train
data/raw/e5_sid_flux/images/row-177170_full_synthetic_017860.jpg,1,ai_generated,sid_set_train_flux_e5,train
data/raw/e5_sid_flux/images/row-124042_full_synthetic_063674.jpg,1,ai_generated,sid_set_train_flux_e5,train
data/raw/e5_sid_flux/images/row-95313_full_synthetic_050968.jpg,1,ai_generated,sid_set_train_flux_e5,train
data/raw/e5_sid_flux/images/row-151584_full_synthetic_019240.jpg,1,ai_generated,sid_set_train_flux_e5,train
data/raw/e5_sid_flux/images/row-58610_full_synthetic_036794.jpg,1,ai_generated,sid_set_train_flux_e5,train
data/raw/e5_sid_flux/images/row-27916_full_synthetic_001041.jpg,1,ai_generated,sid_set_train_flux_e5,train
data/raw/e5_sid_flux/images/row-114911_full_synthetic_039993.jpg,1,ai_generated,sid_set_train_flux_e5,train
data/raw/e5_sid_flux/images/row-201038_full_synthetic_046845.jpg,1,ai_generated,sid_set_train_flux_e5,train
data/raw/e5_sid_flux/images/row-120827_full_synthetic_044740.jpg,1,ai_generated,sid_set_train_flux_e5,train
data/raw/e5_sid_flux/images/row-185679_full_synthetic_022271.jpg,1,ai_generated,sid_set_train_flux_e5,train
data/raw/e5_sid_flux/images/row-51231_full_synthetic_004857.jpg,1,ai_generated,sid_set_train_flux_e5,train
data/raw/e5_sid_flux/images/row-27131_full_synthetic_027807.jpg,1,ai_generated,sid_set_train_flux_e5,train
data/raw/e5_sid_flux/images/row-208439_full_synthetic_040609.jpg,1,ai_generated,sid_set_train_flux_e5,train
data/raw/e5_sid_flux/images/row-190815_full_synthetic_018075.jpg,1,ai_generated,sid_set_train_flux_e5,train
data/raw/e5_sid_flux/images/row-175613_full_synthetic_023409.jpg,1,ai_generated,sid_set_train_flux_e5,train
data/raw/e5_sid_flux/images/row-28754_full_synthetic_001942.jpg,1,ai_generated,sid_set_train_flux_e5,train
data/raw/e5_sid_flux/images/row-126795_full_synthetic_030970.jpg,1,ai_generated,sid_set_train_flux_e5,train
data/raw/e5_sid_flux/images/row-141511_full_synthetic_035473.jpg,1,ai_generated,sid_set_train_flux_e5,train
data/raw/e5_sid_flux/images/row-120814_full_synthetic_032331.jpg,1,ai_generated,sid_set_train_flux_e5,train
data/raw/e5_sid_flux/images/row-75424_full_synthetic_060811.jpg,1,ai_generated,sid_set_train_flux_e5,train
data/raw/e5_sid_flux/images/row-111592_full_synthetic_025963.jpg,1,ai_generated,sid_set_train_flux_e5,train
data/raw/e5_sid_flux/images/row-21363_full_synthetic_004078.jpg,1,ai_generated,sid_set_train_flux_e5,train
