image_path,label,class_name,source,split
data/raw/e4_sid_real/images/row-193681_1b840cb50f084c8d.jpg,0,real,sid_set_train_real_e4,train
data/raw/e4_sid_real/images/row-96800_a84b79ffa99cf685.jpg,0,real,sid_set_train_real_e4,train
data/raw/e4_sid_real/images/row-121666_a847ed8765d74b5b.jpg,0,real,sid_set_train_real_e4,train
data/raw/e4_sid_real/images/row-31322_3043a23fa568392b.jpg,0,real,sid_set_train_real_e4,train
data/raw/e4_sid_real/images/row-145614_540f5c05b067ee86.jpg,0,real,sid_set_train_real_e4,train
data/raw/e4_sid_real/images/row-49544_9e6f537a39b5d344.jpg,0,real,sid_set_train_real_e4,train
data/raw/e4_sid_real/images/row-96885_64c2f706907938e5.jpg,0,real,sid_set_train_real_e4,train
data/raw/e4_sid_real/images/row-62534_79ae0aef4e86652c.jpg,0,real,sid_set_train_real_e4,train
data/raw/e4_sid_real/images/row-100279_5512f04df871d698.jpg,0,real,sid_set_train_real_e4,train
data/raw/e4_sid_real/images/row-124463_abd00c1feb25e5f7.jpg,0,real,sid_set_train_real_e4,train
data/raw/e4_sid_real/images/row-104644_ebd6d1f405e9167e.jpg,0,real,sid_set_train_real_e4,train
data/raw/e4_sid_real/images/row-162626_60a473eb287f9657.jpg,0,real,sid_set_train_real_e4,train
data/raw/e4_sid_real/images/row-06585_e1d406b32bb0f74b.jpg,0,real,sid_set_train_real_e4,train
data/raw/e4_sid_real/images/row-202181_e9f3f995e157ceed.jpg,0,real,sid_set_train_real_e4,train
data/raw/e4_sid_real/images/row-06509_eb8b3b3b2e577af0.jpg,0,real,sid_set_train_real_e4,train
data/raw/e4_sid_real/images/row-178411_c064ab4893d47a6a.jpg,0,real,sid_set_train_real_e4,train
data/raw/e4_sid_real/images/row-190998_b1e33b2b93896a16.jpg,0,real,sid_set_train_real_e4,train
data/raw/e4_sid_real/images/row-200992_de2295dacd5664eb.jpg,0,real,sid_set_train_real_e4,train
data/raw/e4_sid_real/images/row-117991_0c53abab2130a281.jpg,0,real,sid_set_train_real_e4,train
data/raw/e4_sid_real/images/row-72181_57abf3848a836327.jpg,0,real,sid_set_train_real_e4,train
data/raw/e4_sid_real/images/row-148034_69539e1156f3a20e.jpg,0,real,sid_set_train_real_e4,train
data/raw/e4_sid_real/images/row-170917_93e87c2686ae8633.jpg,0,real,sid_set_train_real_e4,train
data/raw/e4_sid_real/images/row-103386_a9ef04a71fa2f229.jpg,0,real,sid_set_train_real_e4,train
data/raw/e4_sid_real/images/row-72180_f726795f287d74a0.jpg,0,real,sid_set_train_real_e4,train
data/raw/e4_sid_real/images/row-95460_3a2fce4b82961316.jpg,0,real,sid_set_train_real_e4,train
data/raw/e4_sid_real/images/row-13942_4150f18fa324ea96.jpg,0,real,sid_set_train_real_e4,train
data/raw/e4_sid_real/images/row-70604_59add8f70157a457.jpg,0,real,sid_set_train_real_e4,train
data/raw/e4_sid_real/images/row-95406_c7fb54c682cc0b56.jpg,0,real,sid_set_train_real_e4,train
data/raw/e4_sid_real/images/row-54641_5b6446bbd0c5b565.jpg,0,real,sid_set_train_real_e4,train
data/raw/e4_sid_real/images/row-87697_ebb5ad9d8e3a444a.jpg,0,real,sid_set_train_real_e4,train
data/raw/e4_sid_real/images/row-145668_a719931619697f86.jpg,0,real,sid_set_train_real_e4,train
data/raw/e4_sid_real/images/row-166441_fcf127906428c499.jpg,0,real,sid_set_train_real_e4,train
data/raw/e4_sid_real/images/row-105819_b1e42659111649c2.jpg,0,real,sid_set_train_real_e4,train
data/raw/e4_sid_real/images/row-103331_f331e15878eb5817.jpg,0,real,sid_set_train_real_e4,train
data/raw/e4_sid_real/images/row-05621_e8ff71fad4dfd3dc.jpg,0,real,sid_set_train_real_e4,train
data/raw/e4_sid_real/images/row-199444_438609e1ecf5ebc8.jpg,0,real,sid_set_train_real_e4,train
data/raw/e4_sid_real/images/row-96893_c69ca51a6b42a4bb.jpg,0,real,sid_set_train_real_e4,train
data/raw/e4_sid_real/images/row-203782_5c7e7356525e3615.jpg,0,real,sid_set_train_real_e4,train
data/raw/e4_sid_real/images/row-193619_c74c1cac83194896.jpg,0,real,sid_set_train_real_e4,train
data/raw/e4_sid_real/images/row-197745_88393d4011386f98.jpg,0,real,sid_set_train_real_e4,train
data/raw/e4_sid_real/images/row-54697_d821812427efd5d9.jpg,0,real,sid_set_train_real_e4,train
data/raw/e4_sid_real/images/row-183691_7beb7ec13701ff85.jpg,0,real,sid_set_train_real_e4,train
data/raw/e4_sid_real/images/row-167227_8dc89594f9273fcd.jpg,0,real,sid_set_train_real_e4,train
data/raw/e4_sid_real/images/row-06529_19bb4ad5803cfef7.jpg,0,real,sid_set_train_real_e4,train
data/raw/e4_sid_real/images/row-157628_626c1f91a6dde70e.jpg,0,real,sid_set_train_real_e4,train
data/raw/e4_sid_real/images/row-201041_45233332f7de26fb.jpg,0,real,sid_set_train_real_e4,train
data/raw/e4_sid_real/images/row-166415_da2617e984b9aece.jpg,0,real,sid_set_train_real_e4,train
data/raw/e4_sid_real/images/row-05512_d7b353a9e17bdba6.jpg,0,real,sid_set_train_real_e4,train
data/raw/e4_sid_real/images/row-49761_5731afec84df46eb.jpg,0,real,sid_set_train_real_e4,train
data/raw/e4_sid_real/images/row-49721_a6a37ef8f4f36f9d.jpg,0,real,sid_set_train_real_e4,train
data/raw/e4_sid_real/images/row-147235_a22c5876543a26d0.jpg,0,real,sid_set_train_real_e4,train
data/raw/e4_sid_real/images/row-01227_30ff8be759ce8d0e.jpg,0,real,sid_set_train_real_e4,train
data/raw/e4_sid_real/images/row-66991_bb33a4408b022b23.jpg,0,real,sid_set_train_real_e4,train
data/raw/e4_sid_real/images/row-95456_cc87de2f6157cfbc.jpg,0,real,sid_set_train_real_e4,train
data/raw/e4_sid_real/images/row-104453_2e3bc974f5452059.jpg,0,real,sid_set_train_real_e4,train
data/raw/e4_sid_real/images/row-106109_5271f9e45ddf7c74.jpg,0,real,sid_set_train_real_e4,train
data/raw/e4_sid_real/images/row-73950_8e4cddd50247ddf0.jpg,0,real,sid_set_train_real_e4,train
data/raw/e4_sid_real/images/row-63258_1fea18e216037249.jpg,0,real,sid_set_train_real_e4,train
data/raw/e4_sid_real/images/row-203628_1a746dc5efc0c324.jpg,0,real,sid_set_train_real_e4,train
data/raw/e4_sid_real/images/row-62520_1da5cb32df80980e.jpg,0,real,sid_set_train_real_e4,train
data/raw/e4_sid_real/images/row-10945_0018537c3364c30c.jpg,0,real,sid_set_train_real_e4,train
data/raw/e4_sid_real/images/row-166405_5c683252e2f0177d.jpg,0,real,sid_set_train_real_e4,train
data/raw/e4_sid_real/images/row-183225_67a2125883431691.jpg,0,real,sid_set_train_real_e4,train
data/raw/e4_sid_real/images/row-22866_b1e433c11fdf9c72.jpg,0,real,sid_set_train_real_e4,train
data/raw/e4_sid_real/images/row-80417_13b9408188626bc5.jpg,0,real,sid_set_train_real_e4,train
data/raw/e4_sid_real/images/row-07537_422011d8a3230936.jpg,0,real,sid_set_train_real_e4,train
data/raw/e4_sid_real/images/row-200950_6a603c597a9e1b26.jpg,0,real,sid_set_train_real_e4,train
data/raw/e4_sid_real/images/row-203664_ec55918d29190371.jpg,0,real,sid_set_train_real_e4,train
data/raw/e4_sid_real/images/row-120789_9e90f428047ec96e.jpg,0,real,sid_set_train_real_e4,train
data/raw/e4_sid_real/images/row-121623_707bfbad02a0398d.jpg,0,real,sid_set_train_real_e4,train
data/raw/e4_sid_real/images/row-189207_c87a96f30cd3146d.jpg,0,real,sid_set_train_real_e4,train
data/raw/e4_sid_real/images/row-73978_9c1b6f22d406b436.jpg,0,real,sid_set_train_real_e4,train
data/raw/e4_sid_real/images/row-100220_45354ac2dac5782a.jpg,0,real,sid_set_train_real_e4,train
data/raw/e4_sid_real/images/row-34779_092e54518b5e362a.jpg,0,real,sid_set_train_real_e4,train
data/raw/e4_sid_real/images/row-91314_5ae22ead58221c21.jpg,0,real,sid_set_train_real_e4,train
data/raw/e4_sid_real/images/row-189231_a84352a0225f80ed.jpg,0,real,sid_set_train_real_e4,train
data/raw/e4_sid_real/images/row-49743_19e807e6da980339.jpg,0,real,sid_set_train_real_e4,train
data/raw/e4_sid_real/images/row-63238_c0327a0633f35845.jpg,0,real,sid_set_train_real_e4,train
data/raw/e4_sid_real/images/row-202159_57d8edcd49cd8213.jpg,0,real,sid_set_train_real_e4,train
data/raw/e4_sid_real/images/row-109916_2a4d06cfd0633d8e.jpg,0,real,sid_set_train_real_e4,train
data/raw/e4_sid_real/images/row-201416_dcd23e7eff0a2ac6.jpg,0,real,sid_set_train_real_e4,train
data/raw/e4_sid_real/images/row-117254_799df796023a035e.jpg,0,real,sid_set_train_real_e4,train
data/raw/e4_sid_real/images/row-144760_1ea320e6bc6de17f.jpg,0,real,sid_set_train_real_e4,train
data/raw/e4_sid_real/images/row-104654_b85b69a99ae20d4e.jpg,0,real,sid_set_train_real_e4,train
data/raw/e4_sid_real/images/row-07582_924d935959f79de1.jpg,0,real,sid_set_train_real_e4,train
data/raw/e4_sid_real/images/row-126304_f2d3fcd59cfadea0.jpg,0,real,sid_set_train_real_e4,train
data/raw/e4_sid_real/images/row-66923_b8352fac8f2ec57a.jpg,0,real,sid_set_train_real_e4,train
data/raw/e4_sid_real/images/row-203704_de966cf9cc915b31.jpg,0,real,sid_set_train_real_e4,train
data/raw/e4_sid_real/images/row-203775_0e85e936e71d1f84.jpg,0,real,sid_set_train_real_e4,train
data/raw/e4_sid_real/images/row-73963_4bf61bae323b4d59.jpg,0,real,sid_set_train_real_e4,train
data/raw/e4_sid_real/images/row-152051_b1a6aa38c123cc46.jpg,0,real,sid_set_train_real_e4,train
data/raw/e4_sid_real/images/row-158514_5af4e25316a9acec.jpg,0,real,sid_set_train_real_e4,train
data/raw/e4_sid_real/images/row-10911_1884b7bba9bfe479.jpg,0,real,sid_set_train_real_e4,train
data/raw/e4_sid_real/images/row-201098_038c7ea4bdfde8db.jpg,0,real,sid_set_train_real_e4,train
data/raw/e4_sid_real/images/row-13006_bf62b6ee23ba0025.jpg,0,real,sid_set_train_real_e4,train
data/raw/e4_sid_real/images/row-05666_008436358af70624.jpg,0,real,sid_set_train_real_e4,train
data/raw/e4_sid_real/images/row-56319_6d56766ebac3f398.jpg,0,real,sid_set_train_real_e4,train
data/raw/e4_sid_real/images/row-57199_722adc5ede1d7201.jpg,0,real,sid_set_train_real_e4,train
data/raw/e4_sid_real/images/row-193327_409fed605c6f6f5c.jpg,0,real,sid_set_train_real_e4,train
data/raw/e4_sid_real/images/row-183632_c3eeb27a0f984e64.jpg,0,real,sid_set_train_real_e4,train
data/raw/e4_sid_real/images/row-145662_17369a67cec3a549.jpg,0,real,sid_set_train_real_e4,train
data/raw/e4_sid_real/images/row-199406_fbeb1107717e38eb.jpg,0,real,sid_set_train_real_e4,train
data/raw/e4_sid_real/images/row-74387_11e70d68cc3ac210.jpg,0,real,sid_set_train_real_e4,train
data/raw/e4_sid_real/images/row-106130_8332f21760e5e895.jpg,0,real,sid_set_train_real_e4,train
data/raw/e4_sid_real/images/row-13937_0aed2a7020ebdc68.jpg,0,real,sid_set_train_real_e4,train
data/raw/e4_sid_real/images/row-64834_d5e47e1257cfe124.jpg,0,real,sid_set_train_real_e4,train
data/raw/e4_sid_real/images/row-13085_ada5551022d6c7c4.jpg,0,real,sid_set_train_real_e4,train
data/raw/e4_sid_real/images/row-05557_224969c9d38f1d75.jpg,0,real,sid_set_train_real_e4,train
data/raw/e4_sid_real/images/row-152002_003f9eebb46fc4f6.jpg,0,real,sid_set_train_real_e4,train
data/raw/e4_sid_real/images/row-206562_e508995ed86258b8.jpg,0,real,sid_set_train_real_e4,train
data/raw/e4_sid_real/images/row-128483_3747f408c74abd20.jpg,0,real,sid_set_train_real_e4,train
data/raw/e4_sid_real/images/row-63275_bc507d861213e452.jpg,0,real,sid_set_train_real_e4,train
data/raw/e4_sid_real/images/row-100214_0c9a394319f17b60.jpg,0,real,sid_set_train_real_e4,train
data/raw/e4_sid_real/images/row-133314_6395b7757334732f.jpg,0,real,sid_set_train_real_e4,train
data/raw/e4_sid_real/images/row-10977_58bae3a4ebe01e17.jpg,0,real,sid_set_train_real_e4,train
data/raw/e4_sid_real/images/row-197704_c06ffba029a781e5.jpg,0,real,sid_set_train_real_e4,train
data/raw/e4_sid_real/images/row-49379_8799df187eb4a53c.jpg,0,real,sid_set_train_real_e4,train
data/raw/e4_sid_real/images/row-203477_b6582610d2355ce0.jpg,0,real,sid_set_train_real_e4,train
data/raw/e4_sid_real/images/row-145605_e2ad34b3e6ae49de.jpg,0,real,sid_set_train_real_e4,train
data/raw/e4_sid_real/images/row-178435_0057c7a43b5bee21.jpg,0,real,sid_set_train_real_e4,train
data/raw/e4_sid_real/images/row-07512_7205263692d59a2f.jpg,0,real,sid_set_train_real_e4,train
data/raw/e4_sid_real/images/row-198436_2ab7524dfec1ea1f.jpg,0,real,sid_set_train_real_e4,train
data/raw/e4_sid_real/images/row-119110_4a5b5f731233e3ae.jpg,0,real,sid_set_train_real_e4,train
data/raw/e4_sid_real/images/row-157188_bf29479d42d30733.jpg,0,real,sid_set_train_real_e4,train
data/raw/e4_sid_real/images/row-105823_06b58696ad8d64ac.jpg,0,real,sid_set_train_real_e4,train
data/raw/e4_sid_real/images/row-178439_45f1675ab2c9f708.jpg,0,real,sid_set_train_real_e4,train
data/raw/e4_sid_real/images/row-193389_986a685fa6265329.jpg,0,real,sid_set_train_real_e4,train
data/raw/e4_sid_real/images/row-05550_82b27a806119be13.jpg,0,real,sid_set_train_real_e4,train
data/raw/e4_sid_real/images/row-183212_9f5b04adf3ce5e03.jpg,0,real,sid_set_train_real_e4,train
data/raw/e4_sid_real/images/row-91310_64d6794c9d684fc7.jpg,0,real,sid_set_train_real_e4,train
data/raw/e4_sid_real/images/row-07242_e601a9cc2083ab2e.jpg,0,real,sid_set_train_real_e4,train
data/raw/e4_sid_real/images/row-179044_454f3e5f5cebc6f2.jpg,0,real,sid_set_train_real_e4,train
data/raw/e4_sid_real/images/row-105833_6a0203d1bb42e804.jpg,0,real,sid_set_train_real_e4,train
data/raw/e4_sid_real/images/row-127889_94c24de98692df43.jpg,0,real,sid_set_train_real_e4,train
data/raw/e4_sid_real/images/row-05590_fa3af233818f9443.jpg,0,real,sid_set_train_real_e4,train
data/raw/e4_sid_real/images/row-02856_6163d4d534cdcd78.jpg,0,real,sid_set_train_real_e4,train
data/raw/e4_sid_real/images/row-49781_dabc26ab4f00feb8.jpg,0,real,sid_set_train_real_e4,train
data/raw/e4_sid_real/images/row-164642_2ad9bd5251e769d7.jpg,0,real,sid_set_train_real_e4,train
data/raw/e4_sid_real/images/row-119120_eada64bf25e831bd.jpg,0,real,sid_set_train_real_e4,train
data/raw/e4_sid_real/images/row-91259_89441d34ea6ba5b4.jpg,0,real,sid_set_train_real_e4,train
data/raw/e4_sid_real/images/row-202120_0d7b8c639cb7645b.jpg,0,real,sid_set_train_real_e4,train
data/raw/e4_sid_real/images/row-80492_5ab6a254eec961a8.jpg,0,real,sid_set_train_real_e4,train
data/raw/e4_sid_real/images/row-128426_6e221ec81f5e1cea.jpg,0,real,sid_set_train_real_e4,train
data/raw/e4_sid_real/images/row-17194_e71e01c0c11d0046.jpg,0,real,sid_set_train_real_e4,train
data/raw/e4_sid_real/images/row-100230_0c5808fe65038134.jpg,0,real,sid_set_train_real_e4,train
data/raw/e4_sid_real/images/row-177582_7fc1094a26f74816.jpg,0,real,sid_set_train_real_e4,train
data/raw/e4_sid_real/images/row-117999_f1feca92ec8d9061.jpg,0,real,sid_set_train_real_e4,train
data/raw/e4_sid_real/images/row-57090_dec981d6ea873c5c.jpg,0,real,sid_set_train_real_e4,train
data/raw/e4_sid_real/images/row-80451_b54195751bba00c5.jpg,0,real,sid_set_train_real_e4,train
data/raw/e4_sid_real/images/row-197748_380c7c8186d7e210.jpg,0,real,sid_set_train_real_e4,train
data/raw/e4_sid_real/images/row-178425_7fd5b4ae6ea75219.jpg,0,real,sid_set_train_real_e4,train
data/raw/e4_sid_real/images/row-32836_cdd098eba7b70e35.jpg,0,real,sid_set_train_real_e4,train
data/raw/e4_sid_real/images/row-17141_ab97064379318d9c.jpg,0,real,sid_set_train_real_e4,train
data/raw/e4_sid_real/images/row-182006_e174a07c4c8609a2.jpg,0,real,sid_set_train_real_e4,train
data/raw/e4_sid_real/images/row-105330_fe6fd6cca2fae2c0.jpg,0,real,sid_set_train_real_e4,train
data/raw/e4_sid_real/images/row-06586_53932ae9bd5f7942.jpg,0,real,sid_set_train_real_e4,train
data/raw/e4_sid_real/images/row-177579_0d44f442f7f3d879.jpg,0,real,sid_set_train_real_e4,train
data/raw/e4_sid_real/images/row-28564_21d7decb95b50ec6.jpg,0,real,sid_set_train_real_e4,train
data/raw/e4_sid_real/images/row-157600_ffccbef1be55dabf.jpg,0,real,sid_set_train_real_e4,train
data/raw/e4_sid_real/images/row-105859_30bd70217e89d3a3.jpg,0,real,sid_set_train_real_e4,train
data/raw/e4_sid_real/images/row-145697_46543bdb1cae76e2.jpg,0,real,sid_set_train_real_e4,train
data/raw/e4_sid_real/images/row-178485_03e81740ade14747.jpg,0,real,sid_set_train_real_e4,train
data/raw/e4_sid_real/images/row-70677_9e4c409927738ddd.jpg,0,real,sid_set_train_real_e4,train
data/raw/e4_sid_real/images/row-206563_94545a3b1fcd1a5d.jpg,0,real,sid_set_train_real_e4,train
data/raw/e4_sid_real/images/row-49370_a6577f4fd6fd1c23.jpg,0,real,sid_set_train_real_e4,train
data/raw/e4_sid_real/images/row-189279_a05c61c1c1f0bde7.jpg,0,real,sid_set_train_real_e4,train
data/raw/e4_sid_real/images/row-198419_9222646d5a5c58b3.jpg,0,real,sid_set_train_real_e4,train
data/raw/e4_sid_real/images/row-49747_47b613dcc60e1797.jpg,0,real,sid_set_train_real_e4,train
data/raw/e4_sid_real/images/row-80438_46c651e865f50885.jpg,0,real,sid_set_train_real_e4,train
data/raw/e4_sid_real/images/row-91200_3f82c646f18f1c91.jpg,0,real,sid_set_train_real_e4,train
data/raw/e4_sid_real/images/row-141278_0754dc59376e13d3.jpg,0,real,sid_set_train_real_e4,train
data/raw/e4_sid_real/images/row-01257_49c0ed9f768a9a6c.jpg,0,real,sid_set_train_real_e4,train
data/raw/e4_sid_real/images/row-05592_5714374aa94e89a1.jpg,0,real,sid_set_train_real_e4,train
data/raw/e4_sid_real/images/row-105840_de17fdaf9017afe4.jpg,0,real,sid_set_train_real_e4,train
data/raw/e4_sid_real/images/row-157636_7522a83b40eb12f7.jpg,0,real,sid_set_train_real_e4,train
data/raw/e4_sid_real/images/row-57843_68a7421651c45768.jpg,0,real,sid_set_train_real_e4,train
data/raw/e4_sid_real/images/row-57087_f36a044b7bd669ad.jpg,0,real,sid_set_train_real_e4,train
data/raw/e4_sid_real/images/row-67413_82bf21014fc01508.jpg,0,real,sid_set_train_real_e4,train
data/raw/e4_sid_real/images/row-62539_23de94f429a0f3d6.jpg,0,real,sid_set_train_real_e4,train
data/raw/e4_sid_real/images/row-183653_be0cd4523a79736f.jpg,0,real,sid_set_train_real_e4,train
data/raw/e4_sid_real/images/row-06528_ac78844ccb340a8c.jpg,0,real,sid_set_train_real_e4,train
data/raw/e4_sid_real/images/row-160073_495d7b7c8e3c408b.jpg,0,real,sid_set_train_real_e4,train
data/raw/e4_sid_real/images/row-57035_71de37804a311d3e.jpg,0,real,sid_set_train_real_e4,train
data/raw/e4_sid_real/images/row-175046_2fbf1be7607c7b99.jpg,0,real,sid_set_train_real_e4,train
data/raw/e4_sid_real/images/row-56367_f981cef867192110.jpg,0,real,sid_set_train_real_e4,train
data/raw/e4_sid_real/images/row-16570_67632037af4b202e.jpg,0,real,sid_set_train_real_e4,train
data/raw/e4_sid_real/images/row-144726_b4270f280f2b52fa.jpg,0,real,sid_set_train_real_e4,train
data/raw/e4_sid_real/images/row-49533_1ca776840fde6893.jpg,0,real,sid_set_train_real_e4,train
data/raw/e4_sid_real/images/row-07241_2177968de26108bb.jpg,0,real,sid_set_train_real_e4,train
data/raw/e4_sid_real/images/row-198423_3d6ea6277696490a.jpg,0,real,sid_set_train_real_e4,train
data/raw/e4_sid_real/images/row-197759_7363422658aa7f89.jpg,0,real,sid_set_train_real_e4,train
data/raw/e4_sid_real/images/row-74382_4408dc8f3c6c2013.jpg,0,real,sid_set_train_real_e4,train
data/raw/e4_sid_real/images/row-49710_9b864afec2101e79.jpg,0,real,sid_set_train_real_e4,train
data/raw/e4_sid_real/images/row-28576_18c980769e105c07.jpg,0,real,sid_set_train_real_e4,train
data/raw/e4_sid_real/images/row-57157_9fa6a6eea3c71068.jpg,0,real,sid_set_train_real_e4,train
data/raw/e4_sid_real/images/row-57182_e5c17136743292c5.jpg,0,real,sid_set_train_real_e4,train
data/raw/e4_sid_real/images/row-34742_d9f700e76956b691.jpg,0,real,sid_set_train_real_e4,train
data/raw/e4_sid_real/images/row-49537_457eecb08805f4de.jpg,0,real,sid_set_train_real_e4,train
data/raw/e4_sid_real/images/row-72191_2b5ff7e81edd738d.jpg,0,real,sid_set_train_real_e4,train
data/raw/e4_sid_real/images/row-200941_616e6729a51ae3be.jpg,0,real,sid_set_train_real_e4,train
data/raw/e4_sid_real/images/row-01282_5baf216f2e6d7d3c.jpg,0,real,sid_set_train_real_e4,train
data/raw/e4_sid_real/images/row-117968_3dbdc3aece7ce580.jpg,0,real,sid_set_train_real_e4,train
data/raw/e4_sid_real/images/row-66990_3a89c26c26453207.jpg,0,real,sid_set_train_real_e4,train
data/raw/e4_sid_real/images/row-23735_6be7bc9deba19846.jpg,0,real,sid_set_train_real_e4,train
data/raw/e4_sid_real/images/row-05458_d9e9198d6c4f30c8.jpg,0,real,sid_set_train_real_e4,train
data/raw/e4_sid_real/images/row-147214_c78ac51922ac1604.jpg,0,real,sid_set_train_real_e4,train
data/raw/e4_sid_real/images/row-103356_aa2456fc9fc1b2f6.jpg,0,real,sid_set_train_real_e4,train
data/raw/e4_sid_real/images/row-16889_9ff72b28d9eb8171.jpg,0,real,sid_set_train_real_e4,train
data/raw/e4_sid_real/images/row-72148_bf5978832e879c0a.jpg,0,real,sid_set_train_real_e4,train
data/raw/e4_sid_real/images/row-177532_fda3133afd77ed53.jpg,0,real,sid_set_train_real_e4,train
data/raw/e4_sid_real/images/row-199277_f8aec760b3e7c5ef.jpg,0,real,sid_set_train_real_e4,train
data/raw/e4_sid_real/images/row-152033_96abaad1738b2629.jpg,0,real,sid_set_train_real_e4,train
data/raw/e4_sid_real/images/row-10975_7f2057fe649968d6.jpg,0,real,sid_set_train_real_e4,train
data/raw/e4_sid_real/images/row-126331_f2e75b224beae625.jpg,0,real,sid_set_train_real_e4,train
data/raw/e4_sid_real/images/row-05619_e12022bfa89b4ac1.jpg,0,real,sid_set_train_real_e4,train
data/raw/e4_sid_real/images/row-13914_5d58e50752d12dfb.jpg,0,real,sid_set_train_real_e4,train
data/raw/e4_sid_real/images/row-07223_fc80841036b3c388.jpg,0,real,sid_set_train_real_e4,train
data/raw/e4_sid_real/images/row-168136_89b8f0e225cf9193.jpg,0,real,sid_set_train_real_e4,train
data/raw/e4_sid_real/images/row-190972_0d1d4ff1462dd37c.jpg,0,real,sid_set_train_real_e4,train
data/raw/e4_sid_real/images/row-91295_7181b72a72392e40.jpg,0,real,sid_set_train_real_e4,train
data/raw/e4_sid_real/images/row-106164_cdf9f1c167ee301e.jpg,0,real,sid_set_train_real_e4,train
data/raw/e4_sid_real/images/row-190942_f8cb4ce232516117.jpg,0,real,sid_set_train_real_e4,train
data/raw/e4_sid_real/images/row-164648_a762bc22196fd2d4.jpg,0,real,sid_set_train_real_e4,train
data/raw/e4_sid_real/images/row-80423_1b3b83a793e254e7.jpg,0,real,sid_set_train_real_e4,train
data/raw/e4_sid_real/images/row-01982_b09864fb311a60eb.jpg,0,real,sid_set_train_real_e4,train
data/raw/e4_sid_real/images/row-32843_aa0464370792e6c8.jpg,0,real,sid_set_train_real_e4,train
data/raw/e4_sid_real/images/row-16885_b9dac0bc232982dd.jpg,0,real,sid_set_train_real_e4,train
data/raw/e4_sid_real/images/row-62549_fe0dc130f1c641d3.jpg,0,real,sid_set_train_real_e4,train
data/raw/e4_sid_real/images/row-140445_3f939d2bf7e20fbc.jpg,0,real,sid_set_train_real_e4,train
data/raw/e4_sid_real/images/row-147282_69733062233e52fb.jpg,0,real,sid_set_train_real_e4,train
data/raw/e4_sid_real/images/row-72762_95497d61e56b3cba.jpg,0,real,sid_set_train_real_e4,train
data/raw/e4_sid_real/images/row-201022_e65375ccdddb1d0e.jpg,0,real,sid_set_train_real_e4,train
data/raw/e4_sid_real/images/row-133390_eadc8a5c4c4ac2d2.jpg,0,real,sid_set_train_real_e4,train
data/raw/e4_sid_real/images/row-203408_d1139d5832f90b68.jpg,0,real,sid_set_train_real_e4,train
data/raw/e4_sid_real/images/row-59212_6418cdfb43bd208f.jpg,0,real,sid_set_train_real_e4,train
data/raw/e4_sid_real/images/row-62593_f93b61d8912a8db1.jpg,0,real,sid_set_train_real_e4,train
data/raw/e4_sid_real/images/row-168175_4e54e2836abefbac.jpg,0,real,sid_set_train_real_e4,train
data/raw/e4_sid_real/images/row-16561_8e715cd34845c73b.jpg,0,real,sid_set_train_real_e4,train
data/raw/e4_sid_real/images/row-198954_1bb78c7763956a5e.jpg,0,real,sid_set_train_real_e4,train
data/raw/e4_sid_real/images/row-140439_b22e59eec42ac314.jpg,0,real,sid_set_train_real_e4,train
data/raw/e4_sid_real/images/row-198331_15cc8aa2d560d339.jpg,0,real,sid_set_train_real_e4,train
data/raw/e4_sid_real/images/row-100296_487c303a2704fa85.jpg,0,real,sid_set_train_real_e4,train
data/raw/e4_sid_real/images/row-119131_01835b92b4242d29.jpg,0,real,sid_set_train_real_e4,train
data/raw/e4_sid_real/images/row-164699_12cb2f64479c6f9d.jpg,0,real,sid_set_train_real_e4,train
data/raw/e4_sid_real/images/row-100273_37ab2a31bbd07b87.jpg,0,real,sid_set_train_real_e4,train
data/raw/e4_sid_real/images/row-49321_78bf56a5cc73c5f7.jpg,0,real,sid_set_train_real_e4,train
data/raw/e4_sid_real/images/row-103357_64f7d67d4f3d88ca.jpg,0,real,sid_set_train_real_e4,train
data/raw/e4_sid_real/images/row-01928_bfca4cba6727fd3e.jpg,0,real,sid_set_train_real_e4,train
data/raw/e4_sid_real/images/row-133365_349a908f91ed8ea0.jpg,0,real,sid_set_train_real_e4,train
data/raw/e4_sid_real/images/row-164653_985ce64f5581236c.jpg,0,real,sid_set_train_real_e4,train
data/raw/e4_sid_real/images/row-171261_47d86fd907a4af9a.jpg,0,real,sid_set_train_real_e4,train
data/raw/e4_sid_real/images/row-140431_b180f42d98eeaf74.jpg,0,real,sid_set_train_real_e4,train
data/raw/e4_sid_real/images/row-178441_72e44c210708f3ed.jpg,0,real,sid_set_train_real_e4,train
data/raw/e4_sid_real/images/row-91297_f230878640f971cf.jpg,0,real,sid_set_train_real_e4,train
data/raw/e4_sid_real/images/row-200907_24639481a74903f7.jpg,0,real,sid_set_train_real_e4,train
data/raw/e4_sid_real/images/row-158507_4be22f48c3302fa0.jpg,0,real,sid_set_train_real_e4,train
data/raw/e4_sid_real/images/row-98441_b6f613e6ab733e05.jpg,0,real,sid_set_train_real_e4,train
data/raw/e4_sid_real/images/row-10961_1cd19efc91961f50.jpg,0,real,sid_set_train_real_e4,train
data/raw/e4_sid_real/images/row-126310_fe0e8a8b0e6bc225.jpg,0,real,sid_set_train_real_e4,train
data/raw/e4_sid_real/images/row-197703_6dee73e35c33b613.jpg,0,real,sid_set_train_real_e4,train
data/raw/e4_sid_real/images/row-72712_e80e8b3b07292f39.jpg,0,real,sid_set_train_real_e4,train
data/raw/e4_sid_real/images/row-198469_8e5391ea26d29f19.jpg,0,real,sid_set_train_real_e4,train
data/raw/e4_sid_real/images/row-117984_2b6b563ac1845f62.jpg,0,real,sid_set_train_real_e4,train
data/raw/e4_sid_real/images/row-142820_341dce71b1780cdc.jpg,0,real,sid_set_train_real_e4,train
data/raw/e4_sid_real/images/row-77313_d98048fd7074a204.jpg,0,real,sid_set_train_real_e4,train
data/raw/e4_sid_real/images/row-151960_2de5778a61a87f01.jpg,0,real,sid_set_train_real_e4,train
data/raw/e4_sid_real/images/row-49374_73315903458386fe.jpg,0,real,sid_set_train_real_e4,train
data/raw/e4_sid_real/images/row-177592_d4c0d2bbd1f4c2ac.jpg,0,real,sid_set_train_real_e4,train
data/raw/e4_sid_real/images/row-05534_7b9cd58e7fda0c60.jpg,0,real,sid_set_train_real_e4,train
data/raw/e4_sid_real/images/row-01265_726e4623532e3328.jpg,0,real,sid_set_train_real_e4,train
data/raw/e4_sid_real/images/row-175034_6759ac0a0961d41e.jpg,0,real,sid_set_train_real_e4,train
data/raw/e4_sid_real/images/row-190944_ef36ddecf059508e.jpg,0,real,sid_set_train_real_e4,train
data/raw/e4_sid_real/images/row-49316_eae827a5f0fde12b.jpg,0,real,sid_set_train_real_e4,train
data/raw/e4_sid_real/images/row-157632_751d1c4c87f6b186.jpg,0,real,sid_set_train_real_e4,train
data/raw/e4_sid_real/images/row-59273_dd454f55d3153521.jpg,0,real,sid_set_train_real_e4,train
data/raw/e4_sid_real/images/row-149351_d0497f79c3a4917e.jpg,0,real,sid_set_train_real_e4,train
data/raw/e4_sid_real/images/row-158571_0c7430ccb0875ec4.jpg,0,real,sid_set_train_real_e4,train
data/raw/e4_sid_real/images/row-77360_007db44a07693c52.jpg,0,real,sid_set_train_real_e4,train
data/raw/e4_sid_real/images/row-203677_25fd7530360715ec.jpg,0,real,sid_set_train_real_e4,train
data/raw/e4_sid_real/images/row-22879_0197389cdc1dbaae.jpg,0,real,sid_set_train_real_e4,train
data/raw/e4_sid_real/images/row-151972_d6d094c78fbf14ae.jpg,0,real,sid_set_train_real_e4,train
data/raw/e4_sid_real/images/row-05612_9f0fa742de6ce126.jpg,0,real,sid_set_train_real_e4,train
data/raw/e4_sid_real/images/row-49534_2aa63110fe715af9.jpg,0,real,sid_set_train_real_e4,train
data/raw/e4_sid_real/images/row-121659_766ff238b9bad863.jpg,0,real,sid_set_train_real_e4,train
data/raw/e4_sid_real/images/row-02816_9dcc08726fef0f1a.jpg,0,real,sid_set_train_real_e4,train
data/raw/e4_sid_real/images/row-35314_3f5a188ab5611e15.jpg,0,real,sid_set_train_real_e4,train
data/raw/e4_sid_real/images/row-57031_cd4d6bfbaa90b193.jpg,0,real,sid_set_train_real_e4,train
data/raw/e4_sid_real/images/row-16527_b8768f20f09c014a.jpg,0,real,sid_set_train_real_e4,train
data/raw/e4_sid_real/images/row-152068_0537850f77ade7f3.jpg,0,real,sid_set_train_real_e4,train
data/raw/e4_sid_real/images/row-167253_8c5cd38c63b40f91.jpg,0,real,sid_set_train_real_e4,train
data/raw/e4_sid_real/images/row-66569_e12e022cf47da195.jpg,0,real,sid_set_train_real_e4,train
data/raw/e4_sid_real/images/row-200986_8aa7dddc159efe26.jpg,0,real,sid_set_train_real_e4,train
data/raw/e4_sid_real/images/row-17157_a4ab7b7b09ec0757.jpg,0,real,sid_set_train_real_e4,train
data/raw/e4_sid_real/images/row-07518_4678eb1c5fd8844c.jpg,0,real,sid_set_train_real_e4,train
data/raw/e4_sid_real/images/row-34729_a2c24bce14c1f477.jpg,0,real,sid_set_train_real_e4,train
data/raw/e4_sid_real/images/row-203771_98cd46d0d584949f.jpg,0,real,sid_set_train_real_e4,train
data/raw/e4_sid_real/images/row-103379_b39b6bdeded7f67e.jpg,0,real,sid_set_train_real_e4,train
data/raw/e4_sid_real/images/row-162696_3bc8995b86c6e9f6.jpg,0,real,sid_set_train_real_e4,train
data/raw/e4_sid_real/images/row-193302_3c509c118f246b94.jpg,0,real,sid_set_train_real_e4,train
data/raw/e4_sid_real/images/row-62506_fffa69f8babcd2c6.jpg,0,real,sid_set_train_real_e4,train
data/raw/e4_sid_real/images/row-49301_5fb0da2b2acbf444.jpg,0,real,sid_set_train_real_e4,train
data/raw/e4_sid_real/images/row-105322_0e16f10f37c79051.jpg,0,real,sid_set_train_real_e4,train
data/raw/e4_sid_real/images/row-57102_82f28137ceae6067.jpg,0,real,sid_set_train_real_e4,train
data/raw/e4_sid_real/images/row-57164_af834172458dc051.jpg,0,real,sid_set_train_real_e4,train
data/raw/e4_sid_real/images/row-23783_318ed19352cea980.jpg,0,real,sid_set_train_real_e4,train
data/raw/e4_sid_real/images/row-66927_049bb43171865210.jpg,0,real,sid_set_train_real_e4,train
data/raw/e4_sid_real/images/row-34722_72088db4e39df0c7.jpg,0,real,sid_set_train_real_e4,train
data/raw/e4_sid_real/images/row-70601_f58cf35bc2bf7fa8.jpg,0,real,sid_set_train_real_e4,train
data/raw/e4_sid_real/images/row-80409_5ca758d05cfbc162.jpg,0,real,sid_set_train_real_e4,train
data/raw/e4_sid_real/images/row-127835_019592becd7bb5c0.jpg,0,real,sid_set_train_real_e4,train
data/raw/e4_sid_real/images/row-49561_156f1d31472c1dc7.jpg,0,real,sid_set_train_real_e4,train
data/raw/e4_sid_real/images/row-16595_6fbc6730287ffc2c.jpg,0,real,sid_set_train_real_e4,train
data/raw/e4_sid_real/images/row-127879_609d7c2da7b62d87.jpg,0,real,sid_set_train_real_e4,train
data/raw/e4_sid_real/images/row-95492_0e34765eb5feb3cf.jpg,0,real,sid_set_train_real_e4,train
data/raw/e4_sid_real/images/row-64807_16635c053ddc8475.jpg,0,real,sid_set_train_real_e4,train
data/raw/e4_sid_real/images/row-104625_5b988a4b525d500e.jpg,0,real,sid_set_train_real_e4,train
data/raw/e4_sid_real/images/row-105358_9ab3a303a85b83dc.jpg,0,real,sid_set_train_real_e4,train
data/raw/e4_sid_real/images/row-72711_8a863f3616b58165.jpg,0,real,sid_set_train_real_e4,train
data/raw/e4_sid_real/images/row-197708_00b131dd9406b8ac.jpg,0,real,sid_set_train_real_e4,train
data/raw/e4_sid_real/images/row-164655_609d887cb6c04604.jpg,0,real,sid_set_train_real_e4,train
data/raw/e4_sid_real/images/row-100200_1a73cdd7c526072c.jpg,0,real,sid_set_train_real_e4,train
data/raw/e4_sid_real/images/row-74324_a18a7b5d77823e2e.jpg,0,real,sid_set_train_real_e4,train
data/raw/e4_sid_real/images/row-178422_a994fcf9c0788b6b.jpg,0,real,sid_set_train_real_e4,train
data/raw/e4_sid_real/images/row-162693_5b433635fa9f8f5f.jpg,0,real,sid_set_train_real_e4,train
data/raw/e4_sid_real/images/row-179031_d40e48abf843b405.jpg,0,real,sid_set_train_real_e4,train
data/raw/e4_sid_real/images/row-23768_5a36749d3c1e66a5.jpg,0,real,sid_set_train_real_e4,train
data/raw/e4_sid_real/images/row-07500_693ccbda39d77ef8.jpg,0,real,sid_set_train_real_e4,train
data/raw/e4_sid_real/images/row-57129_894683cb33ce608e.jpg,0,real,sid_set_train_real_e4,train
data/raw/e4_sid_real/images/row-31371_f229c13c02e7befc.jpg,0,real,sid_set_train_real_e4,train
data/raw/e4_sid_real/images/row-149315_8dbb51989df89b16.jpg,0,real,sid_set_train_real_e4,train
data/raw/e4_sid_real/images/row-22868_081b02b00671fbea.jpg,0,real,sid_set_train_real_e4,train
data/raw/e4_sid_real/images/row-30125_5a3c21b5bec4431d.jpg,0,real,sid_set_train_real_e4,train
data/raw/e4_sid_real/images/row-182040_378a925c3687d43a.jpg,0,real,sid_set_train_real_e4,train
data/raw/e4_sid_real/images/row-179045_0057377b3d00ce95.jpg,0,real,sid_set_train_real_e4,train
data/raw/e4_sid_real/images/row-80407_a2773cfdf7a93026.jpg,0,real,sid_set_train_real_e4,train
data/raw/e4_sid_real/images/row-117253_a2a9af6e818f387f.jpg,0,real,sid_set_train_real_e4,train
data/raw/e4_sid_real/images/row-05599_3c0ef3136096199f.jpg,0,real,sid_set_train_real_e4,train
data/raw/e4_sid_real/images/row-35375_d3899a69f5cc31fc.jpg,0,real,sid_set_train_real_e4,train
data/raw/e4_sid_real/images/row-151946_1006d417324227e4.jpg,0,real,sid_set_train_real_e4,train
data/raw/e4_sid_real/images/row-198463_0d23b86175f4b07c.jpg,0,real,sid_set_train_real_e4,train
data/raw/e4_sid_real/images/row-100242_be3d3b2671b53fb1.jpg,0,real,sid_set_train_real_e4,train
data/raw/e4_sid_real/images/row-126358_65410f5e676f5157.jpg,0,real,sid_set_train_real_e4,train
data/raw/e4_sid_real/images/row-62595_27c4845b7ce7f6b6.jpg,0,real,sid_set_train_real_e4,train
data/raw/e4_sid_real/images/row-183268_986d56ce085ea8fe.jpg,0,real,sid_set_train_real_e4,train
data/raw/e4_sid_real/images/row-198357_599f76f4e8f97303.jpg,0,real,sid_set_train_real_e4,train
data/raw/e4_sid_real/images/row-201423_03f9bfb914ad8f61.jpg,0,real,sid_set_train_real_e4,train
data/raw/e4_sid_real/images/row-57181_6fb8614385937ac0.jpg,0,real,sid_set_train_real_e4,train
data/raw/e4_sid_real/images/row-10935_fd839a25d024d3c8.jpg,0,real,sid_set_train_real_e4,train
data/raw/e4_sid_real/images/row-120721_ce8b8f0f1611b2fa.jpg,0,real,sid_set_train_real_e4,train
data/raw/e4_sid_real/images/row-96863_dbb3c63921d29e09.jpg,0,real,sid_set_train_real_e4,train
data/raw/e4_sid_real/images/row-66912_fb1897d5e72d3253.jpg,0,real,sid_set_train_real_e4,train
data/raw/e4_sid_real/images/row-66962_9b0549a2e2dcd106.jpg,0,real,sid_set_train_real_e4,train
data/raw/e4_sid_real/images/row-171262_a2780e255717c1ce.jpg,0,real,sid_set_train_real_e4,train
data/raw/e4_sid_real/images/row-128494_22ee03d126e4a6c4.jpg,0,real,sid_set_train_real_e4,train
data/raw/e4_sid_real/images/row-151997_a32c890658513e01.jpg,0,real,sid_set_train_real_e4,train
data/raw/e4_sid_real/images/row-199266_380fdaed571b4a25.jpg,0,real,sid_set_train_real_e4,train
data/raw/e4_sid_real/images/row-63216_1bcbe5fdcc265427.jpg,0,real,sid_set_train_real_e4,train
data/raw/e4_sid_real/images/row-149347_346f4904054eda1a.jpg,0,real,sid_set_train_real_e4,train
data/raw/e4_sid_real/images/row-164620_a57f29f3ce366485.jpg,0,real,sid_set_train_real_e4,train
data/raw/e4_sid_real/images/row-74373_89cb42c9265448f3.jpg,0,real,sid_set_train_real_e4,train
data/raw/e4_sid_real/images/row-05651_8257d8c7859293b8.jpg,0,real,sid_set_train_real_e4,train
data/raw/e4_sid_real/images/row-162673_47f6b3e17ac7d357.jpg,0,real,sid_set_train_real_e4,train
data/raw/e4_sid_real/images/row-144774_2eb581d1c687d697.jpg,0,real,sid_set_train_real_e4,train
data/raw/e4_sid_real/images/row-91204_99bca2d3913fa678.jpg,0,real,sid_set_train_real_e4,train
data/raw/e4_sid_real/images/row-147795_d31d7d7e04f7a965.jpg,0,real,sid_set_train_real_e4,train
data/raw/e4_sid_real/images/row-117242_dd93a6a6c5340e0d.jpg,0,real,sid_set_train_real_e4,train
data/raw/e4_sid_real/images/row-105379_f79c9445ba4cb048.jpg,0,real,sid_set_train_real_e4,train
data/raw/e4_sid_real/images/row-49576_97abe113006fdc41.jpg,0,real,sid_set_train_real_e4,train
data/raw/e4_sid_real/images/row-22875_db70e42e0d86265c.jpg,0,real,sid_set_train_real_e4,train
data/raw/e4_sid_real/images/row-67420_6f5efd9a58eae25c.jpg,0,real,sid_set_train_real_e4,train
data/raw/e4_sid_real/images/row-72185_3025d172aed5b364.jpg,0,real,sid_set_train_real_e4,train
data/raw/e4_sid_real/images/row-74341_fd04c4ec073d5b91.jpg,0,real,sid_set_train_real_e4,train
data/raw/e4_sid_real/images/row-203465_d6506de87c183608.jpg,0,real,sid_set_train_real_e4,train
data/raw/e4_sid_real/images/row-72782_3892d88718276030.jpg,0,real,sid_set_train_real_e4,train
data/raw/e4_sid_real/images/row-07535_88925df69bf4f75a.jpg,0,real,sid_set_train_real_e4,train
data/raw/e4_sid_real/images/row-170973_43d37ea3c4d48e8f.jpg,0,real,sid_set_train_real_e4,train
data/raw/e4_sid_real/images/row-49511_3e7c2d2a66015f3f.jpg,0,real,sid_set_train_real_e4,train
data/raw/e4_sid_real/images/row-133332_156bbda79932f910.jpg,0,real,sid_set_train_real_e4,train
data/raw/e4_sid_real/images/row-145698_957f6cefc2dab4f6.jpg,0,real,sid_set_train_real_e4,train
data/raw/e4_sid_real/images/row-144749_804ac4a8280edcb0.jpg,0,real,sid_set_train_real_e4,train
data/raw/e4_sid_real/images/row-203654_3b8d541b5456ccff.jpg,0,real,sid_set_train_real_e4,train
data/raw/e4_sid_real/images/row-201484_dc67b2cd6023e84f.jpg,0,real,sid_set_train_real_e4,train
data/raw/e4_sid_real/images/row-183635_29e6055c6e1ba42e.jpg,0,real,sid_set_train_real_e4,train
data/raw/e4_sid_real/images/row-67410_c833d3d8c311a9fc.jpg,0,real,sid_set_train_real_e4,train
data/raw/e4_sid_real/images/row-177539_0209673783a1afb9.jpg,0,real,sid_set_train_real_e4,train
data/raw/e4_sid_real/images/row-163438_900af36c8fa1a0c6.jpg,0,real,sid_set_train_real_e4,train
data/raw/e4_sid_real/images/row-203756_0279e931857ab928.jpg,0,real,sid_set_train_real_e4,train
data/raw/e4_sid_real/images/row-145611_1a99bc83a08048d3.jpg,0,real,sid_set_train_real_e4,train
data/raw/e4_sid_real/images/row-16898_f49e07e3db203e49.jpg,0,real,sid_set_train_real_e4,train
data/raw/e4_sid_real/images/row-74394_2c9697baa3c7bf1e.jpg,0,real,sid_set_train_real_e4,train
data/raw/e4_sid_real/images/row-96809_310e74902f5337fc.jpg,0,real,sid_set_train_real_e4,train
data/raw/e4_sid_real/images/row-119180_9c89f132ab8b66d2.jpg,0,real,sid_set_train_real_e4,train
data/raw/e4_sid_real/images/row-77374_a6a440213a9c1649.jpg,0,real,sid_set_train_real_e4,train
data/raw/e4_sid_real/images/row-22860_8d3cbd609ed0a8a2.jpg,0,real,sid_set_train_real_e4,train
data/raw/e4_sid_real/images/row-72101_022941feea616581.jpg,0,real,sid_set_train_real_e4,train
data/raw/e4_sid_real/images/row-05574_73cd4f69652e05e0.jpg,0,real,sid_set_train_real_e4,train
data/raw/e4_sid_real/images/row-142835_4d3365a9653298bc.jpg,0,real,sid_set_train_real_e4,train
data/raw/e4_sid_real/images/row-148028_6f016ed63ece20c5.jpg,0,real,sid_set_train_real_e4,train
data/raw/e4_sid_real/images/row-197795_b25a95d0508f3403.jpg,0,real,sid_set_train_real_e4,train
data/raw/e4_sid_real/images/row-96826_8db7c930aeef9a74.jpg,0,real,sid_set_train_real_e4,train
data/raw/e4_sid_real/images/row-202198_ea532829f13903cc.jpg,0,real,sid_set_train_real_e4,train
data/raw/e4_sid_real/images/row-104618_24263649e67a6014.jpg,0,real,sid_set_train_real_e4,train
data/raw/e4_sid_real/images/row-177538_20d6d750a016b7d7.jpg,0,real,sid_set_train_real_e4,train
data/raw/e4_sid_real/images/row-164670_065c7e3482399cfb.jpg,0,real,sid_set_train_real_e4,train
data/raw/e4_sid_real/images/row-43220_546f01cb21ce47df.jpg,0,real,sid_set_train_real_e4,train
data/raw/e4_sid_real/images/row-203728_10b622fa626e6d52.jpg,0,real,sid_set_train_real_e4,train
data/raw/e4_sid_real/images/row-171287_209401284e1c0786.jpg,0,real,sid_set_train_real_e4,train
data/raw/e4_sid_real/images/row-35316_5f0652d93ea77475.jpg,0,real,sid_set_train_real_e4,train
data/raw/e4_sid_real/images/row-147799_7e7ca8a157ade6a1.jpg,0,real,sid_set_train_real_e4,train
data/raw/e4_sid_real/images/row-67498_1a1d7ac90e106d2b.jpg,0,real,sid_set_train_real_e4,train
data/raw/e4_sid_real/images/row-106148_2b5c2af8304b22a1.jpg,0,real,sid_set_train_real_e4,train
data/raw/e4_sid_real/images/row-103378_16a31acaeb401e28.jpg,0,real,sid_set_train_real_e4,train
data/raw/e4_sid_real/images/row-59225_34af47bdc49421d5.jpg,0,real,sid_set_train_real_e4,train
data/raw/e4_sid_real/images/row-67405_009b6445911cf3c5.jpg,0,real,sid_set_train_real_e4,train
data/raw/e4_sid_real/images/row-49572_38b151617f9bb334.jpg,0,real,sid_set_train_real_e4,train
data/raw/e4_sid_real/images/row-147743_ac9547bcc3e09a87.jpg,0,real,sid_set_train_real_e4,train
data/raw/e4_sid_real/images/row-105308_44deafd26b9f9ec6.jpg,0,real,sid_set_train_real_e4,train
data/raw/e4_sid_real/images/row-57113_1a5e2d2287f4fe54.jpg,0,real,sid_set_train_real_e4,train
data/raw/e4_sid_real/images/row-166479_3991ac13b281c2c8.jpg,0,real,sid_set_train_real_e4,train
data/raw/e4_sid_real/images/row-103389_d61407f5273459cc.jpg,0,real,sid_set_train_real_e4,train
data/raw/e4_sid_real/images/row-198316_2b477adac2ae8ae8.jpg,0,real,sid_set_train_real_e4,train
data/raw/e4_sid_real/images/row-62525_fead92d31c23dbd5.jpg,0,real,sid_set_train_real_e4,train
data/raw/e4_sid_real/images/row-197762_4d899653f41716e5.jpg,0,real,sid_set_train_real_e4,train
data/raw/e4_sid_real/images/row-56322_edffff0f21b338d0.jpg,0,real,sid_set_train_real_e4,train
data/raw/e4_sid_real/images/row-54130_9e520a20fbb364a5.jpg,0,real,sid_set_train_real_e4,train
data/raw/e4_sid_real/images/row-201466_a445d3f4fb09f307.jpg,0,real,sid_set_train_real_e4,train
data/raw/e4_sid_real/images/row-163787_619c2ddc5a984efe.jpg,0,real,sid_set_train_real_e4,train
data/raw/e4_sid_real/images/row-174883_7234dd0c6dc04208.jpg,0,real,sid_set_train_real_e4,train
data/raw/e4_sid_real/images/row-49304_aee6339a6b3bfc4b.jpg,0,real,sid_set_train_real_e4,train
data/raw/e4_sid_real/images/row-166709_a7980eeebeebc3c7.jpg,0,real,sid_set_train_real_e4,train
data/raw/e4_sid_real/images/row-162619_aa39b940beae845a.jpg,0,real,sid_set_train_real_e4,train
data/raw/e4_sid_real/images/row-117948_822dcb36f47a9eb6.jpg,0,real,sid_set_train_real_e4,train
data/raw/e4_sid_real/images/row-157629_db11fb74453c1eeb.jpg,0,real,sid_set_train_real_e4,train
data/raw/e4_sid_real/images/row-103309_5c3bd4b121de3a9a.jpg,0,real,sid_set_train_real_e4,train
data/raw/e4_sid_real/images/row-49728_ff14c39a056d72d7.jpg,0,real,sid_set_train_real_e4,train
data/raw/e4_sid_real/images/row-73968_c073546ca7aebac4.jpg,0,real,sid_set_train_real_e4,train
data/raw/e4_sid_real/images/row-67403_7ab73d67503b44ec.jpg,0,real,sid_set_train_real_e4,train
data/raw/e4_sid_real/images/row-66929_dd19d1dc089a1905.jpg,0,real,sid_set_train_real_e4,train
data/raw/e4_sid_real/images/row-157657_44caf1d902b58711.jpg,0,real,sid_set_train_real_e4,train
data/raw/e4_sid_real/images/row-117919_7ba844968c13bb57.jpg,0,real,sid_set_train_real_e4,train
data/raw/e4_sid_real/images/row-07282_d17f1acfff9e5fd2.jpg,0,real,sid_set_train_real_e4,train
data/raw/e4_sid_real/images/row-57018_edd9d1e66eaa7cca.jpg,0,real,sid_set_train_real_e4,train
data/raw/e4_sid_real/images/row-31344_b114aa92386327c1.jpg,0,real,sid_set_train_real_e4,train
data/raw/e4_sid_real/images/row-95419_633115cd561f29d9.jpg,0,real,sid_set_train_real_e4,train
data/raw/e4_sid_real/images/row-174859_b273d8ca39fdd88b.jpg,0,real,sid_set_train_real_e4,train
data/raw/e4_sid_real/images/row-52932_2f10139ec31f57ad.jpg,0,real,sid_set_train_real_e4,train
data/raw/e4_sid_real/images/row-120758_4d7c129be9185e7b.jpg,0,real,sid_set_train_real_e4,train
data/raw/e4_sid_real/images/row-43298_ae6712fcc961a13e.jpg,0,real,sid_set_train_real_e4,train
data/raw/e4_sid_real/images/row-206550_14edd8ed56bfd43b.jpg,0,real,sid_set_train_real_e4,train
data/raw/e4_sid_real/images/row-05627_ecd73a8be1d745fd.jpg,0,real,sid_set_train_real_e4,train
data/raw/e4_sid_real/images/row-49754_621b7789352e3b3a.jpg,0,real,sid_set_train_real_e4,train
data/raw/e4_sid_real/images/row-31350_fd9f92fccc01c52e.jpg,0,real,sid_set_train_real_e4,train
data/raw/e4_sid_real/images/row-01296_5994ac0f8d255a30.jpg,0,real,sid_set_train_real_e4,train
data/raw/e4_sid_real/images/row-190905_48da222b408cb988.jpg,0,real,sid_set_train_real_e4,train
data/raw/e4_sid_real/images/row-91292_cf2bb82cfb756d36.jpg,0,real,sid_set_train_real_e4,train
data/raw/e4_sid_real/images/row-70628_ab9a629abf5e102a.jpg,0,real,sid_set_train_real_e4,train
data/raw/e4_sid_real/images/row-60300_00f0f9f57af52fd6.jpg,0,real,sid_set_train_real_e4,train
data/raw/e4_sid_real/images/row-152036_5f7348749347395d.jpg,0,real,sid_set_train_real_e4,train
data/raw/e4_sid_real/images/row-189291_7096d79da306cd09.jpg,0,real,sid_set_train_real_e4,train
data/raw/e4_sid_real/images/row-74392_b01f27e9972b5b05.jpg,0,real,sid_set_train_real_e4,train
data/raw/e4_sid_real/images/row-17121_16b17d11777a5a86.jpg,0,real,sid_set_train_real_e4,train
data/raw/e4_sid_real/images/row-149313_6bb892664511bcb2.jpg,0,real,sid_set_train_real_e4,train
data/raw/e4_sid_real/images/row-43221_66c29ffa5d49c23f.jpg,0,real,sid_set_train_real_e4,train
data/raw/e4_sid_real/images/row-77354_b27d56fd1bdd9fc1.jpg,0,real,sid_set_train_real_e4,train
data/raw/e4_sid_real/images/row-91293_9771e90fbf6fb085.jpg,0,real,sid_set_train_real_e4,train
data/raw/e4_sid_real/images/row-147786_02fc6815eccd9788.jpg,0,real,sid_set_train_real_e4,train
data/raw/e4_sid_real/images/row-109981_cd986bf54763c632.jpg,0,real,sid_set_train_real_e4,train
data/raw/e4_sid_real/images/row-100245_b921578eb803bf1f.jpg,0,real,sid_set_train_real_e4,train
data/raw/e4_sid_real/images/row-31317_8d0007af86586150.jpg,0,real,sid_set_train_real_e4,train
data/raw/e4_sid_real/images/row-183621_9885e4ecaedcc2a1.jpg,0,real,sid_set_train_real_e4,train
data/raw/e4_sid_real/images/row-87656_b4d51c2c478f74de.jpg,0,real,sid_set_train_real_e4,train
data/raw/e4_sid_real/images/row-128427_c1da93a86b04d8e7.jpg,0,real,sid_set_train_real_e4,train
data/raw/e4_sid_real/images/row-32878_74f918765a91ddd0.jpg,0,real,sid_set_train_real_e4,train
data/raw/e4_sid_real/images/row-193390_19c05f31e1cf45e2.jpg,0,real,sid_set_train_real_e4,train
data/raw/e4_sid_real/images/row-59239_754480d6309da22e.jpg,0,real,sid_set_train_real_e4,train
data/raw/e4_sid_real/images/row-198915_d293e925e39b1db5.jpg,0,real,sid_set_train_real_e4,train
data/raw/e4_sid_real/images/row-01281_bbae3f9b977af5ab.jpg,0,real,sid_set_train_real_e4,train
data/raw/e4_sid_real/images/row-43226_644745dbe5e0937c.jpg,0,real,sid_set_train_real_e4,train
data/raw/e4_sid_real/images/row-119192_08abab9e91f5c6ea.jpg,0,real,sid_set_train_real_e4,train
data/raw/e4_sid_real/images/row-177591_013bc45321bef9c3.jpg,0,real,sid_set_train_real_e4,train
data/raw/e4_sid_real/images/row-43233_c65c8a5b731f02d6.jpg,0,real,sid_set_train_real_e4,train
data/raw/e4_sid_real/images/row-59207_62e1de0483301b72.jpg,0,real,sid_set_train_real_e4,train
data/raw/e4_sid_real/images/row-133342_66b3892a9f794d8a.jpg,0,real,sid_set_train_real_e4,train
data/raw/e4_sid_real/images/row-203729_b6fca2899af584a8.jpg,0,real,sid_set_train_real_e4,train
data/raw/e4_sid_real/images/row-52985_7d0c83ef411f3ca9.jpg,0,real,sid_set_train_real_e4,train
data/raw/e4_sid_real/images/row-63221_8a7583fa63a6aaab.jpg,0,real,sid_set_train_real_e4,train
data/raw/e4_sid_real/images/row-70660_8c2122f633ed925a.jpg,0,real,sid_set_train_real_e4,train
data/raw/e4_sid_real/images/row-200976_68559e1233f9c249.jpg,0,real,sid_set_train_real_e4,train
data/raw/e4_sid_real/images/row-10949_594bafc3c5d2fd6b.jpg,0,real,sid_set_train_real_e4,train
data/raw/e4_sid_real/images/row-73956_acec13db5ceb637b.jpg,0,real,sid_set_train_real_e4,train
data/raw/e4_sid_real/images/row-178453_30b5b9c7d1ae164e.jpg,0,real,sid_set_train_real_e4,train
data/raw/e4_sid_real/images/row-132969_be36dda70c1a4074.jpg,0,real,sid_set_train_real_e4,train
data/raw/e4_sid_real/images/row-140315_7206232c52eba233.jpg,0,real,sid_set_train_real_e4,train
data/raw/e4_sid_real/images/row-171229_2fa5f77047cf77e3.jpg,0,real,sid_set_train_real_e4,train
data/raw/e4_sid_real/images/row-161664_9b96fa3a528ed05d.jpg,0,real,sid_set_train_real_e4,train
data/raw/e4_sid_real/images/row-170946_7606566145140d49.jpg,0,real,sid_set_train_real_e4,train
data/raw/e4_sid_real/images/row-127800_4c7e5e69ad568fa0.jpg,0,real,sid_set_train_real_e4,train
data/raw/e4_sid_real/images/row-105885_fa034078b155df02.jpg,0,real,sid_set_train_real_e4,train
data/raw/e4_sid_real/images/row-72770_e5ace08526a95889.jpg,0,real,sid_set_train_real_e4,train
data/raw/e4_sid_real/images/row-72179_c8b4790ee0ba3557.jpg,0,real,sid_set_train_real_e4,train
data/raw/e4_sid_real/images/row-01929_e92121aad88c24e6.jpg,0,real,sid_set_train_real_e4,train
data/raw/e4_sid_real/images/row-161628_762316836f35bdcd.jpg,0,real,sid_set_train_real_e4,train
data/raw/e4_sid_real/images/row-07205_5fa0ae00a793d044.jpg,0,real,sid_set_train_real_e4,train
data/raw/e4_sid_real/images/row-197739_9d42557d4186cd57.jpg,0,real,sid_set_train_real_e4,train
data/raw/e4_sid_real/images/row-132925_585f46414aa80007.jpg,0,real,sid_set_train_real_e4,train
data/raw/e4_sid_real/images/row-66918_9118cca2d4ed10cc.jpg,0,real,sid_set_train_real_e4,train
data/raw/e4_sid_real/images/row-05428_d961d0870d68976d.jpg,0,real,sid_set_train_real_e4,train
data/raw/e4_sid_real/images/row-02897_8f1b050eab39bdcc.jpg,0,real,sid_set_train_real_e4,train
data/raw/e4_sid_real/images/row-54665_023de75e998511be.jpg,0,real,sid_set_train_real_e4,train
data/raw/e4_sid_real/images/row-162651_01cf0d5b15633f1b.jpg,0,real,sid_set_train_real_e4,train
data/raw/e4_sid_real/images/row-31346_ce369db66c1b9f13.jpg,0,real,sid_set_train_real_e4,train
data/raw/e4_sid_real/images/row-67475_c456cd4abeebf63a.jpg,0,real,sid_set_train_real_e4,train
data/raw/e4_sid_real/images/row-166446_3cc7395ad4c61618.jpg,0,real,sid_set_train_real_e4,train
data/raw/e4_sid_real/images/row-70674_340cde682edb9e51.jpg,0,real,sid_set_train_real_e4,train
data/raw/e4_sid_real/images/row-100229_ef610f42f677ad8f.jpg,0,real,sid_set_train_real_e4,train
data/raw/e4_sid_real/images/row-60396_39ce6b880fe71612.jpg,0,real,sid_set_train_real_e4,train
data/raw/e4_sid_real/images/row-140421_15fdcedfa4440c1e.jpg,0,real,sid_set_train_real_e4,train
data/raw/e4_sid_real/images/row-147249_50ba028f7c30ee12.jpg,0,real,sid_set_train_real_e4,train
data/raw/e4_sid_real/images/row-203488_f551b1a8c905ec0e.jpg,0,real,sid_set_train_real_e4,train
data/raw/e4_sid_real/images/row-203682_8b08ca2d2e7db43e.jpg,0,real,sid_set_train_real_e4,train
data/raw/e4_sid_real/images/row-140382_0c51c2a661ad0f60.jpg,0,real,sid_set_train_real_e4,train
data/raw/e4_sid_real/images/row-49309_8122216c59067381.jpg,0,real,sid_set_train_real_e4,train
data/raw/e4_sid_real/images/row-22893_97f29ba47e3af729.jpg,0,real,sid_set_train_real_e4,train
data/raw/e4_sid_real/images/row-117946_46ced03d5e43c6da.jpg,0,real,sid_set_train_real_e4,train
data/raw/e4_sid_real/images/row-171283_8523078cb4b025d3.jpg,0,real,sid_set_train_real_e4,train
data/raw/e4_sid_real/images/row-13070_32f23292e7a4daf5.jpg,0,real,sid_set_train_real_e4,train
data/raw/e4_sid_real/images/row-203453_21f86ebd1d27cca5.jpg,0,real,sid_set_train_real_e4,train
data/raw/e4_sid_real/images/row-104676_bf18069b4b668f9a.jpg,0,real,sid_set_train_real_e4,train
data/raw/e4_sid_real/images/row-193368_6bc8aaa8c71bdba1.jpg,0,real,sid_set_train_real_e4,train
data/raw/e4_sid_real/images/row-57056_605a019c75f6ae54.jpg,0,real,sid_set_train_real_e4,train
data/raw/e4_sid_real/images/row-05692_d10934db53b50e0a.jpg,0,real,sid_set_train_real_e4,train
data/raw/e4_sid_real/images/row-49387_19317d473ce0e614.jpg,0,real,sid_set_train_real_e4,train
data/raw/e4_sid_real/images/row-72187_128cf34fba604ba3.jpg,0,real,sid_set_train_real_e4,train
data/raw/e4_sid_real/images/row-70693_f7af62e4b5e7e1bb.jpg,0,real,sid_set_train_real_e4,train
data/raw/e4_sid_real/images/row-91265_44a557e7f47f5fb7.jpg,0,real,sid_set_train_real_e4,train
data/raw/e4_sid_real/images/row-117917_dac88f0c32f2c493.jpg,0,real,sid_set_train_real_e4,train
data/raw/e4_sid_real/images/row-174804_ee234a9b71551f96.jpg,0,real,sid_set_train_real_e4,train
data/raw/e4_sid_real/images/row-201499_a3c4b168151042c1.jpg,0,real,sid_set_train_real_e4,train
data/raw/e4_sid_real/images/row-31377_00891392a04245b3.jpg,0,real,sid_set_train_real_e4,train
data/raw/e4_sid_real/images/row-127864_018d3b8f75ec8e49.jpg,0,real,sid_set_train_real_e4,train
data/raw/e4_sid_real/images/row-59262_29fffdc09d91591b.jpg,0,real,sid_set_train_real_e4,train
data/raw/e4_sid_real/images/row-148002_53b89f62e384a79c.jpg,0,real,sid_set_train_real_e4,train
data/raw/e4_sid_real/images/row-30161_72be5b6f61363e27.jpg,0,real,sid_set_train_real_e4,train
data/raw/e4_sid_real/images/row-59298_a25399ed5d50b831.jpg,0,real,sid_set_train_real_e4,train
data/raw/e4_sid_real/images/row-60302_9691b28c3daee08c.jpg,0,real,sid_set_train_real_e4,train
data/raw/e4_sid_real/images/row-62555_c1fa6c525860ca62.jpg,0,real,sid_set_train_real_e4,train
data/raw/e4_sid_real/images/row-01280_9b128bbc11136800.jpg,0,real,sid_set_train_real_e4,train
data/raw/e4_sid_real/images/row-91346_e156461d92ecee06.jpg,0,real,sid_set_train_real_e4,train
data/raw/e4_sid_real/images/row-128464_94f85ca60bea05de.jpg,0,real,sid_set_train_real_e4,train
data/raw/e4_sid_real/images/row-158503_c586194bdee0ebce.jpg,0,real,sid_set_train_real_e4,train
data/raw/e4_sid_real/images/row-05610_1beef1242639d927.jpg,0,real,sid_set_train_real_e4,train
data/raw/e4_sid_real/images/row-05418_2f3dff565664a2fb.jpg,0,real,sid_set_train_real_e4,train
data/raw/e4_sid_real/images/row-35366_a006c31c783a008c.jpg,0,real,sid_set_train_real_e4,train
data/raw/e4_sid_real/images/row-158596_0cbf1833b1e926fe.jpg,0,real,sid_set_train_real_e4,train
data/raw/e4_sid_real/images/row-163770_1ae40ac7f9566744.jpg,0,real,sid_set_train_real_e4,train
data/raw/e4_sid_real/images/row-197761_4fa07d1a26f57024.jpg,0,real,sid_set_train_real_e4,train
data/raw/e4_sid_real/images/row-198414_09e17b925348c29f.jpg,0,real,sid_set_train_real_e4,train
data/raw/e4_sid_real/images/row-119137_b7281b712c235a78.jpg,0,real,sid_set_train_real_e4,train
data/raw/e4_sid_real/images/row-57892_2d3c5c9af8713216.jpg,0,real,sid_set_train_real_e4,train
data/raw/e4_sid_real/images/row-103380_a71e0a17ec572caa.jpg,0,real,sid_set_train_real_e4,train
data/raw/e4_sid_real/images/row-34737_afb6771a978ddb98.jpg,0,real,sid_set_train_real_e4,train
data/raw/e4_sid_real/images/row-01987_b23f7d3a0525b57a.jpg,0,real,sid_set_train_real_e4,train
data/raw/e4_sid_real/images/row-163415_e122fc79eccf23f6.jpg,0,real,sid_set_train_real_e4,train
data/raw/e4_sid_real/images/row-203645_a9d889a37e86c95f.jpg,0,real,sid_set_train_real_e4,train
data/raw/e4_sid_real/images/row-60319_9a91996ff1b1e382.jpg,0,real,sid_set_train_real_e4,train
data/raw/e4_sid_real/images/row-104691_932c8bc346a809f0.jpg,0,real,sid_set_train_real_e4,train
data/raw/e4_sid_real/images/row-197796_2f7bdbb025302963.jpg,0,real,sid_set_train_real_e4,train
data/raw/e4_sid_real/images/row-201405_abcefec51a5f4932.jpg,0,real,sid_set_train_real_e4,train
data/raw/e4_sid_real/images/row-145624_bc33f3d4fd47dc3a.jpg,0,real,sid_set_train_real_e4,train
data/raw/e4_sid_real/images/row-105828_79f46a777b1d798c.jpg,0,real,sid_set_train_real_e4,train
data/raw/e4_sid_real/images/row-201070_8407da211b3a6a6b.jpg,0,real,sid_set_train_real_e4,train
data/raw/e4_sid_real/images/row-170926_ed840e4cf29603fd.jpg,0,real,sid_set_train_real_e4,train
data/raw/e4_sid_real/images/row-05558_dc4be19cf535f643.jpg,0,real,sid_set_train_real_e4,train
data/raw/e4_sid_real/images/row-157616_55e8b16f4418527b.jpg,0,real,sid_set_train_real_e4,train
data/raw/e4_sid_real/images/row-16831_e6686e65205ff647.jpg,0,real,sid_set_train_real_e4,train
data/raw/e4_sid_real/images/row-198404_8a176eefb43856a3.jpg,0,real,sid_set_train_real_e4,train
data/raw/e4_sid_real/images/row-200983_c5baca81945ae796.jpg,0,real,sid_set_train_real_e4,train
data/raw/e4_sid_real/images/row-152059_800eed4bd0895474.jpg,0,real,sid_set_train_real_e4,train
data/raw/e4_sid_real/images/row-59279_bb3a537218f19561.jpg,0,real,sid_set_train_real_e4,train
data/raw/e4_sid_real/images/row-147259_d5f9d6f94f7a5b0f.jpg,0,real,sid_set_train_real_e4,train
data/raw/e4_sid_real/images/row-142847_61c2704cd4745db3.jpg,0,real,sid_set_train_real_e4,train
data/raw/e4_sid_real/images/row-144784_c0ab8ac220a79ec8.jpg,0,real,sid_set_train_real_e4,train
data/raw/e4_sid_real/images/row-103377_676d63e65955bf9c.jpg,0,real,sid_set_train_real_e4,train
data/raw/e4_sid_real/images/row-168120_71d5c3bdeff0acde.jpg,0,real,sid_set_train_real_e4,train
data/raw/e4_sid_real/images/row-183235_21b52d5203be0b7a.jpg,0,real,sid_set_train_real_e4,train
data/raw/e4_sid_real/images/row-91285_0d02acee5a7d169c.jpg,0,real,sid_set_train_real_e4,train
data/raw/e4_sid_real/images/row-163730_fdb4b62baf4dfaa7.jpg,0,real,sid_set_train_real_e4,train
data/raw/e4_sid_real/images/row-106140_ba97f8db7e1062a9.jpg,0,real,sid_set_train_real_e4,train
data/raw/e4_sid_real/images/row-23711_113718f39b6f8705.jpg,0,real,sid_set_train_real_e4,train
data/raw/e4_sid_real/images/row-145683_e5fabf9ab8cbc2f3.jpg,0,real,sid_set_train_real_e4,train
data/raw/e4_sid_real/images/row-62579_bb36a525c02aed7b.jpg,0,real,sid_set_train_real_e4,train
data/raw/e4_sid_real/images/row-183636_c9de9040861d4db4.jpg,0,real,sid_set_train_real_e4,train
data/raw/e4_sid_real/images/row-13999_230faae8bf4d9b2a.jpg,0,real,sid_set_train_real_e4,train
data/raw/e4_sid_real/images/row-183637_1933ace6692764f5.jpg,0,real,sid_set_train_real_e4,train
data/raw/e4_sid_real/images/row-141205_620080ebb6cc4d59.jpg,0,real,sid_set_train_real_e4,train
data/raw/e4_sid_real/images/row-56335_7135239106f6a2d8.jpg,0,real,sid_set_train_real_e4,train
data/raw/e4_sid_real/images/row-20435_d7e7257a963bb87c.jpg,0,real,sid_set_train_real_e4,train
data/raw/e4_sid_real/images/row-87622_66325ecaf9ab888a.jpg,0,real,sid_set_train_real_e4,train
data/raw/e4_sid_real/images/row-02890_6c6a0a63cebe2b1b.jpg,0,real,sid_set_train_real_e4,train
data/raw/e4_sid_real/images/row-201088_94a95235b6dd287e.jpg,0,real,sid_set_train_real_e4,train
data/raw/e4_sid_real/images/row-22870_31fc2613823a1a28.jpg,0,real,sid_set_train_real_e4,train
data/raw/e4_sid_real/images/row-174814_e8e23c33fa6ae0f1.jpg,0,real,sid_set_train_real_e4,train
data/raw/e4_sid_real/images/row-72123_d18e5ee980dfb090.jpg,0,real,sid_set_train_real_e4,train
data/raw/e4_sid_real/images/row-10918_f73e39eeef974240.jpg,0,real,sid_set_train_real_e4,train
data/raw/e4_sid_real/images/row-72140_fbb3b6c7f9b48139.jpg,0,real,sid_set_train_real_e4,train
data/raw/e4_sid_real/images/row-183245_af17dfb8c5dd48c6.jpg,0,real,sid_set_train_real_e4,train
data/raw/e4_sid_real/images/row-161620_96ad22cef26a25cf.jpg,0,real,sid_set_train_real_e4,train
data/raw/e4_sid_real/images/row-148054_39482258d2854e06.jpg,0,real,sid_set_train_real_e4,train
data/raw/e4_sid_real/images/row-05652_188e22fd8f572fda.jpg,0,real,sid_set_train_real_e4,train
data/raw/e4_sid_real/images/row-124450_9143525accb941e2.jpg,0,real,sid_set_train_real_e4,train
data/raw/e4_sid_real/images/row-05624_47c032cba9a24e0a.jpg,0,real,sid_set_train_real_e4,train
data/raw/e4_sid_real/images/row-190979_8cbe8ddd33f40dd5.jpg,0,real,sid_set_train_real_e4,train
data/raw/e4_sid_real/images/row-60346_c4941d8971668021.jpg,0,real,sid_set_train_real_e4,train
data/raw/e4_sid_real/images/row-05659_a7931b606431a816.jpg,0,real,sid_set_train_real_e4,train
data/raw/e4_sid_real/images/row-121615_eae8e91c4b8355a1.jpg,0,real,sid_set_train_real_e4,train
data/raw/e4_sid_real/images/row-49778_7e5504e4c5c1a2c0.jpg,0,real,sid_set_train_real_e4,train
data/raw/e4_sid_real/images/row-120720_b9f6eff6d7afa1ce.jpg,0,real,sid_set_train_real_e4,train
data/raw/e4_sid_real/images/row-200987_8dc02ecde7d61c1e.jpg,0,real,sid_set_train_real_e4,train
data/raw/e4_sid_real/images/row-182090_f3f51608ad562193.jpg,0,real,sid_set_train_real_e4,train
data/raw/e4_sid_real/images/row-57011_bc8a2e2c6518b6b1.jpg,0,real,sid_set_train_real_e4,train
data/raw/e4_sid_real/images/row-87636_1fe6dbabe935c5d2.jpg,0,real,sid_set_train_real_e4,train
data/raw/e4_sid_real/images/row-190987_af4a19ad4bfad800.jpg,0,real,sid_set_train_real_e4,train
data/raw/e4_sid_real/images/row-20481_776fdef47f0a4584.jpg,0,real,sid_set_train_real_e4,train
data/raw/e4_sid_real/images/row-05600_f1f32b911e32cd2f.jpg,0,real,sid_set_train_real_e4,train
data/raw/e4_sid_real/images/row-201045_e96bc33f5423214f.jpg,0,real,sid_set_train_real_e4,train
data/raw/e4_sid_real/images/row-202131_b0b08e480d3f8274.jpg,0,real,sid_set_train_real_e4,train
data/raw/e4_sid_real/images/row-183682_7c7eb321505838fc.jpg,0,real,sid_set_train_real_e4,train
data/raw/e4_sid_real/images/row-01937_827a4ff0a3cee709.jpg,0,real,sid_set_train_real_e4,train
data/raw/e4_sid_real/images/row-163465_34237e5803c45554.jpg,0,real,sid_set_train_real_e4,train
data/raw/e4_sid_real/images/row-198976_56d74fec167249e2.jpg,0,real,sid_set_train_real_e4,train
data/raw/e4_sid_real/images/row-147787_bf3d4875aedc79f8.jpg,0,real,sid_set_train_real_e4,train
data/raw/e4_sid_real/images/row-203409_0dca8b58536f9415.jpg,0,real,sid_set_train_real_e4,train
data/raw/e4_sid_real/images/row-91221_8c86030097dec98c.jpg,0,real,sid_set_train_real_e4,train
data/raw/e4_sid_real/images/row-166761_d0b285f7643ce976.jpg,0,real,sid_set_train_real_e4,train
data/raw/e4_sid_real/images/row-198935_615cb66e67a71d62.jpg,0,real,sid_set_train_real_e4,train
data/raw/e4_sid_real/images/row-57166_650ddeb59a65fe71.jpg,0,real,sid_set_train_real_e4,train
data/raw/e4_sid_real/images/row-117960_5c5f3ad744638e1d.jpg,0,real,sid_set_train_real_e4,train
data/raw/e4_sid_real/images/row-197765_0ce77efaca8cd322.jpg,0,real,sid_set_train_real_e4,train
data/raw/e4_sid_real/images/row-151985_0b8065eba3137003.jpg,0,real,sid_set_train_real_e4,train
data/raw/e4_sid_real/images/row-20462_065440a7bd48dc56.jpg,0,real,sid_set_train_real_e4,train
data/raw/e4_sid_real/images/row-168160_9a74d0d245eaedc6.jpg,0,real,sid_set_train_real_e4,train
data/raw/e4_sid_real/images/row-57107_9b83b4ff10c38d0f.jpg,0,real,sid_set_train_real_e4,train
data/raw/e4_sid_real/images/row-30147_062be1fd9f45106d.jpg,0,real,sid_set_train_real_e4,train
data/raw/e4_sid_real/images/row-32871_c7f08b3176a59186.jpg,0,real,sid_set_train_real_e4,train
data/raw/e4_sid_real/images/row-141259_23f66436750a17c8.jpg,0,real,sid_set_train_real_e4,train
data/raw/e4_sid_real/images/row-49597_0ebab5c2372d9c50.jpg,0,real,sid_set_train_real_e4,train
data/raw/e4_sid_real/images/row-160081_45c0c6a246971a04.jpg,0,real,sid_set_train_real_e4,train
data/raw/e4_sid_real/images/row-119147_3f7f35ecf69cd93a.jpg,0,real,sid_set_train_real_e4,train
data/raw/e4_sid_real/images/row-179060_d4e1a014aeff7613.jpg,0,real,sid_set_train_real_e4,train
data/raw/e4_sid_real/images/row-199408_16b893349ed2b2ff.jpg,0,real,sid_set_train_real_e4,train
data/raw/e4_sid_real/images/row-203670_daaaf171b1a6fad6.jpg,0,real,sid_set_train_real_e4,train
data/raw/e4_sid_real/images/row-162605_bc019e9c1c534f78.jpg,0,real,sid_set_train_real_e4,train
data/raw/e4_sid_real/images/row-80464_381b1fb603c4eeaf.jpg,0,real,sid_set_train_real_e4,train
data/raw/e4_sid_real/images/row-132933_47765181ab8be881.jpg,0,real,sid_set_train_real_e4,train
data/raw/e4_sid_real/images/row-49702_87614850b2e1730d.jpg,0,real,sid_set_train_real_e4,train
data/raw/e4_sid_real/images/row-183262_3299eaf80f246596.jpg,0,real,sid_set_train_real_e4,train
data/raw/e4_sid_real/images/row-35302_768a7f2bdf4ceec9.jpg,0,real,sid_set_train_real_e4,train
data/raw/e4_sid_real/images/row-117225_3d3c13a1f06059d8.jpg,0,real,sid_set_train_real_e4,train
data/raw/e4_sid_real/images/row-124479_23c97d7b958e70db.jpg,0,real,sid_set_train_real_e4,train
data/raw/e4_sid_real/images/row-73920_2f6bd068dff6cd7a.jpg,0,real,sid_set_train_real_e4,train
data/raw/e4_sid_real/images/row-166712_02e8d074cace28b6.jpg,0,real,sid_set_train_real_e4,train
data/raw/e4_sid_real/images/row-05457_4b11af2364609af3.jpg,0,real,sid_set_train_real_e4,train
data/raw/e4_sid_real/images/row-16589_670a0b4b6403f4e2.jpg,0,real,sid_set_train_real_e4,train
data/raw/e4_sid_real/images/row-60386_05e86162b08293bd.jpg,0,real,sid_set_train_real_e4,train
data/raw/e4_sid_real/images/row-05689_a5b413186a5df517.jpg,0,real,sid_set_train_real_e4,train
data/raw/e4_sid_real/images/row-05668_8ecc9990e77a3ab4.jpg,0,real,sid_set_train_real_e4,train
data/raw/e4_sid_real/images/row-13094_971c36390f16c304.jpg,0,real,sid_set_train_real_e4,train
data/raw/e4_sid_real/images/row-145627_33ee421b24be9803.jpg,0,real,sid_set_train_real_e4,train
data/raw/e4_sid_real/images/row-128454_ec059ecbf40f2d44.jpg,0,real,sid_set_train_real_e4,train
data/raw/e4_sid_real/images/row-07585_3e7a64c20a6cfd8b.jpg,0,real,sid_set_train_real_e4,train
data/raw/e4_sid_real/images/row-67439_fd2606cd0e8cce85.jpg,0,real,sid_set_train_real_e4,train
data/raw/e4_sid_real/images/row-104634_44b0a2dfa9539f94.jpg,0,real,sid_set_train_real_e4,train
data/raw/e4_sid_real/images/row-183645_3077e1def8599bd2.jpg,0,real,sid_set_train_real_e4,train
data/raw/e4_sid_real/images/row-198498_0099dc794a3856e9.jpg,0,real,sid_set_train_real_e4,train
data/raw/e4_sid_real/images/row-167269_f9eee483ad96e707.jpg,0,real,sid_set_train_real_e4,train
data/raw/e4_sid_real/images/row-144737_738c0a3471047d5f.jpg,0,real,sid_set_train_real_e4,train
data/raw/e4_sid_real/images/row-52999_104834cb60dda345.jpg,0,real,sid_set_train_real_e4,train
data/raw/e4_sid_real/images/row-54153_d1f387c57cb56f97.jpg,0,real,sid_set_train_real_e4,train
data/raw/e4_sid_real/images/row-72104_6969d3adcbd0dd02.jpg,0,real,sid_set_train_real_e4,train
data/raw/e4_sid_real/images/row-72703_0d265e6a3116afe3.jpg,0,real,sid_set_train_real_e4,train
data/raw/e4_sid_real/images/row-206577_fa8770c77e1d6768.jpg,0,real,sid_set_train_real_e4,train
data/raw/e4_sid_real/images/row-145694_0a074c436af27554.jpg,0,real,sid_set_train_real_e4,train
data/raw/e4_sid_real/images/row-32820_2d7abab42a64d096.jpg,0,real,sid_set_train_real_e4,train
data/raw/e4_sid_real/images/row-17172_5d90468c7bdd9a7b.jpg,0,real,sid_set_train_real_e4,train
data/raw/e4_sid_real/images/row-34706_d533665b9fb81a52.jpg,0,real,sid_set_train_real_e4,train
data/raw/e4_sid_real/images/row-141222_738699985fe83bba.jpg,0,real,sid_set_train_real_e4,train
data/raw/e4_sid_real/images/row-203733_3193cc7336012968.jpg,0,real,sid_set_train_real_e4,train
data/raw/e4_sid_real/images/row-147255_c48a25f3930f4651.jpg,0,real,sid_set_train_real_e4,train
data/raw/e4_sid_real/images/row-147284_12ffe82b62b1ae9f.jpg,0,real,sid_set_train_real_e4,train
data/raw/e4_sid_real/images/row-126369_2b47f21c3c9d8026.jpg,0,real,sid_set_train_real_e4,train
data/raw/e4_sid_real/images/row-189263_128015af36f186cf.jpg,0,real,sid_set_train_real_e4,train
data/raw/e4_sid_real/images/row-198490_4c89ba12586a18af.jpg,0,real,sid_set_train_real_e4,train
data/raw/e4_sid_real/images/row-01297_90dddd0536dddcf1.jpg,0,real,sid_set_train_real_e4,train
data/raw/e4_sid_real/images/row-152037_9caee26e9b54e73a.jpg,0,real,sid_set_train_real_e4,train
data/raw/e4_sid_real/images/row-198955_a0130bbe915490c2.jpg,0,real,sid_set_train_real_e4,train
data/raw/e4_sid_real/images/row-05415_21f1fe3d54829e27.jpg,0,real,sid_set_train_real_e4,train
data/raw/e4_sid_real/images/row-141233_a45240219f08555c.jpg,0,real,sid_set_train_real_e4,train
data/raw/e4_sid_real/images/row-167232_2f13b0935da14927.jpg,0,real,sid_set_train_real_e4,train
data/raw/e4_sid_real/images/row-144763_233656c794149bf5.jpg,0,real,sid_set_train_real_e4,train
data/raw/e4_sid_real/images/row-72122_ad77df0b6eb1bca5.jpg,0,real,sid_set_train_real_e4,train
data/raw/e4_sid_real/images/row-193605_079d73e94f2ce509.jpg,0,real,sid_set_train_real_e4,train
data/raw/e4_sid_real/images/row-144756_e4a380e78ede35cb.jpg,0,real,sid_set_train_real_e4,train
data/raw/e4_sid_real/images/row-203656_00e49d11aa6c9b6f.jpg,0,real,sid_set_train_real_e4,train
data/raw/e4_sid_real/images/row-54605_836e35877d1f148e.jpg,0,real,sid_set_train_real_e4,train
data/raw/e4_sid_real/images/row-96899_45ace3ac94ff5f68.jpg,0,real,sid_set_train_real_e4,train
data/raw/e4_sid_real/images/row-07263_84c7b4ba405f1bbc.jpg,0,real,sid_set_train_real_e4,train
data/raw/e4_sid_real/images/row-31337_1dcc6ea65579063e.jpg,0,real,sid_set_train_real_e4,train
data/raw/e4_sid_real/images/row-49547_66fdb49ed24ea1f4.jpg,0,real,sid_set_train_real_e4,train
data/raw/e4_sid_real/images/row-100225_b355f32b24245385.jpg,0,real,sid_set_train_real_e4,train
data/raw/e4_sid_real/images/row-13991_cbccd97468213680.jpg,0,real,sid_set_train_real_e4,train
data/raw/e4_sid_real/images/row-189287_15c3d1402ebb38f6.jpg,0,real,sid_set_train_real_e4,train
data/raw/e4_sid_real/images/row-206549_0838f8dee64baadd.jpg,0,real,sid_set_train_real_e4,train
data/raw/e4_sid_real/images/row-197732_3346840fb4912eb4.jpg,0,real,sid_set_train_real_e4,train
data/raw/e4_sid_real/images/row-193613_d61efcc06685ca35.jpg,0,real,sid_set_train_real_e4,train
data/raw/e4_sid_real/images/row-144752_7f2ef5aea497309e.jpg,0,real,sid_set_train_real_e4,train
data/raw/e4_sid_real/images/row-66586_5d3eb64f7e1f4200.jpg,0,real,sid_set_train_real_e4,train
data/raw/e4_sid_real/images/row-07232_540a3e01c26cd7fa.jpg,0,real,sid_set_train_real_e4,train
data/raw/e4_sid_real/images/row-126306_01c7dd4d30d5a604.jpg,0,real,sid_set_train_real_e4,train
data/raw/e4_sid_real/images/row-91212_ea60a5015a16a933.jpg,0,real,sid_set_train_real_e4,train
data/raw/e4_sid_real/images/row-104681_c78501e3b5b3f156.jpg,0,real,sid_set_train_real_e4,train
data/raw/e4_sid_real/images/row-13974_2e69bd3d65fe99a8.jpg,0,real,sid_set_train_real_e4,train
data/raw/e4_sid_real/images/row-183658_f47d6ac28d20a805.jpg,0,real,sid_set_train_real_e4,train
data/raw/e4_sid_real/images/row-23784_75c855d44ad23265.jpg,0,real,sid_set_train_real_e4,train
data/raw/e4_sid_real/images/row-203648_60936d11685698f3.jpg,0,real,sid_set_train_real_e4,train
data/raw/e4_sid_real/images/row-182039_19817d045b7e9b06.jpg,0,real,sid_set_train_real_e4,train
data/raw/e4_sid_real/images/row-148021_0bea68b818b96695.jpg,0,real,sid_set_train_real_e4,train
data/raw/e4_sid_real/images/row-98494_026cd820a8575bc9.jpg,0,real,sid_set_train_real_e4,train
data/raw/e4_sid_real/images/row-144769_3679ffbad4fcbc16.jpg,0,real,sid_set_train_real_e4,train
data/raw/e4_sid_real/images/row-73959_0ca5cdf27c5c9f3a.jpg,0,real,sid_set_train_real_e4,train
data/raw/e4_sid_real/images/row-31347_815fd39b37f7c869.jpg,0,real,sid_set_train_real_e4,train
data/raw/e4_sid_real/images/row-66577_9fec45c61ce04ea0.jpg,0,real,sid_set_train_real_e4,train
data/raw/e4_sid_real/images/row-142895_e2debef5cb5de1c7.jpg,0,real,sid_set_train_real_e4,train
data/raw/e4_sid_real/images/row-193380_a0bb99c5629ceb31.jpg,0,real,sid_set_train_real_e4,train
data/raw/e4_sid_real/images/row-66515_a02414bf804ab7df.jpg,0,real,sid_set_train_real_e4,train
data/raw/e4_sid_real/images/row-183205_90398672c37f7e3d.jpg,0,real,sid_set_train_real_e4,train
data/raw/e4_sid_real/images/row-133301_0228e1c64e7416b9.jpg,0,real,sid_set_train_real_e4,train
data/raw/e4_sid_real/images/row-200979_a64b7e4cd174ce9e.jpg,0,real,sid_set_train_real_e4,train
data/raw/e4_sid_real/images/row-05606_2489a9bbe0aebe85.jpg,0,real,sid_set_train_real_e4,train
data/raw/e4_sid_real/images/row-28582_e561f259c731879b.jpg,0,real,sid_set_train_real_e4,train
data/raw/e4_sid_real/images/row-144705_470a3b5dbed08be9.jpg,0,real,sid_set_train_real_e4,train
data/raw/e4_sid_real/images/row-167245_67a6e7bc0f80e4db.jpg,0,real,sid_set_train_real_e4,train
data/raw/e4_sid_real/images/row-66545_ec3e19ca4a791905.jpg,0,real,sid_set_train_real_e4,train
data/raw/e4_sid_real/images/row-54158_37fdac6b91f79e79.jpg,0,real,sid_set_train_real_e4,train
data/raw/e4_sid_real/images/row-158524_48d4dec77f923e48.jpg,0,real,sid_set_train_real_e4,train
data/raw/e4_sid_real/images/row-95405_1dc6ec1d6fa137a6.jpg,0,real,sid_set_train_real_e4,train
data/raw/e4_sid_real/images/row-206542_dbfc4d2f69b7638c.jpg,0,real,sid_set_train_real_e4,train
data/raw/e4_sid_real/images/row-199292_7bb0e2048a51d32a.jpg,0,real,sid_set_train_real_e4,train
data/raw/e4_sid_real/images/row-07594_66f6c5e972740d36.jpg,0,real,sid_set_train_real_e4,train
data/raw/e4_sid_real/images/row-32815_aa3df5f9cda6b852.jpg,0,real,sid_set_train_real_e4,train
data/raw/e4_sid_real/images/row-199415_6e1df15c3353bd92.jpg,0,real,sid_set_train_real_e4,train
data/raw/e4_sid_real/images/row-57003_c9a8a8e1043c7bc0.jpg,0,real,sid_set_train_real_e4,train
data/raw/e4_sid_real/images/row-35350_cc13f76755e23355.jpg,0,real,sid_set_train_real_e4,train
data/raw/e4_sid_real/images/row-05487_a1a4268132e18e82.jpg,0,real,sid_set_train_real_e4,train
data/raw/e4_sid_real/images/row-22876_e2745c59389ec9d5.jpg,0,real,sid_set_train_real_e4,train
data/raw/e4_sid_real/images/row-120706_019fd6797b2663fc.jpg,0,real,sid_set_train_real_e4,train
data/raw/e4_sid_real/images/row-198918_c11e3b1f2dc8ecf1.jpg,0,real,sid_set_train_real_e4,train
data/raw/e4_sid_real/images/row-80461_1f4b8c5a43f37baa.jpg,0,real,sid_set_train_real_e4,train
data/raw/e4_sid_real/images/row-32816_d0723e5805672f64.jpg,0,real,sid_set_train_real_e4,train
data/raw/e4_sid_real/images/row-80483_d6dc49968d5f33f8.jpg,0,real,sid_set_train_real_e4,train
data/raw/e4_sid_real/images/row-77392_b9ce7b889ac35153.jpg,0,real,sid_set_train_real_e4,train
data/raw/e4_sid_real/images/row-16538_1d813c92ddd9fb36.jpg,0,real,sid_set_train_real_e4,train
data/raw/e4_sid_real/images/row-91256_71254a5c2089a829.jpg,0,real,sid_set_train_real_e4,train
data/raw/e4_sid_real/images/row-01901_75d3ba949002a71f.jpg,0,real,sid_set_train_real_e4,train
data/raw/e4_sid_real/images/row-104627_04240cfb8af996da.jpg,0,real,sid_set_train_real_e4,train
data/raw/e4_sid_real/images/row-117995_11468606762df0b5.jpg,0,real,sid_set_train_real_e4,train
data/raw/e4_sid_real/images/row-104695_f3c108e2a8aef041.jpg,0,real,sid_set_train_real_e4,train
data/raw/e4_sid_real/images/row-05533_ddca4a18a57657b4.jpg,0,real,sid_set_train_real_e4,train
data/raw/e4_sid_real/images/row-17110_673f7ebed37621ea.jpg,0,real,sid_set_train_real_e4,train
data/raw/e4_sid_real/images/row-72175_e906a0799489e762.jpg,0,real,sid_set_train_real_e4,train
data/raw/e4_sid_real/images/row-119150_a81aa9336ffd4f5c.jpg,0,real,sid_set_train_real_e4,train
data/raw/e4_sid_real/images/row-193687_cd86bbb40b65a7ec.jpg,0,real,sid_set_train_real_e4,train
data/raw/e4_sid_real/images/row-66568_56e0302ee90d578b.jpg,0,real,sid_set_train_real_e4,train
data/raw/e4_sid_real/images/row-189292_cfbace0a34b3a840.jpg,0,real,sid_set_train_real_e4,train
data/raw/e4_sid_real/images/row-201003_875caf453daf9d98.jpg,0,real,sid_set_train_real_e4,train
data/raw/e4_sid_real/images/row-189225_4579c598053a3480.jpg,0,real,sid_set_train_real_e4,train
data/raw/e4_sid_real/images/row-57095_e4175cfcb9fbb188.jpg,0,real,sid_set_train_real_e4,train
data/raw/e4_sid_real/images/row-70635_c9f55b7e300c3254.jpg,0,real,sid_set_train_real_e4,train
data/raw/e4_sid_real/images/row-203697_d6dd638cee5fa4ab.jpg,0,real,sid_set_train_real_e4,train
data/raw/e4_sid_real/images/row-193662_fe3ef44c0b309bbb.jpg,0,real,sid_set_train_real_e4,train
data/raw/e4_sid_real/images/row-62504_97c9550d942a129a.jpg,0,real,sid_set_train_real_e4,train
data/raw/e4_sid_real/images/row-63286_5be70ec3522d7663.jpg,0,real,sid_set_train_real_e4,train
data/raw/e4_sid_real/images/row-06583_a4603b4d109f5667.jpg,0,real,sid_set_train_real_e4,train
data/raw/e4_sid_real/images/row-198315_fd8857a7b536fc6e.jpg,0,real,sid_set_train_real_e4,train
data/raw/e4_sid_real/images/row-49344_be67dc280eaed214.jpg,0,real,sid_set_train_real_e4,train
data/raw/e4_sid_real/images/row-177557_66eda20641fe3219.jpg,0,real,sid_set_train_real_e4,train
data/raw/e4_sid_real/images/row-56360_5112b409b005cb19.jpg,0,real,sid_set_train_real_e4,train
data/raw/e4_sid_real/images/row-70652_f129982187a2fee2.jpg,0,real,sid_set_train_real_e4,train
data/raw/e4_sid_real/images/row-189298_e0a46bd2611e3a76.jpg,0,real,sid_set_train_real_e4,train
data/raw/e4_sid_real/images/row-73928_a9f50afeeda15c8e.jpg,0,real,sid_set_train_real_e4,train
data/raw/e4_sid_real/images/row-74330_7cc18e5af83186bb.jpg,0,real,sid_set_train_real_e4,train
data/raw/e4_sid_real/images/row-22829_615b9b1ed91332a6.jpg,0,real,sid_set_train_real_e4,train
data/raw/e4_sid_real/images/row-35376_da3b761efd32628f.jpg,0,real,sid_set_train_real_e4,train
data/raw/e4_sid_real/images/row-163466_dac16ed684438fee.jpg,0,real,sid_set_train_real_e4,train
data/raw/e4_sid_real/images/row-57899_1fea660600b21118.jpg,0,real,sid_set_train_real_e4,train
data/raw/e4_sid_real/images/row-105320_0807732d490c6cc5.jpg,0,real,sid_set_train_real_e4,train
data/raw/e4_sid_real/images/row-56363_c4af8d13c086d0f7.jpg,0,real,sid_set_train_real_e4,train
data/raw/e4_sid_real/images/row-66505_ada202f8c9fda77e.jpg,0,real,sid_set_train_real_e4,train
data/raw/e4_sid_real/images/row-193364_d3f7e16f739b5986.jpg,0,real,sid_set_train_real_e4,train
data/raw/e4_sid_real/images/row-49389_46fa0b25b1f0f9e1.jpg,0,real,sid_set_train_real_e4,train
data/raw/e4_sid_real/images/row-127892_10d7fbc2cc6bb3bf.jpg,0,real,sid_set_train_real_e4,train
data/raw/e4_sid_real/images/row-34781_02bda5e64a54406e.jpg,0,real,sid_set_train_real_e4,train
data/raw/e4_sid_real/images/row-163764_dcd4b01714319736.jpg,0,real,sid_set_train_real_e4,train
data/raw/e4_sid_real/images/row-80427_0101cd3d44b33626.jpg,0,real,sid_set_train_real_e4,train
data/raw/e4_sid_real/images/row-17170_06f547781f51a71a.jpg,0,real,sid_set_train_real_e4,train
data/raw/e4_sid_real/images/row-124427_f335bd31f933d69f.jpg,0,real,sid_set_train_real_e4,train
data/raw/e4_sid_real/images/row-16580_1d26b1d17c96f13f.jpg,0,real,sid_set_train_real_e4,train
data/raw/e4_sid_real/images/row-32807_1cc97730294411bc.jpg,0,real,sid_set_train_real_e4,train
data/raw/e4_sid_real/images/row-163704_000baa6f7dae9b79.jpg,0,real,sid_set_train_real_e4,train
data/raw/e4_sid_real/images/row-198969_ee4af4d02b72b70f.jpg,0,real,sid_set_train_real_e4,train
data/raw/e4_sid_real/images/row-01230_85c8384d786534a2.jpg,0,real,sid_set_train_real_e4,train
data/raw/e4_sid_real/images/row-117237_ce09a25a50fdfe47.jpg,0,real,sid_set_train_real_e4,train
data/raw/e4_sid_real/images/row-132950_66808d5d771348b7.jpg,0,real,sid_set_train_real_e4,train
data/raw/e4_sid_real/images/row-177518_3ffd46be10a43da2.jpg,0,real,sid_set_train_real_e4,train
data/raw/e4_sid_real/images/row-140347_1e78604151b5368b.jpg,0,real,sid_set_train_real_e4,train
data/raw/e4_sid_real/images/row-160053_5155c9066c91b65c.jpg,0,real,sid_set_train_real_e4,train
data/raw/e4_sid_real/images/row-206553_1409167d428cc911.jpg,0,real,sid_set_train_real_e4,train
data/raw/e4_sid_real/images/row-151945_b17326044e11e6f3.jpg,0,real,sid_set_train_real_e4,train
data/raw/e4_sid_real/images/row-31388_15c8d0e822ecbe2d.jpg,0,real,sid_set_train_real_e4,train
data/raw/e4_sid_real/images/row-140317_6ddd96db12289faf.jpg,0,real,sid_set_train_real_e4,train
data/raw/e4_sid_real/images/row-63227_19046fa25527f67c.jpg,0,real,sid_set_train_real_e4,train
data/raw/e4_sid_real/images/row-199265_0330e47776fa8eb3.jpg,0,real,sid_set_train_real_e4,train
data/raw/e4_sid_real/images/row-179079_89c0802ec31e8ae9.jpg,0,real,sid_set_train_real_e4,train
data/raw/e4_sid_real/images/row-63282_469a143feb939139.jpg,0,real,sid_set_train_real_e4,train
data/raw/e4_sid_real/images/row-203471_376a72edab61da3e.jpg,0,real,sid_set_train_real_e4,train
data/raw/e4_sid_real/images/row-202196_feab61736e3051e6.jpg,0,real,sid_set_train_real_e4,train
data/raw/e4_sid_real/images/row-43214_644bee8992320a51.jpg,0,real,sid_set_train_real_e4,train
data/raw/e4_sid_real/images/row-23703_9986e15bfc5a27b2.jpg,0,real,sid_set_train_real_e4,train
data/raw/e4_sid_real/images/row-49518_f3fd576d413556a4.jpg,0,real,sid_set_train_real_e4,train
data/raw/e4_sid_real/images/row-49320_a5979716d8819ad7.jpg,0,real,sid_set_train_real_e4,train
data/raw/e4_sid_real/images/row-140461_b8cd85630a501b45.jpg,0,real,sid_set_train_real_e4,train
data/raw/e4_sid_real/images/row-117980_1677c88771f28522.jpg,0,real,sid_set_train_real_e4,train
data/raw/e4_sid_real/images/row-49748_0510de82bb3b0bfc.jpg,0,real,sid_set_train_real_e4,train
data/raw/e4_sid_real/images/row-60347_7b4bf9d8bf9faf47.jpg,0,real,sid_set_train_real_e4,train
data/raw/e4_sid_real/images/row-54143_47d77c1ce38507a6.jpg,0,real,sid_set_train_real_e4,train
data/raw/e4_sid_real/images/row-202143_bb149c6d23936966.jpg,0,real,sid_set_train_real_e4,train
data/raw/e4_sid_real/images/row-72722_07d64e2402a488d4.jpg,0,real,sid_set_train_real_e4,train
data/raw/e4_sid_real/images/row-160014_b8001bc00de74014.jpg,0,real,sid_set_train_real_e4,train
data/raw/e4_sid_real/images/row-199287_d7d438dc1bdd2cdb.jpg,0,real,sid_set_train_real_e4,train
data/raw/e4_sid_real/images/row-106143_c35503c50abbcad9.jpg,0,real,sid_set_train_real_e4,train
data/raw/e4_sid_real/images/row-175010_b40e05cba914f945.jpg,0,real,sid_set_train_real_e4,train
data/raw/e4_sid_real/images/row-106115_b5ceccf8336e1078.jpg,0,real,sid_set_train_real_e4,train
data/raw/e4_sid_real/images/row-141240_ce3e45083705fb10.jpg,0,real,sid_set_train_real_e4,train
data/raw/e4_sid_real/images/row-28544_b980c6b02a99dfe5.jpg,0,real,sid_set_train_real_e4,train
data/raw/e4_sid_real/images/row-98450_f6cff78f51e494de.jpg,0,real,sid_set_train_real_e4,train
data/raw/e4_sid_real/images/row-168152_bd7648029f554167.jpg,0,real,sid_set_train_real_e4,train
data/raw/e4_sid_real/images/row-152025_c9445594a2b73f92.jpg,0,real,sid_set_train_real_e4,train
data/raw/e4_sid_real/images/row-183647_1ffce51e7ccb3436.jpg,0,real,sid_set_train_real_e4,train
data/raw/e4_sid_real/images/row-183655_4b2277c9b0daaae0.jpg,0,real,sid_set_train_real_e4,train
data/raw/e4_sid_real/images/row-171222_1f017ca952365a0d.jpg,0,real,sid_set_train_real_e4,train
data/raw/e4_sid_real/images/row-105843_5e6d8f8edbbf6a6e.jpg,0,real,sid_set_train_real_e4,train
data/raw/e4_sid_real/images/row-201013_6459b8a5c47ec675.jpg,0,real,sid_set_train_real_e4,train
data/raw/e4_sid_real/images/row-166720_cdd227726d883759.jpg,0,real,sid_set_train_real_e4,train
data/raw/e4_sid_real/images/row-52902_a5ef40023985d90b.jpg,0,real,sid_set_train_real_e4,train
data/raw/e4_sid_real/images/row-109976_17a3afcf616b752c.jpg,0,real,sid_set_train_real_e4,train
data/raw/e4_sid_real/images/row-16582_1f8a37e2aae22b68.jpg,0,real,sid_set_train_real_e4,train
data/raw/e4_sid_real/images/row-121653_5f13a8c5de592c5f.jpg,0,real,sid_set_train_real_e4,train
data/raw/e4_sid_real/images/row-163707_f8cf3018e816b1b5.jpg,0,real,sid_set_train_real_e4,train
data/raw/e4_sid_real/images/row-175038_0449a7e52afd9aca.jpg,0,real,sid_set_train_real_e4,train
data/raw/e4_sid_real/images/row-77388_a8bc36bc2f0d0644.jpg,0,real,sid_set_train_real_e4,train
data/raw/e4_sid_real/images/row-157177_5decff8dbb473676.jpg,0,real,sid_set_train_real_e4,train
data/raw/e4_sid_real/images/row-119142_d88f319acd9a47f9.jpg,0,real,sid_set_train_real_e4,train
data/raw/e4_sid_real/images/row-54104_8c080099e322d4a9.jpg,0,real,sid_set_train_real_e4,train
data/raw/e4_sid_real/images/row-77379_c87978dcb4d25b78.jpg,0,real,sid_set_train_real_e4,train
data/raw/e4_sid_real/images/row-157136_bb631951e4696a16.jpg,0,real,sid_set_train_real_e4,train
data/raw/e4_sid_real/images/row-98485_9dca852e36433ccb.jpg,0,real,sid_set_train_real_e4,train
data/raw/e4_sid_real/images/row-02867_e16fa91eb35e78d4.jpg,0,real,sid_set_train_real_e4,train
data/raw/e4_sid_real/images/row-183664_2f7f8a64ddded9b7.jpg,0,real,sid_set_train_real_e4,train
data/raw/e4_sid_real/images/row-202140_aaf2402ff2ac8171.jpg,0,real,sid_set_train_real_e4,train
data/raw/e4_sid_real/images/row-147292_7e404b4d9da08e6d.jpg,0,real,sid_set_train_real_e4,train
data/raw/e4_sid_real/images/row-22825_372047dc0588be70.jpg,0,real,sid_set_train_real_e4,train
data/raw/e4_sid_real/images/row-175072_bee853dc4280a373.jpg,0,real,sid_set_train_real_e4,train
data/raw/e4_sid_real/images/row-168166_0c3b24ba39411a4b.jpg,0,real,sid_set_train_real_e4,train
data/raw/e4_sid_real/images/row-77384_286b806ebf1f9277.jpg,0,real,sid_set_train_real_e4,train
data/raw/e4_sid_real/images/row-01979_8e7db67fd7c82cc1.jpg,0,real,sid_set_train_real_e4,train
data/raw/e4_sid_real/images/row-32819_96686fe4ce79993d.jpg,0,real,sid_set_train_real_e4,train
data/raw/e4_sid_real/images/row-22882_0b674f1e0b6aefbf.jpg,0,real,sid_set_train_real_e4,train
data/raw/e4_sid_real/images/row-201433_1b5ef89ed22bd751.jpg,0,real,sid_set_train_real_e4,train
data/raw/e4_sid_real/images/row-105339_44d9ee7e522b34d1.jpg,0,real,sid_set_train_real_e4,train
data/raw/e4_sid_real/images/row-203749_602c5e8bac1d6487.jpg,0,real,sid_set_train_real_e4,train
data/raw/e4_sid_real/images/row-121697_7d2bb8db1ffa9131.jpg,0,real,sid_set_train_real_e4,train
data/raw/e4_sid_real/images/row-149387_bcf37dd9f9871838.jpg,0,real,sid_set_train_real_e4,train
data/raw/e4_sid_real/images/row-31303_b319569e958dd876.jpg,0,real,sid_set_train_real_e4,train
data/raw/e4_sid_real/images/row-177581_9aa39477f70d3507.jpg,0,real,sid_set_train_real_e4,train
data/raw/e4_sid_real/images/row-22888_44781e63de733df8.jpg,0,real,sid_set_train_real_e4,train
data/raw/e4_sid_real/images/row-152027_6b5c4f346451354f.jpg,0,real,sid_set_train_real_e4,train
data/raw/e4_sid_real/images/row-20466_097bb0b549c6d618.jpg,0,real,sid_set_train_real_e4,train
data/raw/e4_sid_real/images/row-144759_e3db479a2f68046f.jpg,0,real,sid_set_train_real_e4,train
data/raw/e4_sid_real/images/row-104456_9601af2d729a58a8.jpg,0,real,sid_set_train_real_e4,train
data/raw/e4_sid_real/images/row-77339_d111c5b5f90dda27.jpg,0,real,sid_set_train_real_e4,train
data/raw/e4_sid_real/images/row-31360_6c596e85cdc58873.jpg,0,real,sid_set_train_real_e4,train
data/raw/e4_sid_real/images/row-147748_895685091b91c88e.jpg,0,real,sid_set_train_real_e4,train
data/raw/e4_sid_real/images/row-30142_c0110d9dbd45ef2f.jpg,0,real,sid_set_train_real_e4,train
data/raw/e4_sid_real/images/row-163777_2142ad3a85659aad.jpg,0,real,sid_set_train_real_e4,train
data/raw/e4_sid_real/images/row-203649_d72c8d5b9c53f2e2.jpg,0,real,sid_set_train_real_e4,train
data/raw/e4_sid_real/images/row-121605_28c5a025979ac049.jpg,0,real,sid_set_train_real_e4,train
data/raw/e4_sid_real/images/row-57873_f10361068c980ec5.jpg,0,real,sid_set_train_real_e4,train
data/raw/e4_sid_real/images/row-160083_b151081ef9dde2d7.jpg,0,real,sid_set_train_real_e4,train
data/raw/e4_sid_real/images/row-157692_979f9d63e32236e9.jpg,0,real,sid_set_train_real_e4,train
data/raw/e4_sid_real/images/row-133308_77390e94a4a02243.jpg,0,real,sid_set_train_real_e4,train
data/raw/e4_sid_real/images/row-152011_28348672c58f8e2d.jpg,0,real,sid_set_train_real_e4,train
data/raw/e4_sid_real/images/row-57817_5fb3e3b30a39ee88.jpg,0,real,sid_set_train_real_e4,train
data/raw/e4_sid_real/images/row-149322_f9a302d2b9c672f8.jpg,0,real,sid_set_train_real_e4,train
data/raw/e4_sid_real/images/row-63253_5a49cdb75fd227b0.jpg,0,real,sid_set_train_real_e4,train
data/raw/e4_sid_real/images/row-60372_d6a33e3f00403980.jpg,0,real,sid_set_train_real_e4,train
data/raw/e4_sid_real/images/row-23778_68f9fd14e389594c.jpg,0,real,sid_set_train_real_e4,train
data/raw/e4_sid_real/images/row-144724_6d9d5464bd75b736.jpg,0,real,sid_set_train_real_e4,train
data/raw/e4_sid_real/images/row-17189_126d7dfe58aa25d3.jpg,0,real,sid_set_train_real_e4,train
data/raw/e4_sid_real/images/row-109951_d56677f7573ef335.jpg,0,real,sid_set_train_real_e4,train
data/raw/e4_sid_real/images/row-02825_9166bddef56875f4.jpg,0,real,sid_set_train_real_e4,train
data/raw/e4_sid_real/images/row-54115_d9fbc98606243a0d.jpg,0,real,sid_set_train_real_e4,train
data/raw/e4_sid_real/images/row-64851_af581355362853da.jpg,0,real,sid_set_train_real_e4,train
data/raw/e4_sid_real/images/row-91338_349900aa80887778.jpg,0,real,sid_set_train_real_e4,train
data/raw/e4_sid_real/images/row-35354_27e28bde77b435a8.jpg,0,real,sid_set_train_real_e4,train
data/raw/e4_sid_real/images/row-57842_c44d0a7e516370a4.jpg,0,real,sid_set_train_real_e4,train
data/raw/e4_sid_real/images/row-109968_e2c35c6273a18a97.jpg,0,real,sid_set_train_real_e4,train
data/raw/e4_sid_real/images/row-13935_fbf63ba54b65fc54.jpg,0,real,sid_set_train_real_e4,train
data/raw/e4_sid_real/images/row-198491_3b2324c3fb468f1c.jpg,0,real,sid_set_train_real_e4,train
data/raw/e4_sid_real/images/row-59242_a6ed09827c444dc8.jpg,0,real,sid_set_train_real_e4,train
data/raw/e4_sid_real/images/row-77398_fee39ae39245427a.jpg,0,real,sid_set_train_real_e4,train
data/raw/e4_sid_real/images/row-104406_8b950ef88bf7bbd4.jpg,0,real,sid_set_train_real_e4,train
data/raw/e4_sid_real/images/row-179081_83d7000f8049f48e.jpg,0,real,sid_set_train_real_e4,train
data/raw/e4_sid_real/images/row-163429_cc5789df7bfff0dc.jpg,0,real,sid_set_train_real_e4,train
data/raw/e4_sid_real/images/row-144750_f35bcff605b1959a.jpg,0,real,sid_set_train_real_e4,train
data/raw/e4_sid_real/images/row-199401_e67a8f3fb34731fc.jpg,0,real,sid_set_train_real_e4,train
data/raw/e4_sid_real/images/row-175058_efd72b7bbf656e9a.jpg,0,real,sid_set_train_real_e4,train
data/raw/e4_sid_real/images/row-200985_061d1062d05cd046.jpg,0,real,sid_set_train_real_e4,train
data/raw/e4_sid_real/images/row-62571_7ca8d32ceaad91e5.jpg,0,real,sid_set_train_real_e4,train
data/raw/e4_sid_real/images/row-145654_92fdbb8f4504aea2.jpg,0,real,sid_set_train_real_e4,train
data/raw/e4_sid_real/images/row-178416_71e838e3596549d1.jpg,0,real,sid_set_train_real_e4,train
data/raw/e4_sid_real/images/row-30193_014060ad82fb93c6.jpg,0,real,sid_set_train_real_e4,train
data/raw/e4_sid_real/images/row-141217_460c0d17eb3d5bc0.jpg,0,real,sid_set_train_real_e4,train
data/raw/e4_sid_real/images/row-142855_fb8d933a04c37605.jpg,0,real,sid_set_train_real_e4,train
data/raw/e4_sid_real/images/row-199289_c32896f0ca3e79bf.jpg,0,real,sid_set_train_real_e4,train
data/raw/e4_sid_real/images/row-16838_e43cb83787ab3201.jpg,0,real,sid_set_train_real_e4,train
data/raw/e4_sid_real/images/row-66941_4fabbe1e5c327d41.jpg,0,real,sid_set_train_real_e4,train
data/raw/e4_sid_real/images/row-163443_c7e465646191a5a2.jpg,0,real,sid_set_train_real_e4,train
data/raw/e4_sid_real/images/row-73907_7aaf66b2425ea009.jpg,0,real,sid_set_train_real_e4,train
data/raw/e4_sid_real/images/row-70663_3717305f150a4fca.jpg,0,real,sid_set_train_real_e4,train
data/raw/e4_sid_real/images/row-199218_0308056fcd974575.jpg,0,real,sid_set_train_real_e4,train
data/raw/e4_sid_real/images/row-201455_7db29ac0efb838c2.jpg,0,real,sid_set_train_real_e4,train
data/raw/e4_sid_real/images/row-96853_0015af8d7d6d77c6.jpg,0,real,sid_set_train_real_e4,train
data/raw/e4_sid_real/images/row-54606_f0cf4917a91573b3.jpg,0,real,sid_set_train_real_e4,train
data/raw/e4_sid_real/images/row-16511_81d71018124ce560.jpg,0,real,sid_set_train_real_e4,train
data/raw/e4_sid_real/images/row-142841_45d3e3d1d64cebd8.jpg,0,real,sid_set_train_real_e4,train
data/raw/e4_sid_real/images/row-98428_edc11aa0e7ff9e1d.jpg,0,real,sid_set_train_real_e4,train
data/raw/e4_sid_real/images/row-198455_6b918257b2d02035.jpg,0,real,sid_set_train_real_e4,train
data/raw/e4_sid_real/images/row-66975_f6858b57a55c0b8b.jpg,0,real,sid_set_train_real_e4,train
data/raw/e4_sid_real/images/row-23728_1b2bccc6b90f1b62.jpg,0,real,sid_set_train_real_e4,train
data/raw/e4_sid_real/images/row-117298_c3b7b4dc3b846ec1.jpg,0,real,sid_set_train_real_e4,train
data/raw/e4_sid_real/images/row-28577_d92c0ca27553b8a9.jpg,0,real,sid_set_train_real_e4,train
data/raw/e4_sid_real/images/row-02889_f164007c586d2a14.jpg,0,real,sid_set_train_real_e4,train
data/raw/e4_sid_real/images/row-121698_0214570bdd8a751e.jpg,0,real,sid_set_train_real_e4,train
data/raw/e4_sid_real/images/row-198344_d5bd82a8c233cce4.jpg,0,real,sid_set_train_real_e4,train
data/raw/e4_sid_real/images/row-157132_42559305efb7cd16.jpg,0,real,sid_set_train_real_e4,train
data/raw/e4_sid_real/images/row-198907_66c05037e0fd8123.jpg,0,real,sid_set_train_real_e4,train
data/raw/e4_sid_real/images/row-59203_88a8d5c4baea8f37.jpg,0,real,sid_set_train_real_e4,train
data/raw/e4_sid_real/images/row-17114_64be8970a7cf7370.jpg,0,real,sid_set_train_real_e4,train
data/raw/e4_sid_real/images/row-198462_bbf23d926ace92f5.jpg,0,real,sid_set_train_real_e4,train
data/raw/e4_sid_real/images/row-121630_1d68fdc2845ac8c0.jpg,0,real,sid_set_train_real_e4,train
data/raw/e4_sid_real/images/row-56364_f73ed3005a8f6fa7.jpg,0,real,sid_set_train_real_e4,train
data/raw/e4_sid_real/images/row-200974_d294eacbb12ef1b7.jpg,0,real,sid_set_train_real_e4,train
data/raw/e4_sid_real/images/row-52958_d1136708b356eed4.jpg,0,real,sid_set_train_real_e4,train
data/raw/e4_sid_real/images/row-162606_380be88d545d4c33.jpg,0,real,sid_set_train_real_e4,train
data/raw/e4_sid_real/images/row-67453_fffcd0e89ddab889.jpg,0,real,sid_set_train_real_e4,train
data/raw/e4_sid_real/images/row-70609_62c38833438e4638.jpg,0,real,sid_set_train_real_e4,train
data/raw/e4_sid_real/images/row-117208_5f10f8d3e4233e08.jpg,0,real,sid_set_train_real_e4,train
data/raw/e4_sid_real/images/row-01255_1148194fc8a8331c.jpg,0,real,sid_set_train_real_e4,train
data/raw/e4_sid_real/images/row-63226_9c98e7ec52b3945c.jpg,0,real,sid_set_train_real_e4,train
data/raw/e4_sid_real/images/row-193675_57c0b3f74155c1ea.jpg,0,real,sid_set_train_real_e4,train
data/raw/e4_sid_real/images/row-179056_2fb33c1b3d252cb4.jpg,0,real,sid_set_train_real_e4,train
data/raw/e4_sid_real/images/row-193361_a80ee7ec3a3a0f0d.jpg,0,real,sid_set_train_real_e4,train
data/raw/e4_sid_real/images/row-49760_a3e0e80e638fd82d.jpg,0,real,sid_set_train_real_e4,train
data/raw/e4_sid_real/images/row-144706_23e09668014d19f2.jpg,0,real,sid_set_train_real_e4,train
data/raw/e4_sid_real/images/row-190919_1a758069b2045811.jpg,0,real,sid_set_train_real_e4,train
data/raw/e4_sid_real/images/row-189218_058a163a2049d53e.jpg,0,real,sid_set_train_real_e4,train
data/raw/e4_sid_real/images/row-120770_e7419a0ad99bc72d.jpg,0,real,sid_set_train_real_e4,train
data/raw/e4_sid_real/images/row-07210_fbcff8f9fdf5b84c.jpg,0,real,sid_set_train_real_e4,train
data/raw/e4_sid_real/images/row-05677_100bff997c506b24.jpg,0,real,sid_set_train_real_e4,train
data/raw/e4_sid_real/images/row-117978_28ee8d6b4602c1bc.jpg,0,real,sid_set_train_real_e4,train
data/raw/e4_sid_real/images/row-91329_f85ab2bbd5f9fbf4.jpg,0,real,sid_set_train_real_e4,train
data/raw/e4_sid_real/images/row-60328_197e0f4b465bfb1e.jpg,0,real,sid_set_train_real_e4,train
data/raw/e4_sid_real/images/row-23775_a62e9f9896652b85.jpg,0,real,sid_set_train_real_e4,train
data/raw/e4_sid_real/images/row-189259_bfab01a5fc3f682b.jpg,0,real,sid_set_train_real_e4,train
data/raw/e4_sid_real/images/row-91356_c7df2fed55394050.jpg,0,real,sid_set_train_real_e4,train
data/raw/e4_sid_real/images/row-32861_dde785ab5bb564c1.jpg,0,real,sid_set_train_real_e4,train
data/raw/e4_sid_real/images/row-16818_9961f657fe236d27.jpg,0,real,sid_set_train_real_e4,train
data/raw/e4_sid_real/images/row-70678_01714f9e9fd38dbb.jpg,0,real,sid_set_train_real_e4,train
data/raw/e4_sid_real/images/row-109960_036df955965cb2f9.jpg,0,real,sid_set_train_real_e4,train
data/raw/e4_sid_real/images/row-157103_38effb5593bfbe97.jpg,0,real,sid_set_train_real_e4,train
data/raw/e4_sid_real/images/row-103362_b51a93fa795b4bad.jpg,0,real,sid_set_train_real_e4,train
data/raw/e4_sid_real/images/row-70642_752bccae14e3f769.jpg,0,real,sid_set_train_real_e4,train
data/raw/e4_sid_real/images/row-145636_9dfb38880eac5056.jpg,0,real,sid_set_train_real_e4,train
data/raw/e4_sid_real/images/row-10970_e4e2f5ca68650c0b.jpg,0,real,sid_set_train_real_e4,train
data/raw/e4_sid_real/images/row-49380_3b9027948afed8e3.jpg,0,real,sid_set_train_real_e4,train
data/raw/e4_sid_real/images/row-171228_a5b7ff774a687409.jpg,0,real,sid_set_train_real_e4,train
data/raw/e4_sid_real/images/row-189276_b908332707a61134.jpg,0,real,sid_set_train_real_e4,train
data/raw/e4_sid_real/images/row-203663_d512df2eac1b8b1b.jpg,0,real,sid_set_train_real_e4,train
data/raw/e4_sid_real/images/row-190962_1b62c43743ac66f8.jpg,0,real,sid_set_train_real_e4,train
data/raw/e4_sid_real/images/row-60353_60d9f8cbe5acb3cc.jpg,0,real,sid_set_train_real_e4,train
data/raw/e4_sid_real/images/row-57891_7765b311ca323fa6.jpg,0,real,sid_set_train_real_e4,train
data/raw/e4_sid_real/images/row-117975_17a725de19ebbb6c.jpg,0,real,sid_set_train_real_e4,train
data/raw/e4_sid_real/images/row-74307_97c5bbabb059e773.jpg,0,real,sid_set_train_real_e4,train
data/raw/e4_sid_real/images/row-28591_1402fb5870053088.jpg,0,real,sid_set_train_real_e4,train
data/raw/e4_sid_real/images/row-13060_0cd4daa826f0fed9.jpg,0,real,sid_set_train_real_e4,train
data/raw/e4_sid_real/images/row-31338_b367ab8bf2cdcd18.jpg,0,real,sid_set_train_real_e4,train
data/raw/e4_sid_real/images/row-70637_560dbb1d834b6bc5.jpg,0,real,sid_set_train_real_e4,train
data/raw/e4_sid_real/images/row-63252_137a88c9ba1956f2.jpg,0,real,sid_set_train_real_e4,train
data/raw/e4_sid_real/images/row-198434_2e86588a5c52b122.jpg,0,real,sid_set_train_real_e4,train
data/raw/e4_sid_real/images/row-35348_c29bd3d67a5aff25.jpg,0,real,sid_set_train_real_e4,train
data/raw/e4_sid_real/images/row-32884_06933281321e0f7d.jpg,0,real,sid_set_train_real_e4,train
data/raw/e4_sid_real/images/row-166498_00d075961b9a3b48.jpg,0,real,sid_set_train_real_e4,train
data/raw/e4_sid_real/images/row-147775_3fe63d9a36b32b2c.jpg,0,real,sid_set_train_real_e4,train
data/raw/e4_sid_real/images/row-201005_ece4e4c9f3c1c738.jpg,0,real,sid_set_train_real_e4,train
data/raw/e4_sid_real/images/row-120764_a94101c6f4e38818.jpg,0,real,sid_set_train_real_e4,train
data/raw/e4_sid_real/images/row-132906_348aec32131935d3.jpg,0,real,sid_set_train_real_e4,train
data/raw/e4_sid_real/images/row-91364_fb3e8f5eff4bbdc7.jpg,0,real,sid_set_train_real_e4,train
data/raw/e4_sid_real/images/row-147788_0baef05071281854.jpg,0,real,sid_set_train_real_e4,train
data/raw/e4_sid_real/images/row-57136_b7165fbd262f0a6c.jpg,0,real,sid_set_train_real_e4,train
data/raw/e4_sid_real/images/row-152048_a3d827110b078d55.jpg,0,real,sid_set_train_real_e4,train
data/raw/e4_sid_real/images/row-203490_cb68ca23f80184d9.jpg,0,real,sid_set_train_real_e4,train
data/raw/e4_sid_real/images/row-07230_b987cfd27462a57a.jpg,0,real,sid_set_train_real_e4,train
data/raw/e4_sid_real/images/row-201001_1811a8beb03bdf3f.jpg,0,real,sid_set_train_real_e4,train
data/raw/e4_sid_real/images/row-149341_36df06ea8e8dde20.jpg,0,real,sid_set_train_real_e4,train
data/raw/e4_sid_real/images/row-73953_aa25b3a418e6e4af.jpg,0,real,sid_set_train_real_e4,train
data/raw/e4_sid_real/images/row-104682_d1dfff452fc5eb61.jpg,0,real,sid_set_train_real_e4,train
data/raw/e4_sid_real/images/row-127877_afa8a4a49171c9f2.jpg,0,real,sid_set_train_real_e4,train
data/raw/e4_sid_real/images/row-57862_d872f093a4cc2eda.jpg,0,real,sid_set_train_real_e4,train
data/raw/e4_sid_real/images/row-01950_1ea4f37df1fec981.jpg,0,real,sid_set_train_real_e4,train
data/raw/e4_sid_real/images/row-70648_2d19f3e3bf208e0c.jpg,0,real,sid_set_train_real_e4,train
data/raw/e4_sid_real/images/row-01984_92066b5d6da9fb47.jpg,0,real,sid_set_train_real_e4,train
data/raw/e4_sid_real/images/row-01904_47b2b0005dbabcbe.jpg,0,real,sid_set_train_real_e4,train
data/raw/e4_sid_real/images/row-198489_b69eb06958356312.jpg,0,real,sid_set_train_real_e4,train
data/raw/e4_sid_real/images/row-140394_da1aa8dcbfe3877a.jpg,0,real,sid_set_train_real_e4,train
data/raw/e4_sid_real/images/row-28554_88b212f7457ddf81.jpg,0,real,sid_set_train_real_e4,train
data/raw/e4_sid_real/images/row-05605_9c87121043ddd3c4.jpg,0,real,sid_set_train_real_e4,train
data/raw/e4_sid_real/images/row-183667_a9b9cdd03611f74a.jpg,0,real,sid_set_train_real_e4,train
data/raw/e4_sid_real/images/row-100224_a6128095e6da3960.jpg,0,real,sid_set_train_real_e4,train
data/raw/e4_sid_real/images/row-54183_6073650adfcbacf2.jpg,0,real,sid_set_train_real_e4,train
data/raw/e4_sid_real/images/row-170990_740e5ca95de28e65.jpg,0,real,sid_set_train_real_e4,train
data/raw/e4_sid_real/images/row-49540_d8192ecbfcab832e.jpg,0,real,sid_set_train_real_e4,train
data/raw/e4_sid_real/images/row-119165_bfdf698e0b3afc33.jpg,0,real,sid_set_train_real_e4,train
data/raw/e4_sid_real/images/row-31341_5868d00517622047.jpg,0,real,sid_set_train_real_e4,train
data/raw/e4_sid_real/images/row-177526_eb62e7201c9876b7.jpg,0,real,sid_set_train_real_e4,train
data/raw/e4_sid_real/images/row-73977_bdf36e60a9f0e27e.jpg,0,real,sid_set_train_real_e4,train
data/raw/e4_sid_real/images/row-126305_a9d103ab9406c1e4.jpg,0,real,sid_set_train_real_e4,train
data/raw/e4_sid_real/images/row-05631_92c5973dd40ab5d7.jpg,0,real,sid_set_train_real_e4,train
data/raw/e4_sid_real/images/row-73982_e69ffa4f91ba0b29.jpg,0,real,sid_set_train_real_e4,train
data/raw/e4_sid_real/images/row-103350_7ff42a280b3d03c3.jpg,0,real,sid_set_train_real_e4,train
data/raw/e4_sid_real/images/row-193319_527f92b11fe0fcbe.jpg,0,real,sid_set_train_real_e4,train
data/raw/e4_sid_real/images/row-07217_3224ca0e5b75f096.jpg,0,real,sid_set_train_real_e4,train
data/raw/e4_sid_real/images/row-177562_8baa5101c7f797de.jpg,0,real,sid_set_train_real_e4,train
data/raw/e4_sid_real/images/row-104467_b407b736d4d15dd6.jpg,0,real,sid_set_train_real_e4,train
data/raw/e4_sid_real/images/row-91246_dd31e0b695c87677.jpg,0,real,sid_set_train_real_e4,train
data/raw/e4_sid_real/images/row-70647_a6f4bdcc38805258.jpg,0,real,sid_set_train_real_e4,train
data/raw/e4_sid_real/images/row-152053_0103c932a87f9662.jpg,0,real,sid_set_train_real_e4,train
data/raw/e4_sid_real/images/row-193652_b06ff8f3938e84a8.jpg,0,real,sid_set_train_real_e4,train
data/raw/e4_sid_real/images/row-174875_7a89aeb24ca44af3.jpg,0,real,sid_set_train_real_e4,train
data/raw/e4_sid_real/images/row-95455_f4500788eb97aeeb.jpg,0,real,sid_set_train_real_e4,train
data/raw/e4_sid_real/images/row-127888_3189b5671894b7f6.jpg,0,real,sid_set_train_real_e4,train
data/raw/e4_sid_real/images/row-158537_dda2e804636a92a2.jpg,0,real,sid_set_train_real_e4,train
data/raw/e4_sid_real/images/row-144788_1019259a582e91ca.jpg,0,real,sid_set_train_real_e4,train
data/raw/e4_sid_real/images/row-117922_27bbe72464d7366c.jpg,0,real,sid_set_train_real_e4,train
data/raw/e4_sid_real/images/row-13077_3225579f39a3052c.jpg,0,real,sid_set_train_real_e4,train
data/raw/e4_sid_real/images/row-66532_c211e76987194195.jpg,0,real,sid_set_train_real_e4,train
data/raw/e4_sid_real/images/row-128469_045a698b3e664a4a.jpg,0,real,sid_set_train_real_e4,train
data/raw/e4_sid_real/images/row-10919_71701ad4e7938a15.jpg,0,real,sid_set_train_real_e4,train
data/raw/e4_sid_real/images/row-66589_30d16b0581bb9807.jpg,0,real,sid_set_train_real_e4,train
data/raw/e4_sid_real/images/row-06595_1ca72344791074a0.jpg,0,real,sid_set_train_real_e4,train
data/raw/e4_sid_real/images/row-170915_da61aa7a45790551.jpg,0,real,sid_set_train_real_e4,train
data/raw/e4_sid_real/images/row-202173_fc1a0d80c19171ad.jpg,0,real,sid_set_train_real_e4,train
data/raw/e4_sid_real/images/row-98498_80beda94960f298e.jpg,0,real,sid_set_train_real_e4,train
data/raw/e4_sid_real/images/row-120719_4f4b5dba5cb60f33.jpg,0,real,sid_set_train_real_e4,train
data/raw/e4_sid_real/images/row-178433_3d3f491475bf9230.jpg,0,real,sid_set_train_real_e4,train
data/raw/e4_sid_real/images/row-59227_5b9fd0b55654a8a7.jpg,0,real,sid_set_train_real_e4,train
data/raw/e4_sid_real/images/row-57117_21b926eff7dad270.jpg,0,real,sid_set_train_real_e4,train
data/raw/e4_sid_real/images/row-164637_5ecaee441eb49cdf.jpg,0,real,sid_set_train_real_e4,train
data/raw/e4_sid_real/images/row-158582_109fb85b103122cc.jpg,0,real,sid_set_train_real_e4,train
data/raw/e4_sid_real/images/row-164652_4e1e58f1171d2af0.jpg,0,real,sid_set_train_real_e4,train
data/raw/e4_sid_real/images/row-182003_e337f0d2a1024347.jpg,0,real,sid_set_train_real_e4,train
data/raw/e4_sid_real/images/row-100252_1f9e565e7bfe9cbe.jpg,0,real,sid_set_train_real_e4,train
data/raw/e4_sid_real/images/row-175090_fe1f58d5da146036.jpg,0,real,sid_set_train_real_e4,train
data/raw/e4_sid_real/images/row-91363_98063bc07835a305.jpg,0,real,sid_set_train_real_e4,train
data/raw/e4_sid_real/images/row-193648_1196e586083f429c.jpg,0,real,sid_set_train_real_e4,train
data/raw/e4_sid_real/images/row-57198_be07d84f67d9f943.jpg,0,real,sid_set_train_real_e4,train
data/raw/e4_sid_real/images/row-10908_16c323b1a873a6ad.jpg,0,real,sid_set_train_real_e4,train
data/raw/e4_sid_real/images/row-199279_59ceaf48e925e88a.jpg,0,real,sid_set_train_real_e4,train
data/raw/e4_sid_real/images/row-201076_184d3734c632b5c8.jpg,0,real,sid_set_train_real_e4,train
data/raw/e4_sid_real/images/row-106133_f5965a1449209c75.jpg,0,real,sid_set_train_real_e4,train
data/raw/e4_sid_real/images/row-132934_856305a86d84ef6c.jpg,0,real,sid_set_train_real_e4,train
data/raw/e4_sid_real/images/row-54165_cdcac4a4222bee76.jpg,0,real,sid_set_train_real_e4,train
data/raw/e4_sid_real/images/row-80428_71a085fd75222f36.jpg,0,real,sid_set_train_real_e4,train
data/raw/e4_sid_real/images/row-198311_7125f0e5918bb754.jpg,0,real,sid_set_train_real_e4,train
data/raw/e4_sid_real/images/row-170910_c17e364f0f7165a8.jpg,0,real,sid_set_train_real_e4,train
data/raw/e4_sid_real/images/row-127875_096cf0d3a7c5467a.jpg,0,real,sid_set_train_real_e4,train
data/raw/e4_sid_real/images/row-07566_d9850f2b922515ab.jpg,0,real,sid_set_train_real_e4,train
data/raw/e4_sid_real/images/row-95479_4eff2b4d2152a22c.jpg,0,real,sid_set_train_real_e4,train
data/raw/e4_sid_real/images/row-206513_48dc0c294556aea3.jpg,0,real,sid_set_train_real_e4,train
data/raw/e4_sid_real/images/row-54126_0a4100561a5c4844.jpg,0,real,sid_set_train_real_e4,train
data/raw/e4_sid_real/images/row-17153_06a3c13dd8677ce5.jpg,0,real,sid_set_train_real_e4,train
data/raw/e4_sid_real/images/row-203431_852fd79281591ba2.jpg,0,real,sid_set_train_real_e4,train
data/raw/e4_sid_real/images/row-43295_4178f52ad28f1327.jpg,0,real,sid_set_train_real_e4,train
data/raw/e4_sid_real/images/row-59278_3f2cdf53e2ec34d2.jpg,0,real,sid_set_train_real_e4,train
data/raw/e4_sid_real/images/row-57846_3a2c6b396812194e.jpg,0,real,sid_set_train_real_e4,train
data/raw/e4_sid_real/images/row-163739_3c716e58d7aed48d.jpg,0,real,sid_set_train_real_e4,train
data/raw/e4_sid_real/images/row-104436_f23d61b9326b1a2f.jpg,0,real,sid_set_train_real_e4,train
data/raw/e4_sid_real/images/row-177533_9e195d7a1e702ea7.jpg,0,real,sid_set_train_real_e4,train
data/raw/e4_sid_real/images/row-147784_94d7e7b6a57795ee.jpg,0,real,sid_set_train_real_e4,train
data/raw/e4_sid_real/images/row-203698_a2cd963908d0c060.jpg,0,real,sid_set_train_real_e4,train
data/raw/e4_sid_real/images/row-178434_1c43591a4cbee1ab.jpg,0,real,sid_set_train_real_e4,train
data/raw/e4_sid_real/images/row-161651_3e3e2cb3a5a32ef2.jpg,0,real,sid_set_train_real_e4,train
data/raw/e4_sid_real/images/row-132937_5a01668ac6f9df3b.jpg,0,real,sid_set_train_real_e4,train
data/raw/e4_sid_real/images/row-43266_92dd52bde79b499c.jpg,0,real,sid_set_train_real_e4,train
data/raw/e4_sid_real/images/row-157175_6d057aa46f151648.jpg,0,real,sid_set_train_real_e4,train
data/raw/e4_sid_real/images/row-98447_bdc30570f5897c70.jpg,0,real,sid_set_train_real_e4,train
data/raw/e4_sid_real/images/row-43228_b675bf168b6ad6a4.jpg,0,real,sid_set_train_real_e4,train
data/raw/e4_sid_real/images/row-32842_ebe521bf3dafa96d.jpg,0,real,sid_set_train_real_e4,train
data/raw/e4_sid_real/images/row-20495_909dae9010294ed7.jpg,0,real,sid_set_train_real_e4,train
data/raw/e4_sid_real/images/row-07565_8a0bac9aeb286e1c.jpg,0,real,sid_set_train_real_e4,train
data/raw/e4_sid_real/images/row-20440_504ef932e5b87009.jpg,0,real,sid_set_train_real_e4,train
data/raw/e4_sid_real/images/row-22818_f84d7fc7f9cb9e7f.jpg,0,real,sid_set_train_real_e4,train
data/raw/e4_sid_real/images/row-121608_d9f9855a46a2bf48.jpg,0,real,sid_set_train_real_e4,train
data/raw/e4_sid_real/images/row-13007_78ad40f3f8d6535c.jpg,0,real,sid_set_train_real_e4,train
data/raw/e4_sid_real/images/row-80434_015d371ebf5b0093.jpg,0,real,sid_set_train_real_e4,train
data/raw/e4_sid_real/images/row-193626_1571bd884c0ca463.jpg,0,real,sid_set_train_real_e4,train
data/raw/e4_sid_real/images/row-167297_64ccefb492d0ab59.jpg,0,real,sid_set_train_real_e4,train
data/raw/e4_sid_real/images/row-175007_91fd7c6c19cbcd49.jpg,0,real,sid_set_train_real_e4,train
data/raw/e4_sid_real/images/row-170905_2e30e82367916489.jpg,0,real,sid_set_train_real_e4,train
data/raw/e4_sid_real/images/row-64835_8662018720f3b153.jpg,0,real,sid_set_train_real_e4,train
data/raw/e4_sid_real/images/row-66961_2271fe8d662da9e2.jpg,0,real,sid_set_train_real_e4,train
data/raw/e4_sid_real/images/row-60358_99590352d5e23eea.jpg,0,real,sid_set_train_real_e4,train
data/raw/e4_sid_real/images/row-56358_5e8e5db6a739aaa0.jpg,0,real,sid_set_train_real_e4,train
data/raw/e4_sid_real/images/row-158508_b757fe1c9ca6c130.jpg,0,real,sid_set_train_real_e4,train
data/raw/e4_sid_real/images/row-72796_a1717f6c9516d856.jpg,0,real,sid_set_train_real_e4,train
data/raw/e4_sid_real/images/row-170995_04d183a4a8ef6046.jpg,0,real,sid_set_train_real_e4,train
data/raw/e4_sid_real/images/row-161685_6f5ef5a0993a445f.jpg,0,real,sid_set_train_real_e4,train
data/raw/e4_sid_real/images/row-152084_9711f20990824de7.jpg,0,real,sid_set_train_real_e4,train
data/raw/e4_sid_real/images/row-77333_bb302cf5e579774b.jpg,0,real,sid_set_train_real_e4,train
data/raw/e4_sid_real/images/row-163482_ce75324ba57e26d8.jpg,0,real,sid_set_train_real_e4,train
data/raw/e4_sid_real/images/row-124401_051a2f78d8fb1f62.jpg,0,real,sid_set_train_real_e4,train
data/raw/e4_sid_real/images/row-148067_bd2ff719823b46dc.jpg,0,real,sid_set_train_real_e4,train
data/raw/e4_sid_real/images/row-121614_a303b31eaa1e1caf.jpg,0,real,sid_set_train_real_e4,train
data/raw/e4_sid_real/images/row-54110_078a6e2e6a96a301.jpg,0,real,sid_set_train_real_e4,train
data/raw/e4_sid_real/images/row-95499_032703c3830c4071.jpg,0,real,sid_set_train_real_e4,train
data/raw/e4_sid_real/images/row-32888_594b7abf20fa8a34.jpg,0,real,sid_set_train_real_e4,train
data/raw/e4_sid_real/images/row-64847_02e3adf2289cefdb.jpg,0,real,sid_set_train_real_e4,train
data/raw/e4_sid_real/images/row-104482_36646e6231beadf6.jpg,0,real,sid_set_train_real_e4,train
data/raw/e4_sid_real/images/row-179039_4f092f2a6cf4a565.jpg,0,real,sid_set_train_real_e4,train
data/raw/e4_sid_real/images/row-160052_c8a5621559380f57.jpg,0,real,sid_set_train_real_e4,train
data/raw/e4_sid_real/images/row-70656_b68b40a93c901955.jpg,0,real,sid_set_train_real_e4,train
data/raw/e4_sid_real/images/row-49550_cfe778444cbe2027.jpg,0,real,sid_set_train_real_e4,train
data/raw/e4_sid_real/images/row-203732_ef57a473b3ce6086.jpg,0,real,sid_set_train_real_e4,train
data/raw/e4_sid_real/images/row-31362_5fdff0a0db337e9b.jpg,0,real,sid_set_train_real_e4,train
data/raw/e4_sid_real/images/row-63280_43d2e627b1474b4d.jpg,0,real,sid_set_train_real_e4,train
data/raw/e4_sid_real/images/row-127847_32b4f00d448c4c38.jpg,0,real,sid_set_train_real_e4,train
data/raw/e4_sid_real/images/row-206516_072d817e5a08b259.jpg,0,real,sid_set_train_real_e4,train
data/raw/e4_sid_real/images/row-189233_8dfa0fd6d3f2a410.jpg,0,real,sid_set_train_real_e4,train
data/raw/e4_sid_real/images/row-104417_0c884af8e6078325.jpg,0,real,sid_set_train_real_e4,train
data/raw/e4_sid_real/images/row-170959_082b498c104d14dc.jpg,0,real,sid_set_train_real_e4,train
data/raw/e4_sid_real/images/row-202199_3a84b3d07098489a.jpg,0,real,sid_set_train_real_e4,train
data/raw/e4_sid_real/images/row-30119_96113ce37569568f.jpg,0,real,sid_set_train_real_e4,train
data/raw/e4_sid_real/images/row-183234_8ff694b19561c3df.jpg,0,real,sid_set_train_real_e4,train
data/raw/e4_sid_real/images/row-201092_a71c6e2f6ade00e0.jpg,0,real,sid_set_train_real_e4,train
data/raw/e4_sid_real/images/row-203761_a7c30f3898069aa6.jpg,0,real,sid_set_train_real_e4,train
data/raw/e4_sid_real/images/row-72143_609027c28e96e88d.jpg,0,real,sid_set_train_real_e4,train
data/raw/e4_sid_real/images/row-199445_eac885a138700364.jpg,0,real,sid_set_train_real_e4,train
data/raw/e4_sid_real/images/row-54164_3badd59c1982d229.jpg,0,real,sid_set_train_real_e4,train
data/raw/e4_sid_real/images/row-16591_20462d2863523d3b.jpg,0,real,sid_set_train_real_e4,train
data/raw/e4_sid_real/images/row-05581_0adcb80200e6fa53.jpg,0,real,sid_set_train_real_e4,train
data/raw/e4_sid_real/images/row-77371_d0c033976281d0a5.jpg,0,real,sid_set_train_real_e4,train
data/raw/e4_sid_real/images/row-171214_fc561a28cff0b5fb.jpg,0,real,sid_set_train_real_e4,train
data/raw/e4_sid_real/images/row-203499_31a696f712a18563.jpg,0,real,sid_set_train_real_e4,train
data/raw/e4_sid_real/images/row-124422_a1d78a2649b515b3.jpg,0,real,sid_set_train_real_e4,train
data/raw/e4_sid_real/images/row-54662_ab5b2e8007e18658.jpg,0,real,sid_set_train_real_e4,train
data/raw/e4_sid_real/images/row-128444_754c7f5340c4b274.jpg,0,real,sid_set_train_real_e4,train
data/raw/e4_sid_real/images/row-166442_0bf227aa5824adff.jpg,0,real,sid_set_train_real_e4,train
data/raw/e4_sid_real/images/row-147766_95d72fb855cb8c09.jpg,0,real,sid_set_train_real_e4,train
data/raw/e4_sid_real/images/row-07520_81486985a7ad76aa.jpg,0,real,sid_set_train_real_e4,train
data/raw/e4_sid_real/images/row-160002_18fcf798db1e65cd.jpg,0,real,sid_set_train_real_e4,train
data/raw/e4_sid_real/images/row-64809_e207a50444aea611.jpg,0,real,sid_set_train_real_e4,train
data/raw/e4_sid_real/images/row-105342_ec4d5798d372299f.jpg,0,real,sid_set_train_real_e4,train
data/raw/e4_sid_real/images/row-201024_26132a31001e7940.jpg,0,real,sid_set_train_real_e4,train
data/raw/e4_sid_real/images/row-203727_fbf09972072bc43b.jpg,0,real,sid_set_train_real_e4,train
data/raw/e4_sid_real/images/row-164628_04f19f451a48f204.jpg,0,real,sid_set_train_real_e4,train
data/raw/e4_sid_real/images/row-64833_695253f32258e62d.jpg,0,real,sid_set_train_real_e4,train
data/raw/e4_sid_real/images/row-07578_4fdf49b8e0fb1be4.jpg,0,real,sid_set_train_real_e4,train
data/raw/e4_sid_real/images/row-96822_d3bc105d9bf29408.jpg,0,real,sid_set_train_real_e4,train
data/raw/e4_sid_real/images/row-178418_a125463ba0f28f0f.jpg,0,real,sid_set_train_real_e4,train
data/raw/e4_sid_real/images/row-128429_a68752f61204ef57.jpg,0,real,sid_set_train_real_e4,train
data/raw/e4_sid_real/images/row-183271_692bcee9024c0312.jpg,0,real,sid_set_train_real_e4,train
data/raw/e4_sid_real/images/row-35399_0032df877f964819.jpg,0,real,sid_set_train_real_e4,train
data/raw/e4_sid_real/images/row-57103_2fbd684e5b35516a.jpg,0,real,sid_set_train_real_e4,train
data/raw/e4_sid_real/images/row-49575_9f418393862f1fa9.jpg,0,real,sid_set_train_real_e4,train
data/raw/e4_sid_real/images/row-106182_35bca6353124ac53.jpg,0,real,sid_set_train_real_e4,train
data/raw/e4_sid_real/images/row-149334_aa5033c03ee416f5.jpg,0,real,sid_set_train_real_e4,train
data/raw/e4_sid_real/images/row-119188_3c8fe01e3ec3436b.jpg,0,real,sid_set_train_real_e4,train
data/raw/e4_sid_real/images/row-54185_9e7ac44bb72406f4.jpg,0,real,sid_set_train_real_e4,train
data/raw/e4_sid_real/images/row-34719_e35a3dd5a5ae41ab.jpg,0,real,sid_set_train_real_e4,train
data/raw/e4_sid_real/images/row-145660_084308dd613cc760.jpg,0,real,sid_set_train_real_e4,train
data/raw/e4_sid_real/images/row-157685_27fe7041110f90ae.jpg,0,real,sid_set_train_real_e4,train
data/raw/e4_sid_real/images/row-22844_ff2dc86bc8b0a9ce.jpg,0,real,sid_set_train_real_e4,train
data/raw/e4_sid_real/images/row-151990_5aa6968939c50420.jpg,0,real,sid_set_train_real_e4,train
data/raw/e4_sid_real/images/row-117247_4fdf7e915672749f.jpg,0,real,sid_set_train_real_e4,train
data/raw/e4_sid_real/images/row-148027_d21eaf8e2013548d.jpg,0,real,sid_set_train_real_e4,train
data/raw/e4_sid_real/images/row-199212_e968dc72bb1d0dab.jpg,0,real,sid_set_train_real_e4,train
data/raw/e4_sid_real/images/row-163733_4e368d2ef56955c7.jpg,0,real,sid_set_train_real_e4,train
data/raw/e4_sid_real/images/row-203750_b03a5f397a3198a7.jpg,0,real,sid_set_train_real_e4,train
data/raw/e4_sid_real/images/row-166489_62a39b65b3f6bbff.jpg,0,real,sid_set_train_real_e4,train
data/raw/e4_sid_real/images/row-190920_86261c1fa4c683d0.jpg,0,real,sid_set_train_real_e4,train
data/raw/e4_sid_real/images/row-183282_52c819303952bdc4.jpg,0,real,sid_set_train_real_e4,train
data/raw/e4_sid_real/images/row-74340_49edba7a39643c6b.jpg,0,real,sid_set_train_real_e4,train
data/raw/e4_sid_real/images/row-163481_4d4f833fce61e66d.jpg,0,real,sid_set_train_real_e4,train
data/raw/e4_sid_real/images/row-104461_ff788f9785c716c9.jpg,0,real,sid_set_train_real_e4,train
data/raw/e4_sid_real/images/row-22840_79fcd957c9c9b87a.jpg,0,real,sid_set_train_real_e4,train
data/raw/e4_sid_real/images/row-13981_5ed41a66b45feffb.jpg,0,real,sid_set_train_real_e4,train
data/raw/e4_sid_real/images/row-17160_fedae5265a907026.jpg,0,real,sid_set_train_real_e4,train
data/raw/e4_sid_real/images/row-203724_13530f4cb859eaa3.jpg,0,real,sid_set_train_real_e4,train
data/raw/e4_sid_real/images/row-166719_02f24c69eae49358.jpg,0,real,sid_set_train_real_e4,train
data/raw/e4_sid_real/images/row-121624_7406d4218d2969ac.jpg,0,real,sid_set_train_real_e4,train
data/raw/e4_sid_real/images/row-160037_0b264425fc482ab6.jpg,0,real,sid_set_train_real_e4,train
data/raw/e4_sid_real/images/row-05593_3754ea024b54965d.jpg,0,real,sid_set_train_real_e4,train
data/raw/e4_sid_real/images/row-161684_d61bb909904a763e.jpg,0,real,sid_set_train_real_e4,train
data/raw/e4_sid_real/images/row-57849_a4aba97a7bf72d1e.jpg,0,real,sid_set_train_real_e4,train
data/raw/e4_sid_real/images/row-05562_47d351e7dfeaf20d.jpg,0,real,sid_set_train_real_e4,train
data/raw/e4_sid_real/images/row-72138_2af4da0e2cc33374.jpg,0,real,sid_set_train_real_e4,train
data/raw/e4_sid_real/images/row-05685_204313aae7c76a03.jpg,0,real,sid_set_train_real_e4,train
data/raw/e4_sid_real/images/row-166795_36a50e3ef988289f.jpg,0,real,sid_set_train_real_e4,train
data/raw/e4_sid_real/images/row-02819_ee6507fa0df9b4d9.jpg,0,real,sid_set_train_real_e4,train
data/raw/e4_sid_real/images/row-140426_5e90465248d12d43.jpg,0,real,sid_set_train_real_e4,train
data/raw/e4_sid_real/images/row-52970_54a8da401b78c007.jpg,0,real,sid_set_train_real_e4,train
data/raw/e4_sid_real/images/row-13068_e10aa786b28298d0.jpg,0,real,sid_set_train_real_e4,train
data/raw/e4_sid_real/images/row-30102_8e72496ebb7f420d.jpg,0,real,sid_set_train_real_e4,train
data/raw/e4_sid_real/images/row-189230_862b1fe3f7b6aa67.jpg,0,real,sid_set_train_real_e4,train
data/raw/e4_sid_real/images/row-07584_2d359da931d2efba.jpg,0,real,sid_set_train_real_e4,train
data/raw/e4_sid_real/images/row-98403_33516e88245e3091.jpg,0,real,sid_set_train_real_e4,train
data/raw/e4_sid_real/images/row-100298_52490670ad5eec04.jpg,0,real,sid_set_train_real_e4,train
data/raw/e4_sid_real/images/row-07287_df8ae1615044565a.jpg,0,real,sid_set_train_real_e4,train
data/raw/e4_sid_real/images/row-35326_f3c40be2b83b7489.jpg,0,real,sid_set_train_real_e4,train
data/raw/e4_sid_real/images/row-95416_7ff3e21e30d4efaa.jpg,0,real,sid_set_train_real_e4,train
data/raw/e4_sid_real/images/row-168165_0f0d7449eeb75067.jpg,0,real,sid_set_train_real_e4,train
data/raw/e4_sid_real/images/row-34772_30a56b9cac34c79e.jpg,0,real,sid_set_train_real_e4,train
data/raw/e4_sid_real/images/row-31332_496591a8f33a8c0e.jpg,0,real,sid_set_train_real_e4,train
data/raw/e4_sid_real/images/row-73905_66b2f2f5ca7b20aa.jpg,0,real,sid_set_train_real_e4,train
data/raw/e4_sid_real/images/row-168128_5517c612f1edf372.jpg,0,real,sid_set_train_real_e4,train
data/raw/e4_sid_real/images/row-91354_0a34c2e3fc01ec2c.jpg,0,real,sid_set_train_real_e4,train
data/raw/e4_sid_real/images/row-06588_15a377b61b479ee9.jpg,0,real,sid_set_train_real_e4,train
data/raw/e4_sid_real/images/row-34738_d6865114bc5f189f.jpg,0,real,sid_set_train_real_e4,train
data/raw/e4_sid_real/images/row-164614_7e91f96a45daeb3c.jpg,0,real,sid_set_train_real_e4,train
data/raw/e4_sid_real/images/row-87644_6c44b377c1a7dd39.jpg,0,real,sid_set_train_real_e4,train
data/raw/e4_sid_real/images/row-124442_e7981cff39247026.jpg,0,real,sid_set_train_real_e4,train
data/raw/e4_sid_real/images/row-183657_ed02fdfbf6f25472.jpg,0,real,sid_set_train_real_e4,train
data/raw/e4_sid_real/images/row-147253_5d7d246eef2c7d6f.jpg,0,real,sid_set_train_real_e4,train
data/raw/e4_sid_real/images/row-157664_4d2bd346b7dd800e.jpg,0,real,sid_set_train_real_e4,train
data/raw/e4_sid_real/images/row-103327_cc3016146bff7ea4.jpg,0,real,sid_set_train_real_e4,train
data/raw/e4_sid_real/images/row-109983_cb96250598ee3b80.jpg,0,real,sid_set_train_real_e4,train
data/raw/e4_sid_real/images/row-13052_db213cc5dc222a40.jpg,0,real,sid_set_train_real_e4,train
data/raw/e4_sid_real/images/row-64854_4082fdd83938741e.jpg,0,real,sid_set_train_real_e4,train
data/raw/e4_sid_real/images/row-175085_0df25234ce66c012.jpg,0,real,sid_set_train_real_e4,train
data/raw/e4_sid_real/images/row-20493_7b2e15f0b6bbcb56.jpg,0,real,sid_set_train_real_e4,train
data/raw/e4_sid_real/images/row-144743_165dfa07cb07009d.jpg,0,real,sid_set_train_real_e4,train
data/raw/e4_sid_real/images/row-07593_25237096badfbafe.jpg,0,real,sid_set_train_real_e4,train
data/raw/e4_sid_real/images/row-163701_899c1e8235c293f1.jpg,0,real,sid_set_train_real_e4,train
data/raw/e4_sid_real/images/row-157626_b22541e75aba802c.jpg,0,real,sid_set_train_real_e4,train
data/raw/e4_sid_real/images/row-198424_5cdcd7b67aa562ea.jpg,0,real,sid_set_train_real_e4,train
data/raw/e4_sid_real/images/row-128453_77b6f9126d0eb4ae.jpg,0,real,sid_set_train_real_e4,train
data/raw/e4_sid_real/images/row-01243_d871fc313a999d86.jpg,0,real,sid_set_train_real_e4,train
data/raw/e4_sid_real/images/row-87634_97ba8d3336951889.jpg,0,real,sid_set_train_real_e4,train
data/raw/e4_sid_real/images/row-31353_a649b149924a3dab.jpg,0,real,sid_set_train_real_e4,train
data/raw/e4_sid_real/images/row-67488_5d48ce160daf2014.jpg,0,real,sid_set_train_real_e4,train
data/raw/e4_sid_real/images/row-199414_8201bb50e7f1add6.jpg,0,real,sid_set_train_real_e4,train
data/raw/e4_sid_real/images/row-144773_699256898226bc9b.jpg,0,real,sid_set_train_real_e4,train
data/raw/e4_sid_real/images/row-67409_04501a9551d325b7.jpg,0,real,sid_set_train_real_e4,train
data/raw/e4_sid_real/images/row-34767_e127ea148b0ef22e.jpg,0,real,sid_set_train_real_e4,train
data/raw/e4_sid_real/images/row-127815_61ba1e9846e4058a.jpg,0,real,sid_set_train_real_e4,train
data/raw/e4_sid_real/images/row-178410_06ea557743e129cf.jpg,0,real,sid_set_train_real_e4,train
data/raw/e4_sid_real/images/row-49545_0ef1ba5c1aeeadd6.jpg,0,real,sid_set_train_real_e4,train
data/raw/e4_sid_real/images/row-201067_f2713797c466ff96.jpg,0,real,sid_set_train_real_e4,train
data/raw/e4_sid_real/images/row-199297_dfe4c76750e3a6e6.jpg,0,real,sid_set_train_real_e4,train
data/raw/e4_sid_real/images/row-198443_b8fbb1c9c7dba8a9.jpg,0,real,sid_set_train_real_e4,train
data/raw/e4_sid_real/images/row-02872_68e9c0729f11722c.jpg,0,real,sid_set_train_real_e4,train
data/raw/e4_sid_real/images/row-43264_3d42307252f83127.jpg,0,real,sid_set_train_real_e4,train
data/raw/e4_sid_real/images/row-30132_577aedb86402ffd4.jpg,0,real,sid_set_train_real_e4,train
data/raw/e4_sid_real/images/row-163470_3947784d924b6153.jpg,0,real,sid_set_train_real_e4,train
data/raw/e4_sid_real/images/row-05607_525d2126b8cb57d8.jpg,0,real,sid_set_train_real_e4,train
data/raw/e4_sid_real/images/row-119133_448cc80e40a709d1.jpg,0,real,sid_set_train_real_e4,train
data/raw/e4_sid_real/images/row-34733_69d8988d417b4b35.jpg,0,real,sid_set_train_real_e4,train
data/raw/e4_sid_real/images/row-74375_88965838eb9ec0c0.jpg,0,real,sid_set_train_real_e4,train
data/raw/e4_sid_real/images/row-80470_0e7594bb825a24c7.jpg,0,real,sid_set_train_real_e4,train
data/raw/e4_sid_real/images/row-07587_fe3e6b186272f4b1.jpg,0,real,sid_set_train_real_e4,train
data/raw/e4_sid_real/images/row-52959_7ccf4cadd22c0831.jpg,0,real,sid_set_train_real_e4,train
data/raw/e4_sid_real/images/row-77308_7ac64a341e17afc6.jpg,0,real,sid_set_train_real_e4,train
data/raw/e4_sid_real/images/row-178449_7a4f1dd2e0bd808c.jpg,0,real,sid_set_train_real_e4,train
data/raw/e4_sid_real/images/row-16844_243a02237019aa5c.jpg,0,real,sid_set_train_real_e4,train
data/raw/e4_sid_real/images/row-126388_ee4a891108a63303.jpg,0,real,sid_set_train_real_e4,train
data/raw/e4_sid_real/images/row-91341_91b3e3bc31b4840f.jpg,0,real,sid_set_train_real_e4,train
data/raw/e4_sid_real/images/row-57034_35d34f319f308241.jpg,0,real,sid_set_train_real_e4,train
data/raw/e4_sid_real/images/row-54688_7ef3df9ed87cabb7.jpg,0,real,sid_set_train_real_e4,train
data/raw/e4_sid_real/images/row-161636_f242f48b024ef118.jpg,0,real,sid_set_train_real_e4,train
data/raw/e4_sid_real/images/row-203469_b76f871388839f57.jpg,0,real,sid_set_train_real_e4,train
data/raw/e4_sid_real/images/row-157687_d5a725659798c7e2.jpg,0,real,sid_set_train_real_e4,train
data/raw/e4_sid_real/images/row-202101_9219d7201f2499ae.jpg,0,real,sid_set_train_real_e4,train
data/raw/e4_sid_real/images/row-07201_a626abda16047632.jpg,0,real,sid_set_train_real_e4,train
data/raw/e4_sid_real/images/row-133335_b3a2f52b01ca17a2.jpg,0,real,sid_set_train_real_e4,train
data/raw/e4_sid_real/images/row-193311_b52b26534ee81452.jpg,0,real,sid_set_train_real_e4,train
data/raw/e4_sid_real/images/row-01960_43f0f3836fee5b97.jpg,0,real,sid_set_train_real_e4,train
data/raw/e4_sid_real/images/row-31334_9521ea42bb1facca.jpg,0,real,sid_set_train_real_e4,train
data/raw/e4_sid_real/images/row-182013_1056d903747a4e85.jpg,0,real,sid_set_train_real_e4,train
data/raw/e4_sid_real/images/row-01268_49fa38586752896d.jpg,0,real,sid_set_train_real_e4,train
data/raw/e4_sid_real/images/row-152089_6457c1af99b096f4.jpg,0,real,sid_set_train_real_e4,train
data/raw/e4_sid_real/images/row-178476_45990a45d6c5aa99.jpg,0,real,sid_set_train_real_e4,train
data/raw/e4_sid_real/images/row-160043_040d4530d9b8993c.jpg,0,real,sid_set_train_real_e4,train
data/raw/e4_sid_real/images/row-200962_097502aa3fbd4925.jpg,0,real,sid_set_train_real_e4,train
data/raw/e4_sid_real/images/row-01258_796e57d49eb66b5b.jpg,0,real,sid_set_train_real_e4,train
data/raw/e4_sid_real/images/row-87632_0cb0a7e6bfe91636.jpg,0,real,sid_set_train_real_e4,train
data/raw/e4_sid_real/images/row-43251_6c4f3d9d7abdd72d.jpg,0,real,sid_set_train_real_e4,train
data/raw/e4_sid_real/images/row-167246_1cab3008da39e1a2.jpg,0,real,sid_set_train_real_e4,train
data/raw/e4_sid_real/images/row-126373_daba0dccebf33aff.jpg,0,real,sid_set_train_real_e4,train
data/raw/e4_sid_real/images/row-119149_52ccfea17752e500.jpg,0,real,sid_set_train_real_e4,train
data/raw/e4_sid_real/images/row-151916_b481d3cfd5a18370.jpg,0,real,sid_set_train_real_e4,train
data/raw/e4_sid_real/images/row-119169_fcc29a4af8ce0a97.jpg,0,real,sid_set_train_real_e4,train
data/raw/e4_sid_real/images/row-193388_b7b59e76635c56d6.jpg,0,real,sid_set_train_real_e4,train
data/raw/e4_sid_real/images/row-132914_9f6d70708f5d63bd.jpg,0,real,sid_set_train_real_e4,train
data/raw/e4_sid_real/images/row-74319_7b83daecfbbf5787.jpg,0,real,sid_set_train_real_e4,train
data/raw/e4_sid_real/images/row-161679_d9a947be9bd67847.jpg,0,real,sid_set_train_real_e4,train
data/raw/e4_sid_real/images/row-163456_c3defa8aaf54bddc.jpg,0,real,sid_set_train_real_e4,train
data/raw/e4_sid_real/images/row-100219_38e76563e607a8d2.jpg,0,real,sid_set_train_real_e4,train
data/raw/e4_sid_real/images/row-98437_64ca573c9d0b8138.jpg,0,real,sid_set_train_real_e4,train
data/raw/e4_sid_real/images/row-201438_391531fff035e404.jpg,0,real,sid_set_train_real_e4,train
data/raw/e4_sid_real/images/row-202162_65f7cdbd4d3d8560.jpg,0,real,sid_set_train_real_e4,train
data/raw/e4_sid_real/images/row-73900_354e4ec9d2b833c3.jpg,0,real,sid_set_train_real_e4,train
data/raw/e4_sid_real/images/row-62505_23c6c9324ddfd181.jpg,0,real,sid_set_train_real_e4,train
data/raw/e4_sid_real/images/row-02834_10a439ac4fa4a7bd.jpg,0,real,sid_set_train_real_e4,train
data/raw/e4_sid_real/images/row-56378_0e65ce866e2cf94d.jpg,0,real,sid_set_train_real_e4,train
data/raw/e4_sid_real/images/row-121668_740a7f5de5f2636e.jpg,0,real,sid_set_train_real_e4,train
data/raw/e4_sid_real/images/row-49738_e90c3b028843e204.jpg,0,real,sid_set_train_real_e4,train
data/raw/e4_sid_real/images/row-16553_8347e528d058b09c.jpg,0,real,sid_set_train_real_e4,train
data/raw/e4_sid_real/images/row-132913_d59dd4df25df7b98.jpg,0,real,sid_set_train_real_e4,train
data/raw/e4_sid_real/images/row-149384_875caab3e7ddaab6.jpg,0,real,sid_set_train_real_e4,train
data/raw/e4_sid_real/images/row-02812_484dd887878878db.jpg,0,real,sid_set_train_real_e4,train
data/raw/e4_sid_real/images/row-59215_dac453bc639f0570.jpg,0,real,sid_set_train_real_e4,train
data/raw/e4_sid_real/images/row-73972_0adc34cc6ae93b7e.jpg,0,real,sid_set_train_real_e4,train
data/raw/e4_sid_real/images/row-121689_6d0cd0dee6eaff29.jpg,0,real,sid_set_train_real_e4,train
data/raw/e4_sid_real/images/row-142838_331f318c46261824.jpg,0,real,sid_set_train_real_e4,train
data/raw/e4_sid_real/images/row-59255_31447b2ff494dad5.jpg,0,real,sid_set_train_real_e4,train
data/raw/e4_sid_real/images/row-151958_6041ae83b9f8c366.jpg,0,real,sid_set_train_real_e4,train
data/raw/e4_sid_real/images/row-201486_aa782d4c127b0d25.jpg,0,real,sid_set_train_real_e4,train
data/raw/e4_sid_real/images/row-72194_d94e6f24593e620c.jpg,0,real,sid_set_train_real_e4,train
data/raw/e4_sid_real/images/row-22811_d409460ed1ff5a0d.jpg,0,real,sid_set_train_real_e4,train
data/raw/e4_sid_real/images/row-151991_158978b3fc80efa2.jpg,0,real,sid_set_train_real_e4,train
data/raw/e4_sid_real/images/row-175082_90d93b089fd0ac8a.jpg,0,real,sid_set_train_real_e4,train
data/raw/e4_sid_real/images/row-13000_85391f06bbddb318.jpg,0,real,sid_set_train_real_e4,train
data/raw/e4_sid_real/images/row-171247_b656f93baa4029e5.jpg,0,real,sid_set_train_real_e4,train
data/raw/e4_sid_real/images/row-105875_f76207317917ebb0.jpg,0,real,sid_set_train_real_e4,train
data/raw/e4_sid_real/images/row-32823_7f66dba53116a228.jpg,0,real,sid_set_train_real_e4,train
data/raw/e4_sid_real/images/row-140307_c4bbae5817a1d7ad.jpg,0,real,sid_set_train_real_e4,train
data/raw/e4_sid_real/images/row-198322_2ef58350667c0746.jpg,0,real,sid_set_train_real_e4,train
data/raw/e4_sid_real/images/row-105810_4ec1308f9d78ecc0.jpg,0,real,sid_set_train_real_e4,train
data/raw/e4_sid_real/images/row-193667_047de0e7a087f192.jpg,0,real,sid_set_train_real_e4,train
data/raw/e4_sid_real/images/row-80437_d9b89bc0ed29c179.jpg,0,real,sid_set_train_real_e4,train
data/raw/e4_sid_real/images/row-190902_492653ecf01b68d9.jpg,0,real,sid_set_train_real_e4,train
data/raw/e4_sid_real/images/row-200901_b6286560e9514790.jpg,0,real,sid_set_train_real_e4,train
data/raw/e4_sid_real/images/row-105829_30f0fde915312d28.jpg,0,real,sid_set_train_real_e4,train
data/raw/e4_sid_real/images/row-206502_519e31a76fcd45e2.jpg,0,real,sid_set_train_real_e4,train
data/raw/e4_sid_real/images/row-201031_093b833664c53486.jpg,0,real,sid_set_train_real_e4,train
data/raw/e4_sid_real/images/row-132997_08dced745587b7cd.jpg,0,real,sid_set_train_real_e4,train
data/raw/e4_sid_real/images/row-80448_b43e20f9ff739ecd.jpg,0,real,sid_set_train_real_e4,train
data/raw/e4_sid_real/images/row-32872_1f5ba0f11be2d103.jpg,0,real,sid_set_train_real_e4,train
data/raw/e4_sid_real/images/row-23718_570f72d354071cdc.jpg,0,real,sid_set_train_real_e4,train
data/raw/e4_sid_real/images/row-60366_b6b51afb57df0647.jpg,0,real,sid_set_train_real_e4,train
data/raw/e4_sid_real/images/row-49398_02ab8cfcdcd2652f.jpg,0,real,sid_set_train_real_e4,train
data/raw/e4_sid_real/images/row-23773_19b6f5dcee386183.jpg,0,real,sid_set_train_real_e4,train
data/raw/e4_sid_real/images/row-198959_6a5dc62a00303d15.jpg,0,real,sid_set_train_real_e4,train
data/raw/e4_sid_real/images/row-34735_30c29ff963abb776.jpg,0,real,sid_set_train_real_e4,train
data/raw/e4_sid_real/images/row-72747_87b61e2207ffd388.jpg,0,real,sid_set_train_real_e4,train
data/raw/e4_sid_real/images/row-103340_972c200d180e5c96.jpg,0,real,sid_set_train_real_e4,train
data/raw/e4_sid_real/images/row-35393_3bdb1f1fe034cda0.jpg,0,real,sid_set_train_real_e4,train
data/raw/e4_sid_real/images/row-16524_03eb9045246e8a0e.jpg,0,real,sid_set_train_real_e4,train
data/raw/e4_sid_real/images/row-120767_54e00e0a8704b50d.jpg,0,real,sid_set_train_real_e4,train
data/raw/e4_sid_real/images/row-57081_f95788554a67ee47.jpg,0,real,sid_set_train_real_e4,train
data/raw/e4_sid_real/images/row-121639_e435606c98aee308.jpg,0,real,sid_set_train_real_e4,train
data/raw/e4_sid_real/images/row-07236_c83feedbcb3e083d.jpg,0,real,sid_set_train_real_e4,train
data/raw/e4_sid_real/images/row-128433_4be056546c59d424.jpg,0,real,sid_set_train_real_e4,train
data/raw/e4_sid_real/images/row-117940_e1a67681a93c3046.jpg,0,real,sid_set_train_real_e4,train
data/raw/e4_sid_real/images/row-70624_0d7c8b89debf85a5.jpg,0,real,sid_set_train_real_e4,train
data/raw/e4_sid_real/images/row-98411_98def0d72727398b.jpg,0,real,sid_set_train_real_e4,train
data/raw/e4_sid_real/images/row-190973_02074e4ee66e614e.jpg,0,real,sid_set_train_real_e4,train
data/raw/e4_sid_real/images/row-140306_7b7d61e8050e38a0.jpg,0,real,sid_set_train_real_e4,train
data/raw/e4_sid_real/images/row-201048_d5ce85800f8c6876.jpg,0,real,sid_set_train_real_e4,train
data/raw/e4_sid_real/images/row-70669_337be7b86503a78c.jpg,0,real,sid_set_train_real_e4,train
data/raw/e4_sid_real/images/row-132972_8047fb973ebf5e74.jpg,0,real,sid_set_train_real_e4,train
data/raw/e4_sid_real/images/row-13945_93f86193b179ce86.jpg,0,real,sid_set_train_real_e4,train
data/raw/e4_sid_real/images/row-203773_7b21e71d8fdc2aec.jpg,0,real,sid_set_train_real_e4,train
data/raw/e4_sid_real/images/row-54136_f9d1407a261bafe8.jpg,0,real,sid_set_train_real_e4,train
data/raw/e4_sid_real/images/row-141255_4e72ee4be319f806.jpg,0,real,sid_set_train_real_e4,train
data/raw/e4_sid_real/images/row-198912_f09d2577c67cc1f9.jpg,0,real,sid_set_train_real_e4,train
data/raw/e4_sid_real/images/row-13973_04c1dc3dd8e9f16c.jpg,0,real,sid_set_train_real_e4,train
data/raw/e4_sid_real/images/row-16514_42f3e929f6fe56c0.jpg,0,real,sid_set_train_real_e4,train
data/raw/e4_sid_real/images/row-16522_403019380b4435f7.jpg,0,real,sid_set_train_real_e4,train
data/raw/e4_sid_real/images/row-201429_f2e5ddedcd55bf86.jpg,0,real,sid_set_train_real_e4,train
data/raw/e4_sid_real/images/row-105348_c28bd6332fb5e0be.jpg,0,real,sid_set_train_real_e4,train
data/raw/e4_sid_real/images/row-57814_8490ab3f08405a0c.jpg,0,real,sid_set_train_real_e4,train
data/raw/e4_sid_real/images/row-133389_50e43ac6a225c4ee.jpg,0,real,sid_set_train_real_e4,train
data/raw/e4_sid_real/images/row-200914_e980a6b33af3352f.jpg,0,real,sid_set_train_real_e4,train
data/raw/e4_sid_real/images/row-166416_64625fa4c4ea9a8e.jpg,0,real,sid_set_train_real_e4,train
data/raw/e4_sid_real/images/row-43293_2a0ab1a480d57eac.jpg,0,real,sid_set_train_real_e4,train
data/raw/e4_sid_real/images/row-201002_e7ffd28df8c3e8b0.jpg,0,real,sid_set_train_real_e4,train
data/raw/e4_sid_real/images/row-164663_8c6821e2eb2a24ba.jpg,0,real,sid_set_train_real_e4,train
data/raw/e4_sid_real/images/row-49382_e5e30984bdbb6900.jpg,0,real,sid_set_train_real_e4,train
data/raw/e4_sid_real/images/row-168127_bf3864c2328c4dae.jpg,0,real,sid_set_train_real_e4,train
data/raw/e4_sid_real/images/row-91272_45692fb7a447901e.jpg,0,real,sid_set_train_real_e4,train
data/raw/e4_sid_real/images/row-133384_9b1ee58418f67e0d.jpg,0,real,sid_set_train_real_e4,train
data/raw/e4_sid_real/images/row-05596_0bf07a751bc520a8.jpg,0,real,sid_set_train_real_e4,train
data/raw/e4_sid_real/images/row-34704_fdaf7d1565e7bdf5.jpg,0,real,sid_set_train_real_e4,train
data/raw/e4_sid_real/images/row-200946_e9c445df25d10b1d.jpg,0,real,sid_set_train_real_e4,train
data/raw/e4_sid_real/images/row-28531_e44f08a4ee66914e.jpg,0,real,sid_set_train_real_e4,train
data/raw/e4_sid_real/images/row-142822_8234555c2565d2b7.jpg,0,real,sid_set_train_real_e4,train
data/raw/e4_sid_real/images/row-57864_83c98a8ba42f0387.jpg,0,real,sid_set_train_real_e4,train
data/raw/e4_sid_real/images/row-203798_02eebe0506a1cd57.jpg,0,real,sid_set_train_real_e4,train
data/raw/e4_sid_real/images/row-22851_217baefed85796ba.jpg,0,real,sid_set_train_real_e4,train
data/raw/e4_sid_real/images/row-201091_c96aa410dc68e785.jpg,0,real,sid_set_train_real_e4,train
data/raw/e4_sid_real/images/row-190964_28750df7db32a897.jpg,0,real,sid_set_train_real_e4,train
data/raw/e4_sid_real/images/row-91264_ce2a3aeaec19e2ca.jpg,0,real,sid_set_train_real_e4,train
data/raw/e4_sid_real/images/row-151902_8c79908b01382919.jpg,0,real,sid_set_train_real_e4,train
data/raw/e4_sid_real/images/row-10959_75697c5fdb3ab05f.jpg,0,real,sid_set_train_real_e4,train
data/raw/e4_sid_real/images/row-63296_38a89a2730e4c005.jpg,0,real,sid_set_train_real_e4,train
data/raw/e4_sid_real/images/row-95401_5ddd0193862b5658.jpg,0,real,sid_set_train_real_e4,train
data/raw/e4_sid_real/images/row-128478_2d7fea4f932a4e0d.jpg,0,real,sid_set_train_real_e4,train
data/raw/e4_sid_real/images/row-164688_801a0bddbc07f56a.jpg,0,real,sid_set_train_real_e4,train
data/raw/e4_sid_real/images/row-175001_75acf47076ca0b32.jpg,0,real,sid_set_train_real_e4,train
data/raw/e4_sid_real/images/row-199295_449cd6a456817fcf.jpg,0,real,sid_set_train_real_e4,train
data/raw/e4_sid_real/images/row-183201_48cf09e2dcdd539c.jpg,0,real,sid_set_train_real_e4,train
data/raw/e4_sid_real/images/row-157104_8e9f4babf5499328.jpg,0,real,sid_set_train_real_e4,train
data/raw/e4_sid_real/images/row-43210_ec43f226dfea18bc.jpg,0,real,sid_set_train_real_e4,train
data/raw/e4_sid_real/images/row-49500_8517ce816ca993c0.jpg,0,real,sid_set_train_real_e4,train
data/raw/e4_sid_real/images/row-05525_47b8500b9337fcee.jpg,0,real,sid_set_train_real_e4,train
data/raw/e4_sid_real/images/row-49527_b4f0ccfcb037be4a.jpg,0,real,sid_set_train_real_e4,train
data/raw/e4_sid_real/images/row-140393_0fb857b158f4f60c.jpg,0,real,sid_set_train_real_e4,train
data/raw/e4_sid_real/images/row-100275_a74cc03741b81374.jpg,0,real,sid_set_train_real_e4,train
data/raw/e4_sid_real/images/row-66917_c5df955398e4336b.jpg,0,real,sid_set_train_real_e4,train
data/raw/e4_sid_real/images/row-87610_93e963f688638215.jpg,0,real,sid_set_train_real_e4,train
data/raw/e4_sid_real/images/row-54612_34871bb944a212bb.jpg,0,real,sid_set_train_real_e4,train
data/raw/e4_sid_real/images/row-144797_33e298e8f725964c.jpg,0,real,sid_set_train_real_e4,train
data/raw/e4_sid_real/images/row-158504_334ee4a72be5a895.jpg,0,real,sid_set_train_real_e4,train
data/raw/e4_sid_real/images/row-166740_5cb710313fd74303.jpg,0,real,sid_set_train_real_e4,train
data/raw/e4_sid_real/images/row-182084_b7aa7d633b838efe.jpg,0,real,sid_set_train_real_e4,train
data/raw/e4_sid_real/images/row-178424_e8590748723f6c80.jpg,0,real,sid_set_train_real_e4,train
data/raw/e4_sid_real/images/row-157117_a2b744b301ef050f.jpg,0,real,sid_set_train_real_e4,train
data/raw/e4_sid_real/images/row-166437_6d64c88ef595116e.jpg,0,real,sid_set_train_real_e4,train
data/raw/e4_sid_real/images/row-06592_3c9d64faae81fa02.jpg,0,real,sid_set_train_real_e4,train
data/raw/e4_sid_real/images/row-07297_1605f3ba2151473c.jpg,0,real,sid_set_train_real_e4,train
data/raw/e4_sid_real/images/row-174889_c7ea0a3f2693572a.jpg,0,real,sid_set_train_real_e4,train
data/raw/e4_sid_real/images/row-05598_b08282d821f6a2b9.jpg,0,real,sid_set_train_real_e4,train
data/raw/e4_sid_real/images/row-13031_2085567928d06889.jpg,0,real,sid_set_train_real_e4,train
data/raw/e4_sid_real/images/row-142843_14ddb1da8d465b13.jpg,0,real,sid_set_train_real_e4,train
data/raw/e4_sid_real/images/row-174843_4a382cfa47655ae0.jpg,0,real,sid_set_train_real_e4,train
data/raw/e4_sid_real/images/row-124436_5eeeb531badae241.jpg,0,real,sid_set_train_real_e4,train
data/raw/e4_sid_real/images/row-54604_6aab0e0d193ed1d8.jpg,0,real,sid_set_train_real_e4,train
data/raw/e4_sid_real/images/row-183686_9cc731828ba4699b.jpg,0,real,sid_set_train_real_e4,train
data/raw/e4_sid_real/images/row-203767_72f0638124812c61.jpg,0,real,sid_set_train_real_e4,train
data/raw/e4_sid_real/images/row-57184_20897369863f791e.jpg,0,real,sid_set_train_real_e4,train
data/raw/e4_sid_real/images/row-175018_48fbbae1e6da0613.jpg,0,real,sid_set_train_real_e4,train
data/raw/e4_sid_real/images/row-119174_0367c26bb8213f97.jpg,0,real,sid_set_train_real_e4,train
data/raw/e4_sid_real/images/row-190950_7cb05a971a061b3b.jpg,0,real,sid_set_train_real_e4,train
data/raw/e4_sid_real/images/row-151940_2c0cfdbb9df2207e.jpg,0,real,sid_set_train_real_e4,train
data/raw/e4_sid_real/images/row-193676_b3d1a63464674fa5.jpg,0,real,sid_set_train_real_e4,train
data/raw/e4_sid_real/images/row-161696_14bb5fc40742433e.jpg,0,real,sid_set_train_real_e4,train
data/raw/e4_sid_real/images/row-05696_2175d90836152def.jpg,0,real,sid_set_train_real_e4,train
data/raw/e4_sid_real/images/row-140417_3b490bfa9240855e.jpg,0,real,sid_set_train_real_e4,train
data/raw/e4_sid_real/images/row-23759_8619862cda88466c.jpg,0,real,sid_set_train_real_e4,train
data/raw/e4_sid_real/images/row-91201_c6fb757e5388e568.jpg,0,real,sid_set_train_real_e4,train
data/raw/e4_sid_real/images/row-158572_e00e354ce462d945.jpg,0,real,sid_set_train_real_e4,train
data/raw/e4_sid_real/images/row-22806_aaea2865100f40d0.jpg,0,real,sid_set_train_real_e4,train
data/raw/e4_sid_real/images/row-16509_c8883de7d8f32bbd.jpg,0,real,sid_set_train_real_e4,train
data/raw/e4_sid_real/images/row-10932_7860f63c48187a54.jpg,0,real,sid_set_train_real_e4,train
data/raw/e4_sid_real/images/row-59295_901bdf978289d4cc.jpg,0,real,sid_set_train_real_e4,train
data/raw/e4_sid_real/images/row-166772_d645a441e30ef4cc.jpg,0,real,sid_set_train_real_e4,train
data/raw/e4_sid_real/images/row-151924_17e26888f1a1ea34.jpg,0,real,sid_set_train_real_e4,train
data/raw/e4_sid_real/images/row-166429_3425178edb893937.jpg,0,real,sid_set_train_real_e4,train
data/raw/e4_sid_real/images/row-167222_b6e0768f04200419.jpg,0,real,sid_set_train_real_e4,train
data/raw/e4_sid_real/images/row-193383_bc62b820058db0bf.jpg,0,real,sid_set_train_real_e4,train
data/raw/e4_sid_real/images/row-64883_db27db456e35d9bf.jpg,0,real,sid_set_train_real_e4,train
data/raw/e4_sid_real/images/row-106118_456ada3d9ea4a9a9.jpg,0,real,sid_set_train_real_e4,train
data/raw/e4_sid_real/images/row-07290_579c0c4d2281c159.jpg,0,real,sid_set_train_real_e4,train
data/raw/e4_sid_real/images/row-95453_cae758cba5786ea6.jpg,0,real,sid_set_train_real_e4,train
data/raw/e4_sid_real/images/row-126330_07af4fcc70a44401.jpg,0,real,sid_set_train_real_e4,train
data/raw/e4_sid_real/images/row-87608_2046d6bb843380a6.jpg,0,real,sid_set_train_real_e4,train
data/raw/e4_sid_real/images/row-43203_feebe30e774185ea.jpg,0,real,sid_set_train_real_e4,train
data/raw/e4_sid_real/images/row-147272_98735ac2496479a6.jpg,0,real,sid_set_train_real_e4,train
data/raw/e4_sid_real/images/row-203489_90049a0bd8ef4445.jpg,0,real,sid_set_train_real_e4,train
data/raw/e4_sid_real/images/row-117956_80bab71623c8f438.jpg,0,real,sid_set_train_real_e4,train
data/raw/e4_sid_real/images/row-161602_b87e2cda501b598e.jpg,0,real,sid_set_train_real_e4,train
data/raw/e4_sid_real/images/row-72183_34cb41f5e7fe6971.jpg,0,real,sid_set_train_real_e4,train
data/raw/e4_sid_real/images/row-144700_f9dba7567ded16a7.jpg,0,real,sid_set_train_real_e4,train
data/raw/e4_sid_real/images/row-144729_9b6b42eb89d82276.jpg,0,real,sid_set_train_real_e4,train
data/raw/e4_sid_real/images/row-202157_34a511c7af53b823.jpg,0,real,sid_set_train_real_e4,train
data/raw/e4_sid_real/images/row-57131_c8ffe3cb76b79c11.jpg,0,real,sid_set_train_real_e4,train
data/raw/e4_sid_real/images/row-05615_057e7ece60afdbc3.jpg,0,real,sid_set_train_real_e4,train
data/raw/e4_sid_real/images/row-132959_05e1ba59cc74d4b7.jpg,0,real,sid_set_train_real_e4,train
data/raw/e4_sid_real/images/row-31305_76424c8389c9fdf8.jpg,0,real,sid_set_train_real_e4,train
data/raw/e4_sid_real/images/row-34775_016825223709cea2.jpg,0,real,sid_set_train_real_e4,train
data/raw/e4_sid_real/images/row-72172_25ff56536f9abd91.jpg,0,real,sid_set_train_real_e4,train
data/raw/e4_sid_real/images/row-193668_e7374c303a89cc13.jpg,0,real,sid_set_train_real_e4,train
data/raw/e4_sid_real/images/row-141213_52cd8ea4bb71ed20.jpg,0,real,sid_set_train_real_e4,train
data/raw/e4_sid_real/images/row-63207_0a0cf6ee987a17d0.jpg,0,real,sid_set_train_real_e4,train
data/raw/e4_sid_real/images/row-140314_854609241dfb0333.jpg,0,real,sid_set_train_real_e4,train
data/raw/e4_sid_real/images/row-104448_582da3ac259338f0.jpg,0,real,sid_set_train_real_e4,train
data/raw/e4_sid_real/images/row-177540_4fd5539b224db64f.jpg,0,real,sid_set_train_real_e4,train
data/raw/e4_sid_real/images/row-171282_3950eac1b0f44933.jpg,0,real,sid_set_train_real_e4,train
data/raw/e4_sid_real/images/row-35307_dabcfb1888407cde.jpg,0,real,sid_set_train_real_e4,train
data/raw/e4_sid_real/images/row-63240_458b07068580f817.jpg,0,real,sid_set_train_real_e4,train
data/raw/e4_sid_real/images/row-104403_ccdf546aec07dca8.jpg,0,real,sid_set_train_real_e4,train
data/raw/e4_sid_real/images/row-128420_6ea0dc0eac74174d.jpg,0,real,sid_set_train_real_e4,train
data/raw/e4_sid_real/images/row-104489_3b1f75aa519ed6b6.jpg,0,real,sid_set_train_real_e4,train
data/raw/e4_sid_real/images/row-148080_100c3813a587dda8.jpg,0,real,sid_set_train_real_e4,train
data/raw/e4_sid_real/images/row-70692_53d7aefa993eea68.jpg,0,real,sid_set_train_real_e4,train
data/raw/e4_sid_real/images/row-72163_f0dc25e259309fdb.jpg,0,real,sid_set_train_real_e4,train
data/raw/e4_sid_real/images/row-56381_44d792a2f55eb2d6.jpg,0,real,sid_set_train_real_e4,train
data/raw/e4_sid_real/images/row-152047_a5e9e072ba945ba2.jpg,0,real,sid_set_train_real_e4,train
data/raw/e4_sid_real/images/row-49784_773d9f81c7c2903e.jpg,0,real,sid_set_train_real_e4,train
data/raw/e4_sid_real/images/row-164684_224686c6fbc2d389.jpg,0,real,sid_set_train_real_e4,train
data/raw/e4_sid_real/images/row-05419_9304d9175fb8028e.jpg,0,real,sid_set_train_real_e4,train
data/raw/e4_sid_real/images/row-202179_e713c04a4807b1e4.jpg,0,real,sid_set_train_real_e4,train
data/raw/e4_sid_real/images/row-87666_2e4988f637bc0795.jpg,0,real,sid_set_train_real_e4,train
data/raw/e4_sid_real/images/row-109918_00c07076be39e87e.jpg,0,real,sid_set_train_real_e4,train
data/raw/e4_sid_real/images/row-32800_22c9bccf55be6cbd.jpg,0,real,sid_set_train_real_e4,train
data/raw/e4_sid_real/images/row-166411_870a1d5ffc648c1c.jpg,0,real,sid_set_train_real_e4,train
data/raw/e4_sid_real/images/row-147240_2f3b3af88090ae92.jpg,0,real,sid_set_train_real_e4,train
data/raw/e4_sid_real/images/row-57802_31e21515f91b0577.jpg,0,real,sid_set_train_real_e4,train
data/raw/e4_sid_real/images/row-141235_5f1610e35417feb7.jpg,0,real,sid_set_train_real_e4,train
data/raw/e4_sid_real/images/row-144775_0f7adcdd9c0ed729.jpg,0,real,sid_set_train_real_e4,train
data/raw/e4_sid_real/images/row-96873_7b6667be3a971525.jpg,0,real,sid_set_train_real_e4,train
data/raw/e4_sid_real/images/row-198464_78336c4c076bdd5e.jpg,0,real,sid_set_train_real_e4,train
data/raw/e4_sid_real/images/row-103302_5e42968b1c23f0a4.jpg,0,real,sid_set_train_real_e4,train
data/raw/e4_sid_real/images/row-198927_871618c2683fee05.jpg,0,real,sid_set_train_real_e4,train
data/raw/e4_sid_real/images/row-98400_8d99697b7b4879b8.jpg,0,real,sid_set_train_real_e4,train
data/raw/e4_sid_real/images/row-57847_2e3e9d5f8615055c.jpg,0,real,sid_set_train_real_e4,train
data/raw/e4_sid_real/images/row-13995_1595192cc23347d6.jpg,0,real,sid_set_train_real_e4,train
data/raw/e4_sid_real/images/row-177596_16c9afaa6a3caca6.jpg,0,real,sid_set_train_real_e4,train
data/raw/e4_sid_real/images/row-177546_af660e3784d0cbf2.jpg,0,real,sid_set_train_real_e4,train
data/raw/e4_sid_real/images/row-206551_dd6b7c40aab3cc9a.jpg,0,real,sid_set_train_real_e4,train
data/raw/e4_sid_real/images/row-43272_8a08289a939177f5.jpg,0,real,sid_set_train_real_e4,train
data/raw/e4_sid_real/images/row-126335_0c1c736bcdedb962.jpg,0,real,sid_set_train_real_e4,train
data/raw/e4_sid_real/images/row-141292_c919a709521db844.jpg,0,real,sid_set_train_real_e4,train
data/raw/e4_sid_real/images/row-10972_c6f716d232a68535.jpg,0,real,sid_set_train_real_e4,train
data/raw/e4_sid_real/images/row-60306_03b8fcbac3a46b62.jpg,0,real,sid_set_train_real_e4,train
data/raw/e4_sid_real/images/row-16507_7e68bde5990c75e7.jpg,0,real,sid_set_train_real_e4,train
data/raw/e4_sid_real/images/row-66507_02c4aa4ba3734fc3.jpg,0,real,sid_set_train_real_e4,train
data/raw/e4_sid_real/images/row-66998_fd52b237842e9581.jpg,0,real,sid_set_train_real_e4,train
data/raw/e4_sid_real/images/row-63294_1d3e4a78846ed17a.jpg,0,real,sid_set_train_real_e4,train
data/raw/e4_sid_real/images/row-23716_6b2f6a077ac9001a.jpg,0,real,sid_set_train_real_e4,train
data/raw/e4_sid_real/images/row-163469_9e13cbae9c97e80b.jpg,0,real,sid_set_train_real_e4,train
data/raw/e4_sid_real/images/row-164669_f70a4d782a3fcfa9.jpg,0,real,sid_set_train_real_e4,train
data/raw/e4_sid_real/images/row-157165_e08a7cfe6b6e9698.jpg,0,real,sid_set_train_real_e4,train
data/raw/e4_sid_real/images/row-182063_89d90aa1b57cbc87.jpg,0,real,sid_set_train_real_e4,train
data/raw/e4_sid_real/images/row-167240_b4c81c8bf052d721.jpg,0,real,sid_set_train_real_e4,train
data/raw/e4_sid_real/images/row-127852_3b48ee7c6730b110.jpg,0,real,sid_set_train_real_e4,train
data/raw/e4_sid_real/images/row-16865_0408d9d35cd2437d.jpg,0,real,sid_set_train_real_e4,train
data/raw/e4_sid_real/images/row-17105_74de3c88820796b2.jpg,0,real,sid_set_train_real_e4,train
data/raw/e4_sid_real/images/row-166414_862e0bd7ad365fe7.jpg,0,real,sid_set_train_real_e4,train
data/raw/e4_sid_real/images/row-34778_0e5c1aeb41596113.jpg,0,real,sid_set_train_real_e4,train
data/raw/e4_sid_real/images/row-57153_60a4fb80e26e0c82.jpg,0,real,sid_set_train_real_e4,train
data/raw/e4_sid_real/images/row-32889_755af4d473bdeb82.jpg,0,real,sid_set_train_real_e4,train
data/raw/e4_sid_real/images/row-163432_43bc63d29ddbc557.jpg,0,real,sid_set_train_real_e4,train
data/raw/e4_sid_real/images/row-157152_195c0c8a689ff595.jpg,0,real,sid_set_train_real_e4,train
data/raw/e4_sid_real/images/row-170937_6c344efa62243f73.jpg,0,real,sid_set_train_real_e4,train
data/raw/e4_sid_real/images/row-149327_8936c691001d3a15.jpg,0,real,sid_set_train_real_e4,train
data/raw/e4_sid_real/images/row-198328_6a27f47641badd66.jpg,0,real,sid_set_train_real_e4,train
data/raw/e4_sid_real/images/row-73927_ff66dacbe2d2d3de.jpg,0,real,sid_set_train_real_e4,train
data/raw/e4_sid_real/images/row-74305_f1d6162089640de0.jpg,0,real,sid_set_train_real_e4,train
data/raw/e4_sid_real/images/row-166727_47668f92a539a3be.jpg,0,real,sid_set_train_real_e4,train
data/raw/e4_sid_real/images/row-128416_28389273822e60ca.jpg,0,real,sid_set_train_real_e4,train
data/raw/e4_sid_real/images/row-175041_65410a7a9d98bd25.jpg,0,real,sid_set_train_real_e4,train
data/raw/e4_sid_real/images/row-80476_1972409a979308b0.jpg,0,real,sid_set_train_real_e4,train
data/raw/e4_sid_real/images/row-203672_8b6b27ccbbe701e4.jpg,0,real,sid_set_train_real_e4,train
data/raw/e4_sid_real/images/row-104667_868bc55762d74ba5.jpg,0,real,sid_set_train_real_e4,train
data/raw/e4_sid_real/images/row-179075_e160cd3711502491.jpg,0,real,sid_set_train_real_e4,train
data/raw/e4_sid_real/images/row-91384_42069c962fc9a7e0.jpg,0,real,sid_set_train_real_e4,train
data/raw/e4_sid_real/images/row-07222_af577c383ff50815.jpg,0,real,sid_set_train_real_e4,train
data/raw/e4_sid_real/images/row-177547_af135e1ec6514d46.jpg,0,real,sid_set_train_real_e4,train
data/raw/e4_sid_real/images/row-05425_831bcec304a17054.jpg,0,real,sid_set_train_real_e4,train
data/raw/e4_sid_real/images/row-203429_1f62784a1818bc98.jpg,0,real,sid_set_train_real_e4,train
data/raw/e4_sid_real/images/row-35335_4bd6f7def1689b15.jpg,0,real,sid_set_train_real_e4,train
data/raw/e4_sid_real/images/row-201450_503bf1ccd17a9fd1.jpg,0,real,sid_set_train_real_e4,train
data/raw/e4_sid_real/images/row-206588_330339808f4b6f18.jpg,0,real,sid_set_train_real_e4,train
data/raw/e4_sid_real/images/row-149348_6e93d199658e3111.jpg,0,real,sid_set_train_real_e4,train
data/raw/e4_sid_real/images/row-179068_20af6958d000b53a.jpg,0,real,sid_set_train_real_e4,train
data/raw/e4_sid_real/images/row-59226_59c73a62e58f558e.jpg,0,real,sid_set_train_real_e4,train
data/raw/e4_sid_real/images/row-133310_07300fc7ec09cfe4.jpg,0,real,sid_set_train_real_e4,train
data/raw/e4_sid_real/images/row-54623_84be713dbc562f86.jpg,0,real,sid_set_train_real_e4,train
data/raw/e4_sid_real/images/row-198932_49dc595b4b7c3c9d.jpg,0,real,sid_set_train_real_e4,train
data/raw/e4_sid_real/images/row-77362_e94075630c8d89e0.jpg,0,real,sid_set_train_real_e4,train
data/raw/e4_sid_real/images/row-179035_46fd82768349ae17.jpg,0,real,sid_set_train_real_e4,train
data/raw/e4_sid_real/images/row-126301_1bee0d47171bb972.jpg,0,real,sid_set_train_real_e4,train
data/raw/e4_sid_real/images/row-183285_f1c961fb7ca94ee7.jpg,0,real,sid_set_train_real_e4,train
data/raw/e4_sid_real/images/row-35300_b3df2dbe9b2ee3e2.jpg,0,real,sid_set_train_real_e4,train
data/raw/e4_sid_real/images/row-05637_68ee47debc4509fd.jpg,0,real,sid_set_train_real_e4,train
data/raw/e4_sid_real/images/row-77311_a268328cc4fc5e46.jpg,0,real,sid_set_train_real_e4,train
data/raw/e4_sid_real/images/row-177537_b42cc95d4ac03800.jpg,0,real,sid_set_train_real_e4,train
data/raw/e4_sid_real/images/row-16587_79062bc66a349357.jpg,0,real,sid_set_train_real_e4,train
data/raw/e4_sid_real/images/row-16559_92ddefed926503a8.jpg,0,real,sid_set_train_real_e4,train
data/raw/e4_sid_real/images/row-57808_bb99c10751891941.jpg,0,real,sid_set_train_real_e4,train
data/raw/e4_sid_real/images/row-178440_2df4cd279caf75b5.jpg,0,real,sid_set_train_real_e4,train
data/raw/e4_sid_real/images/row-182010_d05c5fc1c315e0d1.jpg,0,real,sid_set_train_real_e4,train
data/raw/e4_sid_real/images/row-05585_59b2f58266d13ca0.jpg,0,real,sid_set_train_real_e4,train
data/raw/e4_sid_real/images/row-56304_86cb656eda833224.jpg,0,real,sid_set_train_real_e4,train
data/raw/e4_sid_real/images/row-31351_737e8a5b45c51be9.jpg,0,real,sid_set_train_real_e4,train
data/raw/e4_sid_real/images/row-117933_0aef70543892e48a.jpg,0,real,sid_set_train_real_e4,train
data/raw/e4_sid_real/images/row-199490_87f1588f244f3c3e.jpg,0,real,sid_set_train_real_e4,train
data/raw/e4_sid_real/images/row-158527_5cd7bae96c0628ba.jpg,0,real,sid_set_train_real_e4,train
data/raw/e4_sid_real/images/row-140402_46c4b3de89bdcf10.jpg,0,real,sid_set_train_real_e4,train
data/raw/e4_sid_real/images/row-105347_0d9da5a2b3ef8ee6.jpg,0,real,sid_set_train_real_e4,train
data/raw/e4_sid_real/images/row-49350_f753135b677b18ab.jpg,0,real,sid_set_train_real_e4,train
data/raw/e4_sid_real/images/row-05680_cfbf0d2e51e294a8.jpg,0,real,sid_set_train_real_e4,train
data/raw/e4_sid_real/images/row-02893_368eb1e2877af08d.jpg,0,real,sid_set_train_real_e4,train
data/raw/e4_sid_real/images/row-147293_eec8787d4b5fbe20.jpg,0,real,sid_set_train_real_e4,train
data/raw/e4_sid_real/images/row-10992_a02cae994de47c55.jpg,0,real,sid_set_train_real_e4,train
data/raw/e4_sid_real/images/row-43278_327db33bd18f2846.jpg,0,real,sid_set_train_real_e4,train
data/raw/e4_sid_real/images/row-121604_0640032c1cc8a15f.jpg,0,real,sid_set_train_real_e4,train
data/raw/e4_sid_real/images/row-198472_d5e0a7f12a172af8.jpg,0,real,sid_set_train_real_e4,train
data/raw/e4_sid_real/images/row-117949_45866419e28830bc.jpg,0,real,sid_set_train_real_e4,train
data/raw/e4_sid_real/images/row-77356_09f6c39cfafbc3a6.jpg,0,real,sid_set_train_real_e4,train
data/raw/e4_sid_real/images/row-91396_ae936bfd97ac668b.jpg,0,real,sid_set_train_real_e4,train
data/raw/e4_sid_real/images/row-34701_002107c2cdc1b568.jpg,0,real,sid_set_train_real_e4,train
data/raw/e4_sid_real/images/row-140401_c27037fa18b5501d.jpg,0,real,sid_set_train_real_e4,train
data/raw/e4_sid_real/images/row-43287_ff37a90f49b3e643.jpg,0,real,sid_set_train_real_e4,train
data/raw/e4_sid_real/images/row-189249_5f1c52d4c783f4fe.jpg,0,real,sid_set_train_real_e4,train
data/raw/e4_sid_real/images/row-49372_1cce8868d10db7ec.jpg,0,real,sid_set_train_real_e4,train
data/raw/e4_sid_real/images/row-70655_3cd944886676147f.jpg,0,real,sid_set_train_real_e4,train
data/raw/e4_sid_real/images/row-07244_43eb0d922191b2e7.jpg,0,real,sid_set_train_real_e4,train
data/raw/e4_sid_real/images/row-160031_4dbcccaca1fc6a08.jpg,0,real,sid_set_train_real_e4,train
data/raw/e4_sid_real/images/row-22836_6bc0943bc16ddf12.jpg,0,real,sid_set_train_real_e4,train
data/raw/e4_sid_real/images/row-183288_e4c14399e8bb8582.jpg,0,real,sid_set_train_real_e4,train
data/raw/e4_sid_real/images/row-106157_ff1a85d8e1ebc5ac.jpg,0,real,sid_set_train_real_e4,train
data/raw/e4_sid_real/images/row-157119_b81e8c728a67f2a6.jpg,0,real,sid_set_train_real_e4,train
data/raw/e4_sid_real/images/row-96898_4c8730694d81471a.jpg,0,real,sid_set_train_real_e4,train
data/raw/e4_sid_real/images/row-16574_1333121985a51d91.jpg,0,real,sid_set_train_real_e4,train
data/raw/e4_sid_real/images/row-198974_3360f9f4bfa9be4c.jpg,0,real,sid_set_train_real_e4,train
data/raw/e4_sid_real/images/row-163488_1d61427c1ac0cc0d.jpg,0,real,sid_set_train_real_e4,train
data/raw/e4_sid_real/images/row-57127_f6a1ffcf9e2d9e95.jpg,0,real,sid_set_train_real_e4,train
data/raw/e4_sid_real/images/row-166785_37063e258277455e.jpg,0,real,sid_set_train_real_e4,train
data/raw/e4_sid_real/images/row-96871_b19688b9aa3f75f7.jpg,0,real,sid_set_train_real_e4,train
data/raw/e4_sid_real/images/row-77365_92ae5211a22ea6eb.jpg,0,real,sid_set_train_real_e4,train
data/raw/e4_sid_real/images/row-57888_76ba105d0a6295f1.jpg,0,real,sid_set_train_real_e4,train
data/raw/e4_sid_real/images/row-183681_4b37a0fd2a81556c.jpg,0,real,sid_set_train_real_e4,train
data/raw/e4_sid_real/images/row-05587_29d34eae21132606.jpg,0,real,sid_set_train_real_e4,train
data/raw/e4_sid_real/images/row-148012_26b217c4b03cee98.jpg,0,real,sid_set_train_real_e4,train
data/raw/e4_sid_real/images/row-158505_f3134bb8160a35a4.jpg,0,real,sid_set_train_real_e4,train
data/raw/e4_sid_real/images/row-198309_9d15dc8a601b5878.jpg,0,real,sid_set_train_real_e4,train
data/raw/e4_sid_real/images/row-197743_e72e80cc74d73856.jpg,0,real,sid_set_train_real_e4,train
data/raw/e4_sid_real/images/row-167204_4e6ea7bfa133f943.jpg,0,real,sid_set_train_real_e4,train
data/raw/e4_sid_real/images/row-132943_997d6eca2a8777ab.jpg,0,real,sid_set_train_real_e4,train
data/raw/e4_sid_real/images/row-147243_f8e9bc1295ff9cd5.jpg,0,real,sid_set_train_real_e4,train
data/raw/e4_sid_real/images/row-201451_183d0093e200235e.jpg,0,real,sid_set_train_real_e4,train
data/raw/e4_sid_real/images/row-02839_baa07e474bf0d043.jpg,0,real,sid_set_train_real_e4,train
data/raw/e4_sid_real/images/row-203616_8c0be343f3d71c63.jpg,0,real,sid_set_train_real_e4,train
data/raw/e4_sid_real/images/row-198461_f0d5f48e8c66efc7.jpg,0,real,sid_set_train_real_e4,train
data/raw/e4_sid_real/images/row-05635_799fb66aefadd1ef.jpg,0,real,sid_set_train_real_e4,train
data/raw/e4_sid_real/images/row-170953_1a379280921cab9b.jpg,0,real,sid_set_train_real_e4,train
data/raw/e4_sid_real/images/row-162661_ec3166a3318ff7a1.jpg,0,real,sid_set_train_real_e4,train
data/raw/e4_sid_real/images/row-124470_3c8acff9e09336ef.jpg,0,real,sid_set_train_real_e4,train
data/raw/e4_sid_real/images/row-183623_7072fe7c24439c1e.jpg,0,real,sid_set_train_real_e4,train
data/raw/e4_sid_real/images/row-128400_0362b35d466ff4e7.jpg,0,real,sid_set_train_real_e4,train
data/raw/e4_sid_real/images/row-163755_8f321ed8dbed7f8c.jpg,0,real,sid_set_train_real_e4,train
data/raw/e4_sid_real/images/row-145639_34a19da21ef4b8b0.jpg,0,real,sid_set_train_real_e4,train
data/raw/e4_sid_real/images/row-30114_02639cfa837b913b.jpg,0,real,sid_set_train_real_e4,train
data/raw/e4_sid_real/images/row-132971_6f72d46b37e42c18.jpg,0,real,sid_set_train_real_e4,train
data/raw/e4_sid_real/images/row-203456_529604ebec78702e.jpg,0,real,sid_set_train_real_e4,train
data/raw/e4_sid_real/images/row-106153_e6e60d2b4b0e0f6c.jpg,0,real,sid_set_train_real_e4,train
data/raw/e4_sid_real/images/row-98479_cf2fec2c4fcf2cf4.jpg,0,real,sid_set_train_real_e4,train
data/raw/e4_sid_real/images/row-177567_98ecc6c8ab940e29.jpg,0,real,sid_set_train_real_e4,train
data/raw/e4_sid_real/images/row-54145_b8be3c1ba1199d14.jpg,0,real,sid_set_train_real_e4,train
data/raw/e4_sid_real/images/row-167280_6250a105383a2ff9.jpg,0,real,sid_set_train_real_e4,train
data/raw/e4_sid_real/images/row-31359_50f42a66821bf86c.jpg,0,real,sid_set_train_real_e4,train
data/raw/e4_sid_real/images/row-199436_3127d287fc68df2c.jpg,0,real,sid_set_train_real_e4,train
data/raw/e4_sid_real/images/row-140398_478ecb8e014ed3fe.jpg,0,real,sid_set_train_real_e4,train
data/raw/e4_sid_real/images/row-66501_7151a7316776aa16.jpg,0,real,sid_set_train_real_e4,train
data/raw/e4_sid_real/images/row-103392_03477ac599d2da16.jpg,0,real,sid_set_train_real_e4,train
data/raw/e4_sid_real/images/row-121681_7369a47fc0e720bc.jpg,0,real,sid_set_train_real_e4,train
data/raw/e4_sid_real/images/row-104622_368dde32f6d34a9a.jpg,0,real,sid_set_train_real_e4,train
data/raw/e4_sid_real/images/row-149331_b27c086060984204.jpg,0,real,sid_set_train_real_e4,train
data/raw/e4_sid_real/images/row-30189_28cd6f088220840c.jpg,0,real,sid_set_train_real_e4,train
data/raw/e4_sid_real/images/row-147759_98dbf16b47c035a5.jpg,0,real,sid_set_train_real_e4,train
data/raw/e4_sid_real/images/row-96817_ae3937011a14a761.jpg,0,real,sid_set_train_real_e4,train
data/raw/e4_sid_real/images/row-16541_a3d19d5588743538.jpg,0,real,sid_set_train_real_e4,train
data/raw/e4_sid_real/images/row-149338_173b466ceed569ec.jpg,0,real,sid_set_train_real_e4,train
data/raw/e4_sid_real/images/row-203716_67b374b22fbaccc3.jpg,0,real,sid_set_train_real_e4,train
data/raw/e4_sid_real/images/row-43211_19932adebfd069f6.jpg,0,real,sid_set_train_real_e4,train
data/raw/e4_sid_real/images/row-05407_ae437b63c3a43470.jpg,0,real,sid_set_train_real_e4,train
data/raw/e4_sid_real/images/row-157159_96fc6495c93e817e.jpg,0,real,sid_set_train_real_e4,train
data/raw/e4_sid_real/images/row-183612_d9552d54c1f8ee29.jpg,0,real,sid_set_train_real_e4,train
data/raw/e4_sid_real/images/row-206564_9044e822bdd31d1c.jpg,0,real,sid_set_train_real_e4,train
data/raw/e4_sid_real/images/row-206599_a2f808a21894a201.jpg,0,real,sid_set_train_real_e4,train
data/raw/e4_sid_real/images/row-162656_ff3b1fa645f3607b.jpg,0,real,sid_set_train_real_e4,train
data/raw/e4_sid_real/images/row-104486_713ef683dfef4204.jpg,0,real,sid_set_train_real_e4,train
data/raw/e4_sid_real/images/row-158535_55faaccd99a9bb3b.jpg,0,real,sid_set_train_real_e4,train
data/raw/e4_sid_real/images/row-56388_fb2fa09479ac5aab.jpg,0,real,sid_set_train_real_e4,train
data/raw/e4_sid_real/images/row-124447_7119ca18263a6aba.jpg,0,real,sid_set_train_real_e4,train
data/raw/e4_sid_real/images/row-91255_872f0f30a40474aa.jpg,0,real,sid_set_train_real_e4,train
data/raw/e4_sid_real/images/row-183226_58313141770c3ff8.jpg,0,real,sid_set_train_real_e4,train
data/raw/e4_sid_real/images/row-120766_abf44da933c834da.jpg,0,real,sid_set_train_real_e4,train
data/raw/e4_sid_real/images/row-199479_0000313e5dccf13b.jpg,0,real,sid_set_train_real_e4,train
data/raw/e4_sid_real/images/row-59274_d226eb609e3d2c4d.jpg,0,real,sid_set_train_real_e4,train
data/raw/e4_sid_real/images/row-34774_28f291a35ecdb9b9.jpg,0,real,sid_set_train_real_e4,train
data/raw/e4_sid_real/images/row-201037_0efea53137df2258.jpg,0,real,sid_set_train_real_e4,train
data/raw/e4_sid_real/images/row-35396_c8824b15a9efa1a8.jpg,0,real,sid_set_train_real_e4,train
data/raw/e4_sid_real/images/row-200945_3f7ed232c3223032.jpg,0,real,sid_set_train_real_e4,train
data/raw/e4_sid_real/images/row-120727_e18cca3bed1bb436.jpg,0,real,sid_set_train_real_e4,train
data/raw/e4_sid_real/images/row-127871_2a3806b148226989.jpg,0,real,sid_set_train_real_e4,train
data/raw/e4_sid_real/images/row-06507_f7c9a5886da0b546.jpg,0,real,sid_set_train_real_e4,train
data/raw/e4_sid_real/images/row-54184_854202d7564920be.jpg,0,real,sid_set_train_real_e4,train
data/raw/e4_sid_real/images/row-148000_397a3b4a0ef7ef96.jpg,0,real,sid_set_train_real_e4,train
data/raw/e4_sid_real/images/row-66919_d523de95453083c9.jpg,0,real,sid_set_train_real_e4,train
data/raw/e4_sid_real/images/row-124485_a664ace97210e2c9.jpg,0,real,sid_set_train_real_e4,train
data/raw/e4_sid_real/images/row-22884_71f347cd8a0f54b3.jpg,0,real,sid_set_train_real_e4,train
data/raw/e4_sid_real/images/row-49315_4a52d8d6030f7bdc.jpg,0,real,sid_set_train_real_e4,train
data/raw/e4_sid_real/images/row-142819_0225794adb189f43.jpg,0,real,sid_set_train_real_e4,train
data/raw/e4_sid_real/images/row-05686_9ae783e9350f7ac2.jpg,0,real,sid_set_train_real_e4,train
data/raw/e4_sid_real/images/row-106145_79a731138395f87e.jpg,0,real,sid_set_train_real_e4,train
data/raw/e4_sid_real/images/row-28522_3565c0bda1a67a23.jpg,0,real,sid_set_train_real_e4,train
data/raw/e4_sid_real/images/row-193323_0cee6df48e81c50e.jpg,0,real,sid_set_train_real_e4,train
data/raw/e4_sid_real/images/row-128491_34719553f519a70a.jpg,0,real,sid_set_train_real_e4,train
data/raw/e4_sid_real/images/row-182024_2ae69b25d48de862.jpg,0,real,sid_set_train_real_e4,train
data/raw/e4_sid_real/images/row-57859_f0671d4d40bba6d3.jpg,0,real,sid_set_train_real_e4,train
data/raw/e4_sid_real/images/row-05476_a766c311b8bfd5d7.jpg,0,real,sid_set_train_real_e4,train
data/raw/e4_sid_real/images/row-05620_87393d05c5e1bdb0.jpg,0,real,sid_set_train_real_e4,train
data/raw/e4_sid_real/images/row-67455_be6bb551db15b4a5.jpg,0,real,sid_set_train_real_e4,train
data/raw/e4_sid_real/images/row-57021_81766772045d1306.jpg,0,real,sid_set_train_real_e4,train
data/raw/e4_sid_real/images/row-174868_2181b4399392b93a.jpg,0,real,sid_set_train_real_e4,train
data/raw/e4_sid_real/images/row-120797_f4d0dc04ae5393a5.jpg,0,real,sid_set_train_real_e4,train
data/raw/e4_sid_real/images/row-05474_466940a1f5f6305c.jpg,0,real,sid_set_train_real_e4,train
data/raw/e4_sid_real/images/row-43291_dfae78aa35c3ad54.jpg,0,real,sid_set_train_real_e4,train
data/raw/e4_sid_real/images/row-120703_cec102d564cb20e1.jpg,0,real,sid_set_train_real_e4,train
data/raw/e4_sid_real/images/row-199486_69c34a886459fef9.jpg,0,real,sid_set_train_real_e4,train
data/raw/e4_sid_real/images/row-142833_06177b1a615ede00.jpg,0,real,sid_set_train_real_e4,train
data/raw/e4_sid_real/images/row-20413_4e45c16a668bef6c.jpg,0,real,sid_set_train_real_e4,train
data/raw/e4_sid_real/images/row-07579_00708f9ff0f8937b.jpg,0,real,sid_set_train_real_e4,train
data/raw/e4_sid_real/images/row-59248_71f1dfaa9b600033.jpg,0,real,sid_set_train_real_e4,train
data/raw/e4_sid_real/images/row-168132_f082ac2739db12f5.jpg,0,real,sid_set_train_real_e4,train
data/raw/e4_sid_real/images/row-105390_5b6f6b2d8f1c6c83.jpg,0,real,sid_set_train_real_e4,train
data/raw/e4_sid_real/images/row-66541_57e8454cf4ab041c.jpg,0,real,sid_set_train_real_e4,train
data/raw/e4_sid_real/images/row-105316_ad166e1e3897af32.jpg,0,real,sid_set_train_real_e4,train
data/raw/e4_sid_real/images/row-171217_abe1b45406b99692.jpg,0,real,sid_set_train_real_e4,train
data/raw/e4_sid_real/images/row-157196_0a7551efe62f64b1.jpg,0,real,sid_set_train_real_e4,train
data/raw/e4_sid_real/images/row-164678_377a3e916391b06f.jpg,0,real,sid_set_train_real_e4,train
data/raw/e4_sid_real/images/row-67430_8ed531d18970edc4.jpg,0,real,sid_set_train_real_e4,train
data/raw/e4_sid_real/images/row-105328_58bcd102ca96b77a.jpg,0,real,sid_set_train_real_e4,train
data/raw/e4_sid_real/images/row-104688_8ede06d34d7fb4ad.jpg,0,real,sid_set_train_real_e4,train
data/raw/e4_sid_real/images/row-147747_f6f2f77166c7425c.jpg,0,real,sid_set_train_real_e4,train
data/raw/e4_sid_real/images/row-30199_f62cc815a4048a2c.jpg,0,real,sid_set_train_real_e4,train
data/raw/e4_sid_real/images/row-01999_f2aa3bc8f38f06c0.jpg,0,real,sid_set_train_real_e4,train
data/raw/e4_sid_real/images/row-140363_63ccd6ea053b35b1.jpg,0,real,sid_set_train_real_e4,train
data/raw/e4_sid_real/images/row-02846_f03b9c6802bffe45.jpg,0,real,sid_set_train_real_e4,train
data/raw/e4_sid_real/images/row-200973_e8e0778e030c54ac.jpg,0,real,sid_set_train_real_e4,train
data/raw/e4_sid_real/images/row-103335_4506b090930e8113.jpg,0,real,sid_set_train_real_e4,train
data/raw/e4_sid_real/images/row-63206_ece56b35924ce725.jpg,0,real,sid_set_train_real_e4,train
data/raw/e4_sid_real/images/row-164600_9606369a9f3fc6f3.jpg,0,real,sid_set_train_real_e4,train
data/raw/e4_sid_real/images/row-128495_1139f146b6a24cbb.jpg,0,real,sid_set_train_real_e4,train
data/raw/e4_sid_real/images/row-151999_3f50b84863c643db.jpg,0,real,sid_set_train_real_e4,train
data/raw/e4_sid_real/images/row-16543_54f108666d7dabd5.jpg,0,real,sid_set_train_real_e4,train
data/raw/e4_sid_real/images/row-203780_56bbad7b9d696446.jpg,0,real,sid_set_train_real_e4,train
data/raw/e4_sid_real/images/row-13996_1b438928d4b68e8e.jpg,0,real,sid_set_train_real_e4,train
data/raw/e4_sid_real/images/row-06514_bf1d9191a5df428b.jpg,0,real,sid_set_train_real_e4,train
data/raw/e4_sid_real/images/row-77387_bc773bbd4d80555c.jpg,0,real,sid_set_train_real_e4,train
data/raw/e4_sid_real/images/row-106103_2958f08c0b27b534.jpg,0,real,sid_set_train_real_e4,train
data/raw/e4_sid_real/images/row-103372_0193b2c01d7f55c6.jpg,0,real,sid_set_train_real_e4,train
data/raw/e4_sid_real/images/row-05429_e66c8fb69e260619.jpg,0,real,sid_set_train_real_e4,train
data/raw/e4_sid_real/images/row-193346_2af9bb1876c1954f.jpg,0,real,sid_set_train_real_e4,train
data/raw/e4_sid_real/images/row-177509_52e287df8619a92e.jpg,0,real,sid_set_train_real_e4,train
data/raw/e4_sid_real/images/row-124454_533c5fc1ea0b17ef.jpg,0,real,sid_set_train_real_e4,train
data/raw/e4_sid_real/images/row-160040_c01608a7a40778ac.jpg,0,real,sid_set_train_real_e4,train
data/raw/e4_sid_real/images/row-72145_d93c0c3091de8561.jpg,0,real,sid_set_train_real_e4,train
data/raw/e4_sid_real/images/row-05516_0d8a2e68e36a5e9d.jpg,0,real,sid_set_train_real_e4,train
data/raw/e4_sid_real/images/row-62578_e237433b499bd6b4.jpg,0,real,sid_set_train_real_e4,train
data/raw/e4_sid_real/images/row-30122_313d6ad5519894c7.jpg,0,real,sid_set_train_real_e4,train
data/raw/e4_sid_real/images/row-201403_cb6c0b3c041a8a04.jpg,0,real,sid_set_train_real_e4,train
data/raw/e4_sid_real/images/row-190927_2a4a4ee10b881b46.jpg,0,real,sid_set_train_real_e4,train
data/raw/e4_sid_real/images/row-161644_37cb7f79d598a57d.jpg,0,real,sid_set_train_real_e4,train
data/raw/e4_sid_real/images/row-05451_3f39fb1f339e6be8.jpg,0,real,sid_set_train_real_e4,train
data/raw/e4_sid_real/images/row-168198_490903e44b6d19c5.jpg,0,real,sid_set_train_real_e4,train
data/raw/e4_sid_real/images/row-23769_e575270f7494481f.jpg,0,real,sid_set_train_real_e4,train
data/raw/e4_sid_real/images/row-13964_2669fa16f301f293.jpg,0,real,sid_set_train_real_e4,train
data/raw/e4_sid_real/images/row-158570_0c4e26a2d8679fd3.jpg,0,real,sid_set_train_real_e4,train
data/raw/e4_sid_real/images/row-128456_86cc8e16072332d5.jpg,0,real,sid_set_train_real_e4,train
data/raw/e4_sid_real/images/row-179087_c567d6cb11513e9f.jpg,0,real,sid_set_train_real_e4,train
data/raw/e4_sid_real/images/row-164603_e9a46632ea19fd60.jpg,0,real,sid_set_train_real_e4,train
data/raw/e4_sid_real/images/row-64881_7c9a2f71bde99ffa.jpg,0,real,sid_set_train_real_e4,train
data/raw/e4_sid_real/images/row-147734_8b58cb6f9358c526.jpg,0,real,sid_set_train_real_e4,train
data/raw/e4_sid_real/images/row-119109_0030fdbd4f5597e7.jpg,0,real,sid_set_train_real_e4,train
data/raw/e4_sid_real/images/row-98476_d7e4217c69b2b508.jpg,0,real,sid_set_train_real_e4,train
data/raw/e4_sid_real/images/row-198483_0faea42adb077a3a.jpg,0,real,sid_set_train_real_e4,train
data/raw/e4_sid_real/images/row-120771_0003a16fad552328.jpg,0,real,sid_set_train_real_e4,train
data/raw/e4_sid_real/images/row-203435_6349354517033248.jpg,0,real,sid_set_train_real_e4,train
data/raw/e4_sid_real/images/row-105812_bee693d2a06094c9.jpg,0,real,sid_set_train_real_e4,train
data/raw/e4_sid_real/images/row-141200_9fe6810a89a03a3b.jpg,0,real,sid_set_train_real_e4,train
data/raw/e4_sid_real/images/row-109902_b29add2847564835.jpg,0,real,sid_set_train_real_e4,train
data/raw/e4_sid_real/images/row-13091_be6cc05395b3d8a8.jpg,0,real,sid_set_train_real_e4,train
data/raw/e4_sid_real/images/row-109908_0201239672bc1bfd.jpg,0,real,sid_set_train_real_e4,train
data/raw/e4_sid_real/images/row-128425_94e769e983d5b4e8.jpg,0,real,sid_set_train_real_e4,train
data/raw/e4_sid_real/images/row-119183_3ae3a5d5231260ac.jpg,0,real,sid_set_train_real_e4,train
data/raw/e4_sid_real/images/row-179001_82eac92b80ab1ba2.jpg,0,real,sid_set_train_real_e4,train
data/raw/e4_sid_real/images/row-105327_63ef266f4495700b.jpg,0,real,sid_set_train_real_e4,train
data/raw/e4_sid_real/images/row-96813_f49894b27ec4f760.jpg,0,real,sid_set_train_real_e4,train
data/raw/e4_sid_real/images/row-126386_1b04284ccc092f56.jpg,0,real,sid_set_train_real_e4,train
data/raw/e4_sid_real/images/row-144727_7f936397154e7279.jpg,0,real,sid_set_train_real_e4,train
data/raw/e4_sid_real/images/row-17196_7d9929331804e387.jpg,0,real,sid_set_train_real_e4,train
data/raw/e4_sid_real/images/row-72196_b696ff77fb3db25f.jpg,0,real,sid_set_train_real_e4,train
data/raw/e4_sid_real/images/row-23792_3b49579db01bd30c.jpg,0,real,sid_set_train_real_e4,train
data/raw/e4_sid_real/images/row-197722_b564f5d50c8c739e.jpg,0,real,sid_set_train_real_e4,train
data/raw/e4_sid_real/images/row-91229_b0ef47bc0a392ec8.jpg,0,real,sid_set_train_real_e4,train
data/raw/e4_sid_real/images/row-17136_5758f46c4945acdf.jpg,0,real,sid_set_train_real_e4,train
data/raw/e4_sid_real/images/row-151965_692442b3566f38a1.jpg,0,real,sid_set_train_real_e4,train
data/raw/e4_sid_real/images/row-63251_1d483d8ef6ee063b.jpg,0,real,sid_set_train_real_e4,train
data/raw/e4_sid_real/images/row-22897_c4a9661cc7db9e7e.jpg,0,real,sid_set_train_real_e4,train
data/raw/e4_sid_real/images/row-77378_343d8304103fc209.jpg,0,real,sid_set_train_real_e4,train
data/raw/e4_sid_real/images/row-132955_a60d63b631774386.jpg,0,real,sid_set_train_real_e4,train
data/raw/e4_sid_real/images/row-22824_297d3c2dddc6dcae.jpg,0,real,sid_set_train_real_e4,train
data/raw/e4_sid_real/images/row-103355_0f06507fd6e9940a.jpg,0,real,sid_set_train_real_e4,train
data/raw/e4_sid_real/images/row-16573_d63af7c3f42a3c73.jpg,0,real,sid_set_train_real_e4,train
data/raw/e4_sid_real/images/row-161614_48a5d7c5c8d277fa.jpg,0,real,sid_set_train_real_e4,train
data/raw/e4_sid_real/images/row-152079_64122d6316e8597e.jpg,0,real,sid_set_train_real_e4,train
data/raw/e4_sid_real/images/row-57845_3b4edc4ed6072829.jpg,0,real,sid_set_train_real_e4,train
data/raw/e4_sid_real/images/row-57053_bc4c9e5b9d5d128d.jpg,0,real,sid_set_train_real_e4,train
data/raw/e4_sid_real/images/row-34734_2b54d1902486b4d8.jpg,0,real,sid_set_train_real_e4,train
data/raw/e4_sid_real/images/row-05537_a024a4a1467ffa40.jpg,0,real,sid_set_train_real_e4,train
data/raw/e4_sid_real/images/row-64832_4257f95a5e9d5ad2.jpg,0,real,sid_set_train_real_e4,train
data/raw/e4_sid_real/images/row-166402_70098fac99472df4.jpg,0,real,sid_set_train_real_e4,train
data/raw/e4_sid_real/images/row-164658_431dab1a306607fe.jpg,0,real,sid_set_train_real_e4,train
data/raw/e4_sid_real/images/row-106193_aeda4791ae4a9fc9.jpg,0,real,sid_set_train_real_e4,train
data/raw/e4_sid_real/images/row-166440_061ac30e12808351.jpg,0,real,sid_set_train_real_e4,train
data/raw/e4_sid_real/images/row-22842_1ddb514784a205c6.jpg,0,real,sid_set_train_real_e4,train
data/raw/e4_sid_real/images/row-67451_a733246ad60edd15.jpg,0,real,sid_set_train_real_e4,train
data/raw/e4_sid_real/images/row-13009_96e7a3c42e4e0fe6.jpg,0,real,sid_set_train_real_e4,train
data/raw/e4_sid_real/images/row-147794_714eeb078ba04089.jpg,0,real,sid_set_train_real_e4,train
data/raw/e4_sid_real/images/row-162660_b1ea5562e81117cb.jpg,0,real,sid_set_train_real_e4,train
data/raw/e4_sid_real/images/row-175044_6e13fba0e503f0c4.jpg,0,real,sid_set_train_real_e4,train
data/raw/e4_sid_real/images/row-203655_74e4ae1087b2efa1.jpg,0,real,sid_set_train_real_e4,train
data/raw/e4_sid_real/images/row-06516_d8a415edffb8aee9.jpg,0,real,sid_set_train_real_e4,train
data/raw/e4_sid_real/images/row-124437_bca1236e7771d25a.jpg,0,real,sid_set_train_real_e4,train
data/raw/e4_sid_real/images/row-67438_38ab185125ae39b6.jpg,0,real,sid_set_train_real_e4,train
data/raw/e4_sid_real/images/row-175027_5b7331d5924a3f2a.jpg,0,real,sid_set_train_real_e4,train
data/raw/e4_sid_real/images/row-59293_1b900fd2a30aac71.jpg,0,real,sid_set_train_real_e4,train
data/raw/e4_sid_real/images/row-01996_c03e51dd1dc38289.jpg,0,real,sid_set_train_real_e4,train
data/raw/e4_sid_real/images/row-49368_b6aacef628f89f05.jpg,0,real,sid_set_train_real_e4,train
data/raw/e4_sid_real/images/row-54111_792a65ec98c2f7c7.jpg,0,real,sid_set_train_real_e4,train
data/raw/e4_sid_real/images/row-66925_2c5fab62f0674593.jpg,0,real,sid_set_train_real_e4,train
data/raw/e4_sid_real/images/row-157656_891da497d2908f41.jpg,0,real,sid_set_train_real_e4,train
data/raw/e4_sid_real/images/row-148047_45b3f27323172e71.jpg,0,real,sid_set_train_real_e4,train
data/raw/e4_sid_real/images/row-182015_9891fb8e58773939.jpg,0,real,sid_set_train_real_e4,train
data/raw/e4_sid_real/images/row-160012_1b954290257f94db.jpg,0,real,sid_set_train_real_e4,train
data/raw/e4_sid_real/images/row-198438_835cf551015053fe.jpg,0,real,sid_set_train_real_e4,train
data/raw/e4_sid_real/images/row-01972_5490c9f9a09ffa65.jpg,0,real,sid_set_train_real_e4,train
data/raw/e4_sid_real/images/row-206519_444159984f6f2c47.jpg,0,real,sid_set_train_real_e4,train
data/raw/e4_sid_real/images/row-77334_a4a38b0994f70b98.jpg,0,real,sid_set_train_real_e4,train
data/raw/e4_sid_real/images/row-105311_0ff7b9ad89989b23.jpg,0,real,sid_set_train_real_e4,train
data/raw/e4_sid_real/images/row-91207_2596d792b19b081b.jpg,0,real,sid_set_train_real_e4,train
data/raw/e4_sid_real/images/row-109911_416057db52a1b363.jpg,0,real,sid_set_train_real_e4,train
data/raw/e4_sid_real/images/row-100221_ac9422f4ec4c4374.jpg,0,real,sid_set_train_real_e4,train
data/raw/e4_sid_real/images/row-133355_692dc69ae6b7e106.jpg,0,real,sid_set_train_real_e4,train
data/raw/e4_sid_real/images/row-20484_09fd3f0199f2be7e.jpg,0,real,sid_set_train_real_e4,train
data/raw/e4_sid_real/images/row-64845_697ad0d7ce5f42da.jpg,0,real,sid_set_train_real_e4,train
data/raw/e4_sid_real/images/row-144793_dae6785cd8d8eb92.jpg,0,real,sid_set_train_real_e4,train
data/raw/e4_sid_real/images/row-22863_27d36a19a82a3df7.jpg,0,real,sid_set_train_real_e4,train
data/raw/e4_sid_real/images/row-199478_bd11617378982096.jpg,0,real,sid_set_train_real_e4,train
data/raw/e4_sid_real/images/row-177534_bc59410006da5fbb.jpg,0,real,sid_set_train_real_e4,train
data/raw/e4_sid_real/images/row-16530_ef7bfe7229aafedd.jpg,0,real,sid_set_train_real_e4,train
data/raw/e4_sid_real/images/row-140423_8e474943d64d73aa.jpg,0,real,sid_set_train_real_e4,train
data/raw/e4_sid_real/images/row-54644_77d1e825bdf98338.jpg,0,real,sid_set_train_real_e4,train
data/raw/e4_sid_real/images/row-106165_751d67350e39a843.jpg,0,real,sid_set_train_real_e4,train
data/raw/e4_sid_real/images/row-91305_852e7e6b75fb6f51.jpg,0,real,sid_set_train_real_e4,train
data/raw/e4_sid_real/images/row-16826_3802a025fcf168b6.jpg,0,real,sid_set_train_real_e4,train
data/raw/e4_sid_real/images/row-203476_001c5c7f6f162c31.jpg,0,real,sid_set_train_real_e4,train
data/raw/e4_sid_real/images/row-62577_24a896ecbf4df77c.jpg,0,real,sid_set_train_real_e4,train
data/raw/e4_sid_real/images/row-141275_c004f6f547c04512.jpg,0,real,sid_set_train_real_e4,train
data/raw/e4_sid_real/images/row-10929_8d062e39b7359969.jpg,0,real,sid_set_train_real_e4,train
data/raw/e4_sid_real/images/row-162647_5aae147f11ce7eb8.jpg,0,real,sid_set_train_real_e4,train
data/raw/e4_sid_real/images/row-133315_9a00f62363ff66ef.jpg,0,real,sid_set_train_real_e4,train
data/raw/e4_sid_real/images/row-117226_09c6bd1b74f550d6.jpg,0,real,sid_set_train_real_e4,train
data/raw/e4_sid_real/images/row-127824_3a7eb03109dae28f.jpg,0,real,sid_set_train_real_e4,train
data/raw/e4_sid_real/images/row-20456_a8c43935f2408215.jpg,0,real,sid_set_train_real_e4,train
data/raw/e4_sid_real/images/row-174876_7fcf952f053aff15.jpg,0,real,sid_set_train_real_e4,train
data/raw/e4_sid_real/images/row-57828_096eb0308df141a6.jpg,0,real,sid_set_train_real_e4,train
data/raw/e4_sid_real/images/row-57861_23a6376d91d90355.jpg,0,real,sid_set_train_real_e4,train
data/raw/e4_sid_real/images/row-157144_ee338431a642a9a9.jpg,0,real,sid_set_train_real_e4,train
data/raw/e4_sid_real/images/row-105381_ffd2f133f75558d3.jpg,0,real,sid_set_train_real_e4,train
data/raw/e4_sid_real/images/row-66534_d9a941cd86e44cc6.jpg,0,real,sid_set_train_real_e4,train
data/raw/e4_sid_real/images/row-77386_2c5bd0bdf15c84f0.jpg,0,real,sid_set_train_real_e4,train
data/raw/e4_sid_real/images/row-162642_33df8f500f0a53a5.jpg,0,real,sid_set_train_real_e4,train
data/raw/e4_sid_real/images/row-35365_14063944b1de5843.jpg,0,real,sid_set_train_real_e4,train
data/raw/e4_sid_real/images/row-199433_196e5be58bec221c.jpg,0,real,sid_set_train_real_e4,train
data/raw/e4_sid_real/images/row-72720_6f88e9d3a1a70c82.jpg,0,real,sid_set_train_real_e4,train
data/raw/e4_sid_real/images/row-167259_2d784da35913eceb.jpg,0,real,sid_set_train_real_e4,train
data/raw/e4_sid_real/images/row-66521_6d53bf46485ea887.jpg,0,real,sid_set_train_real_e4,train
data/raw/e4_sid_real/images/row-198993_79803cdc09366cd5.jpg,0,real,sid_set_train_real_e4,train
data/raw/e4_sid_real/images/row-23721_574fb60c4b916043.jpg,0,real,sid_set_train_real_e4,train
data/raw/e4_sid_real/images/row-140481_9427d3762f26b085.jpg,0,real,sid_set_train_real_e4,train
data/raw/e4_sid_real/images/row-49730_bc050e6a28cd6ce3.jpg,0,real,sid_set_train_real_e4,train
data/raw/e4_sid_real/images/row-57893_631f9bcccc92003c.jpg,0,real,sid_set_train_real_e4,train
data/raw/e4_sid_real/images/row-59287_83e9c83ef196f496.jpg,0,real,sid_set_train_real_e4,train
data/raw/e4_sid_real/images/row-13043_ad92b8d9373633fc.jpg,0,real,sid_set_train_real_e4,train
data/raw/e4_sid_real/images/row-193608_b7c85416273b2415.jpg,0,real,sid_set_train_real_e4,train
data/raw/e4_sid_real/images/row-96823_0e68c84f9860ccf8.jpg,0,real,sid_set_train_real_e4,train
data/raw/e4_sid_real/images/row-160079_ea3b327b2fc89363.jpg,0,real,sid_set_train_real_e4,train
data/raw/e4_sid_real/images/row-117246_b73056eabfec4ca8.jpg,0,real,sid_set_train_real_e4,train
data/raw/e4_sid_real/images/row-117260_95eae8df2a3726d6.jpg,0,real,sid_set_train_real_e4,train
data/raw/e4_sid_real/images/row-164695_8646262f54fbcc01.jpg,0,real,sid_set_train_real_e4,train
data/raw/e4_sid_real/images/row-57833_c5dd3b20d0b76cab.jpg,0,real,sid_set_train_real_e4,train
data/raw/e4_sid_real/images/row-52967_e13759efc56bb94e.jpg,0,real,sid_set_train_real_e4,train
data/raw/e4_sid_real/images/row-178445_02a1505927640ef6.jpg,0,real,sid_set_train_real_e4,train
data/raw/e4_sid_real/images/row-174836_d71557102e9835e6.jpg,0,real,sid_set_train_real_e4,train
data/raw/e4_sid_real/images/row-105878_76d4e06f91b662fc.jpg,0,real,sid_set_train_real_e4,train
data/raw/e4_sid_real/images/row-174841_f58c91e8e7f55c8d.jpg,0,real,sid_set_train_real_e4,train
data/raw/e4_sid_real/images/row-54648_ce1b18467d454bcd.jpg,0,real,sid_set_train_real_e4,train
data/raw/e4_sid_real/images/row-160058_90dc47b359d972a6.jpg,0,real,sid_set_train_real_e4,train
data/raw/e4_sid_real/images/row-132981_aa5fef73f3847267.jpg,0,real,sid_set_train_real_e4,train
data/raw/e4_sid_real/images/row-23747_d913e5e0781ae1cb.jpg,0,real,sid_set_train_real_e4,train
data/raw/e4_sid_real/images/row-16815_0b530358d12234ca.jpg,0,real,sid_set_train_real_e4,train
data/raw/e4_sid_real/images/row-141272_c7dbed1f5e31af21.jpg,0,real,sid_set_train_real_e4,train
data/raw/e4_sid_real/images/row-152064_a10e0d892dd44872.jpg,0,real,sid_set_train_real_e4,train
data/raw/e4_sid_real/images/row-64863_b4e7a0b982eddddb.jpg,0,real,sid_set_train_real_e4,train
data/raw/e4_sid_real/images/row-160026_4971c42471f7280f.jpg,0,real,sid_set_train_real_e4,train
data/raw/e4_sid_real/images/row-189206_f3fd03591a019cf3.jpg,0,real,sid_set_train_real_e4,train
data/raw/e4_sid_real/images/row-147241_e41d956e50521425.jpg,0,real,sid_set_train_real_e4,train
data/raw/e4_sid_real/images/row-198376_fbc14a47e1960038.jpg,0,real,sid_set_train_real_e4,train
data/raw/e4_sid_real/images/row-197730_cbd43041f8b600c5.jpg,0,real,sid_set_train_real_e4,train
data/raw/e4_sid_real/images/row-70610_addcf8bb613b9877.jpg,0,real,sid_set_train_real_e4,train
data/raw/e4_sid_real/images/row-70662_245aaf76a51637ff.jpg,0,real,sid_set_train_real_e4,train
data/raw/e4_sid_real/images/row-52988_78fa9a95957cae65.jpg,0,real,sid_set_train_real_e4,train
data/raw/e4_sid_real/images/row-17162_3b18effcd923e646.jpg,0,real,sid_set_train_real_e4,train
data/raw/e4_sid_real/images/row-66590_484cad3c73fbae34.jpg,0,real,sid_set_train_real_e4,train
data/raw/e4_sid_real/images/row-91372_2161b0948c5ff3a2.jpg,0,real,sid_set_train_real_e4,train
data/raw/e4_sid_real/images/row-201018_61e56135880b8f95.jpg,0,real,sid_set_train_real_e4,train
data/raw/e4_sid_real/images/row-72797_cf531cefff2e6e50.jpg,0,real,sid_set_train_real_e4,train
data/raw/e4_sid_real/images/row-74367_ac9d28e9a84628da.jpg,0,real,sid_set_train_real_e4,train
data/raw/e4_sid_real/images/row-189256_aaff86f3410a4134.jpg,0,real,sid_set_train_real_e4,train
data/raw/e4_sid_real/images/row-54175_578a4c790eb8469a.jpg,0,real,sid_set_train_real_e4,train
data/raw/e4_sid_real/images/row-05608_c3f1f2f4436f43c8.jpg,0,real,sid_set_train_real_e4,train
data/raw/e4_sid_real/images/row-54694_bc9dc18b5c9e33d6.jpg,0,real,sid_set_train_real_e4,train
data/raw/e4_sid_real/images/row-96896_2ab06c7b49c8c207.jpg,0,real,sid_set_train_real_e4,train
data/raw/e4_sid_real/images/row-01952_79f1e20065169040.jpg,0,real,sid_set_train_real_e4,train
data/raw/e4_sid_real/images/row-05559_edee8658f77dd42a.jpg,0,real,sid_set_train_real_e4,train
data/raw/e4_sid_real/images/row-161656_29424b7a1926ec4e.jpg,0,real,sid_set_train_real_e4,train
data/raw/e4_sid_real/images/row-23736_699c1416d9e8ba78.jpg,0,real,sid_set_train_real_e4,train
data/raw/e4_sid_real/images/row-201066_fbf3af0cfcfca2a1.jpg,0,real,sid_set_train_real_e4,train
data/raw/e4_sid_real/images/row-07581_ba1352aa75bff963.jpg,0,real,sid_set_train_real_e4,train
data/raw/e4_sid_real/images/row-30180_fecf6717377772a7.jpg,0,real,sid_set_train_real_e4,train
data/raw/e4_sid_real/images/row-190954_39e38db4a71ae136.jpg,0,real,sid_set_train_real_e4,train
data/raw/e4_sid_real/images/row-158521_691e5a29f692e3fa.jpg,0,real,sid_set_train_real_e4,train
data/raw/e4_sid_real/images/row-182034_a43c72283a710637.jpg,0,real,sid_set_train_real_e4,train
data/raw/e4_sid_real/images/row-117939_374fa064fea78a27.jpg,0,real,sid_set_train_real_e4,train
data/raw/e4_sid_real/images/row-170977_2fab8a995c86d539.jpg,0,real,sid_set_train_real_e4,train
data/raw/e4_sid_real/images/row-32835_42540f4caa46103f.jpg,0,real,sid_set_train_real_e4,train
data/raw/e4_sid_real/images/row-52936_a96e64bf97fbb52e.jpg,0,real,sid_set_train_real_e4,train
data/raw/e4_sid_real/images/row-105343_a6448e37e14e7e91.jpg,0,real,sid_set_train_real_e4,train
data/raw/e4_sid_real/images/row-30104_d2fb0985d3023545.jpg,0,real,sid_set_train_real_e4,train
data/raw/e4_sid_real/images/row-124418_59d6327fef8201d7.jpg,0,real,sid_set_train_real_e4,train
data/raw/e4_sid_real/images/row-141253_51d38516c5383f16.jpg,0,real,sid_set_train_real_e4,train
data/raw/e4_sid_real/images/row-117286_ec9d6c6db2b9b102.jpg,0,real,sid_set_train_real_e4,train
data/raw/e4_sid_real/images/row-59233_76cdfee12dd89d67.jpg,0,real,sid_set_train_real_e4,train
data/raw/e4_sid_real/images/row-140489_0ef07926d3f3e57c.jpg,0,real,sid_set_train_real_e4,train
data/raw/e4_sid_real/images/row-16872_bc0c150774d0e62c.jpg,0,real,sid_set_train_real_e4,train
data/raw/e4_sid_real/images/row-163737_a756ad62dfb67424.jpg,0,real,sid_set_train_real_e4,train
data/raw/e4_sid_real/images/row-28595_2210696d50d18077.jpg,0,real,sid_set_train_real_e4,train
data/raw/e4_sid_real/images/row-49570_1bba429fd79dc2fd.jpg,0,real,sid_set_train_real_e4,train
data/raw/e4_sid_real/images/row-60370_c080ba14c17da4fa.jpg,0,real,sid_set_train_real_e4,train
data/raw/e4_sid_real/images/row-63241_acfe6474e920d618.jpg,0,real,sid_set_train_real_e4,train
data/raw/e4_sid_real/images/row-57160_c21851fa3de24de4.jpg,0,real,sid_set_train_real_e4,train
data/raw/e4_sid_real/images/row-183602_46fbf46370c4888f.jpg,0,real,sid_set_train_real_e4,train
data/raw/e4_sid_real/images/row-166741_dc5ed3b21666c65f.jpg,0,real,sid_set_train_real_e4,train
data/raw/e4_sid_real/images/row-163714_582131d6a4bdd5b2.jpg,0,real,sid_set_train_real_e4,train
data/raw/e4_sid_real/images/row-66911_a34261429b3d5161.jpg,0,real,sid_set_train_real_e4,train
data/raw/e4_sid_real/images/row-105802_409f1846d67ddbb0.jpg,0,real,sid_set_train_real_e4,train
data/raw/e4_sid_real/images/row-60336_a2c453c5f4ebd59e.jpg,0,real,sid_set_train_real_e4,train
data/raw/e4_sid_real/images/row-140448_c08211faa0184c8a.jpg,0,real,sid_set_train_real_e4,train
data/raw/e4_sid_real/images/row-91374_f93e2561dea5b8d8.jpg,0,real,sid_set_train_real_e4,train
data/raw/e4_sid_real/images/row-95414_efabffa6a2fa06fa.jpg,0,real,sid_set_train_real_e4,train
data/raw/e4_sid_real/images/row-91282_154f5d72f6349d2c.jpg,0,real,sid_set_train_real_e4,train
data/raw/e4_sid_real/images/row-120731_919ebd370669422f.jpg,0,real,sid_set_train_real_e4,train
data/raw/e4_sid_real/images/row-121664_b6ad9b4355066e40.jpg,0,real,sid_set_train_real_e4,train
data/raw/e4_sid_real/images/row-121635_7509bc7d00dcece5.jpg,0,real,sid_set_train_real_e4,train
data/raw/e4_sid_real/images/row-49396_26051f9d2690949c.jpg,0,real,sid_set_train_real_e4,train
data/raw/e4_sid_real/images/row-179062_63f582c9cc962e18.jpg,0,real,sid_set_train_real_e4,train
data/raw/e4_sid_real/images/row-179002_3312ad8c16cf876b.jpg,0,real,sid_set_train_real_e4,train
data/raw/e4_sid_real/images/row-109915_fc91fa8422713319.jpg,0,real,sid_set_train_real_e4,train
data/raw/e4_sid_real/images/row-77340_ca90afa477833d30.jpg,0,real,sid_set_train_real_e4,train
data/raw/e4_sid_real/images/row-13962_7ffcb55fb09e31cf.jpg,0,real,sid_set_train_real_e4,train
data/raw/e4_sid_real/images/row-199477_d9fa3cad1d409f7d.jpg,0,real,sid_set_train_real_e4,train
data/raw/e4_sid_real/images/row-200948_904d2d22e53c8534.jpg,0,real,sid_set_train_real_e4,train
data/raw/e4_sid_real/images/row-174817_e374d51f5e9cb437.jpg,0,real,sid_set_train_real_e4,train
data/raw/e4_sid_real/images/row-59211_4f1db420dcb75295.jpg,0,real,sid_set_train_real_e4,train
data/raw/e4_sid_real/images/row-104671_e81d64009e338258.jpg,0,real,sid_set_train_real_e4,train
data/raw/e4_sid_real/images/row-121673_59ba09a048fde1e1.jpg,0,real,sid_set_train_real_e4,train
data/raw/e4_sid_real/images/row-148078_9827ec90c4f5d1fa.jpg,0,real,sid_set_train_real_e4,train
data/raw/e4_sid_real/images/row-28574_9ae637277b4fdbcb.jpg,0,real,sid_set_train_real_e4,train
data/raw/e4_sid_real/images/row-10940_803dc9884286e976.jpg,0,real,sid_set_train_real_e4,train
data/raw/e4_sid_real/images/row-05644_06374e6ac68d29bf.jpg,0,real,sid_set_train_real_e4,train
data/raw/e4_sid_real/images/row-126323_39d44e010dc345c5.jpg,0,real,sid_set_train_real_e4,train
data/raw/e4_sid_real/images/row-35356_08062a05cceebb22.jpg,0,real,sid_set_train_real_e4,train
data/raw/e4_sid_real/images/row-32882_5f4ef12759821fbe.jpg,0,real,sid_set_train_real_e4,train
data/raw/e4_sid_real/images/row-203679_1e5506d9b0a4a759.jpg,0,real,sid_set_train_real_e4,train
data/raw/e4_sid_real/images/row-182028_84a2a1e132a87c52.jpg,0,real,sid_set_train_real_e4,train
data/raw/e4_sid_real/images/row-201482_9ff76946d0c464ac.jpg,0,real,sid_set_train_real_e4,train
data/raw/e4_sid_real/images/row-13002_4b87a6c7f48c4f1a.jpg,0,real,sid_set_train_real_e4,train
data/raw/e4_sid_real/images/row-07552_6bc2c59868e2dc16.jpg,0,real,sid_set_train_real_e4,train
data/raw/e4_sid_real/images/row-66585_e0907edd8206b235.jpg,0,real,sid_set_train_real_e4,train
data/raw/e4_sid_real/images/row-170912_e8fb9004f4f4f925.jpg,0,real,sid_set_train_real_e4,train
data/raw/e4_sid_real/images/row-106172_60e8a2f8720df361.jpg,0,real,sid_set_train_real_e4,train
data/raw/e4_sid_real/images/row-128423_4578df876b2b46d3.jpg,0,real,sid_set_train_real_e4,train
data/raw/e4_sid_real/images/row-104642_cfa940c11fe41723.jpg,0,real,sid_set_train_real_e4,train
data/raw/e4_sid_real/images/row-198329_0fa690cf5625f826.jpg,0,real,sid_set_train_real_e4,train
data/raw/e4_sid_real/images/row-104478_1ca9f7bf210494be.jpg,0,real,sid_set_train_real_e4,train
data/raw/e4_sid_real/images/row-141279_e2f5229289dbe28b.jpg,0,real,sid_set_train_real_e4,train
data/raw/e4_sid_real/images/row-16577_03500a8c472268a9.jpg,0,real,sid_set_train_real_e4,train
data/raw/e4_sid_real/images/row-141251_65e568b0c278e928.jpg,0,real,sid_set_train_real_e4,train
data/raw/e4_sid_real/images/row-145664_e3bcf99f35505169.jpg,0,real,sid_set_train_real_e4,train
data/raw/e4_sid_real/images/row-67467_e4ddcb2e088249d0.jpg,0,real,sid_set_train_real_e4,train
data/raw/e4_sid_real/images/row-74331_3d988ec33b234d46.jpg,0,real,sid_set_train_real_e4,train
data/raw/e4_sid_real/images/row-182097_40ab29065ce85f20.jpg,0,real,sid_set_train_real_e4,train
data/raw/e4_sid_real/images/row-32847_9a951234c1d27ec8.jpg,0,real,sid_set_train_real_e4,train
data/raw/e4_sid_real/images/row-105805_3041eefbd104ff42.jpg,0,real,sid_set_train_real_e4,train
data/raw/e4_sid_real/images/row-01233_07927471ed180fbc.jpg,0,real,sid_set_train_real_e4,train
data/raw/e4_sid_real/images/row-91394_07c2b442669def0b.jpg,0,real,sid_set_train_real_e4,train
data/raw/e4_sid_real/images/row-201419_10987cd4bb6f0b76.jpg,0,real,sid_set_train_real_e4,train
data/raw/e4_sid_real/images/row-126349_7db6806c9b7d2c37.jpg,0,real,sid_set_train_real_e4,train
data/raw/e4_sid_real/images/row-161600_67c61d530bcdce2a.jpg,0,real,sid_set_train_real_e4,train
data/raw/e4_sid_real/images/row-166451_03e08eb1a5d85a0e.jpg,0,real,sid_set_train_real_e4,train
data/raw/e4_sid_real/images/row-30139_5800c01fe85825b9.jpg,0,real,sid_set_train_real_e4,train
data/raw/e4_sid_real/images/row-73989_332a8cbdf6d00c27.jpg,0,real,sid_set_train_real_e4,train
data/raw/e4_sid_real/images/row-193398_d46e6b6719a2e874.jpg,0,real,sid_set_train_real_e4,train
data/raw/e4_sid_real/images/row-49718_8b200ac157e16399.jpg,0,real,sid_set_train_real_e4,train
data/raw/e4_sid_real/images/row-22822_09a49bc5cf58b847.jpg,0,real,sid_set_train_real_e4,train
data/raw/e4_sid_real/images/row-34793_99d5bb7607d397bd.jpg,0,real,sid_set_train_real_e4,train
data/raw/e4_sid_real/images/row-142845_becdb90bf6ab8918.jpg,0,real,sid_set_train_real_e4,train
data/raw/e4_sid_real/images/row-203481_8eeeb6607f0eaff5.jpg,0,real,sid_set_train_real_e4,train
data/raw/e4_sid_real/images/row-168124_d56fd1b0a9a666c7.jpg,0,real,sid_set_train_real_e4,train
data/raw/e4_sid_real/images/row-62560_5e81b4272ff75e3e.jpg,0,real,sid_set_train_real_e4,train
data/raw/e4_sid_real/images/row-133372_96f203d4065fcb1c.jpg,0,real,sid_set_train_real_e4,train
data/raw/e4_sid_real/images/row-198303_922547667574272a.jpg,0,real,sid_set_train_real_e4,train
data/raw/e4_sid_real/images/row-147779_8319e6e820d84d24.jpg,0,real,sid_set_train_real_e4,train
data/raw/e4_sid_real/images/row-140441_263e0af3dfaf8795.jpg,0,real,sid_set_train_real_e4,train
data/raw/e4_sid_real/images/row-49338_23d9e1d3664f3c8b.jpg,0,real,sid_set_train_real_e4,train
data/raw/e4_sid_real/images/row-02883_5b609fbd750ce438.jpg,0,real,sid_set_train_real_e4,train
data/raw/e4_sid_real/images/row-193661_ab33cbe185e00498.jpg,0,real,sid_set_train_real_e4,train
data/raw/e4_sid_real/images/row-198359_ccdf50762c37d546.jpg,0,real,sid_set_train_real_e4,train
data/raw/e4_sid_real/images/row-56383_15604071d60c0968.jpg,0,real,sid_set_train_real_e4,train
data/raw/e4_sid_real/images/row-87679_b20c3ba6c5d40fcf.jpg,0,real,sid_set_train_real_e4,train
data/raw/e4_sid_real/images/row-127829_2fe103b358f961db.jpg,0,real,sid_set_train_real_e4,train
data/raw/e4_sid_real/images/row-43281_b44feca0a0ec218b.jpg,0,real,sid_set_train_real_e4,train
data/raw/e4_sid_real/images/row-182089_0901be2d3061aa60.jpg,0,real,sid_set_train_real_e4,train
data/raw/e4_sid_real/images/row-32894_fa68054b5f5832fd.jpg,0,real,sid_set_train_real_e4,train
data/raw/e4_sid_real/images/row-95427_b803d9be65deaa73.jpg,0,real,sid_set_train_real_e4,train
data/raw/e4_sid_real/images/row-63200_3f66d0929bef9b49.jpg,0,real,sid_set_train_real_e4,train
data/raw/e4_sid_real/images/row-141219_8ceb0e12284dac90.jpg,0,real,sid_set_train_real_e4,train
data/raw/e4_sid_real/images/row-199442_9cf142576e96dd49.jpg,0,real,sid_set_train_real_e4,train
data/raw/e4_sid_real/images/row-80412_23ef2114f9aa6cec.jpg,0,real,sid_set_train_real_e4,train
data/raw/e4_sid_real/images/row-177505_7763f5aa14765670.jpg,0,real,sid_set_train_real_e4,train
data/raw/e4_sid_real/images/row-70664_2a101f9cc2abdaf0.jpg,0,real,sid_set_train_real_e4,train
data/raw/e4_sid_real/images/row-149364_41099e331720e489.jpg,0,real,sid_set_train_real_e4,train
data/raw/e4_sid_real/images/row-87600_c4d74ecdf1ff45a4.jpg,0,real,sid_set_train_real_e4,train
data/raw/e4_sid_real/images/row-157698_ca1146428129aa3e.jpg,0,real,sid_set_train_real_e4,train
data/raw/e4_sid_real/images/row-119160_772850bc0fb9e17c.jpg,0,real,sid_set_train_real_e4,train
data/raw/e4_sid_real/images/row-163781_39c9c15096cc8811.jpg,0,real,sid_set_train_real_e4,train
data/raw/e4_sid_real/images/row-104410_bae60fe3b9bbbed5.jpg,0,real,sid_set_train_real_e4,train
data/raw/e4_sid_real/images/row-109990_d82dd134533841da.jpg,0,real,sid_set_train_real_e4,train
data/raw/e4_sid_real/images/row-05699_7f158fde04a126f8.jpg,0,real,sid_set_train_real_e4,train
data/raw/e4_sid_real/images/row-141243_855c8da77c61c98f.jpg,0,real,sid_set_train_real_e4,train
data/raw/e4_sid_real/images/row-182025_2bd2810b58815813.jpg,0,real,sid_set_train_real_e4,train
data/raw/e4_sid_real/images/row-189295_57b994ab5635d3e6.jpg,0,real,sid_set_train_real_e4,train
data/raw/e4_sid_real/images/row-132909_bcee0b18496f4cac.jpg,0,real,sid_set_train_real_e4,train
data/raw/e4_sid_real/images/row-148030_e7d2c52bc2859df3.jpg,0,real,sid_set_train_real_e4,train
data/raw/e4_sid_real/images/row-132936_dd5d821e925c06c5.jpg,0,real,sid_set_train_real_e4,train
data/raw/e4_sid_real/images/row-06554_0b341d529c3be630.jpg,0,real,sid_set_train_real_e4,train
data/raw/e4_sid_real/images/row-52951_ca981cdf5289f9e9.jpg,0,real,sid_set_train_real_e4,train
data/raw/e4_sid_real/images/row-133337_c0ec3e9475c2bffc.jpg,0,real,sid_set_train_real_e4,train
data/raw/e4_sid_real/images/row-182092_3274d488fbabec51.jpg,0,real,sid_set_train_real_e4,train
data/raw/e4_sid_real/images/row-166438_6908d8e2c73f3de5.jpg,0,real,sid_set_train_real_e4,train
data/raw/e4_sid_real/images/row-105886_d5c68eee3d1c60a0.jpg,0,real,sid_set_train_real_e4,train
data/raw/e4_sid_real/images/row-171278_a1443088db87b2cd.jpg,0,real,sid_set_train_real_e4,train
data/raw/e4_sid_real/images/row-152070_a6ebc989965941e9.jpg,0,real,sid_set_train_real_e4,train
data/raw/e4_sid_real/images/row-158536_0f3eb9c15a98d125.jpg,0,real,sid_set_train_real_e4,train
data/raw/e4_sid_real/images/row-73941_4dcdd15df2c3dd36.jpg,0,real,sid_set_train_real_e4,train
data/raw/e4_sid_real/images/row-148019_6a1dcc9f05ab797f.jpg,0,real,sid_set_train_real_e4,train
data/raw/e4_sid_real/images/row-109929_06aa1d434f63b8c7.jpg,0,real,sid_set_train_real_e4,train
data/raw/e4_sid_real/images/row-119193_1448b3bb8a78f5a0.jpg,0,real,sid_set_train_real_e4,train
data/raw/e4_sid_real/images/row-49756_345f7bc25b0971d3.jpg,0,real,sid_set_train_real_e4,train
data/raw/e4_sid_real/images/row-202168_c11c10387d6a82b1.jpg,0,real,sid_set_train_real_e4,train
data/raw/e4_sid_real/images/row-28568_7879fef99d5c15b7.jpg,0,real,sid_set_train_real_e4,train
data/raw/e4_sid_real/images/row-198353_4aafb96c5b5718c0.jpg,0,real,sid_set_train_real_e4,train
data/raw/e4_sid_real/images/row-20492_a963e8326f3b2691.jpg,0,real,sid_set_train_real_e4,train
data/raw/e4_sid_real/images/row-74318_610e6607952a2b88.jpg,0,real,sid_set_train_real_e4,train
data/raw/e4_sid_real/images/row-32868_90805d2ff6216659.jpg,0,real,sid_set_train_real_e4,train
data/raw/e4_sid_real/images/row-07515_98c5ac41369f887c.jpg,0,real,sid_set_train_real_e4,train
data/raw/e4_sid_real/images/row-145646_5a725ff5bb72299e.jpg,0,real,sid_set_train_real_e4,train
data/raw/e4_sid_real/images/row-166458_00a50163a02133f3.jpg,0,real,sid_set_train_real_e4,train
data/raw/e4_sid_real/images/row-199205_e125a355a52c31a6.jpg,0,real,sid_set_train_real_e4,train
data/raw/e4_sid_real/images/row-103304_d91b7053cfc760e5.jpg,0,real,sid_set_train_real_e4,train
data/raw/e4_sid_real/images/row-104472_f0c5a6e675b6a4e4.jpg,0,real,sid_set_train_real_e4,train
data/raw/e4_sid_real/images/row-160015_ec73a349154b1f7d.jpg,0,real,sid_set_train_real_e4,train
data/raw/e4_sid_real/images/row-23702_273848178d186e12.jpg,0,real,sid_set_train_real_e4,train
data/raw/e4_sid_real/images/row-105383_872894038c23b9ce.jpg,0,real,sid_set_train_real_e4,train
data/raw/e4_sid_real/images/row-87621_2766c231ef864dfd.jpg,0,real,sid_set_train_real_e4,train
data/raw/e4_sid_real/images/row-49348_851b61633affbee4.jpg,0,real,sid_set_train_real_e4,train
data/raw/e4_sid_real/images/row-06541_c4a33b8d1e22b958.jpg,0,real,sid_set_train_real_e4,train
data/raw/e4_sid_real/images/row-95476_793b54bc78681cc4.jpg,0,real,sid_set_train_real_e4,train
data/raw/e4_sid_real/images/row-22890_1711998f2ccfa848.jpg,0,real,sid_set_train_real_e4,train
data/raw/e4_sid_real/images/row-157654_4f111f4a09e80502.jpg,0,real,sid_set_train_real_e4,train
data/raw/e4_sid_real/images/row-66904_8c3c9c9b0a50413c.jpg,0,real,sid_set_train_real_e4,train
data/raw/e4_sid_real/images/row-95430_363dc48544eddd8a.jpg,0,real,sid_set_train_real_e4,train
data/raw/e4_sid_real/images/row-104646_9b1fbdd7094bf9ea.jpg,0,real,sid_set_train_real_e4,train
data/raw/e4_sid_real/images/row-06561_d71ea5d3ce26141b.jpg,0,real,sid_set_train_real_e4,train
data/raw/e4_sid_real/images/row-16827_86210a35b57ce57f.jpg,0,real,sid_set_train_real_e4,train
data/raw/e4_sid_real/images/row-147256_62cfb288e85d9f76.jpg,0,real,sid_set_train_real_e4,train
data/raw/e4_sid_real/images/row-189222_d5bfe6f85535ba48.jpg,0,real,sid_set_train_real_e4,train
data/raw/e4_sid_real/images/row-49793_33262c913e91667d.jpg,0,real,sid_set_train_real_e4,train
data/raw/e4_sid_real/images/row-31331_7bf10faebf609c1a.jpg,0,real,sid_set_train_real_e4,train
data/raw/e4_sid_real/images/row-30197_f0ad6ddb1ab6c6db.jpg,0,real,sid_set_train_real_e4,train
data/raw/e4_sid_real/images/row-161670_8e3d43c84cac815b.jpg,0,real,sid_set_train_real_e4,train
data/raw/e4_sid_real/images/row-145604_3bddc4f09fd7bf15.jpg,0,real,sid_set_train_real_e4,train
data/raw/e4_sid_real/images/row-103364_f369c408b1eef7c0.jpg,0,real,sid_set_train_real_e4,train
data/raw/e4_sid_real/images/row-105870_34b26fbb57e03216.jpg,0,real,sid_set_train_real_e4,train
data/raw/e4_sid_real/images/row-98448_8656a1f9baf88518.jpg,0,real,sid_set_train_real_e4,train
data/raw/e4_sid_real/images/row-02866_8c67092058bed8e1.jpg,0,real,sid_set_train_real_e4,train
data/raw/e4_sid_real/images/row-126321_055ee628524ac325.jpg,0,real,sid_set_train_real_e4,train
data/raw/e4_sid_real/images/row-202153_4b6b73eb5599fcc8.jpg,0,real,sid_set_train_real_e4,train
data/raw/e4_sid_real/images/row-193680_3cc42725e3102536.jpg,0,real,sid_set_train_real_e4,train
data/raw/e4_sid_real/images/row-91294_1b96d2e9aa3400a0.jpg,0,real,sid_set_train_real_e4,train
data/raw/e4_sid_real/images/row-167272_0a494f758874053a.jpg,0,real,sid_set_train_real_e4,train
data/raw/e4_sid_real/images/row-189261_e1d542a6b535500f.jpg,0,real,sid_set_train_real_e4,train
data/raw/e4_sid_real/images/row-193697_3c7946e1b2895b2a.jpg,0,real,sid_set_train_real_e4,train
data/raw/e4_sid_real/images/row-206571_5c6a7337783de911.jpg,0,real,sid_set_train_real_e4,train
data/raw/e4_sid_real/images/row-105873_0000599864fd15b3.jpg,0,real,sid_set_train_real_e4,train
data/raw/e4_sid_real/images/row-167251_29618de79d9e7232.jpg,0,real,sid_set_train_real_e4,train
data/raw/e4_sid_real/images/row-126324_0db3bba8465286cd.jpg,0,real,sid_set_train_real_e4,train
data/raw/e4_sid_real/images/row-95469_6f6f7768eafcde91.jpg,0,real,sid_set_train_real_e4,train
data/raw/e4_sid_real/images/row-167274_0f009b4bb1761c5c.jpg,0,real,sid_set_train_real_e4,train
data/raw/e4_sid_real/images/row-147236_454ec4c251ce8823.jpg,0,real,sid_set_train_real_e4,train
data/raw/e4_sid_real/images/row-64874_7afa9e8e3c9f033f.jpg,0,real,sid_set_train_real_e4,train
data/raw/e4_sid_real/images/row-52931_d07642cf0b415186.jpg,0,real,sid_set_train_real_e4,train
data/raw/e4_sid_real/images/row-175097_04e7f74dafd88509.jpg,0,real,sid_set_train_real_e4,train
data/raw/e4_sid_real/images/row-57029_21a065532d69aff3.jpg,0,real,sid_set_train_real_e4,train
data/raw/e4_sid_real/images/row-201058_86ba350eb7ff7ef7.jpg,0,real,sid_set_train_real_e4,train
data/raw/e4_sid_real/images/row-72173_09cac8b91b669947.jpg,0,real,sid_set_train_real_e4,train
data/raw/e4_sid_real/images/row-158526_e51873e27a6676a5.jpg,0,real,sid_set_train_real_e4,train
data/raw/e4_sid_real/images/row-167249_52c597bd3d039812.jpg,0,real,sid_set_train_real_e4,train
data/raw/e4_sid_real/images/row-56352_0ea6b77bad6c5f99.jpg,0,real,sid_set_train_real_e4,train
data/raw/e4_sid_real/images/row-163728_3b74791bb723a56b.jpg,0,real,sid_set_train_real_e4,train
data/raw/e4_sid_real/images/row-62557_bc943f5965a3ff00.jpg,0,real,sid_set_train_real_e4,train
data/raw/e4_sid_real/images/row-66588_ae447e647612f425.jpg,0,real,sid_set_train_real_e4,train
data/raw/e4_sid_real/images/row-31395_0c3d4454a7e1bd6b.jpg,0,real,sid_set_train_real_e4,train
data/raw/e4_sid_real/images/row-121683_7b8f6937b0d27906.jpg,0,real,sid_set_train_real_e4,train
data/raw/e4_sid_real/images/row-117262_02571450a113934c.jpg,0,real,sid_set_train_real_e4,train
data/raw/e4_sid_real/images/row-105861_091606631ad329c7.jpg,0,real,sid_set_train_real_e4,train
data/raw/e4_sid_real/images/row-168130_148b7a954065a378.jpg,0,real,sid_set_train_real_e4,train
data/raw/e4_sid_real/images/row-126336_509596f1a749815e.jpg,0,real,sid_set_train_real_e4,train
data/raw/e4_sid_real/images/row-163753_ec20df9b97bfefe7.jpg,0,real,sid_set_train_real_e4,train
data/raw/e4_sid_real/images/row-87639_31a57953d43ba125.jpg,0,real,sid_set_train_real_e4,train
data/raw/e4_sid_real/images/row-124446_6be18c71dd32f7fe.jpg,0,real,sid_set_train_real_e4,train
data/raw/e4_sid_real/images/row-106108_0fe59290c54ad996.jpg,0,real,sid_set_train_real_e4,train
data/raw/e4_sid_real/images/row-54192_60b67c0fd246f63f.jpg,0,real,sid_set_train_real_e4,train
data/raw/e4_sid_real/images/row-34755_75cb731832acaa87.jpg,0,real,sid_set_train_real_e4,train
data/raw/e4_sid_real/images/row-30150_39928287f7d17e35.jpg,0,real,sid_set_train_real_e4,train
data/raw/e4_sid_real/images/row-117951_2c2613b3ed67facb.jpg,0,real,sid_set_train_real_e4,train
data/raw/e4_sid_real/images/row-160090_5c98226072857c06.jpg,0,real,sid_set_train_real_e4,train
data/raw/e4_sid_real/images/row-34758_c636d0e33de6cd96.jpg,0,real,sid_set_train_real_e4,train
data/raw/e4_sid_real/images/row-91302_5b25570d06b56945.jpg,0,real,sid_set_train_real_e4,train
data/raw/e4_sid_real/images/row-199225_f02b323d2058755f.jpg,0,real,sid_set_train_real_e4,train
data/raw/e4_sid_real/images/row-13074_4b777d034a21779c.jpg,0,real,sid_set_train_real_e4,train
data/raw/e4_sid_real/images/row-199262_46df56b74f5fb000.jpg,0,real,sid_set_train_real_e4,train
data/raw/e4_sid_real/images/row-23745_6d597fa84a5ecf19.jpg,0,real,sid_set_train_real_e4,train
data/raw/e4_sid_real/images/row-74374_4f6720e1a7d20be9.jpg,0,real,sid_set_train_real_e4,train
data/raw/e4_sid_real/images/row-206587_d7e75a7565d9e3a9.jpg,0,real,sid_set_train_real_e4,train
data/raw/e4_sid_real/images/row-104479_a44ec7718e108be8.jpg,0,real,sid_set_train_real_e4,train
data/raw/e4_sid_real/images/row-199203_813a4454e3cc1311.jpg,0,real,sid_set_train_real_e4,train
data/raw/e4_sid_real/images/row-30134_b4051e4c86316cf1.jpg,0,real,sid_set_train_real_e4,train
data/raw/e4_sid_real/images/row-160024_627a165d36691fc0.jpg,0,real,sid_set_train_real_e4,train
data/raw/e4_sid_real/images/row-147792_8413f7358b1cf305.jpg,0,real,sid_set_train_real_e4,train
data/raw/e4_sid_real/images/row-62556_7cb62d2d4b043441.jpg,0,real,sid_set_train_real_e4,train
data/raw/e4_sid_real/images/row-168156_a1df9d614817db86.jpg,0,real,sid_set_train_real_e4,train
data/raw/e4_sid_real/images/row-152015_d9dbd64d9985c876.jpg,0,real,sid_set_train_real_e4,train
data/raw/e4_sid_real/images/row-163735_2114318064aecce0.jpg,0,real,sid_set_train_real_e4,train
data/raw/e4_sid_real/images/row-54675_039da0ba89e76a94.jpg,0,real,sid_set_train_real_e4,train
data/raw/e4_sid_real/images/row-91291_43df57182d44468b.jpg,0,real,sid_set_train_real_e4,train
data/raw/e4_sid_real/images/row-203439_d5be5ecdc76971e6.jpg,0,real,sid_set_train_real_e4,train
data/raw/e4_sid_real/images/row-199465_3ec6ffae70e4ac7b.jpg,0,real,sid_set_train_real_e4,train
data/raw/e4_sid_real/images/row-64819_bc738f270bfb7563.jpg,0,real,sid_set_train_real_e4,train
data/raw/e4_sid_real/images/row-01958_9e0b3b5599acd697.jpg,0,real,sid_set_train_real_e4,train
data/raw/e4_sid_real/images/row-201459_729553c4b0d09b7b.jpg,0,real,sid_set_train_real_e4,train
data/raw/e4_sid_real/images/row-104400_08cc141a61353405.jpg,0,real,sid_set_train_real_e4,train
data/raw/e4_sid_real/images/row-120774_f790f68f066665ad.jpg,0,real,sid_set_train_real_e4,train
data/raw/e4_sid_real/images/row-10990_8cadbe76aa7d436f.jpg,0,real,sid_set_train_real_e4,train
data/raw/e4_sid_real/images/row-127802_561ad35dcc54aa4e.jpg,0,real,sid_set_train_real_e4,train
data/raw/e4_sid_real/images/row-151938_f9824c23f0537969.jpg,0,real,sid_set_train_real_e4,train
data/raw/e4_sid_real/images/row-59247_f2b73620b95dd295.jpg,0,real,sid_set_train_real_e4,train
data/raw/e4_sid_real/images/row-193670_035efdbc362a1696.jpg,0,real,sid_set_train_real_e4,train
data/raw/e4_sid_real/images/row-140488_729791bfb8cdd883.jpg,0,real,sid_set_train_real_e4,train
data/raw/e4_sid_real/images/row-32865_310a1a18eb5fa8f9.jpg,0,real,sid_set_train_real_e4,train
data/raw/e4_sid_real/images/row-157655_00f32abaffb43d1a.jpg,0,real,sid_set_train_real_e4,train
data/raw/e4_sid_real/images/row-16866_1578db09d4961d47.jpg,0,real,sid_set_train_real_e4,train
data/raw/e4_sid_real/images/row-140407_86f135b7d0ab5792.jpg,0,real,sid_set_train_real_e4,train
data/raw/e4_sid_real/images/row-117910_812c018a2e8fe76b.jpg,0,real,sid_set_train_real_e4,train
data/raw/e4_sid_real/images/row-141242_44c0e374f3bf97f1.jpg,0,real,sid_set_train_real_e4,train
data/raw/e4_sid_real/images/row-163716_05c9e7b30b61cf69.jpg,0,real,sid_set_train_real_e4,train
data/raw/e4_sid_real/images/row-57133_03e5c80b49c8649c.jpg,0,real,sid_set_train_real_e4,train
data/raw/e4_sid_real/images/row-141247_b070d78da9699fd8.jpg,0,real,sid_set_train_real_e4,train
data/raw/e4_sid_real/images/row-66935_1de529eb836518b4.jpg,0,real,sid_set_train_real_e4,train
data/raw/e4_sid_real/images/row-147262_44215b16d1885755.jpg,0,real,sid_set_train_real_e4,train
data/raw/e4_sid_real/images/row-151975_6e1b5fba896e866b.jpg,0,real,sid_set_train_real_e4,train
data/raw/e4_sid_real/images/row-124413_c9298e76cbbdb438.jpg,0,real,sid_set_train_real_e4,train
data/raw/e4_sid_real/images/row-127867_73fd672ab0b0c6d1.jpg,0,real,sid_set_train_real_e4,train
data/raw/e4_sid_real/images/row-132998_4d16c8515c4f29e3.jpg,0,real,sid_set_train_real_e4,train
data/raw/e4_sid_real/images/row-91326_9feb36be45814be7.jpg,0,real,sid_set_train_real_e4,train
data/raw/e4_sid_real/images/row-96878_0891fe602db686af.jpg,0,real,sid_set_train_real_e4,train
data/raw/e4_sid_real/images/row-199243_a80dae7e2aeab329.jpg,0,real,sid_set_train_real_e4,train
data/raw/e4_sid_real/images/row-164649_c3833584449c5406.jpg,0,real,sid_set_train_real_e4,train
data/raw/e4_sid_real/images/row-106186_7c09cab468a87350.jpg,0,real,sid_set_train_real_e4,train
data/raw/e4_sid_real/images/row-57062_e4a2e39d8dfe7c0a.jpg,0,real,sid_set_train_real_e4,train
data/raw/e4_sid_real/images/row-96821_7dc9f1e01a64e839.jpg,0,real,sid_set_train_real_e4,train
data/raw/e4_sid_real/images/row-109933_cf2a0e44a338cee5.jpg,0,real,sid_set_train_real_e4,train
data/raw/e4_sid_real/images/row-72714_3ee764bfefb8ba71.jpg,0,real,sid_set_train_real_e4,train
data/raw/e4_sid_real/images/row-66547_72afc8c6088cda0e.jpg,0,real,sid_set_train_real_e4,train
data/raw/e4_sid_real/images/row-147742_126a327f5ee2bead.jpg,0,real,sid_set_train_real_e4,train
data/raw/e4_sid_real/images/row-161632_cb37fcf92d09e4e9.jpg,0,real,sid_set_train_real_e4,train
data/raw/e4_sid_real/images/row-54155_d0a372037bc67e67.jpg,0,real,sid_set_train_real_e4,train
data/raw/e4_sid_real/images/row-98474_ccfd82534dfa6200.jpg,0,real,sid_set_train_real_e4,train
data/raw/e4_sid_real/images/row-163462_60e9bbbe940bbf13.jpg,0,real,sid_set_train_real_e4,train
data/raw/e4_sid_real/images/row-158594_d4f9ec037dc12d67.jpg,0,real,sid_set_train_real_e4,train
data/raw/e4_sid_real/images/row-142897_8ba126514f865b32.jpg,0,real,sid_set_train_real_e4,train
data/raw/e4_sid_real/images/row-57041_f99170d94f6c23db.jpg,0,real,sid_set_train_real_e4,train
data/raw/e4_sid_real/images/row-198460_dedbaf9dd0fcb1b4.jpg,0,real,sid_set_train_real_e4,train
data/raw/e4_sid_real/images/row-170933_7dbb2c0300a6533d.jpg,0,real,sid_set_train_real_e4,train
data/raw/e4_sid_real/images/row-60323_9b710a0f2f18e7f4.jpg,0,real,sid_set_train_real_e4,train
data/raw/e4_sid_real/images/row-30169_d616e27e9797bfbf.jpg,0,real,sid_set_train_real_e4,train
data/raw/e4_sid_real/images/row-106137_1541c884f3442637.jpg,0,real,sid_set_train_real_e4,train
data/raw/e4_sid_real/images/row-07240_414d10b630dec520.jpg,0,real,sid_set_train_real_e4,train
data/raw/e4_sid_real/images/row-77368_974cda02261628d5.jpg,0,real,sid_set_train_real_e4,train
data/raw/e4_sid_real/images/row-34757_aba95e8caf599867.jpg,0,real,sid_set_train_real_e4,train
data/raw/e4_sid_real/images/row-57895_62ca2527ff9d6b67.jpg,0,real,sid_set_train_real_e4,train
data/raw/e4_sid_real/images/row-163744_3866b9780fbe9cef.jpg,0,real,sid_set_train_real_e4,train
data/raw/e4_sid_real/images/row-144796_35b2bd850c69417d.jpg,0,real,sid_set_train_real_e4,train
data/raw/e4_sid_real/images/row-52974_0994267b7c5b8d09.jpg,0,real,sid_set_train_real_e4,train
data/raw/e4_sid_real/images/row-91214_2872b1df77300330.jpg,0,real,sid_set_train_real_e4,train
data/raw/e4_sid_real/images/row-202139_a452ab1c348d35a7.jpg,0,real,sid_set_train_real_e4,train
data/raw/e4_sid_real/images/row-06505_6b0144c9f896d576.jpg,0,real,sid_set_train_real_e4,train
data/raw/e4_sid_real/images/row-91286_b7b529e8bae6f262.jpg,0,real,sid_set_train_real_e4,train
data/raw/e4_sid_real/images/row-200937_d7861cb4ad0953f6.jpg,0,real,sid_set_train_real_e4,train
data/raw/e4_sid_real/images/row-179022_9c0d4a1dbb680865.jpg,0,real,sid_set_train_real_e4,train
data/raw/e4_sid_real/images/row-72749_854333e010eeb098.jpg,0,real,sid_set_train_real_e4,train
data/raw/e4_sid_real/images/row-174838_657d096a5e05c4d5.jpg,0,real,sid_set_train_real_e4,train
data/raw/e4_sid_real/images/row-142807_2795ab3eb8688996.jpg,0,real,sid_set_train_real_e4,train
data/raw/e4_sid_real/images/row-63212_0936e4c480c219f5.jpg,0,real,sid_set_train_real_e4,train
data/raw/e4_sid_real/images/row-166770_997759d939680718.jpg,0,real,sid_set_train_real_e4,train
data/raw/e4_sid_real/images/row-167276_c687e2f266893de3.jpg,0,real,sid_set_train_real_e4,train
data/raw/e4_sid_real/images/row-13013_643382b6e8c5eed4.jpg,0,real,sid_set_train_real_e4,train
data/raw/e4_sid_real/images/row-120744_ca3e55bbbccf7879.jpg,0,real,sid_set_train_real_e4,train
data/raw/e4_sid_real/images/row-124414_433a2e304cb79649.jpg,0,real,sid_set_train_real_e4,train
data/raw/e4_sid_real/images/row-170979_52d5f5034e8db361.jpg,0,real,sid_set_train_real_e4,train
data/raw/e4_sid_real/images/row-203425_12d27e121ca1e03d.jpg,0,real,sid_set_train_real_e4,train
data/raw/e4_sid_real/images/row-117963_bb9bb7d4c219892a.jpg,0,real,sid_set_train_real_e4,train
data/raw/e4_sid_real/images/row-05623_6ff5321c8119646a.jpg,0,real,sid_set_train_real_e4,train
data/raw/e4_sid_real/images/row-147275_c6612d1de6520f57.jpg,0,real,sid_set_train_real_e4,train
data/raw/e4_sid_real/images/row-167265_eaf079ff7339c989.jpg,0,real,sid_set_train_real_e4,train
data/raw/e4_sid_real/images/row-54645_419269725be3b8ca.jpg,0,real,sid_set_train_real_e4,train
data/raw/e4_sid_real/images/row-183242_a5b1a2221be07dfd.jpg,0,real,sid_set_train_real_e4,train
data/raw/e4_sid_real/images/row-91308_ddd4781c8fd13387.jpg,0,real,sid_set_train_real_e4,train
data/raw/e4_sid_real/images/row-67414_01c50b4f899db3fc.jpg,0,real,sid_set_train_real_e4,train
data/raw/e4_sid_real/images/row-01298_6a57bb1dddf5471f.jpg,0,real,sid_set_train_real_e4,train
data/raw/e4_sid_real/images/row-91370_9c954f1261646b4c.jpg,0,real,sid_set_train_real_e4,train
data/raw/e4_sid_real/images/row-87616_1e6d5e6a45c9b04f.jpg,0,real,sid_set_train_real_e4,train
data/raw/e4_sid_real/images/row-80413_7f1154ec9cd31fef.jpg,0,real,sid_set_train_real_e4,train
data/raw/e4_sid_real/images/row-117290_794ed6246953d751.jpg,0,real,sid_set_train_real_e4,train
data/raw/e4_sid_real/images/row-100258_876a2c2a2942821d.jpg,0,real,sid_set_train_real_e4,train
data/raw/e4_sid_real/images/row-104428_f52394414c9dd4cd.jpg,0,real,sid_set_train_real_e4,train
data/raw/e4_sid_real/images/row-193397_6e8c21bfbc054826.jpg,0,real,sid_set_train_real_e4,train
data/raw/e4_sid_real/images/row-177550_d39f4b9a9b4ab50a.jpg,0,real,sid_set_train_real_e4,train
data/raw/e4_sid_real/images/row-162628_40f6630116320381.jpg,0,real,sid_set_train_real_e4,train
data/raw/e4_sid_real/images/row-127855_136b2aa9fc0b86ea.jpg,0,real,sid_set_train_real_e4,train
data/raw/e4_sid_real/images/row-120702_9401346cf288afd3.jpg,0,real,sid_set_train_real_e4,train
data/raw/e4_sid_real/images/row-72746_049a3c6f883fa3d5.jpg,0,real,sid_set_train_real_e4,train
data/raw/e4_sid_real/images/row-13987_aa28c86301c6c4da.jpg,0,real,sid_set_train_real_e4,train
data/raw/e4_sid_real/images/row-198358_7b29f88ec6cab502.jpg,0,real,sid_set_train_real_e4,train
data/raw/e4_sid_real/images/row-183677_4c02188fb5647522.jpg,0,real,sid_set_train_real_e4,train
data/raw/e4_sid_real/images/row-17130_1b4964689e9d32d6.jpg,0,real,sid_set_train_real_e4,train
data/raw/e4_sid_real/images/row-203478_0cff571098be065c.jpg,0,real,sid_set_train_real_e4,train
data/raw/e4_sid_real/images/row-182067_41389671522ad775.jpg,0,real,sid_set_train_real_e4,train
data/raw/e4_sid_real/images/row-01245_1809498c59b4a52b.jpg,0,real,sid_set_train_real_e4,train
data/raw/e4_sid_real/images/row-142831_ebfdeba361b4da85.jpg,0,real,sid_set_train_real_e4,train
data/raw/e4_sid_real/images/row-60342_2d29e275e06cf204.jpg,0,real,sid_set_train_real_e4,train
data/raw/e4_sid_real/images/row-163451_4b2243190b2ae75e.jpg,0,real,sid_set_train_real_e4,train
data/raw/e4_sid_real/images/row-182095_b29c7e9b89616f49.jpg,0,real,sid_set_train_real_e4,train
data/raw/e4_sid_real/images/row-72154_19f7886b3f41a334.jpg,0,real,sid_set_train_real_e4,train
data/raw/e4_sid_real/images/row-06526_be63cca378b9bbae.jpg,0,real,sid_set_train_real_e4,train
data/raw/e4_sid_real/images/row-170945_82533dc563f10548.jpg,0,real,sid_set_train_real_e4,train
data/raw/e4_sid_real/images/row-203787_0f95df09b8440d0b.jpg,0,real,sid_set_train_real_e4,train
data/raw/e4_sid_real/images/row-05541_e01120fb23680f72.jpg,0,real,sid_set_train_real_e4,train
data/raw/e4_sid_real/images/row-140399_296f7ea73467b61b.jpg,0,real,sid_set_train_real_e4,train
data/raw/e4_sid_real/images/row-147263_897ab2755c40c9d5.jpg,0,real,sid_set_train_real_e4,train
data/raw/e4_sid_real/images/row-160077_a9ff8990ba52d8e9.jpg,0,real,sid_set_train_real_e4,train
data/raw/e4_sid_real/images/row-157101_7b26942b0f60ed24.jpg,0,real,sid_set_train_real_e4,train
data/raw/e4_sid_real/images/row-201400_9827c0ef3bd805f7.jpg,0,real,sid_set_train_real_e4,train
data/raw/e4_sid_real/images/row-144772_1f83165e3e5654b8.jpg,0,real,sid_set_train_real_e4,train
data/raw/e4_sid_real/images/row-200953_cfc4f170afa20f30.jpg,0,real,sid_set_train_real_e4,train
data/raw/e4_sid_real/images/row-104616_02c68745b4cc6bca.jpg,0,real,sid_set_train_real_e4,train
data/raw/e4_sid_real/images/row-162643_6fd9a25f56eb7d04.jpg,0,real,sid_set_train_real_e4,train
data/raw/e4_sid_real/images/row-199231_1f271ba418718340.jpg,0,real,sid_set_train_real_e4,train
data/raw/e4_sid_real/images/row-189211_07bd401625b8f3d3.jpg,0,real,sid_set_train_real_e4,train
data/raw/e4_sid_real/images/row-20428_4193f38a209118ee.jpg,0,real,sid_set_train_real_e4,train
data/raw/e4_sid_real/images/row-77336_5a91555e07cab9c0.jpg,0,real,sid_set_train_real_e4,train
data/raw/e4_sid_real/images/row-140384_3a94bd71b0186dc7.jpg,0,real,sid_set_train_real_e4,train
data/raw/e4_sid_real/images/row-109964_25e67f8815e4037f.jpg,0,real,sid_set_train_real_e4,train
data/raw/e4_sid_real/images/row-193641_769f21c57036426b.jpg,0,real,sid_set_train_real_e4,train
data/raw/e4_sid_real/images/row-120709_7a36406cb8a14c05.jpg,0,real,sid_set_train_real_e4,train
data/raw/e4_sid_real/images/row-32876_0671258c3d8021df.jpg,0,real,sid_set_train_real_e4,train
data/raw/e4_sid_real/images/row-31308_ae1f473db6a36f22.jpg,0,real,sid_set_train_real_e4,train
data/raw/e4_sid_real/images/row-197713_359246ad3f382f55.jpg,0,real,sid_set_train_real_e4,train
data/raw/e4_sid_real/images/row-193671_3c22df7047a1dc35.jpg,0,real,sid_set_train_real_e4,train
data/raw/e4_sid_real/images/row-175059_514341fbd170f217.jpg,0,real,sid_set_train_real_e4,train
data/raw/e4_sid_real/images/row-67471_087c071617a3e8cd.jpg,0,real,sid_set_train_real_e4,train
data/raw/e4_sid_real/images/row-151980_aa11487f522f8798.jpg,0,real,sid_set_train_real_e4,train
data/raw/e4_sid_real/images/row-206537_9c44f8f37404203c.jpg,0,real,sid_set_train_real_e4,train
data/raw/e4_sid_real/images/row-105856_c790c7ca03b21797.jpg,0,real,sid_set_train_real_e4,train
data/raw/e4_sid_real/images/row-177555_295d53272d210f21.jpg,0,real,sid_set_train_real_e4,train
data/raw/e4_sid_real/images/row-119100_aa3d04f2abdf4b61.jpg,0,real,sid_set_train_real_e4,train
data/raw/e4_sid_real/images/row-151905_b38011944dae9719.jpg,0,real,sid_set_train_real_e4,train
data/raw/e4_sid_real/images/row-91287_023120acec4229d3.jpg,0,real,sid_set_train_real_e4,train
data/raw/e4_sid_real/images/row-87698_e5194526d56fa76e.jpg,0,real,sid_set_train_real_e4,train
data/raw/e4_sid_real/images/row-174848_070baa6075419aab.jpg,0,real,sid_set_train_real_e4,train
data/raw/e4_sid_real/images/row-56309_c0065553f226ef42.jpg,0,real,sid_set_train_real_e4,train
data/raw/e4_sid_real/images/row-190960_1db048fa4c81720d.jpg,0,real,sid_set_train_real_e4,train
data/raw/e4_sid_real/images/row-201015_d7d56f1b1d9cf18e.jpg,0,real,sid_set_train_real_e4,train
data/raw/e4_sid_real/images/row-28541_5799f58eed88810b.jpg,0,real,sid_set_train_real_e4,train
data/raw/e4_sid_real/images/row-166747_cba98bd79407bccf.jpg,0,real,sid_set_train_real_e4,train
data/raw/e4_sid_real/images/row-206524_2fe5981d5f8e5c75.jpg,0,real,sid_set_train_real_e4,train
data/raw/e4_sid_real/images/row-22859_0a63886b87cca388.jpg,0,real,sid_set_train_real_e4,train
data/raw/e4_sid_real/images/row-104450_8bf87198dd9b1cd4.jpg,0,real,sid_set_train_real_e4,train
data/raw/e4_sid_real/images/row-117228_c1ffaaf5886daa40.jpg,0,real,sid_set_train_real_e4,train
data/raw/e4_sid_real/images/row-158501_27787bd6ad6099ea.jpg,0,real,sid_set_train_real_e4,train
data/raw/e4_sid_real/images/row-174890_ffa549f78f160453.jpg,0,real,sid_set_train_real_e4,train
data/raw/e4_sid_real/images/row-200947_b829602fc77e833a.jpg,0,real,sid_set_train_real_e4,train
data/raw/e4_sid_real/images/row-193347_66095ca4dc8a4c93.jpg,0,real,sid_set_train_real_e4,train
data/raw/e4_sid_real/images/row-179015_7d67a2cd108e5d7b.jpg,0,real,sid_set_train_real_e4,train
data/raw/e4_sid_real/images/row-140410_231a9c98d3f590da.jpg,0,real,sid_set_train_real_e4,train
data/raw/e4_sid_real/images/row-104693_24f8b5fbb4386d6d.jpg,0,real,sid_set_train_real_e4,train
data/raw/e4_sid_real/images/row-132918_9a6248ae3c633eb3.jpg,0,real,sid_set_train_real_e4,train
data/raw/e4_sid_real/images/row-166473_7f22cc72d6eb77bd.jpg,0,real,sid_set_train_real_e4,train
data/raw/e4_sid_real/images/row-57130_01e00430dbe113f2.jpg,0,real,sid_set_train_real_e4,train
data/raw/e4_sid_real/images/row-01235_2c9c9687fee79ecd.jpg,0,real,sid_set_train_real_e4,train
data/raw/e4_sid_real/images/row-158520_41e9892bb06fb4a0.jpg,0,real,sid_set_train_real_e4,train
data/raw/e4_sid_real/images/row-59219_0c4bedd834a42ea0.jpg,0,real,sid_set_train_real_e4,train
data/raw/e4_sid_real/images/row-183229_e87eb8826c7814e8.jpg,0,real,sid_set_train_real_e4,train
data/raw/e4_sid_real/images/row-203436_07aec689e7a6dc87.jpg,0,real,sid_set_train_real_e4,train
data/raw/e4_sid_real/images/row-183217_eb9f30e9e6275461.jpg,0,real,sid_set_train_real_e4,train
data/raw/e4_sid_real/images/row-54616_3fa8ac355b8cb096.jpg,0,real,sid_set_train_real_e4,train
data/raw/e4_sid_real/images/row-56365_7c46aab8ead482b5.jpg,0,real,sid_set_train_real_e4,train
data/raw/e4_sid_real/images/row-201097_9a5f2405605351f2.jpg,0,real,sid_set_train_real_e4,train
data/raw/e4_sid_real/images/row-117966_361178a9bbb7422a.jpg,0,real,sid_set_train_real_e4,train
data/raw/e4_sid_real/images/row-17193_09ce344c3f750f4f.jpg,0,real,sid_set_train_real_e4,train
data/raw/e4_sid_real/images/row-193689_ac604b64479d46fc.jpg,0,real,sid_set_train_real_e4,train
data/raw/e4_sid_real/images/row-170961_dc2b93ea019e115e.jpg,0,real,sid_set_train_real_e4,train
data/raw/e4_sid_real/images/row-10993_cf1c18065de32d47.jpg,0,real,sid_set_train_real_e4,train
data/raw/e4_sid_real/images/row-133354_cf19328c9aefb980.jpg,0,real,sid_set_train_real_e4,train
data/raw/e4_sid_real/images/row-126337_9e27a24d406a4680.jpg,0,real,sid_set_train_real_e4,train
data/raw/e4_sid_real/images/row-166757_3bb10ff0b85465d9.jpg,0,real,sid_set_train_real_e4,train
data/raw/e4_sid_real/images/row-104431_21e268940e9fcbce.jpg,0,real,sid_set_train_real_e4,train
data/raw/e4_sid_real/images/row-171299_a5e506e925dfc287.jpg,0,real,sid_set_train_real_e4,train
data/raw/e4_sid_real/images/row-140342_5f494bf414a39800.jpg,0,real,sid_set_train_real_e4,train
data/raw/e4_sid_real/images/row-148013_7f9b4e9c33883a3d.jpg,0,real,sid_set_train_real_e4,train
data/raw/e4_sid_real/images/row-28566_ce3ab32807c770cb.jpg,0,real,sid_set_train_real_e4,train
data/raw/e4_sid_real/images/row-126307_6112fac5a0a206b6.jpg,0,real,sid_set_train_real_e4,train
data/raw/e4_sid_real/images/row-104636_5f4cc1246daede3e.jpg,0,real,sid_set_train_real_e4,train
data/raw/e4_sid_real/images/row-06558_0569aa61e7b1f34d.jpg,0,real,sid_set_train_real_e4,train
data/raw/e4_sid_real/images/row-05440_83c5f4f37c5203c0.jpg,0,real,sid_set_train_real_e4,train
data/raw/e4_sid_real/images/row-05511_0557c817d5d5c644.jpg,0,real,sid_set_train_real_e4,train
data/raw/e4_sid_real/images/row-17120_a93bcec3d97d34cc.jpg,0,real,sid_set_train_real_e4,train
data/raw/e4_sid_real/images/row-96816_ac6c428d102be87e.jpg,0,real,sid_set_train_real_e4,train
data/raw/e4_sid_real/images/row-22855_524a873b5b00b185.jpg,0,real,sid_set_train_real_e4,train
data/raw/e4_sid_real/images/row-87673_9cd52313bc92f95d.jpg,0,real,sid_set_train_real_e4,train
data/raw/e4_sid_real/images/row-60332_1b4a8eb2d4ba2bfe.jpg,0,real,sid_set_train_real_e4,train
data/raw/e4_sid_real/images/row-203695_5e6b39deb8300733.jpg,0,real,sid_set_train_real_e4,train
data/raw/e4_sid_real/images/row-147758_14c447e7b7e67e00.jpg,0,real,sid_set_train_real_e4,train
data/raw/e4_sid_real/images/row-91369_9526913505f30f26.jpg,0,real,sid_set_train_real_e4,train
data/raw/e4_sid_real/images/row-121672_8d4d526ade95a547.jpg,0,real,sid_set_train_real_e4,train
data/raw/e4_sid_real/images/row-124425_ba15c51751436b7d.jpg,0,real,sid_set_train_real_e4,train
data/raw/e4_sid_real/images/row-145685_f22bac2bd2880289.jpg,0,real,sid_set_train_real_e4,train
data/raw/e4_sid_real/images/row-177587_62719735f5f8fbcc.jpg,0,real,sid_set_train_real_e4,train
data/raw/e4_sid_real/images/row-166480_086128b8e6bb6629.jpg,0,real,sid_set_train_real_e4,train
data/raw/e4_sid_real/images/row-64891_74e9b22a61b0a19d.jpg,0,real,sid_set_train_real_e4,train
data/raw/e4_sid_real/images/row-183219_4ffa333defe42963.jpg,0,real,sid_set_train_real_e4,train
data/raw/e4_sid_real/images/row-124456_970d9c50373ecc5e.jpg,0,real,sid_set_train_real_e4,train
data/raw/e4_sid_real/images/row-189201_98f538c5fef38418.jpg,0,real,sid_set_train_real_e4,train
data/raw/e4_sid_real/images/row-23739_5c701c7bcc52f0e6.jpg,0,real,sid_set_train_real_e4,train
data/raw/e4_sid_real/images/row-13027_1b713df7d836a274.jpg,0,real,sid_set_train_real_e4,train
data/raw/e4_sid_real/images/row-203706_01a1f4732c9eda7c.jpg,0,real,sid_set_train_real_e4,train
data/raw/e4_sid_real/images/row-177588_30fc7e66cebf7390.jpg,0,real,sid_set_train_real_e4,train
data/raw/e4_sid_real/images/row-166748_5609338bc72858af.jpg,0,real,sid_set_train_real_e4,train
data/raw/e4_sid_real/images/row-01974_26a743ca686fb20e.jpg,0,real,sid_set_train_real_e4,train
data/raw/e4_sid_real/images/row-168135_b898881e0200a913.jpg,0,real,sid_set_train_real_e4,train
data/raw/e4_sid_real/images/row-166471_acea84a6cad6fa37.jpg,0,real,sid_set_train_real_e4,train
data/raw/e4_sid_real/images/row-197723_e7113588fdf49ae2.jpg,0,real,sid_set_train_real_e4,train
data/raw/e4_sid_real/images/row-179017_c5783fcfddd10e16.jpg,0,real,sid_set_train_real_e4,train
data/raw/e4_sid_real/images/row-35377_76fdda4baec8d4d8.jpg,0,real,sid_set_train_real_e4,train
data/raw/e4_sid_real/images/row-149339_47499ffcd36c25b6.jpg,0,real,sid_set_train_real_e4,train
data/raw/e4_sid_real/images/row-140496_0c89c4e580bbebef.jpg,0,real,sid_set_train_real_e4,train
data/raw/e4_sid_real/images/row-166482_a5552e9c24024449.jpg,0,real,sid_set_train_real_e4,train
data/raw/e4_sid_real/images/row-120785_1ac554022f893032.jpg,0,real,sid_set_train_real_e4,train
data/raw/e4_sid_real/images/row-98438_ce7c74864314946c.jpg,0,real,sid_set_train_real_e4,train
data/raw/e4_sid_real/images/row-57176_08ab666038468c9a.jpg,0,real,sid_set_train_real_e4,train
data/raw/e4_sid_real/images/row-201446_c334c4f2b4164677.jpg,0,real,sid_set_train_real_e4,train
data/raw/e4_sid_real/images/row-147797_7b15f24cb7e9b94a.jpg,0,real,sid_set_train_real_e4,train
data/raw/e4_sid_real/images/row-168139_a0aee1e528f19ced.jpg,0,real,sid_set_train_real_e4,train
data/raw/e4_sid_real/images/row-198345_6f77a076640cc4d5.jpg,0,real,sid_set_train_real_e4,train
data/raw/e4_sid_real/images/row-34759_ac2cfe5e8b444b97.jpg,0,real,sid_set_train_real_e4,train
data/raw/e4_sid_real/images/row-28504_f7f0ed09f4c449a9.jpg,0,real,sid_set_train_real_e4,train
data/raw/e4_sid_real/images/row-05636_346b6b816ef71a81.jpg,0,real,sid_set_train_real_e4,train
data/raw/e4_sid_real/images/row-80400_4e8e79e30a464c2d.jpg,0,real,sid_set_train_real_e4,train
data/raw/e4_sid_real/images/row-104674_5a341d67ef2355b2.jpg,0,real,sid_set_train_real_e4,train
data/raw/e4_sid_real/images/row-52943_6efce4b4fc61de42.jpg,0,real,sid_set_train_real_e4,train
data/raw/e4_sid_real/images/row-168184_8ffa17a08749ee84.jpg,0,real,sid_set_train_real_e4,train
data/raw/e4_sid_real/images/row-166768_218d7da9395f1cd9.jpg,0,real,sid_set_train_real_e4,train
data/raw/e4_sid_real/images/row-01220_3acf8db1c71f32a7.jpg,0,real,sid_set_train_real_e4,train
data/raw/e4_sid_real/images/row-104457_2cc57f2f58d4af52.jpg,0,real,sid_set_train_real_e4,train
data/raw/e4_sid_real/images/row-140495_d50b1d0040da10e1.jpg,0,real,sid_set_train_real_e4,train
data/raw/e4_sid_real/images/row-117976_eecdf59ced519323.jpg,0,real,sid_set_train_real_e4,train
data/raw/e4_sid_real/images/row-07243_1c5d42f6bdca5f02.jpg,0,real,sid_set_train_real_e4,train
data/raw/e4_sid_real/images/row-174819_2bb493be0559dd1a.jpg,0,real,sid_set_train_real_e4,train
data/raw/e4_sid_real/images/row-01249_0457db9b010167c0.jpg,0,real,sid_set_train_real_e4,train
data/raw/e4_sid_real/images/row-109967_2f55b9f1e0dd4b8d.jpg,0,real,sid_set_train_real_e4,train
data/raw/e4_sid_real/images/row-49399_06b33807d1df75d4.jpg,0,real,sid_set_train_real_e4,train
data/raw/e4_sid_real/images/row-201457_7c2a04843dabf478.jpg,0,real,sid_set_train_real_e4,train
data/raw/e4_sid_real/images/row-02842_4acd3b55aa540341.jpg,0,real,sid_set_train_real_e4,train
data/raw/e4_sid_real/images/row-59205_c5ca83a14d7861ca.jpg,0,real,sid_set_train_real_e4,train
data/raw/e4_sid_real/images/row-168106_54a9581b2638be21.jpg,0,real,sid_set_train_real_e4,train
data/raw/e4_sid_real/images/row-152080_01ff998b9235b783.jpg,0,real,sid_set_train_real_e4,train
data/raw/e4_sid_real/images/row-198937_98e2abe15618c97b.jpg,0,real,sid_set_train_real_e4,train
data/raw/e4_sid_real/images/row-49356_d638b525ed75e16b.jpg,0,real,sid_set_train_real_e4,train
data/raw/e4_sid_real/images/row-57856_c744f912cbaf3a6d.jpg,0,real,sid_set_train_real_e4,train
data/raw/e4_sid_real/images/row-158583_40a6dafa7600951b.jpg,0,real,sid_set_train_real_e4,train
data/raw/e4_sid_real/images/row-142881_34da0d2f4bd36370.jpg,0,real,sid_set_train_real_e4,train
data/raw/e4_sid_real/images/row-183619_cb5ccdebc29f1a37.jpg,0,real,sid_set_train_real_e4,train
data/raw/e4_sid_real/images/row-106170_7339653d70bdbc8c.jpg,0,real,sid_set_train_real_e4,train
data/raw/e4_sid_real/images/row-190913_8e680e8d02ac491f.jpg,0,real,sid_set_train_real_e4,train
data/raw/e4_sid_real/images/row-62521_72e97caf854df965.jpg,0,real,sid_set_train_real_e4,train
data/raw/e4_sid_real/images/row-96837_c958240f5cba88be.jpg,0,real,sid_set_train_real_e4,train
data/raw/e4_sid_real/images/row-120759_d80cc60243524c67.jpg,0,real,sid_set_train_real_e4,train
data/raw/e4_sid_real/images/row-96865_4767a1ad244b9bc3.jpg,0,real,sid_set_train_real_e4,train
data/raw/e4_sid_real/images/row-67401_afd442446808adab.jpg,0,real,sid_set_train_real_e4,train
data/raw/e4_sid_real/images/row-179019_02f485ea88808d4b.jpg,0,real,sid_set_train_real_e4,train
data/raw/e4_sid_real/images/row-140352_efb0fea3db3b2e2b.jpg,0,real,sid_set_train_real_e4,train
data/raw/e4_sid_real/images/row-31311_9c60fc192f0f7ef5.jpg,0,real,sid_set_train_real_e4,train
data/raw/e4_sid_real/images/row-06567_5cb76456d06c01c8.jpg,0,real,sid_set_train_real_e4,train
data/raw/e4_sid_real/images/row-157129_f9ae667d92994242.jpg,0,real,sid_set_train_real_e4,train
data/raw/e4_sid_real/images/row-124464_96f12c09610c3287.jpg,0,real,sid_set_train_real_e4,train
data/raw/e4_sid_real/images/row-95480_5ba6e55f13856794.jpg,0,real,sid_set_train_real_e4,train
data/raw/e4_sid_real/images/row-34753_db2ad59caed17f67.jpg,0,real,sid_set_train_real_e4,train
data/raw/e4_sid_real/images/row-01254_533fe1327dec9737.jpg,0,real,sid_set_train_real_e4,train
data/raw/e4_sid_real/images/row-197764_7a788b4383aa7316.jpg,0,real,sid_set_train_real_e4,train
data/raw/e4_sid_real/images/row-91278_d292fe4b5badffb8.jpg,0,real,sid_set_train_real_e4,train
data/raw/e4_sid_real/images/row-193376_44b9f07283459050.jpg,0,real,sid_set_train_real_e4,train
data/raw/e4_sid_real/images/row-206505_3659a261bbe73acb.jpg,0,real,sid_set_train_real_e4,train
data/raw/e4_sid_real/images/row-106161_d954dc9642ee074e.jpg,0,real,sid_set_train_real_e4,train
data/raw/e4_sid_real/images/row-05507_fcafee2f67439f65.jpg,0,real,sid_set_train_real_e4,train
data/raw/e4_sid_real/images/row-05579_209d164aa6b5681a.jpg,0,real,sid_set_train_real_e4,train
data/raw/e4_sid_real/images/row-151915_f7a010a80d3a1b84.jpg,0,real,sid_set_train_real_e4,train
data/raw/e4_sid_real/images/row-22835_ae4b53ba7b22f915.jpg,0,real,sid_set_train_real_e4,train
data/raw/e4_sid_real/images/row-178401_61778a66ca112537.jpg,0,real,sid_set_train_real_e4,train
data/raw/e4_sid_real/images/row-105809_69b8b640b9b845ea.jpg,0,real,sid_set_train_real_e4,train
data/raw/e4_sid_real/images/row-23710_05a26d9977a0ebb8.jpg,0,real,sid_set_train_real_e4,train
data/raw/e4_sid_real/images/row-60360_87da139d21eb4715.jpg,0,real,sid_set_train_real_e4,train
data/raw/e4_sid_real/images/row-20485_b4d582fff5ce5e3a.jpg,0,real,sid_set_train_real_e4,train
data/raw/e4_sid_real/images/row-05591_79c6302d17bd5c6a.jpg,0,real,sid_set_train_real_e4,train
data/raw/e4_sid_real/images/row-201470_ab81bfcaa8526559.jpg,0,real,sid_set_train_real_e4,train
data/raw/e4_sid_real/images/row-05576_f0fbd260c98327c8.jpg,0,real,sid_set_train_real_e4,train
data/raw/e4_sid_real/images/row-35390_0253143dfee8ed3a.jpg,0,real,sid_set_train_real_e4,train
data/raw/e4_sid_real/images/row-22849_cddcb6c6492b7f55.jpg,0,real,sid_set_train_real_e4,train
data/raw/e4_sid_real/images/row-119132_006a11b61561170d.jpg,0,real,sid_set_train_real_e4,train
data/raw/e4_sid_real/images/row-178421_9dc1edd5f005859d.jpg,0,real,sid_set_train_real_e4,train
data/raw/e4_sid_real/images/row-149319_222ece1085aa0d7a.jpg,0,real,sid_set_train_real_e4,train
data/raw/e4_sid_real/images/row-23706_7bb9b5329b7df19c.jpg,0,real,sid_set_train_real_e4,train
data/raw/e4_sid_real/images/row-127841_016341f9fbe63b29.jpg,0,real,sid_set_train_real_e4,train
data/raw/e4_sid_real/images/row-105365_cffefe778e2ed23c.jpg,0,real,sid_set_train_real_e4,train
data/raw/e4_sid_real/images/row-133345_db0fff6c56fff43c.jpg,0,real,sid_set_train_real_e4,train
data/raw/e4_sid_real/images/row-124499_3b9cb8e5369e3d52.jpg,0,real,sid_set_train_real_e4,train
data/raw/e4_sid_real/images/row-05493_ea921ee434252bc1.jpg,0,real,sid_set_train_real_e4,train
data/raw/e4_sid_real/images/row-72781_ea08757bbaec074d.jpg,0,real,sid_set_train_real_e4,train
data/raw/e4_sid_real/images/row-151988_9ff4569237f645bd.jpg,0,real,sid_set_train_real_e4,train
data/raw/e4_sid_real/images/row-133350_441f9fd023f94fa8.jpg,0,real,sid_set_train_real_e4,train
data/raw/e4_sid_real/images/row-104669_5b4aa44c743eda7e.jpg,0,real,sid_set_train_real_e4,train
data/raw/e4_sid_real/images/row-171243_51cd5a8b375e50bb.jpg,0,real,sid_set_train_real_e4,train
data/raw/e4_sid_real/images/row-198420_6f0e274bfb7d3340.jpg,0,real,sid_set_train_real_e4,train
data/raw/e4_sid_real/images/row-98433_24352e3012c1886a.jpg,0,real,sid_set_train_real_e4,train
data/raw/e4_sid_real/images/row-80454_01b00f491225d761.jpg,0,real,sid_set_train_real_e4,train
data/raw/e4_sid_real/images/row-147745_30bef9f01deddf3f.jpg,0,real,sid_set_train_real_e4,train
data/raw/e4_sid_real/images/row-80422_6f87ad878bce567b.jpg,0,real,sid_set_train_real_e4,train
data/raw/e4_sid_real/images/row-119119_41b83d0102871e01.jpg,0,real,sid_set_train_real_e4,train
data/raw/e4_sid_real/images/row-161666_ef37dbbe8d7ebc77.jpg,0,real,sid_set_train_real_e4,train
data/raw/e4_sid_real/images/row-142824_cc9a7f5b9f50a0e8.jpg,0,real,sid_set_train_real_e4,train
data/raw/e4_sid_real/images/row-175015_77aea1e4298c20d1.jpg,0,real,sid_set_train_real_e4,train
data/raw/e4_sid_real/images/row-203752_bbc2e63214bc28b5.jpg,0,real,sid_set_train_real_e4,train
data/raw/e4_sid_real/images/row-202105_0dea1c8d377311bd.jpg,0,real,sid_set_train_real_e4,train
data/raw/e4_sid_real/images/row-183683_01f988d7ba5f2b6d.jpg,0,real,sid_set_train_real_e4,train
data/raw/e4_sid_real/images/row-63298_ad400d8e12cced6d.jpg,0,real,sid_set_train_real_e4,train
data/raw/e4_sid_real/images/row-67408_0d12bd0386fdd2aa.jpg,0,real,sid_set_train_real_e4,train
data/raw/e4_sid_real/images/row-140414_f6e141c86b62ee05.jpg,0,real,sid_set_train_real_e4,train
data/raw/e4_sid_real/images/row-190977_2f28f95e102c5e58.jpg,0,real,sid_set_train_real_e4,train
data/raw/e4_sid_real/images/row-117283_063a3877fe930e40.jpg,0,real,sid_set_train_real_e4,train
data/raw/e4_sid_real/images/row-05563_9b4962683df1d76e.jpg,0,real,sid_set_train_real_e4,train
data/raw/e4_sid_real/images/row-119152_7927ba98e3eb6b59.jpg,0,real,sid_set_train_real_e4,train
data/raw/e4_sid_real/images/row-206578_971719b9f3bebb45.jpg,0,real,sid_set_train_real_e4,train
data/raw/e4_sid_real/images/row-174810_1119292f1319d0dd.jpg,0,real,sid_set_train_real_e4,train
data/raw/e4_sid_real/images/row-189282_b037018a1d29d166.jpg,0,real,sid_set_train_real_e4,train
data/raw/e4_sid_real/images/row-98432_246ad53accf406a5.jpg,0,real,sid_set_train_real_e4,train
data/raw/e4_sid_real/images/row-34724_8dd1464fae2e7173.jpg,0,real,sid_set_train_real_e4,train
data/raw/e4_sid_real/images/row-198457_ca2fac6591aa3cba.jpg,0,real,sid_set_train_real_e4,train
data/raw/e4_sid_real/images/row-168182_d48e28f99387ae27.jpg,0,real,sid_set_train_real_e4,train
data/raw/e4_sid_real/images/row-10922_b3ad0fcc7d0753d2.jpg,0,real,sid_set_train_real_e4,train
data/raw/e4_sid_real/images/row-57821_2d0e0bfaa48b2a74.jpg,0,real,sid_set_train_real_e4,train
data/raw/e4_sid_real/images/row-72144_82acaef5fe88ccf7.jpg,0,real,sid_set_train_real_e4,train
data/raw/e4_sid_real/images/row-203747_5b85a49374c738a4.jpg,0,real,sid_set_train_real_e4,train
data/raw/e4_sid_real/images/row-106104_2ed9b5bb78a73268.jpg,0,real,sid_set_train_real_e4,train
data/raw/e4_sid_real/images/row-64859_eff909130e736ab0.jpg,0,real,sid_set_train_real_e4,train
data/raw/e4_sid_real/images/row-171280_e99ac9c14999fc89.jpg,0,real,sid_set_train_real_e4,train
data/raw/e4_sid_real/images/row-164607_9e2d8b647fa17868.jpg,0,real,sid_set_train_real_e4,train
data/raw/e4_sid_real/images/row-171201_da1fb4f7930419c7.jpg,0,real,sid_set_train_real_e4,train
data/raw/e4_sid_real/images/row-121636_7cbec2798080da4a.jpg,0,real,sid_set_train_real_e4,train
data/raw/e4_sid_real/images/row-16813_3e9ba98eae753214.jpg,0,real,sid_set_train_real_e4,train
data/raw/e4_sid_real/images/row-132964_33dc2cd7ab0ade68.jpg,0,real,sid_set_train_real_e4,train
data/raw/e4_sid_real/images/row-67485_490d0202ddfbefb9.jpg,0,real,sid_set_train_real_e4,train
data/raw/e4_sid_real/images/row-07564_d9ddf529c27f7d93.jpg,0,real,sid_set_train_real_e4,train
data/raw/e4_sid_real/images/row-01201_012c137ae597329e.jpg,0,real,sid_set_train_real_e4,train
data/raw/e4_sid_real/images/row-157613_b521b993f5fac735.jpg,0,real,sid_set_train_real_e4,train
data/raw/e4_sid_real/images/row-133300_5a42c8b1bcb193db.jpg,0,real,sid_set_train_real_e4,train
data/raw/e4_sid_real/images/row-166762_1d46c03038a2c293.jpg,0,real,sid_set_train_real_e4,train
data/raw/e4_sid_real/images/row-06517_bafef67771adb7cd.jpg,0,real,sid_set_train_real_e4,train
data/raw/e4_sid_real/images/row-145695_508ce7da4d417c67.jpg,0,real,sid_set_train_real_e4,train
data/raw/e4_sid_real/images/row-60377_3a84d2477bdb67e3.jpg,0,real,sid_set_train_real_e4,train
data/raw/e4_sid_real/images/row-02875_bbf49496fea72461.jpg,0,real,sid_set_train_real_e4,train
data/raw/e4_sid_real/images/row-164638_4265212a9efd25ac.jpg,0,real,sid_set_train_real_e4,train
data/raw/e4_sid_real/images/row-127817_981012b937df03d0.jpg,0,real,sid_set_train_real_e4,train
data/raw/e4_sid_real/images/row-167229_f5381284ebc86c84.jpg,0,real,sid_set_train_real_e4,train
data/raw/e4_sid_real/images/row-133374_d95699590a6b3fa6.jpg,0,real,sid_set_train_real_e4,train
data/raw/e4_sid_real/images/row-198926_df9b61af46dbe52c.jpg,0,real,sid_set_train_real_e4,train
data/raw/e4_sid_real/images/row-203479_302a52d9012d2085.jpg,0,real,sid_set_train_real_e4,train
data/raw/e4_sid_real/images/row-104678_87e581dee2dd0b89.jpg,0,real,sid_set_train_real_e4,train
data/raw/e4_sid_real/images/row-203792_fa855e59fbd85f10.jpg,0,real,sid_set_train_real_e4,train
data/raw/e4_sid_real/images/row-73958_d22031868d0da3f8.jpg,0,real,sid_set_train_real_e4,train
data/raw/e4_sid_real/images/row-05529_4c02366de516376c.jpg,0,real,sid_set_train_real_e4,train
data/raw/e4_sid_real/images/row-105830_db8f45b98e5cb099.jpg,0,real,sid_set_train_real_e4,train
data/raw/e4_sid_real/images/row-20474_d0e92095f3b9f46a.jpg,0,real,sid_set_train_real_e4,train
data/raw/e4_sid_real/images/row-201034_154147170cc226b9.jpg,0,real,sid_set_train_real_e4,train
data/raw/e4_sid_real/images/row-193374_075485769a98cc6f.jpg,0,real,sid_set_train_real_e4,train
data/raw/e4_sid_real/images/row-166756_b5c4860780b47fa4.jpg,0,real,sid_set_train_real_e4,train
data/raw/e4_sid_real/images/row-145652_096f8222206cbbcd.jpg,0,real,sid_set_train_real_e4,train
data/raw/e4_sid_real/images/row-163771_d7cae59123b37f3c.jpg,0,real,sid_set_train_real_e4,train
data/raw/e4_sid_real/images/row-141244_359ad9f294dd0aa3.jpg,0,real,sid_set_train_real_e4,train
data/raw/e4_sid_real/images/row-179076_ca2478fdfe72aef9.jpg,0,real,sid_set_train_real_e4,train
data/raw/e4_sid_real/images/row-80420_915c78c6679ae850.jpg,0,real,sid_set_train_real_e4,train
data/raw/e4_sid_real/images/row-148026_5cf3ae79f1c9a901.jpg,0,real,sid_set_train_real_e4,train
data/raw/e4_sid_real/images/row-202193_f044c5b582b98554.jpg,0,real,sid_set_train_real_e4,train
data/raw/e4_sid_real/images/row-103316_1cbcc66881cc317a.jpg,0,real,sid_set_train_real_e4,train
data/raw/e4_sid_real/images/row-98481_1d713e300683340d.jpg,0,real,sid_set_train_real_e4,train
data/raw/e4_sid_real/images/row-121676_f6a2fcb322b3d029.jpg,0,real,sid_set_train_real_e4,train
data/raw/e4_sid_real/images/row-178463_70ceca788b2fe34f.jpg,0,real,sid_set_train_real_e4,train
data/raw/e4_sid_real/images/row-174807_253a63db15c94975.jpg,0,real,sid_set_train_real_e4,train
data/raw/e4_sid_real/images/row-05472_e8b314f4e95ccf3f.jpg,0,real,sid_set_train_real_e4,train
data/raw/e4_sid_real/images/row-200991_834f743880624119.jpg,0,real,sid_set_train_real_e4,train
data/raw/e4_sid_real/images/row-109944_7cd2db3498451baa.jpg,0,real,sid_set_train_real_e4,train
data/raw/e4_sid_real/images/row-103342_62f2709effe6051c.jpg,0,real,sid_set_train_real_e4,train
data/raw/e4_sid_real/images/row-87625_99da1cbfd07952e0.jpg,0,real,sid_set_train_real_e4,train
data/raw/e4_sid_real/images/row-182037_5af3fa5927d7a020.jpg,0,real,sid_set_train_real_e4,train
data/raw/e4_sid_real/images/row-20454_2914374b0d7ec3af.jpg,0,real,sid_set_train_real_e4,train
data/raw/e4_sid_real/images/row-147769_1f55d0542db934cf.jpg,0,real,sid_set_train_real_e4,train
data/raw/e4_sid_real/images/row-140471_1e3c9b151737c09a.jpg,0,real,sid_set_train_real_e4,train
data/raw/e4_sid_real/images/row-170916_58f9746a3e16ae34.jpg,0,real,sid_set_train_real_e4,train
data/raw/e4_sid_real/images/row-158573_b3390a82e66eaa8a.jpg,0,real,sid_set_train_real_e4,train
data/raw/e4_sid_real/images/row-160003_0067754ab5b24d8c.jpg,0,real,sid_set_train_real_e4,train
data/raw/e4_sid_real/images/row-140406_c9af87bbd0d75f7f.jpg,0,real,sid_set_train_real_e4,train
data/raw/e4_sid_real/images/row-31355_2bd60bcc08992dc4.jpg,0,real,sid_set_train_real_e4,train
data/raw/e4_sid_real/images/row-104424_360ea46944320141.jpg,0,real,sid_set_train_real_e4,train
data/raw/e4_sid_real/images/row-199472_258ecbf07246622a.jpg,0,real,sid_set_train_real_e4,train
data/raw/e4_sid_real/images/row-66982_45eb0c95c133a745.jpg,0,real,sid_set_train_real_e4,train
data/raw/e4_sid_real/images/row-201471_e7228392cb01e093.jpg,0,real,sid_set_train_real_e4,train
data/raw/e4_sid_real/images/row-132952_9dc00989a1fac388.jpg,0,real,sid_set_train_real_e4,train
data/raw/e4_sid_real/images/row-140435_ae37c60e4f1d622d.jpg,0,real,sid_set_train_real_e4,train
data/raw/e4_sid_real/images/row-127849_496aaf9119a4c266.jpg,0,real,sid_set_train_real_e4,train
data/raw/e4_sid_real/images/row-52939_385b8e42390dc245.jpg,0,real,sid_set_train_real_e4,train
data/raw/e4_sid_real/images/row-74301_d395903eb5110a8b.jpg,0,real,sid_set_train_real_e4,train
data/raw/e4_sid_real/images/row-117932_88a6d61d8abf53b4.jpg,0,real,sid_set_train_real_e4,train
data/raw/e4_sid_real/images/row-147750_fbcbc14082a13c75.jpg,0,real,sid_set_train_real_e4,train
data/raw/e4_sid_real/images/row-74300_2ec0b160870fcef2.jpg,0,real,sid_set_train_real_e4,train
data/raw/e4_sid_real/images/row-77370_2f9d319b8fd30ebc.jpg,0,real,sid_set_train_real_e4,train
data/raw/e4_sid_real/images/row-163738_8b29a70073ac1e84.jpg,0,real,sid_set_train_real_e4,train
data/raw/e4_sid_real/images/row-23726_8b6b2f1b23b5c6fb.jpg,0,real,sid_set_train_real_e4,train
data/raw/e4_sid_real/images/row-201436_0e822d9bde97ba9c.jpg,0,real,sid_set_train_real_e4,train
data/raw/e4_sid_real/images/row-57172_cbc08621b3ae43f7.jpg,0,real,sid_set_train_real_e4,train
data/raw/e4_sid_real/images/row-198369_55bca304970ec4bb.jpg,0,real,sid_set_train_real_e4,train
data/raw/e4_sid_real/images/row-147219_c61827ffefb51e64.jpg,0,real,sid_set_train_real_e4,train
data/raw/e4_sid_real/images/row-54128_fa182eb3b937bb47.jpg,0,real,sid_set_train_real_e4,train
data/raw/e4_sid_real/images/row-16893_6ffcd841d9a0126c.jpg,0,real,sid_set_train_real_e4,train
data/raw/e4_sid_real/images/row-91390_c80a330f02a51c26.jpg,0,real,sid_set_train_real_e4,train
data/raw/e4_sid_real/images/row-174871_aee75f2469055353.jpg,0,real,sid_set_train_real_e4,train
data/raw/e4_sid_real/images/row-109994_b1f81192cc51aedb.jpg,0,real,sid_set_train_real_e4,train
data/raw/e4_sid_real/images/row-128450_0cfeca4021e55cfe.jpg,0,real,sid_set_train_real_e4,train
data/raw/e4_sid_real/images/row-199431_85ef6f13a97e7c15.jpg,0,real,sid_set_train_real_e4,train
data/raw/e4_sid_real/images/row-23715_194b9252082722b9.jpg,0,real,sid_set_train_real_e4,train
data/raw/e4_sid_real/images/row-119184_8b04c697671bb311.jpg,0,real,sid_set_train_real_e4,train
data/raw/e4_sid_real/images/row-201054_4c5a635a5e2ebb93.jpg,0,real,sid_set_train_real_e4,train
data/raw/e4_sid_real/images/row-34710_d28e6446c947ac53.jpg,0,real,sid_set_train_real_e4,train
data/raw/e4_sid_real/images/row-126338_f5d1dc0cb0fc8e66.jpg,0,real,sid_set_train_real_e4,train
data/raw/e4_sid_real/images/row-57822_09b88f7656e0350a.jpg,0,real,sid_set_train_real_e4,train
data/raw/e4_sid_real/images/row-05601_c6833e6abdbfdbad.jpg,0,real,sid_set_train_real_e4,train
data/raw/e4_sid_real/images/row-171248_70963b385e2822d7.jpg,0,real,sid_set_train_real_e4,train
data/raw/e4_sid_real/images/row-177502_612ca595bec08b7b.jpg,0,real,sid_set_train_real_e4,train
data/raw/e4_sid_real/images/row-05492_ad23cf5b908bad48.jpg,0,real,sid_set_train_real_e4,train
data/raw/e4_sid_real/images/row-49727_e43b66b7f2ff65c0.jpg,0,real,sid_set_train_real_e4,train
data/raw/e4_sid_real/images/row-72150_b3d789edeade12e1.jpg,0,real,sid_set_train_real_e4,train
data/raw/e4_sid_real/images/row-30185_641775019e5f0243.jpg,0,real,sid_set_train_real_e4,train
data/raw/e4_sid_real/images/row-17164_bc5478285a497b86.jpg,0,real,sid_set_train_real_e4,train
data/raw/e4_sid_real/images/row-01276_d4d7e9da6cab1ec4.jpg,0,real,sid_set_train_real_e4,train
data/raw/e4_sid_real/images/row-197726_3a2ee6c04272223e.jpg,0,real,sid_set_train_real_e4,train
data/raw/e4_sid_real/images/row-198378_1ff769cee56677a5.jpg,0,real,sid_set_train_real_e4,train
data/raw/e4_sid_real/images/row-132944_69c89a0b277aab0a.jpg,0,real,sid_set_train_real_e4,train
data/raw/e4_sid_real/images/row-77319_e184a3eb258e7bd5.jpg,0,real,sid_set_train_real_e4,train
data/raw/e4_sid_real/images/row-49598_b076b76167f48dea.jpg,0,real,sid_set_train_real_e4,train
data/raw/e4_sid_real/images/row-66513_052b27e426e81601.jpg,0,real,sid_set_train_real_e4,train
data/raw/e4_sid_real/images/row-20451_09febf4d2613af27.jpg,0,real,sid_set_train_real_e4,train
data/raw/e4_sid_real/images/row-152077_a327f498c6a75e06.jpg,0,real,sid_set_train_real_e4,train
data/raw/e4_sid_real/images/row-91226_0ac2f15784f1f2fa.jpg,0,real,sid_set_train_real_e4,train
data/raw/e4_sid_real/images/row-22885_69ce9cbffc5be5dc.jpg,0,real,sid_set_train_real_e4,train
data/raw/e4_sid_real/images/row-145601_212843540de25437.jpg,0,real,sid_set_train_real_e4,train
data/raw/e4_sid_real/images/row-62592_d387240ac8dca63f.jpg,0,real,sid_set_train_real_e4,train
data/raw/e4_sid_real/images/row-07276_673146cee3f0f13b.jpg,0,real,sid_set_train_real_e4,train
data/raw/e4_sid_real/images/row-56396_565aa5536a50854f.jpg,0,real,sid_set_train_real_e4,train
data/raw/e4_sid_real/images/row-95410_3c17462992e45a92.jpg,0,real,sid_set_train_real_e4,train
data/raw/e4_sid_real/images/row-120726_f642638b227d001a.jpg,0,real,sid_set_train_real_e4,train
data/raw/e4_sid_real/images/row-183651_d08069c5b08e1d3b.jpg,0,real,sid_set_train_real_e4,train
data/raw/e4_sid_real/images/row-32806_c4d49c348c9aee98.jpg,0,real,sid_set_train_real_e4,train
data/raw/e4_sid_real/images/row-05482_d6a6795f7bf387f1.jpg,0,real,sid_set_train_real_e4,train
data/raw/e4_sid_real/images/row-178400_e90715127030efde.jpg,0,real,sid_set_train_real_e4,train
data/raw/e4_sid_real/images/row-60384_bcccde71d992d6b4.jpg,0,real,sid_set_train_real_e4,train
data/raw/e4_sid_real/images/row-117258_1aaf96956ae3e53a.jpg,0,real,sid_set_train_real_e4,train
data/raw/e4_sid_real/images/row-05521_01c59f764cc6f793.jpg,0,real,sid_set_train_real_e4,train
data/raw/e4_sid_real/images/row-198905_293a606aa17dd3ad.jpg,0,real,sid_set_train_real_e4,train
data/raw/e4_sid_real/images/row-133353_04f0105da4fd0198.jpg,0,real,sid_set_train_real_e4,train
data/raw/e4_sid_real/images/row-22874_6f990a0b4faf8785.jpg,0,real,sid_set_train_real_e4,train
data/raw/e4_sid_real/images/row-119136_15455c79f6ee1145.jpg,0,real,sid_set_train_real_e4,train
data/raw/e4_sid_real/images/row-128465_e035415bfe676d24.jpg,0,real,sid_set_train_real_e4,train
data/raw/e4_sid_real/images/row-22803_00e3e60f22282804.jpg,0,real,sid_set_train_real_e4,train
data/raw/e4_sid_real/images/row-132904_4d8f8cce4a8a4eba.jpg,0,real,sid_set_train_real_e4,train
data/raw/e4_sid_real/images/row-67483_bc73aeccbb6e2104.jpg,0,real,sid_set_train_real_e4,train
data/raw/e4_sid_real/images/row-167270_e465ec10e192dd32.jpg,0,real,sid_set_train_real_e4,train
data/raw/e4_sid_real/images/row-151967_9fafaaa477f760fc.jpg,0,real,sid_set_train_real_e4,train
data/raw/e4_sid_real/images/row-73998_42df45c5aef7100a.jpg,0,real,sid_set_train_real_e4,train
data/raw/e4_sid_real/images/row-199286_f7cfb115263d4709.jpg,0,real,sid_set_train_real_e4,train
data/raw/e4_sid_real/images/row-198426_a1f9bb3360a1670e.jpg,0,real,sid_set_train_real_e4,train
data/raw/e4_sid_real/images/row-73924_424dfa461e81a73a.jpg,0,real,sid_set_train_real_e4,train
data/raw/e4_sid_real/images/row-17122_b7638660ba7db95a.jpg,0,real,sid_set_train_real_e4,train
data/raw/e4_sid_real/images/row-119118_fb3d1fbd0bdf9058.jpg,0,real,sid_set_train_real_e4,train
data/raw/e4_sid_real/images/row-157668_5f31ea4d06be7bbc.jpg,0,real,sid_set_train_real_e4,train
data/raw/e4_sid_real/images/row-05618_376d45873e6d6eee.jpg,0,real,sid_set_train_real_e4,train
data/raw/e4_sid_real/images/row-120752_cd91589c87b0477e.jpg,0,real,sid_set_train_real_e4,train
data/raw/e4_sid_real/images/row-117230_0f91c5919d2fe7e4.jpg,0,real,sid_set_train_real_e4,train
data/raw/e4_sid_real/images/row-70696_ddde3c0c9df875ec.jpg,0,real,sid_set_train_real_e4,train
data/raw/e4_sid_real/images/row-175069_d11d6d833597eb45.jpg,0,real,sid_set_train_real_e4,train
data/raw/e4_sid_real/images/row-162609_6bad0a1b36aae064.jpg,0,real,sid_set_train_real_e4,train
data/raw/e4_sid_real/images/row-157638_e226887a0875724c.jpg,0,real,sid_set_train_real_e4,train
data/raw/e4_sid_real/images/row-193653_c37f78ea2645a9b1.jpg,0,real,sid_set_train_real_e4,train
data/raw/e4_sid_real/images/row-177575_8a8fa476a5226928.jpg,0,real,sid_set_train_real_e4,train
data/raw/e4_sid_real/images/row-104425_2d80524a0c2259c5.jpg,0,real,sid_set_train_real_e4,train
data/raw/e4_sid_real/images/row-199407_c4ddef60269732a8.jpg,0,real,sid_set_train_real_e4,train
data/raw/e4_sid_real/images/row-148001_3e9feaf65eff40a7.jpg,0,real,sid_set_train_real_e4,train
data/raw/e4_sid_real/images/row-119197_7adb62e9c818c210.jpg,0,real,sid_set_train_real_e4,train
data/raw/e4_sid_real/images/row-54622_062b61e32c56e650.jpg,0,real,sid_set_train_real_e4,train
data/raw/e4_sid_real/images/row-20422_7570a7938552869a.jpg,0,real,sid_set_train_real_e4,train
data/raw/e4_sid_real/images/row-140386_a91ab3292f7fadee.jpg,0,real,sid_set_train_real_e4,train
data/raw/e4_sid_real/images/row-157131_8eea03240509c719.jpg,0,real,sid_set_train_real_e4,train
data/raw/e4_sid_real/images/row-34725_d5a217244266825e.jpg,0,real,sid_set_train_real_e4,train
data/raw/e4_sid_real/images/row-203665_9e73692dff69a7b0.jpg,0,real,sid_set_train_real_e4,train
data/raw/e4_sid_real/images/row-175009_be9971a86390c3be.jpg,0,real,sid_set_train_real_e4,train
data/raw/e4_sid_real/images/row-109973_032398215eba631a.jpg,0,real,sid_set_train_real_e4,train
data/raw/e4_sid_real/images/row-05455_befebd97b4fbfc52.jpg,0,real,sid_set_train_real_e4,train
data/raw/e4_sid_real/images/row-148061_d35cd7023f0a0024.jpg,0,real,sid_set_train_real_e4,train
data/raw/e4_sid_real/images/row-80473_3158d640644a5768.jpg,0,real,sid_set_train_real_e4,train
data/raw/e4_sid_real/images/row-01216_65b4bd78e5c0e1f8.jpg,0,real,sid_set_train_real_e4,train
data/raw/e4_sid_real/images/row-200989_b1680d6b75d6b6bd.jpg,0,real,sid_set_train_real_e4,train
data/raw/e4_sid_real/images/row-157182_7152be9c24fc61c8.jpg,0,real,sid_set_train_real_e4,train
data/raw/e4_sid_real/images/row-144798_de660be143994cf1.jpg,0,real,sid_set_train_real_e4,train
data/raw/e4_sid_real/images/row-17102_1311021623bae362.jpg,0,real,sid_set_train_real_e4,train
data/raw/e4_sid_real/images/row-70665_84d9d40dd1745af3.jpg,0,real,sid_set_train_real_e4,train
data/raw/e4_sid_real/images/row-198940_c15119c02ea2fa4e.jpg,0,real,sid_set_train_real_e4,train
data/raw/e4_sid_real/images/row-161611_269f4ae60f8df199.jpg,0,real,sid_set_train_real_e4,train
data/raw/e4_sid_real/images/row-140447_5d13a3f934c2ac81.jpg,0,real,sid_set_train_real_e4,train
data/raw/e4_sid_real/images/row-43200_fe1f7a0c9f60c22c.jpg,0,real,sid_set_train_real_e4,train
data/raw/e4_sid_real/images/row-183692_70cb8d36218e8ed4.jpg,0,real,sid_set_train_real_e4,train
data/raw/e4_sid_real/images/row-96855_80fd6791f114307c.jpg,0,real,sid_set_train_real_e4,train
data/raw/e4_sid_real/images/row-179055_8e16374fc61175d8.jpg,0,real,sid_set_train_real_e4,train
data/raw/e4_sid_real/images/row-163426_48847e5eb3dc6a67.jpg,0,real,sid_set_train_real_e4,train
data/raw/e4_sid_real/images/row-117906_0307663ba69ef1cd.jpg,0,real,sid_set_train_real_e4,train
data/raw/e4_sid_real/images/row-10974_96b830ea38e0477e.jpg,0,real,sid_set_train_real_e4,train
data/raw/e4_sid_real/images/row-43285_2449ac05d6e22887.jpg,0,real,sid_set_train_real_e4,train
data/raw/e4_sid_real/images/row-52903_ce0b3a1cf8647058.jpg,0,real,sid_set_train_real_e4,train
data/raw/e4_sid_real/images/row-126374_fdaf06292386dc95.jpg,0,real,sid_set_train_real_e4,train
data/raw/e4_sid_real/images/row-164623_9767bf0e88d65707.jpg,0,real,sid_set_train_real_e4,train
data/raw/e4_sid_real/images/row-166743_e6b681a40e52575b.jpg,0,real,sid_set_train_real_e4,train
data/raw/e4_sid_real/images/row-177514_338f216f7e9bd6b0.jpg,0,real,sid_set_train_real_e4,train
data/raw/e4_sid_real/images/row-168131_2d797ffc53b80f3a.jpg,0,real,sid_set_train_real_e4,train
data/raw/e4_sid_real/images/row-32824_bd322acceaf1d1ae.jpg,0,real,sid_set_train_real_e4,train
data/raw/e4_sid_real/images/row-144777_ab038703003e7ba0.jpg,0,real,sid_set_train_real_e4,train
data/raw/e4_sid_real/images/row-157649_54fdd2ff8e1a40c2.jpg,0,real,sid_set_train_real_e4,train
data/raw/e4_sid_real/images/row-152014_16ac03900582b0f5.jpg,0,real,sid_set_train_real_e4,train
data/raw/e4_sid_real/images/row-178465_ded4db40041cca91.jpg,0,real,sid_set_train_real_e4,train
data/raw/e4_sid_real/images/row-121640_835c96a03e532656.jpg,0,real,sid_set_train_real_e4,train
data/raw/e4_sid_real/images/row-127890_e224380b95998bef.jpg,0,real,sid_set_train_real_e4,train
data/raw/e4_sid_real/images/row-20499_ed3a23b03d68d86a.jpg,0,real,sid_set_train_real_e4,train
data/raw/e4_sid_real/images/row-144744_bc65370298f67555.jpg,0,real,sid_set_train_real_e4,train
data/raw/e4_sid_real/images/row-132994_76604aaee1ea40fc.jpg,0,real,sid_set_train_real_e4,train
data/raw/e4_sid_real/images/row-49318_2c11bf1b8eee4fe6.jpg,0,real,sid_set_train_real_e4,train
data/raw/e4_sid_real/images/row-22898_e262b5bce667cb3e.jpg,0,real,sid_set_train_real_e4,train
data/raw/e4_sid_real/images/row-157174_4636740703dbb6de.jpg,0,real,sid_set_train_real_e4,train
data/raw/e4_sid_real/images/row-117934_33e7d997b4827d84.jpg,0,real,sid_set_train_real_e4,train
data/raw/e4_sid_real/images/row-74389_f010a841b8361f76.jpg,0,real,sid_set_train_real_e4,train
data/raw/e4_sid_real/images/row-177597_d4dd96fd2157dd31.jpg,0,real,sid_set_train_real_e4,train
data/raw/e4_sid_real/images/row-201074_d0a41a239ea52ccc.jpg,0,real,sid_set_train_real_e4,train
data/raw/e4_sid_real/images/row-13961_3691043805514ee3.jpg,0,real,sid_set_train_real_e4,train
data/raw/e4_sid_real/images/row-203666_52d3bd9f24e563f4.jpg,0,real,sid_set_train_real_e4,train
data/raw/e4_sid_real/images/row-28560_c8336c0f57f7afb1.jpg,0,real,sid_set_train_real_e4,train
data/raw/e4_sid_real/images/row-198428_9c1eac8e3622936f.jpg,0,real,sid_set_train_real_e4,train
data/raw/e4_sid_real/images/row-63279_0c3d3b2dc5979ce7.jpg,0,real,sid_set_train_real_e4,train
data/raw/e4_sid_real/images/row-23744_4623e7db095b0177.jpg,0,real,sid_set_train_real_e4,train
data/raw/e4_sid_real/images/row-56345_293db19d2e9345d2.jpg,0,real,sid_set_train_real_e4,train
data/raw/e4_sid_real/images/row-120748_6a2337f211170b8d.jpg,0,real,sid_set_train_real_e4,train
data/raw/e4_sid_real/images/row-157195_b757d1e667620358.jpg,0,real,sid_set_train_real_e4,train
data/raw/e4_sid_real/images/row-104483_530204308b68ea31.jpg,0,real,sid_set_train_real_e4,train
data/raw/e4_sid_real/images/row-203620_a57be7901d7a3ce5.jpg,0,real,sid_set_train_real_e4,train
data/raw/e4_sid_real/images/row-132928_6565e91c1d0ecd6b.jpg,0,real,sid_set_train_real_e4,train
data/raw/e4_sid_real/images/row-109906_ca04db65ee6c2a3e.jpg,0,real,sid_set_train_real_e4,train
data/raw/e4_sid_real/images/row-142872_22cf27dfdf71b7af.jpg,0,real,sid_set_train_real_e4,train
data/raw/e4_sid_real/images/row-198958_ccdb40aa403499b3.jpg,0,real,sid_set_train_real_e4,train
data/raw/e4_sid_real/images/row-178415_76e08ba35dba6196.jpg,0,real,sid_set_train_real_e4,train
data/raw/e4_sid_real/images/row-49567_b0eb7f95c2e1a01a.jpg,0,real,sid_set_train_real_e4,train
data/raw/e4_sid_real/images/row-07554_7f2dcecc28bdab36.jpg,0,real,sid_set_train_real_e4,train
data/raw/e4_sid_real/images/row-52994_80a682030ac9c9d1.jpg,0,real,sid_set_train_real_e4,train
data/raw/e4_sid_real/images/row-100222_6e2a1a54eef1cb87.jpg,0,real,sid_set_train_real_e4,train
data/raw/e4_sid_real/images/row-01209_1ca1389cddaab1b6.jpg,0,real,sid_set_train_real_e4,train
data/raw/e4_sid_real/images/row-190959_52fd5f079a135244.jpg,0,real,sid_set_train_real_e4,train
data/raw/e4_sid_real/images/row-62583_66fae38c211e5e48.jpg,0,real,sid_set_train_real_e4,train
data/raw/e4_sid_real/images/row-57831_ad269fb7d6837219.jpg,0,real,sid_set_train_real_e4,train
data/raw/e4_sid_real/images/row-198375_d4490dffb9c81762.jpg,0,real,sid_set_train_real_e4,train
data/raw/e4_sid_real/images/row-35336_d94299a9a54fb80a.jpg,0,real,sid_set_train_real_e4,train
data/raw/e4_sid_real/images/row-132973_4187ab12d27a6cbe.jpg,0,real,sid_set_train_real_e4,train
data/raw/e4_sid_real/images/row-148070_75828ec11a5eb4ed.jpg,0,real,sid_set_train_real_e4,train
data/raw/e4_sid_real/images/row-147238_decc2b881950b8f2.jpg,0,real,sid_set_train_real_e4,train
data/raw/e4_sid_real/images/row-120753_54994cbbd02bc4b5.jpg,0,real,sid_set_train_real_e4,train
data/raw/e4_sid_real/images/row-119101_591e18de7a6bb616.jpg,0,real,sid_set_train_real_e4,train
data/raw/e4_sid_real/images/row-62576_80a15a0712036d85.jpg,0,real,sid_set_train_real_e4,train
data/raw/e4_sid_real/images/row-149396_8cdee0b05759ac80.jpg,0,real,sid_set_train_real_e4,train
data/raw/e4_sid_real/images/row-05442_9c70d146193ac4de.jpg,0,real,sid_set_train_real_e4,train
data/raw/e4_sid_real/images/row-166431_1804a971c457e8cc.jpg,0,real,sid_set_train_real_e4,train
data/raw/e4_sid_real/images/row-200982_94efe4d2198a91bc.jpg,0,real,sid_set_train_real_e4,train
data/raw/e4_sid_real/images/row-64860_ea45434ad886c7d3.jpg,0,real,sid_set_train_real_e4,train
data/raw/e4_sid_real/images/row-160084_fe0f4a29a7c38239.jpg,0,real,sid_set_train_real_e4,train
data/raw/e4_sid_real/images/row-28596_4c6443cc77185915.jpg,0,real,sid_set_train_real_e4,train
data/raw/e4_sid_real/images/row-73909_d1be9b290bee9099.jpg,0,real,sid_set_train_real_e4,train
data/raw/e4_sid_real/images/row-189278_eaa8943b0779ddc9.jpg,0,real,sid_set_train_real_e4,train
data/raw/e4_sid_real/images/row-119172_1d198a534d72f628.jpg,0,real,sid_set_train_real_e4,train
data/raw/e4_sid_real/images/row-117241_5e042db9f666ba8c.jpg,0,real,sid_set_train_real_e4,train
data/raw/e4_sid_real/images/row-126329_b572858f084eaf84.jpg,0,real,sid_set_train_real_e4,train
data/raw/e4_sid_real/images/row-01241_bd46da82a34eec7e.jpg,0,real,sid_set_train_real_e4,train
data/raw/e4_sid_real/images/row-103345_ee7944cae90203c5.jpg,0,real,sid_set_train_real_e4,train
data/raw/e4_sid_real/images/row-54653_c4faf1093802809b.jpg,0,real,sid_set_train_real_e4,train
data/raw/e4_sid_real/images/row-05634_d08f59fb40ca2436.jpg,0,real,sid_set_train_real_e4,train
data/raw/e4_sid_real/images/row-01212_89e1aa144b3015f1.jpg,0,real,sid_set_train_real_e4,train
data/raw/e4_sid_real/images/row-117289_d198537307eead4d.jpg,0,real,sid_set_train_real_e4,train
data/raw/e4_sid_real/images/row-49371_02c8d6765416b61f.jpg,0,real,sid_set_train_real_e4,train
data/raw/e4_sid_real/images/row-171205_cb0833d5babc8bc3.jpg,0,real,sid_set_train_real_e4,train
data/raw/e4_sid_real/images/row-142825_830a5f17b674c788.jpg,0,real,sid_set_train_real_e4,train
data/raw/e4_sid_real/images/row-73948_22d6f6a358fa8d97.jpg,0,real,sid_set_train_real_e4,train
data/raw/e4_sid_real/images/row-163410_9a3e1b40ba7ae26c.jpg,0,real,sid_set_train_real_e4,train
data/raw/e4_sid_real/images/row-10960_e3ce52acb24a2098.jpg,0,real,sid_set_train_real_e4,train
data/raw/e4_sid_real/images/row-157612_31bad738fdfbd601.jpg,0,real,sid_set_train_real_e4,train
data/raw/e4_sid_real/images/row-103310_283f81ded242a7c7.jpg,0,real,sid_set_train_real_e4,train
data/raw/e4_sid_real/images/row-28540_c43db94d810d6c97.jpg,0,real,sid_set_train_real_e4,train
data/raw/e4_sid_real/images/row-171202_4e3f4d4403abe4a5.jpg,0,real,sid_set_train_real_e4,train
data/raw/e4_sid_real/images/row-105350_1c5b63b1302a3b04.jpg,0,real,sid_set_train_real_e4,train
data/raw/e4_sid_real/images/row-98423_d1b6c741e6b73376.jpg,0,real,sid_set_train_real_e4,train
data/raw/e4_sid_real/images/row-104694_d811f42a61a5484a.jpg,0,real,sid_set_train_real_e4,train
data/raw/e4_sid_real/images/row-80457_72fc20f575225c40.jpg,0,real,sid_set_train_real_e4,train
data/raw/e4_sid_real/images/row-54181_b50a0fcc20f34925.jpg,0,real,sid_set_train_real_e4,train
data/raw/e4_sid_real/images/row-149317_475c88d502d59877.jpg,0,real,sid_set_train_real_e4,train
data/raw/e4_sid_real/images/row-147266_6032a832b9fcfe04.jpg,0,real,sid_set_train_real_e4,train
data/raw/e4_sid_real/images/row-57116_59ace22215491b52.jpg,0,real,sid_set_train_real_e4,train
data/raw/e4_sid_real/images/row-175047_1b950c2fcfdb9986.jpg,0,real,sid_set_train_real_e4,train
data/raw/e4_sid_real/images/row-22826_e284109e208e6c52.jpg,0,real,sid_set_train_real_e4,train
data/raw/e4_sid_real/images/row-72723_f865f71885dc7144.jpg,0,real,sid_set_train_real_e4,train
data/raw/e4_sid_real/images/row-178460_2ae68cfda5133ca2.jpg,0,real,sid_set_train_real_e4,train
data/raw/e4_sid_real/images/row-158590_e4f465b7545449d6.jpg,0,real,sid_set_train_real_e4,train
data/raw/e4_sid_real/images/row-32811_afd27e5dd2080c68.jpg,0,real,sid_set_train_real_e4,train
data/raw/e4_sid_real/images/row-157148_3faecb4bcdcb7ce6.jpg,0,real,sid_set_train_real_e4,train
data/raw/e4_sid_real/images/row-87614_1fec574bad3f3f62.jpg,0,real,sid_set_train_real_e4,train
data/raw/e4_sid_real/images/row-170985_00469d7caf756785.jpg,0,real,sid_set_train_real_e4,train
data/raw/e4_sid_real/images/row-05542_345862cb0c3a9e18.jpg,0,real,sid_set_train_real_e4,train
data/raw/e4_sid_real/images/row-199238_87b63c9e0367275b.jpg,0,real,sid_set_train_real_e4,train
data/raw/e4_sid_real/images/row-178466_f378c09ae6a2a1da.jpg,0,real,sid_set_train_real_e4,train
data/raw/e4_sid_real/images/row-06565_bf34e97a71a5a039.jpg,0,real,sid_set_train_real_e4,train
data/raw/e4_sid_real/images/row-124492_40e52fdcae920460.jpg,0,real,sid_set_train_real_e4,train
data/raw/e4_sid_real/images/row-128417_7f486fa2db170a3f.jpg,0,real,sid_set_train_real_e4,train
data/raw/e4_sid_real/images/row-149378_68d04671850331e2.jpg,0,real,sid_set_train_real_e4,train
data/raw/e4_sid_real/images/row-109993_af9a783d431b251f.jpg,0,real,sid_set_train_real_e4,train
data/raw/e4_sid_real/images/row-183291_43908aeaf4041555.jpg,0,real,sid_set_train_real_e4,train
data/raw/e4_sid_real/images/row-17147_9c16ffda85f20637.jpg,0,real,sid_set_train_real_e4,train
data/raw/e4_sid_real/images/row-56323_3e5cdeebb5143e94.jpg,0,real,sid_set_train_real_e4,train
data/raw/e4_sid_real/images/row-183694_cfad7d023c926d7e.jpg,0,real,sid_set_train_real_e4,train
data/raw/e4_sid_real/images/row-133393_bdc0ce0573ce5915.jpg,0,real,sid_set_train_real_e4,train
data/raw/e4_sid_real/images/row-49308_b798d62ab5c4df42.jpg,0,real,sid_set_train_real_e4,train
data/raw/e4_sid_real/images/row-142888_c0305cbb2cbb5464.jpg,0,real,sid_set_train_real_e4,train
data/raw/e4_sid_real/images/row-104659_04ea8cb7f726b3f9.jpg,0,real,sid_set_train_real_e4,train
data/raw/e4_sid_real/images/row-199448_623a0a8445f79983.jpg,0,real,sid_set_train_real_e4,train
data/raw/e4_sid_real/images/row-66996_0bffb74503fb2b34.jpg,0,real,sid_set_train_real_e4,train
data/raw/e4_sid_real/images/row-168116_e33b4b49c45cf87b.jpg,0,real,sid_set_train_real_e4,train
data/raw/e4_sid_real/images/row-203790_eb6bcb336a72fe2e.jpg,0,real,sid_set_train_real_e4,train
data/raw/e4_sid_real/images/row-54625_ff469d49f13158b1.jpg,0,real,sid_set_train_real_e4,train
data/raw/e4_sid_real/images/row-142810_89fa45df30c833ee.jpg,0,real,sid_set_train_real_e4,train
data/raw/e4_sid_real/images/row-152017_acf39c00f9eae253.jpg,0,real,sid_set_train_real_e4,train
data/raw/e4_sid_real/images/row-20424_3400e2fe2386e918.jpg,0,real,sid_set_train_real_e4,train
data/raw/e4_sid_real/images/row-01236_6c03d988d073d6ea.jpg,0,real,sid_set_train_real_e4,train
data/raw/e4_sid_real/images/row-158556_7d6486421f05dc1d.jpg,0,real,sid_set_train_real_e4,train
data/raw/e4_sid_real/images/row-162659_003d95e6cd092860.jpg,0,real,sid_set_train_real_e4,train
data/raw/e4_sid_real/images/row-62551_878fa2bf53cd3450.jpg,0,real,sid_set_train_real_e4,train
data/raw/e4_sid_real/images/row-80499_0c27169c8623cf84.jpg,0,real,sid_set_train_real_e4,train
data/raw/e4_sid_real/images/row-163403_94a6ba18dcaeddee.jpg,0,real,sid_set_train_real_e4,train
data/raw/e4_sid_real/images/row-28549_98b26e9e64c87bc1.jpg,0,real,sid_set_train_real_e4,train
data/raw/e4_sid_real/images/row-100262_d011d0e204f49728.jpg,0,real,sid_set_train_real_e4,train
data/raw/e4_sid_real/images/row-104615_b2a58efba5533996.jpg,0,real,sid_set_train_real_e4,train
data/raw/e4_sid_real/images/row-05538_ab1e38e91af49bb8.jpg,0,real,sid_set_train_real_e4,train
data/raw/e4_sid_real/images/row-22839_768d70caa877fc15.jpg,0,real,sid_set_train_real_e4,train
data/raw/e4_sid_real/images/row-43271_f34b5b299726fd4f.jpg,0,real,sid_set_train_real_e4,train
data/raw/e4_sid_real/images/row-109901_3dcff3581acb82f9.jpg,0,real,sid_set_train_real_e4,train
data/raw/e4_sid_real/images/row-206579_b7a89a801952f485.jpg,0,real,sid_set_train_real_e4,train
data/raw/e4_sid_real/images/row-183276_76d59a4164f93a34.jpg,0,real,sid_set_train_real_e4,train
data/raw/e4_sid_real/images/row-166427_6633bd2b8c535894.jpg,0,real,sid_set_train_real_e4,train
data/raw/e4_sid_real/images/row-74343_65f50a11a19c3720.jpg,0,real,sid_set_train_real_e4,train
data/raw/e4_sid_real/images/row-91233_993ecddbaad5b5c8.jpg,0,real,sid_set_train_real_e4,train
data/raw/e4_sid_real/images/row-128428_1d10e0257bbb68a2.jpg,0,real,sid_set_train_real_e4,train
data/raw/e4_sid_real/images/row-164634_13d4e42bd9973432.jpg,0,real,sid_set_train_real_e4,train
data/raw/e4_sid_real/images/row-117222_afdf2a0a1691e0de.jpg,0,real,sid_set_train_real_e4,train
data/raw/e4_sid_real/images/row-77376_221a942d95be2c98.jpg,0,real,sid_set_train_real_e4,train
data/raw/e4_sid_real/images/row-197747_a55c82d8a05403f6.jpg,0,real,sid_set_train_real_e4,train
data/raw/e4_sid_real/images/row-160075_7689c9ad51e31b34.jpg,0,real,sid_set_train_real_e4,train
data/raw/e4_sid_real/images/row-54120_55bfe37c7dae8a68.jpg,0,real,sid_set_train_real_e4,train
data/raw/e4_sid_real/images/row-59238_28ddd53a46f1a5e0.jpg,0,real,sid_set_train_real_e4,train
data/raw/e4_sid_real/images/row-199271_e739be65ee010b8a.jpg,0,real,sid_set_train_real_e4,train
data/raw/e4_sid_real/images/row-166417_5a5efacdacc15011.jpg,0,real,sid_set_train_real_e4,train
data/raw/e4_sid_real/images/row-203417_9c1f59847b093e5a.jpg,0,real,sid_set_train_real_e4,train
data/raw/e4_sid_real/images/row-66514_0bd593ccdf699488.jpg,0,real,sid_set_train_real_e4,train
data/raw/e4_sid_real/images/row-163782_d16139c86aeab92f.jpg,0,real,sid_set_train_real_e4,train
data/raw/e4_sid_real/images/row-199273_572519b0c0fc6080.jpg,0,real,sid_set_train_real_e4,train
data/raw/e4_sid_real/images/row-140434_de15636a19b740e0.jpg,0,real,sid_set_train_real_e4,train
data/raw/e4_sid_real/images/row-193387_e1b8499c7fe64f0f.jpg,0,real,sid_set_train_real_e4,train
data/raw/e4_sid_real/images/row-57055_c520cd2f48ea6d92.jpg,0,real,sid_set_train_real_e4,train
data/raw/e4_sid_real/images/row-06522_c3d7e561eff98983.jpg,0,real,sid_set_train_real_e4,train
data/raw/e4_sid_real/images/row-164632_ad0ed5272e8c1955.jpg,0,real,sid_set_train_real_e4,train
data/raw/e4_sid_real/images/row-170911_9d7a8e9f743e3b28.jpg,0,real,sid_set_train_real_e4,train
data/raw/e4_sid_real/images/row-104405_93ad15d5ce1b08c9.jpg,0,real,sid_set_train_real_e4,train
data/raw/e4_sid_real/images/row-203690_7162ae0a6ec00794.jpg,0,real,sid_set_train_real_e4,train
data/raw/e4_sid_real/images/row-02868_1e4917d0a0d25022.jpg,0,real,sid_set_train_real_e4,train
data/raw/e4_sid_real/images/row-157170_931ba5424aaf5a89.jpg,0,real,sid_set_train_real_e4,train
data/raw/e4_sid_real/images/row-142837_3f5ab0cb62c5ce65.jpg,0,real,sid_set_train_real_e4,train
data/raw/e4_sid_real/images/row-193303_96e9e726121e7bd5.jpg,0,real,sid_set_train_real_e4,train
data/raw/e4_sid_real/images/row-202197_dba433f07ee78e32.jpg,0,real,sid_set_train_real_e4,train
data/raw/e4_sid_real/images/row-168159_db1f980c4f78cdc8.jpg,0,real,sid_set_train_real_e4,train
data/raw/e4_sid_real/images/row-151937_7d057cca60875d41.jpg,0,real,sid_set_train_real_e4,train
data/raw/e4_sid_real/images/row-117954_749e735478d02f5e.jpg,0,real,sid_set_train_real_e4,train
data/raw/e4_sid_real/images/row-22830_46d9006e68b9b2f6.jpg,0,real,sid_set_train_real_e4,train
data/raw/e4_sid_real/images/row-52920_a0d5299205d0de5f.jpg,0,real,sid_set_train_real_e4,train
data/raw/e4_sid_real/images/row-140309_47857631afbd55b4.jpg,0,real,sid_set_train_real_e4,train
data/raw/e4_sid_real/images/row-67428_0ad43cd7df0bddcf.jpg,0,real,sid_set_train_real_e4,train
data/raw/e4_sid_real/images/row-49708_12433af35151ce4f.jpg,0,real,sid_set_train_real_e4,train
data/raw/e4_sid_real/images/row-91280_ad9a63eee38857e6.jpg,0,real,sid_set_train_real_e4,train
data/raw/e4_sid_real/images/row-74336_b8a7d41f374d1ada.jpg,0,real,sid_set_train_real_e4,train
data/raw/e4_sid_real/images/row-183622_af7240aa6b8eae68.jpg,0,real,sid_set_train_real_e4,train
data/raw/e4_sid_real/images/row-96829_a7aa10653456104e.jpg,0,real,sid_set_train_real_e4,train
data/raw/e4_sid_real/images/row-203441_d11f13bc0cf08ffb.jpg,0,real,sid_set_train_real_e4,train
data/raw/e4_sid_real/images/row-160098_c1698f79c0db8b5d.jpg,0,real,sid_set_train_real_e4,train
data/raw/e4_sid_real/images/row-189240_0293cdee1b4b4b2b.jpg,0,real,sid_set_train_real_e4,train
data/raw/e4_sid_real/images/row-133367_bc9c6c4ee6de46f6.jpg,0,real,sid_set_train_real_e4,train
data/raw/e4_sid_real/images/row-182069_3c347dd05a519dd6.jpg,0,real,sid_set_train_real_e4,train
data/raw/e4_sid_real/images/row-167293_bf559300dbf86026.jpg,0,real,sid_set_train_real_e4,train
data/raw/e4_sid_real/images/row-197793_fd1a80f34ec3fa87.jpg,0,real,sid_set_train_real_e4,train
data/raw/e4_sid_real/images/row-170974_29fc819e819ee554.jpg,0,real,sid_set_train_real_e4,train
data/raw/e4_sid_real/images/row-17152_8841b2ec2ef6f9ea.jpg,0,real,sid_set_train_real_e4,train
data/raw/e4_sid_real/images/row-06598_5b4375a95b8e95c1.jpg,0,real,sid_set_train_real_e4,train
data/raw/e4_sid_real/images/row-199241_d4e1481a2dff1164.jpg,0,real,sid_set_train_real_e4,train
data/raw/e4_sid_real/images/row-35334_aec3a8d3b1242a8f.jpg,0,real,sid_set_train_real_e4,train
data/raw/e4_sid_real/images/row-179065_2a4f643439347824.jpg,0,real,sid_set_train_real_e4,train
data/raw/e4_sid_real/images/row-43242_dd93360440cacd38.jpg,0,real,sid_set_train_real_e4,train
data/raw/e4_sid_real/images/row-57863_706cb0f42f5b4a3b.jpg,0,real,sid_set_train_real_e4,train
data/raw/e4_sid_real/images/row-77318_7c8a2ebc8a44a80f.jpg,0,real,sid_set_train_real_e4,train
data/raw/e4_sid_real/images/row-73993_ac140e7a872e0525.jpg,0,real,sid_set_train_real_e4,train
data/raw/e4_sid_real/images/row-54627_de25cf16ad0ee101.jpg,0,real,sid_set_train_real_e4,train
data/raw/e4_sid_real/images/row-151900_01119306e3236425.jpg,0,real,sid_set_train_real_e4,train
data/raw/e4_sid_real/images/row-145618_14420e93e02b1385.jpg,0,real,sid_set_train_real_e4,train
data/raw/e4_sid_real/images/row-164602_a99d97524c1526b3.jpg,0,real,sid_set_train_real_e4,train
data/raw/e4_sid_real/images/row-183646_e18ccefe8aa036c9.jpg,0,real,sid_set_train_real_e4,train
data/raw/e4_sid_real/images/row-117918_21fe7339adbcb672.jpg,0,real,sid_set_train_real_e4,train
data/raw/e4_sid_real/images/row-157696_999e118edf2738b8.jpg,0,real,sid_set_train_real_e4,train
data/raw/e4_sid_real/images/row-160032_f954d45cb3fc6a3a.jpg,0,real,sid_set_train_real_e4,train
data/raw/e4_sid_real/images/row-30105_6f3f0307c0f8f7a5.jpg,0,real,sid_set_train_real_e4,train
data/raw/e4_sid_real/images/row-164612_a3e13bde3db304e2.jpg,0,real,sid_set_train_real_e4,train
data/raw/e4_sid_real/images/row-132940_4956812a08400316.jpg,0,real,sid_set_train_real_e4,train
data/raw/e4_sid_real/images/row-31352_db68751d8ef91027.jpg,0,real,sid_set_train_real_e4,train
data/raw/e4_sid_real/images/row-74395_2f65c8a31c1c7288.jpg,0,real,sid_set_train_real_e4,train
data/raw/e4_sid_real/images/row-67489_5ada8b673a0e4e08.jpg,0,real,sid_set_train_real_e4,train
data/raw/e4_sid_real/images/row-70676_47c194505abcb3e8.jpg,0,real,sid_set_train_real_e4,train
data/raw/e4_sid_real/images/row-117945_ae1895d774f39704.jpg,0,real,sid_set_train_real_e4,train
data/raw/e4_sid_real/images/row-119106_6e4d81c1bf999ad2.jpg,0,real,sid_set_train_real_e4,train
data/raw/e4_sid_real/images/row-77322_7fa3d2b2d995af2b.jpg,0,real,sid_set_train_real_e4,train
data/raw/e4_sid_real/images/row-77315_f13e48de16a839e0.jpg,0,real,sid_set_train_real_e4,train
data/raw/e4_sid_real/images/row-182002_195e9fc3ec33eed4.jpg,0,real,sid_set_train_real_e4,train
data/raw/e4_sid_real/images/row-141245_93ecaf38c863c19c.jpg,0,real,sid_set_train_real_e4,train
data/raw/e4_sid_real/images/row-60349_18e02801bb278118.jpg,0,real,sid_set_train_real_e4,train
data/raw/e4_sid_real/images/row-168111_06835c5a25e77cc9.jpg,0,real,sid_set_train_real_e4,train
data/raw/e4_sid_real/images/row-49768_a004293b1eb909fa.jpg,0,real,sid_set_train_real_e4,train
data/raw/e4_sid_real/images/row-203451_e4a46cdfe702c60c.jpg,0,real,sid_set_train_real_e4,train
data/raw/e4_sid_real/images/row-91225_aa34300819311432.jpg,0,real,sid_set_train_real_e4,train
data/raw/e4_sid_real/images/row-193385_0856660763fd80aa.jpg,0,real,sid_set_train_real_e4,train
data/raw/e4_sid_real/images/row-203754_d22462bfa9b01f76.jpg,0,real,sid_set_train_real_e4,train
data/raw/e4_sid_real/images/row-199282_fab0ff608ee7cf0f.jpg,0,real,sid_set_train_real_e4,train
data/raw/e4_sid_real/images/row-202149_c6aeb31ebb860214.jpg,0,real,sid_set_train_real_e4,train
data/raw/e4_sid_real/images/row-178496_5e2655a1057dcbe7.jpg,0,real,sid_set_train_real_e4,train
data/raw/e4_sid_real/images/row-166725_08d0aecbdbcf68fb.jpg,0,real,sid_set_train_real_e4,train
data/raw/e4_sid_real/images/row-67478_ff467cc06fb614a3.jpg,0,real,sid_set_train_real_e4,train
data/raw/e4_sid_real/images/row-23700_b432939a474d4e5a.jpg,0,real,sid_set_train_real_e4,train
data/raw/e4_sid_real/images/row-49375_0fd9a00d6f283a0e.jpg,0,real,sid_set_train_real_e4,train
data/raw/e4_sid_real/images/row-163434_bca36158b9de8dd1.jpg,0,real,sid_set_train_real_e4,train
data/raw/e4_sid_real/images/row-05498_98426511d18dea2b.jpg,0,real,sid_set_train_real_e4,train
data/raw/e4_sid_real/images/row-133317_2f3ff005e5d31f75.jpg,0,real,sid_set_train_real_e4,train
data/raw/e4_sid_real/images/row-10925_81d7ca82b942162f.jpg,0,real,sid_set_train_real_e4,train
data/raw/e4_sid_real/images/row-57141_b66b8f21865bd48c.jpg,0,real,sid_set_train_real_e4,train
data/raw/e4_sid_real/images/row-158525_36e5de657730b106.jpg,0,real,sid_set_train_real_e4,train
data/raw/e4_sid_real/images/row-119143_dd46b1503024f934.jpg,0,real,sid_set_train_real_e4,train
data/raw/e4_sid_real/images/row-64868_b01b8e788c860ec6.jpg,0,real,sid_set_train_real_e4,train
data/raw/e4_sid_real/images/row-177523_57575b4178f4a0fb.jpg,0,real,sid_set_train_real_e4,train
data/raw/e4_sid_real/images/row-59234_7dd2620208696658.jpg,0,real,sid_set_train_real_e4,train
data/raw/e4_sid_real/images/row-73981_266b2f46e70e3577.jpg,0,real,sid_set_train_real_e4,train
data/raw/e4_sid_real/images/row-162618_fe5a80c3b0be80da.jpg,0,real,sid_set_train_real_e4,train
data/raw/e4_sid_real/images/row-198347_833e5b8ec9b8d73f.jpg,0,real,sid_set_train_real_e4,train
data/raw/e4_sid_real/images/row-57037_eb9768da0dbcc2bb.jpg,0,real,sid_set_train_real_e4,train
data/raw/e4_sid_real/images/row-28509_12dd4e58179a07ad.jpg,0,real,sid_set_train_real_e4,train
data/raw/e4_sid_real/images/row-95497_8b2af77510152499.jpg,0,real,sid_set_train_real_e4,train
data/raw/e4_sid_real/images/row-201061_21c7fdf3421e6185.jpg,0,real,sid_set_train_real_e4,train
data/raw/e4_sid_real/images/row-142821_5ef5aca41e93363c.jpg,0,real,sid_set_train_real_e4,train
data/raw/e4_sid_real/images/row-30127_6fcc5f0d858c9517.jpg,0,real,sid_set_train_real_e4,train
data/raw/e4_sid_real/images/row-98407_6befedee99368d40.jpg,0,real,sid_set_train_real_e4,train
data/raw/e4_sid_real/images/row-140400_da6880a44664e73a.jpg,0,real,sid_set_train_real_e4,train
data/raw/e4_sid_real/images/row-52933_bfe4d4b3f948ea88.jpg,0,real,sid_set_train_real_e4,train
data/raw/e4_sid_real/images/row-202163_72effc4d32af9168.jpg,0,real,sid_set_train_real_e4,train
data/raw/e4_sid_real/images/row-91277_059517541b0ee07c.jpg,0,real,sid_set_train_real_e4,train
data/raw/e4_sid_real/images/row-05695_16bc11e52a96ae28.jpg,0,real,sid_set_train_real_e4,train
data/raw/e4_sid_real/images/row-199485_8d3e242dfeab1e73.jpg,0,real,sid_set_train_real_e4,train
data/raw/e4_sid_real/images/row-167266_cd4de8f375e05ff4.jpg,0,real,sid_set_train_real_e4,train
data/raw/e4_sid_real/images/row-01938_41c86261b5e77ce9.jpg,0,real,sid_set_train_real_e4,train
data/raw/e4_sid_real/images/row-198456_315919338a72f13b.jpg,0,real,sid_set_train_real_e4,train
data/raw/e4_sid_real/images/row-66584_45e8f55f0ec8ee6d.jpg,0,real,sid_set_train_real_e4,train
data/raw/e4_sid_real/images/row-198348_f471efcb55f4e369.jpg,0,real,sid_set_train_real_e4,train
data/raw/e4_sid_real/images/row-201094_523d066a6255f40a.jpg,0,real,sid_set_train_real_e4,train
data/raw/e4_sid_real/images/row-109907_09acb63accd06236.jpg,0,real,sid_set_train_real_e4,train
data/raw/e4_sid_real/images/row-72162_15e58f07c14aceea.jpg,0,real,sid_set_train_real_e4,train
data/raw/e4_sid_real/images/row-133309_debf5e955ee20d98.jpg,0,real,sid_set_train_real_e4,train
data/raw/e4_sid_real/images/row-66565_c728ca4544fa2416.jpg,0,real,sid_set_train_real_e4,train
data/raw/e4_sid_real/images/row-151968_7f21974d5bf1b8e0.jpg,0,real,sid_set_train_real_e4,train
data/raw/e4_sid_real/images/row-105869_19c3afef32412300.jpg,0,real,sid_set_train_real_e4,train
data/raw/e4_sid_real/images/row-144717_feac8b21e0c6bdb8.jpg,0,real,sid_set_train_real_e4,train
data/raw/e4_sid_real/images/row-151914_660376ef9627a99a.jpg,0,real,sid_set_train_real_e4,train
data/raw/e4_sid_real/images/row-147793_66b885d298d75481.jpg,0,real,sid_set_train_real_e4,train
data/raw/e4_sid_real/images/row-59282_ea4acf5dc4db28c7.jpg,0,real,sid_set_train_real_e4,train
data/raw/e4_sid_real/images/row-30151_c101ab7a2a0256cf.jpg,0,real,sid_set_train_real_e4,train
data/raw/e4_sid_real/images/row-13098_9ac31be1e6fd0e7e.jpg,0,real,sid_set_train_real_e4,train
data/raw/e4_sid_real/images/row-54133_70a7b203955a8716.jpg,0,real,sid_set_train_real_e4,train
data/raw/e4_sid_real/images/row-66566_ec57cfc8866878d7.jpg,0,real,sid_set_train_real_e4,train
data/raw/e4_sid_real/images/row-30176_768e3e52bf38a4d1.jpg,0,real,sid_set_train_real_e4,train
data/raw/e4_sid_real/images/row-28530_90299dd1180201c8.jpg,0,real,sid_set_train_real_e4,train
data/raw/e4_sid_real/images/row-182017_02c8cf948520adb5.jpg,0,real,sid_set_train_real_e4,train
data/raw/e4_sid_real/images/row-22801_552e2691787225bd.jpg,0,real,sid_set_train_real_e4,train
data/raw/e4_sid_real/images/row-164683_78f5646ae9ddb94c.jpg,0,real,sid_set_train_real_e4,train
data/raw/e4_sid_real/images/row-182021_e72cfc6967983521.jpg,0,real,sid_set_train_real_e4,train
data/raw/e4_sid_real/images/row-105821_e7a7dba9c708b2fc.jpg,0,real,sid_set_train_real_e4,train
data/raw/e4_sid_real/images/row-179040_88d494626d5b5bd5.jpg,0,real,sid_set_train_real_e4,train
data/raw/e4_sid_real/images/row-57143_4d85c5d1ae261535.jpg,0,real,sid_set_train_real_e4,train
data/raw/e4_sid_real/images/row-157116_683efedc04787ab0.jpg,0,real,sid_set_train_real_e4,train
data/raw/e4_sid_real/images/row-70681_87f75efed8ba6ac4.jpg,0,real,sid_set_train_real_e4,train
data/raw/e4_sid_real/images/row-178417_dc024980779675e6.jpg,0,real,sid_set_train_real_e4,train
data/raw/e4_sid_real/images/row-166459_18e0bc21bd83ba85.jpg,0,real,sid_set_train_real_e4,train
data/raw/e4_sid_real/images/row-190952_612391e379aaeade.jpg,0,real,sid_set_train_real_e4,train
data/raw/e4_sid_real/images/row-117257_58fe8d2bb4df972f.jpg,0,real,sid_set_train_real_e4,train
data/raw/e4_sid_real/images/row-127823_b96dd52cb888707c.jpg,0,real,sid_set_train_real_e4,train
data/raw/e4_sid_real/images/row-182080_615636839dcab47a.jpg,0,real,sid_set_train_real_e4,train
data/raw/e4_sid_real/images/row-105354_362adacfc83d9ae4.jpg,0,real,sid_set_train_real_e4,train
data/raw/e4_sid_real/images/row-119105_9e7c709e476741ce.jpg,0,real,sid_set_train_real_e4,train
data/raw/e4_sid_real/images/row-201006_b96aceb2ba45963d.jpg,0,real,sid_set_train_real_e4,train
data/raw/e4_sid_real/images/row-141207_d42e42148e1198f7.jpg,0,real,sid_set_train_real_e4,train
data/raw/e4_sid_real/images/row-198470_6d3a4fb934b30150.jpg,0,real,sid_set_train_real_e4,train
data/raw/e4_sid_real/images/row-07551_618c36ee9e5113e5.jpg,0,real,sid_set_train_real_e4,train
data/raw/e4_sid_real/images/row-30106_002cc28ab0f47056.jpg,0,real,sid_set_train_real_e4,train
data/raw/e4_sid_real/images/row-167248_a45e2125ee9c78ce.jpg,0,real,sid_set_train_real_e4,train
